code,收盘,上市天,流通市值亿,RPS250,RPS120,MA100,MA300,多头排列,站上20周线,量比20/60,距250日新高%,本轮基地数,距区间高点%,满3基,池,名称,细分行业
001221,39.88,369.0,30.6890042203588,,6.03963510537905,52.09530000000001,,False,False,1.4105377505816183,-49.671882887430584,1,-49.671882887430584,False,"滚动次新[1,3)年",悍高集团,其他家居
001239,11.54,965.0,13.156093040745834,5.041480536056158,23.372129600503303,14.100299999999999,15.6614,False,False,1.1112104848994655,-45.230185097294736,2,-45.230185097294736,False,"滚动次新[1,3)年",永达股份,工程机械零件
001277,28.03,699.0,12.781171795042848,10.880663688576899,23.403586033343817,32.536100000000005,38.64516666666666,False,False,1.0282296640582154,-50.0,3,-50.0,True,"滚动次新[1,3)年",速达股份,能源及重型设备
001279,24.92,661.0,9.950182502397125,6.860242501595406,26.266121421830764,29.1625,35.08433333333333,False,False,0.6563432719502154,-40.23980815347722,1,-85.87301587301587,False,"滚动次新[1,3)年",强邦新材,印刷
001306,50.11,991.0,7.786732630077502,7.211231652839821,6.794589493551431,62.899499999999996,78.29876666666667,False,False,0.8723097471282824,-54.68029302704169,3,-54.68029302704169,True,"滚动次新[1,3)年",夏厦精密,机械基础件
001326,46.96,998.0,11.349496841855686,83.85449904275686,72.8845548914753,57.7671,47.85053333333333,True,False,0.7755604819089438,-36.56625692286911,3,-36.56625692286911,True,"滚动次新[1,3)年",联域股份,LED
001335,30.65,475.0,7.85977442618065,31.046585832801533,8.902170493865997,42.1787,41.85333333333333,True,False,0.6895276507775535,-45.76181206866041,2,-45.76181206866041,False,"滚动次新[1,3)年",信凯科技,其他化学原料
001356,8.83,557.0,18.706615474558564,3.956604977664327,24.91349480968858,10.076500000000001,12.7851,False,False,0.9755232898288606,-43.65028717294193,1,-61.840968020743304,False,"滚动次新[1,3)年",富岭股份,其他塑料制品
001358,24.49,956.0,12.20372340124716,65.2839821314614,59.73576596413967,26.1714,26.258533333333336,False,False,1.4264408315268453,-23.27694235588973,1,-23.27694235588973,False,"滚动次新[1,3)年",兴欣新材,其他化学制品
001359,72.46,858.0,44.275968335739975,92.27823867262285,93.6772569990563,79.009,53.6898,True,False,1.2205254707871807,-44.23150927422459,5,-44.23150927422459,True,"滚动次新[1,3)年",平安电工,非金属材料
001376,11.44,1004.0,24.310347425316525,51.37204850031908,1.2268008807801196,13.7704,13.946566666666664,False,False,0.9947934774314942,-52.863617634940255,1,-52.863617634940255,False,"滚动次新[1,3)年",百通能源,热力服务
001378,17.04,1008.0,14.3018817021564,58.87045309508615,70.6826045926392,19.1671,17.9431,True,False,1.1940809085922437,-21.25693160813309,1,-21.25693160813309,False,"滚动次新[1,3)年",德冠新材,塑料薄膜
001379,15.54,927.0,10.46269501063009,19.687300574345883,12.897137464611513,19.0168,21.0472,False,False,0.9384887767702159,-39.36792820912993,1,-56.15124153498871,False,"滚动次新[1,3)年",腾达科技,金属制品
001382,17.6,500.0,11.08391577192519,26.707083599234206,62.9757785467128,19.563699999999997,20.617600000000003,False,False,1.0098813063899794,-29.68437874550539,1,-40.25797691785471,False,"滚动次新[1,3)年",新亚电缆,线缆部件及其他
001387,11.72,935.0,13.681858160169975,33.375877472878116,53.28719723183391,12.8081,13.525733333333333,False,False,0.8050620413081473,-27.92127921279213,0,-35.49807374793617,False,"滚动次新[1,3)年",雪祺电气,冰洗
001388,20.38,398.0,25.582031958526926,9.3490746649649,23.05756527209814,23.7254,,False,False,2.2808810562161197,-41.48722365776629,1,-51.23235223737736,False,"滚动次新[1,3)年",信通电子,电网自动化
001389,140.58,853.0,214.39540214196805,94.41608168474792,95.37590437244417,162.90890000000002,103.21263333333333,True,False,1.0477516635079684,-40.535510342202095,3,-40.535510342202095,True,"滚动次新[1,3)年",广合科技,PCB
001390,17.7,431.0,21.020005674942027,18.3152520740268,33.658383139352,19.644399999999997,,False,False,0.8841664230613469,-45.954198473282446,2,-45.954198473282446,False,"滚动次新[1,3)年",古麒绒材,其他纺织
001391,4.39,581.0,66.53825434168608,8.806636885768986,38.534130229631955,4.8553,5.877266666666667,False,False,1.1288069480219105,-35.5359765051395,1,-51.330376940133036,False,"滚动次新[1,3)年",国货航,跨境物流
001395,29.34,553.0,15.135101362316759,36.66241225271219,66.65618118905317,28.429000000000002,32.93643333333333,False,True,2.3060842867156177,-33.04427202190781,3,-33.04427202190781,True,"滚动次新[1,3)年",亚联机械,其他专用设备
001400,68.86,466.0,32.15153073484239,90.04467134652202,79.30166719094055,111.13240000000002,71.92033333333333,True,False,0.9415973557677569,-55.51966927201085,3,-55.51966927201085,True,"滚动次新[1,3)年",江顺科技,其他通用设备
300784,39.0,787.0,6.586632141292137,17.007019783024887,9.090909090909092,46.218999999999994,51.21156666666666,False,False,0.7213179266189984,-38.46639318396971,0,-68.81746222115615,False,"滚动次新[1,3)年",利安科技,其他塑料制品
300904,41.27,1090.0,9.025281437644962,25.941289087428203,17.74142812205096,51.762100000000004,59.98876666666667,False,False,0.9469074077456652,-55.87040205303677,2,-55.87040205303677,False,"滚动次新[1,3)年",威力传动,风电零部件
301173,30.33,518.0,9.367364829688526,10.944479897894064,13.463353255740799,37.1771,43.636966666666666,False,False,1.022301310785463,-46.23293742244283,1,-56.434932490663606,False,"滚动次新[1,3)年",毓恬冠佳,车身附件及饰件
301251,28.15,1062.0,21.637296763684077,50.22335673261008,30.701478452343505,46.0343,39.667166666666674,True,False,1.233230355680903,-53.79185817465528,4,-53.79185817465528,True,"滚动次新[1,3)年",威尔高,PCB
301275,46.25,510.0,139.08522452343854,32.163369495851946,44.41648317080843,43.2209,51.780300000000004,False,True,0.7514535494941514,-41.31455399061033,1,-46.21467612513083,False,"滚动次新[1,3)年",汉朔科技,其他电子
301348,18.46,1089.0,29.61783030122625,43.65028717294193,11.890531613715005,25.534200000000002,23.4256,True,False,0.682680260119099,-49.76870748299319,1,-49.76870748299319,False,"滚动次新[1,3)年",蓝箭电子,半导体封测
301372,27.05,1088.0,11.211515692753915,71.15507338864072,75.93582887700535,31.821600000000004,27.860533333333333,True,False,0.8849942748520307,-32.97819623389494,1,-32.97819623389494,False,"滚动次新[1,3)年",科净源,水治理
301392,118.71,789.0,49.97234437771017,47.03254626675176,67.47404844290658,173.27020000000002,147.9701,True,False,0.8988771825679167,-58.87264412416852,3,-58.87264412416852,True,"滚动次新[1,3)年",汇成真空,其他专用设备
301413,58.57,959.0,44.80489780122544,61.2635609444799,1.1638880150990878,82.5073,88.65703333333333,False,False,0.7661331509051907,-60.958538861485145,3,-60.958538861485145,True,"滚动次新[1,3)年",安培龙,仪器仪表
301418,34.49,1078.0,10.242644996637681,52.55264837268666,66.90783265177728,41.4195,38.642833333333336,True,False,0.7034526205800773,-39.51245177130831,1,-39.51245177130831,False,"滚动次新[1,3)年",协昌科技,工业控制设备
301421,62.88,1076.0,29.24997579965633,37.2048500319081,15.319282793331238,93.98559999999999,90.43533333333333,True,False,0.9037484785690488,-52.48961088024178,3,-52.48961088024178,True,"滚动次新[1,3)年",波长光电,光学元件
301458,32.68,570.0,39.06745435318875,54.30759412890874,67.06511481597987,43.023,37.433,True,False,0.624086241399602,-51.063192572626534,2,-51.063192572626534,False,"滚动次新[1,3)年",钧崴电子,被动元件
301459,33.56,964.0,8.80688272045545,19.559668155711552,38.69141239383454,35.8074,40.95586666666666,False,False,0.714992544930203,-36.64338304700774,2,-37.3412994772218,False,"滚动次新[1,3)年",丰茂股份,底盘与发动机系统
301469,27.04,1077.0,12.472244511069258,58.71091257179324,53.79050015728216,31.214899999999997,29.669566666666668,True,False,0.968760515861446,-34.33705682370083,6,-34.33705682370083,True,"滚动次新[1,3)年",恒达新材,特种纸
301479,45.37,503.0,32.799763400090505,18.5067007019783,34.696445423089024,66.7722,65.27453333333334,True,False,0.6202614560091642,-52.080692860160546,3,-52.080692860160546,True,"滚动次新[1,3)年",弘景光电,光学元件
301487,16.06,1090.0,43.946318144615724,20.102105934907467,28.845548914753067,21.358900000000002,22.430266666666668,False,False,0.8471565966807996,-45.59620596205962,0,-50.5237215033888,False,"滚动次新[1,3)年",盟固利,电池化学品
301489,84.74,1014.0,60.12648192279601,89.6936821952776,31.959735765964144,146.1668,121.4802,True,False,0.9117309485399789,-57.60032022415691,2,-57.60032022415691,False,"滚动次新[1,3)年",思泉新材,电子化学品
301498,43.6,1083.0,78.27755494680744,0.5105296745373326,15.633847121736395,46.867399999999996,72.39356666666667,False,False,1.3314538073379971,-56.176500150768916,2,-63.28421052631579,False,"滚动次新[1,3)年",乖宝宠物,宠物食品
301500,21.43,1047.0,30.95150184038748,81.23803446075303,83.51682919156967,24.8992,19.344033333333332,True,False,0.82647959406037,-32.076069730586376,3,-32.076069730586376,True,"滚动次新[1,3)年",飞南资源,固废治理
301501,28.3,502.0,12.270641406851826,0.8296107211231653,17.52123309216735,31.718200000000003,43.14556666666667,False,False,0.947951404018229,-53.93130392316458,3,-57.36025312641253,True,"滚动次新[1,3)年",恒鑫生活,其他家居
301502,46.05,913.0,10.986678636502788,68.21952776005105,82.35294117647058,61.2072,51.15956666666667,True,False,0.6358002151255789,-48.08927967534663,4,-48.08927967534663,True,"滚动次新[1,3)年",华阳智能,电机制造
301507,12.16,1063.0,13.365157437683795,32.099553286534785,49.701163888015095,13.255200000000002,14.299733333333334,False,False,1.1378326026233707,-30.830489192263933,3,-30.830489192263933,True,"滚动次新[1,3)年",民生健康,化学制剂
301508,23.76,976.0,13.970698280709682,10.689215060625399,32.24284366152878,26.7148,30.560099999999995,False,False,0.7508286451080415,-33.277169334456616,0,-44.18604651162791,False,"滚动次新[1,3)年",中机认检,检测服务
301510,25.99,1084.0,73.10285497821721,35.705169112954685,18.936772569990563,32.9546,33.22286666666666,False,False,0.7843878695247524,-37.53905311223264,1,-47.853130016051374,False,"滚动次新[1,3)年",固高科技,工业控制设备
301511,63.33,1082.0,243.06058030028294,95.5966815571155,99.37087134318968,89.4551,49.97403333333334,True,False,0.8125072311495761,-62.665802039733535,3,-62.665802039733535,True,"滚动次新[1,3)年",德福科技,锂电池
301516,14.91,969.0,10.470067128744754,35.92852584556477,71.24882038376849,18.2915,17.372300000000003,True,False,1.4768671828300548,-34.02654867256637,0,-37.71929824561404,False,"滚动次新[1,3)年",中远通,其他发电设备
301517,37.81,1021.0,37.088833674686896,45.213784301212506,4.687008493236867,55.5,52.13843333333334,True,False,0.9768639508296962,-57.79191783880331,1,-57.79191783880331,False,"滚动次新[1,3)年",陕西华达,军工电子
301520,41.83,1043.0,12.961702227020893,79.64262922782387,95.02988361119849,33.3904,31.5684,True,True,2.325742702337473,-37.239309827456864,3,-37.239309827456864,True,"滚动次新[1,3)年",万邦医药,医疗研发外包
301522,23.66,656.0,65.09090029525458,9.636247606892152,7.895564642969487,28.8004,33.275400000000005,False,False,0.8896270384601731,-50.564145424153786,1,-70.18649193548387,False,"滚动次新[1,3)年",上大股份,其他金属新材料
301525,39.4,1069.0,27.35241126520108,16.65603063178047,10.758100031456433,50.2783,57.51106666666668,False,False,0.7086503676733071,-53.03373465252116,5,-53.03373465252116,True,"滚动次新[1,3)年",儒竞科技,家电零部件
301526,27.88,951.0,405.3627924080731,99.84045947670708,99.8112614029569,23.758699999999997,12.210799999999999,True,True,1.0214725990921218,-46.64114832535885,5,-46.64114832535885,True,"滚动次新[1,3)年",国际复材,玻纤制造
301528,44.5,1071.0,20.863026432929573,70.45309508615189,75.74709027996225,52.296400000000006,45.434133333333335,True,False,0.9040739114490844,-47.855636278415744,4,-47.855636278415744,True,"滚动次新[1,3)年",多浦乐,仪器仪表
301529,74.97,1057.0,47.96359625763601,94.35226547543077,46.36678200692042,95.9739,68.51906666666667,True,False,0.9535040730303608,-41.0427807486631,4,-41.0427807486631,True,"滚动次新[1,3)年",福赛科技,车身附件及饰件
301533,25.56,1081.0,7.30815986949254,8.45564773452457,11.00975149418056,28.682100000000002,35.2033,False,False,1.0057244085637984,-42.432432432432435,3,-43.06081532635331,True,"滚动次新[1,3)年",威马农机,农用机械
301535,16.33,494.0,27.69824144989138,30.536056158264195,11.638880150990879,17.8945,20.22876666666667,False,False,1.3694776501306374,-45.602931379080616,2,-45.602931379080616,False,"滚动次新[1,3)年",浙江华远,其他汽车零部件
301536,104.31,858.0,197.8781780982675,91.44862795149969,97.26329034287512,92.8796,72.06920000000001,True,True,1.480013601047428,-23.86131386861313,3,-23.86131386861313,True,"滚动次新[1,3)年",星宸科技,集成电路设计
301538,37.1,866.0,16.31534884944447,23.484365028717296,5.6621579112928595,55.9231,53.4133,True,False,0.8780502748867778,-55.45148895292987,1,-55.45148895292987,False,"滚动次新[1,3)年",骏鼎达,改性塑料
301539,14.33,840.0,10.720789883558698,14.39055520102106,20.10066058508965,16.5885,18.718966666666667,False,False,1.0460755698330073,-37.1766768960982,0,-48.11730629978277,False,"滚动次新[1,3)年",宏鑫科技,轮胎轮毂
301548,59.2,1048.0,17.25416785645072,74.6011486917677,64.48568732305756,76.7063,62.487633333333335,True,False,0.9568861889861816,-39.43734015345268,2,-39.43734015345268,False,"滚动次新[1,3)年",崇德科技,机械基础件
301550,70.15,1053.0,144.8253413382058,88.57689853222719,7.329348851840202,103.29790000000001,79.7394,True,False,0.8343644948777084,-50.62640765765766,3,-50.62640765765766,True,"滚动次新[1,3)年",斯菱智驱,轮胎轮毂
301551,21.48,676.0,33.17430551212097,0.4148053605615826,4.97011638880151,24.644900000000003,35.28136666666666,False,False,1.165284641540183,-57.633136094674555,1,-90.11777695988222,False,"滚动次新[1,3)年",无线传媒,广播电视
301552,23.44,742.0,7.25689461037962,28.079132099553288,48.47436300723498,27.0723,28.6189,False,False,1.3536952495067054,-29.862357869539203,1,-34.96115427302996,False,"滚动次新[1,3)年",科力装备,车身附件及饰件
301555,28.93,1007.0,14.087918636169956,56.82833439693682,57.72255426234665,37.5062,33.48016666666666,True,False,0.6147033005520777,-38.27608278216342,2,-38.27608278216342,False,"滚动次新[1,3)年",惠柏新材,合成树脂
301556,58.9,655.0,17.341679938398077,2.5845564773452456,0.6920415224913495,73.2505,91.28256666666667,False,False,0.9789229746493958,-60.34471150609304,2,-60.34471150609304,False,"滚动次新[1,3)年",托普云农,行业应用软件
301557,73.32,517.0,18.379771542659615,85.00319081046585,77.88612771311733,79.6331,70.41366666666666,True,False,0.7371979819044966,-32.01668984700974,2,-32.01668984700974,False,"滚动次新[1,3)年",常友科技,风电零部件
301558,6.65,1040.0,14.581332326986084,17.19846841097639,30.953129915067628,7.3687000000000005,8.440699999999998,False,False,0.9650574071469764,-34.547244094488185,1,-40.888888888888886,False,"滚动次新[1,3)年",三态股份,跨境电商
301559,13.46,1027.0,12.149520765081913,28.49393746011487,42.08870714061025,14.784,16.119766666666663,False,False,1.0097580505003005,-28.25159914712153,3,-28.25159914712153,True,"滚动次新[1,3)年",中集环科,金属制品
301560,22.96,465.0,14.089464635242784,8.200382897255903,11.38722868826675,34.1661,35.618433333333336,False,False,0.6663562538914936,-51.3249947000212,2,-51.3249947000212,False,"滚动次新[1,3)年",众捷汽车,底盘与发动机系统
301565,20.68,774.0,26.30648492944887,46.45820038289726,56.621579112928586,22.5996,23.737266666666667,False,False,0.48785240170305966,-32.66037121458808,1,-46.94715238583888,False,"滚动次新[1,3)年",中仑新材,塑料薄膜
301566,21.12,948.0,46.41825026087933,79.41927249521379,80.90594526580685,26.986800000000002,21.460166666666666,True,False,0.7556959534987969,-47.645017352503714,3,-47.645017352503714,True,"滚动次新[1,3)年",达利凯普,被动元件
301567,32.44,930.0,6.858992306633712,24.21825143586471,16.483170808430327,40.3796,43.07833333333333,False,False,0.8594259239852994,-43.92394122731203,2,-46.67105046851883,False,"滚动次新[1,3)年",贝隆精密,消费电子组件
301568,54.75,979.0,26.137823309785425,85.92852584556478,89.11607423718151,71.1988,53.30573333333333,True,False,0.7532691719960115,-55.203730976926856,5,-55.203730976926856,True,"滚动次新[1,3)年",思泰克,其他专用设备
301571,56.5,712.0,67.55804009104034,75.90938098276962,80.08807801195344,64.13810000000001,54.5186,True,False,1.2049316175712304,-26.623376623376625,3,-26.623376623376625,True,"滚动次新[1,3)年",国科天成,其他电子
301577,49.3,922.0,9.414024491828613,37.141033822590934,53.821956590122674,69.8605,63.08903333333333,True,False,0.8373615783308929,-52.99837925445705,1,-52.99837925445705,False,"滚动次新[1,3)年",美信科技,其他电子
301578,21.93,949.0,6.591549889278289,29.323548181238035,50.64485687323057,24.0115,26.299666666666667,False,False,1.2234244946949993,-28.074778615939657,2,-45.16129032258065,False,"滚动次新[1,3)年",辰奕智能,其他电子
301580,49.02,768.0,50.00140779946957,87.10912571793236,95.6275558351683,52.174499999999995,39.583800000000004,True,False,1.0145567285592625,-41.649803594810145,3,-41.649803594810145,True,"滚动次新[1,3)年",爱迪特,医疗耗材
301581,34.84,577.0,14.754589767569263,9.82769623484365,28.027681660899656,44.971199999999996,49.47853333333334,False,False,0.6154163372226598,-45.76587795765877,1,-49.153531815528304,False,"滚动次新[1,3)年",黄山谷捷,半导体材料
301585,25.54,591.0,17.395740180662955,20.070197830248883,39.16325888644228,27.2156,30.91976666666666,False,False,0.792107782623418,-29.055555555555557,1,-53.72350063417286,False,"滚动次新[1,3)年",蓝宇股份,纺织化学品
301586,31.42,705.0,16.600199573793038,2.1378430121250798,11.135577225542624,38.4761,47.278933333333335,False,False,0.9451001554435,-48.927178153446036,2,-56.65609049524072,False,"滚动次新[1,3)年",佳力奇,航空装备
301587,21.27,847.0,15.677235947233346,50.670070197830256,66.31016042780749,24.8573,23.823266666666665,True,False,0.9169190654472575,-30.399214659685857,0,-37.34904270986746,False,"滚动次新[1,3)年",中瑞股份,锂电池
301588,29.25,873.0,21.878582094821116,88.1620931716656,95.18716577540107,33.1443,24.40983333333333,True,False,0.9244262159605892,-47.16401734104046,1,-47.16401734104046,False,"滚动次新[1,3)年",美新科技,家具
301589,138.8,907.0,47.99700727645289,50.73388640714741,44.636678200692046,157.9933,160.8676,False,False,0.9017322376531198,-33.45478952919743,1,-45.22926367295398,False,"滚动次新[1,3)年",诺瓦星云,其他IT设备
301590,70.75,424.0,17.4471896303857,9.444798978940652,0.8493236866939289,116.24520000000001,,False,False,0.9691136117134438,-57.219736364735766,2,-57.219736364735766,False,"滚动次新[1,3)年",优优绿能,其他发电设备
301591,26.4,887.0,11.980120269082441,33.31206126356094,17.709971689210445,36.9102,34.1657,True,False,0.6367623559240564,-54.49060506809171,1,-54.49060506809171,False,"滚动次新[1,3)年",肯特股份,其他塑料制品
301592,93.48,648.0,21.96190219830534,4.116145500957243,43.441333752752435,116.2701,128.04770000000002,False,False,0.9768151722401158,-46.97072838665759,1,-50.25807481509072,False,"滚动次新[1,3)年",六九一二,军工电子
301595,37.21,441.0,15.209290630194522,57.17932354818124,17.36395092796477,46.82770000000001,,False,False,0.8520124694599095,-45.4638721969808,2,-45.4638721969808,False,"滚动次新[1,3)年",太力科技,橡胶制品
301596,49.82,812.0,21.861667696600932,31.62093171665603,74.42592010066058,51.46509999999999,56.105366666666654,False,False,0.9865476986184017,-26.3780109354219,1,-40.12019230769231,False,"滚动次新[1,3)年",瑞迪智驱,机械基础件
301598,47.79,591.0,8.60610482067758,25.079770261646456,30.292544825416794,56.50320000000001,60.79376666666667,False,False,0.8770550162070014,-33.25418994413407,1,-40.37429819089208,False,"滚动次新[1,3)年",博科测试,其他专用设备
301600,89.21,691.0,28.939525243893968,37.747287811104016,25.98301352626612,99.04310000000001,112.30830000000002,False,False,0.9517805368978489,-40.10741859684458,1,-47.76014522457107,False,"滚动次新[1,3)年",慧翰股份,通信终端及配件
301601,16.1,565.0,13.601323610026393,0.5424377791959157,3.554576910978295,19.8801,27.664066666666663,False,False,0.9662967633773492,-54.71167369901546,1,-65.65699658703072,False,"滚动次新[1,3)年",惠通科技,其他专用设备
301602,15.14,558.0,31.60709471410355,4.1799617102744095,18.748033972947468,17.083,21.934666666666665,False,False,1.2175674392428604,-46.69014084507042,1,-52.16429699842023,False,"滚动次新[1,3)年",超研股份,医疗设备
301603,99.06,754.0,37.694393494055944,91.25717932354817,96.2566844919786,111.3195,81.51623333333335,True,False,0.8353486578869034,-38.083630226889184,5,-38.083630226889184,True,"滚动次新[1,3)年",乔锋智能,机床制造
301606,50.72,738.0,83.71744906269083,70.77217613273771,23.560868197546398,67.4113,61.8037,True,False,0.876730342381097,-40.71303331385154,6,-40.71303331385154,True,"滚动次新[1,3)年",绿联科技,品牌消费电子
301607,31.35,698.0,48.2728701317992,76.77089980855138,72.41270839886757,39.1163,32.0711,True,False,1.0807852101563549,-45.354715007843815,6,-45.354715007843815,True,"滚动次新[1,3)年",富特科技,汽车电子电气系统
301608,47.97,732.0,28.61492212501446,50.382897255903,42.87511796162315,54.54280000000001,57.228633333333335,False,False,0.8935225906262736,-31.40283140283141,2,-36.3793103448276,False,"滚动次新[1,3)年",博实结,通信终端及配件
301609,37.34,376.0,36.62170555287065,,44.66813463353256,43.5613,,False,False,1.2431907765199317,-43.697225572979484,1,-43.697225572979484,False,"滚动次新[1,3)年",山大电力,电网自动化
301611,77.45,717.0,116.32732933902918,86.88576898532227,8.650519031141869,112.47689999999999,83.83983333333333,True,False,0.8465157674797015,-58.01712922810061,4,-58.01712922810061,True,"滚动次新[1,3)年",珂玛科技,半导体材料
301613,38.18,647.0,32.17280413361085,11.742182514358648,34.63353255740799,42.959799999999994,48.85153333333333,False,False,0.9744414734465435,-39.24252068746023,1,-49.78958442924777,False,"滚动次新[1,3)年",新铝时代,其他汽车零部件
301616,34.42,494.0,9.798844924987627,32.737715379706444,15.759672853098458,41.446099999999994,46.5223,False,False,1.0442388338255102,-45.9315111530003,2,-45.9315111530003,False,"滚动次新[1,3)年",浙江华业,机械基础件
301617,45.48,600.0,31.14515418719695,86.8219527760051,36.08052846807172,49.7446,49.5386,True,False,0.6307225535307674,-43.11444652908069,2,-43.11444652908069,False,"滚动次新[1,3)年",博苑新材,其他化学制品
301618,31.96,672.0,15.382435195478275,19.304403318442883,53.12991506763133,37.2236,39.368133333333326,False,False,0.9529819386455346,-33.7891029625026,1,-87.51660026560425,False,"滚动次新[1,3)年",长联科技,纺织化学品
301622,42.48,607.0,27.565877935146762,1.148691767708998,10.191884240327147,54.6554,68.82163333333334,False,False,0.7586139518088377,-55.25123775413463,1,-57.164465059997994,False,"滚动次新[1,3)年",英思特,磁性材料
301626,205.5,648.0,108.45651401823778,88.76834716017868,90.21704938659956,280.3975,189.2074333333333,True,False,0.9454644841093278,-46.478799874986976,5,-46.478799874986976,True,"滚动次新[1,3)年",苏州天脉,消费电子组件
301628,72.5,641.0,20.393949690251787,31.876196553924697,41.74268637936458,104.48769999999999,94.96286666666667,True,False,0.5508408903587372,-49.65277777777778,2,-49.65277777777778,False,"滚动次新[1,3)年",强达电路,PCB
301629,211.0,497.0,40.844054822527546,84.58838544990428,18.150361748977666,324.1349,244.06416666666667,True,False,0.7591961329160319,-51.93621867881548,5,-51.93621867881548,True,"滚动次新[1,3)年",矽电股份,半导体设备
301630,142.0,389.0,30.09540968500871,74.15443522654755,89.33626926706512,180.63580000000002,,False,False,0.8574907663267435,-51.48119041924352,4,-51.48119041924352,True,"滚动次新[1,3)年",同宇新材,电子化学品
301631,57.78,619.0,25.40215304384846,59.82769623484365,52.75243787354514,73.2546,67.9015,True,False,1.0058578541845575,-40.99264705882353,1,-44.24932458510228,False,"滚动次新[1,3)年",壹连科技,消费电子组件
301633,56.33,634.0,14.3491581675279,6.924058710912571,55.23749606794589,55.6788,66.5769,False,True,1.5641779593749148,-32.70815912077409,1,-57.96582344601149,False,"滚动次新[1,3)年",港迪技术,工业控制设备
301636,39.64,444.0,14.985765039710165,13.082322910019146,13.809374016986473,55.718500000000006,,False,False,0.8597181441339725,-63.25546903967372,2,-63.25546903967372,False,"滚动次新[1,3)年",泽润新能,光伏辅材
301658,24.95,488.0,24.35402510761994,17.42182514358647,57.09342560553633,36.4069,33.49426666666666,True,False,0.6744480239033603,-59.064807219032,2,-59.064807219032,False,"滚动次新[1,3)年",首航新能,光伏逆变器
301662,69.15,473.0,31.102826701401792,52.71218889597959,4.875747090279963,96.80949999999999,89.08800000000001,True,False,1.1151512324468658,-49.011945140834676,3,-49.011945140834676,True,"滚动次新[1,3)年",宏工科技,其他专用设备
301665,22.43,479.0,23.29335976212185,21.69751116783663,35.41994337842089,24.6809,27.92136666666667,False,False,1.3422386840159235,-31.027060270602714,1,-41.830912863070544,False,"滚动次新[1,3)年",泰禾股份,农药
301678,41.43,409.0,57.904895409859435,21.98468410976388,2.736709657124882,58.8245,,False,False,0.8026881080110556,-59.08956255554458,1,-59.08956255554458,False,"滚动次新[1,3)年",新恒汇,半导体材料
600930,4.35,383.0,466.25241235741373,3.2546266751754946,32.11701793016672,5.7166999999999994,,False,False,1.0084516412306779,-41.76706827309237,1,-43.062827225130896,False,"滚动次新[1,3)年",华电新能,风力发电
601033,14.79,928.0,35.46666917402181,59.7319719208679,78.73545139981127,14.4365,14.880466666666667,False,True,1.114864594057124,-9.04059040590407,2,-9.04059040590407,False,"滚动次新[1,3)年",永兴股份,固废治理
601083,11.53,972.0,22.346531462199913,62.571793235481806,81.66089965397923,11.165,11.097633333333333,True,True,0.890933597799908,-11.239414934565062,2,-11.239414934565062,False,"滚动次新[1,3)年",锦江航运,航运
601096,4.5,955.0,74.03728154194317,59.76388002552648,60.64800251651463,5.1139,4.720466666666667,True,False,0.9546352710451306,-35.98862019914652,1,-35.98862019914652,False,"滚动次新[1,3)年",宏盛华源,钢结构
603004,18.24,950.0,10.718742514241592,32.99298021697511,40.2013211701793,21.051099999999998,22.333133333333333,False,False,0.8823117411412797,-30.034522439585743,1,-38.77139979859013,False,"滚动次新[1,3)年",鼎龙科技,其他化学制品
603014,32.97,441.0,33.47942719384308,45.724313975749844,54.419628814092476,35.0298,,False,False,0.8241194584118715,-28.419452887538,3,-28.419452887538,True,"滚动次新[1,3)年",威高血净,医疗设备
603049,50.28,424.0,253.5781678175098,72.5271218889598,75.08650519031141,47.005900000000004,,False,True,1.2031109633489283,-14.808539478143,2,-14.808539478143,False,"滚动次新[1,3)年",中策橡胶,轮胎轮毂
603062,37.28,1000.0,13.785903310942448,27.53669432035737,34.193142497640764,45.216899999999995,46.67353333333333,False,False,0.6433498157867983,-33.28561202576951,5,-33.28561202576951,True,"滚动次新[1,3)年",麦加芯彩,涂料油墨
603072,32.39,577.0,40.825238102691735,5.169112954690491,34.4447939603649,36.407799999999995,44.23356666666667,False,False,0.6769689439163161,-43.63035154890359,2,-47.12699967352268,False,"滚动次新[1,3)年",天和磁材,磁性材料
603075,18.54,1057.0,7.848026512805327,45.18187619655393,51.33689839572193,22.4481,21.8976,True,False,0.8379392830790806,-34.18530351437701,2,-34.18530351437701,False,"滚动次新[1,3)年",热威股份,家电零部件
603082,35.73,916.0,14.555013687401152,49.8085513720485,77.98049701163889,36.8897,37.6105,False,False,0.6957597490081912,-29.26153236982776,3,-29.26153236982776,True,"滚动次新[1,3)年",北自科技,其他自动化设备
603091,47.01,682.0,20.748104284784993,62.12507977026165,67.25385341302297,52.064800000000005,50.0077,True,False,1.0802297999381802,-22.69363591514554,7,-22.69363591514554,True,"滚动次新[1,3)年",众鑫股份,其他家居
603107,12.29,1006.0,26.809643207363056,27.82386726228462,54.89147530670022,13.0928,14.497033333333336,False,False,1.1795854734433562,-24.462200368776898,0,-35.51941238195173,False,"滚动次新[1,3)年",上海汽配,底盘与发动机系统
603120,44.48,474.0,16.851337121700343,71.31461391193363,83.170808430324,46.4204,42.645766666666674,True,False,0.9935788471734389,-26.321020374358127,2,-26.321020374358127,False,"滚动次新[1,3)年",肯特催化,其他化学制品
603124,100.16,501.0,78.8100174757075,93.7141033822591,81.56653035545769,133.76,93.63356666666667,True,False,1.0903254182195532,-52.600444844067965,5,-52.600444844067965,True,"滚动次新[1,3)年",江南新材,其他金属新材料
603193,21.81,1021.0,22.59913527891489,20.963624760689214,73.01038062283737,22.026300000000003,26.270966666666666,False,False,1.0989474322297896,-38.074957410562185,3,-47.53427952850614,True,"滚动次新[1,3)年",润本股份,洗护用品
603194,35.6,587.0,56.22159252227289,43.23548181238034,73.38785781692356,34.5723,37.606566666666666,False,True,0.7013166114533109,-21.360724541639055,1,-31.95718654434251,False,"滚动次新[1,3)年",中力股份,工程机械整机
603202,54.83,466.0,27.5813356832518,3.1589023611997447,7.455174583202265,71.2983,86.205,False,False,0.925041426914352,-46.266170129361036,1,-49.885750845443745,False,"滚动次新[1,3)年",天有为,汽车电子电气系统
603205,21.08,634.0,8.698189667355079,16.017868538608806,37.967914438502675,23.7546,26.99863333333333,False,False,1.074808689128745,-33.29113924050634,1,-64.577381952613,False,"滚动次新[1,3)年",健尔康,医疗耗材
603207,22.51,707.0,12.280171210455537,12.316528398213146,38.4083044982699,24.665399999999998,28.541566666666665,False,False,1.2154273190515554,-39.39149165320409,2,-39.39149165320409,False,"滚动次新[1,3)年",小方制药,化学制剂
603210,13.74,481.0,31.97486759447169,10.178685386088066,25.636992765020445,15.348400000000002,18.63993333333333,False,False,0.6629518967348995,-37.46017296313154,1,-54.488241139450146,False,"滚动次新[1,3)年",泰鸿万立,其他汽车零部件
603231,15.02,962.0,15.944490247704504,45.88385449904276,43.09531299150676,16.164299999999997,17.355733333333333,False,False,0.8925482890294055,-30.26926648096564,1,-30.26926648096564,False,"滚动次新[1,3)年",索宝蛋白,粮油加工
603257,62.7,482.0,15.606317232262723,74.31397574984045,86.59955960994023,63.4806,59.98669999999999,True,False,0.781140580079511,-25.53444180522565,1,-36.163714111178976,False,"滚动次新[1,3)年",中国瑞林,工程咨询服务
603262,19.01,376.0,19.882318603597824,,18.622208241585405,25.6193,,False,False,0.9038534634996439,-53.18886973651809,1,-53.18886973651809,False,"滚动次新[1,3)年",技源集团,保健品
603270,23.71,1067.0,16.81972000406921,47.925973197192086,69.07832651777288,27.3848,26.2892,True,False,0.7987438422225299,-32.024082568807344,3,-32.024082568807344,True,"滚动次新[1,3)年",金帝股份,金属制品
603271,41.4,510.0,39.35429929967161,72.68666241225272,75.90437244416484,45.903099999999995,41.7358,True,False,0.7066453833227663,-23.897058823529417,4,-23.897058823529417,True,"滚动次新[1,3)年",永杰新材,铝
603273,14.22,1015.0,7.976763013202713,20.835992342054883,37.496067945894936,15.988600000000002,18.0774,False,False,1.0380102354603278,-39.25672789406236,0,-41.55363748458692,False,"滚动次新[1,3)年",天元智能,其他专用设备
603275,35.9,1076.0,14.87384052385034,4.9457562220804085,34.09877319911922,42.6677,45.8525,False,False,0.46431601941075423,-40.71994715984148,3,-41.59752724906458,True,"滚动次新[1,3)年",众辰科技,工业控制设备
603276,14.68,1043.0,11.145082585990073,46.330567964262926,49.418055992450455,16.3599,16.778333333333332,False,False,0.6689054454823892,-22.4920802534319,4,-22.4920802534319,True,"滚动次新[1,3)年",恒兴新材,有机化工原料
603285,30.65,759.0,18.838588038394775,78.87683471601787,72.60144699591066,40.3316,30.89406666666667,True,False,0.9692294754248593,-43.32470414201184,2,-43.32470414201184,False,"滚动次新[1,3)年",键邦股份,其他化学制品
603296,73.9,1091.0,594.3349258037587,78.20676451818763,92.57628184963825,73.5939,65.49296666666666,True,True,1.4028532960909461,-16.854185418541846,4,-16.854185418541846,True,"滚动次新[1,3)年",华勤技术,消费电子组件
603310,14.69,719.0,28.512084613106484,30.21697511167837,58.82352941176471,15.7656,17.084733333333332,False,False,0.4835432974479299,-28.620019436345967,1,-34.47814451382695,False,"滚动次新[1,3)年",巍华新材,氟化工
603312,32.36,935.0,16.5267513670188,39.08742820676452,18.307643913180247,37.721199999999996,41.93803333333333,False,False,0.6584204090736729,-47.14145704018294,5,-47.14145704018294,True,"滚动次新[1,3)年",西典新能,输变电设备
603325,54.16,936.0,18.500041967359124,8.296107211231654,12.739855300408934,61.235099999999996,73.45443333333333,False,False,0.9036586056843287,-43.53039307684288,3,-43.53039307684288,True,"滚动次新[1,3)年",博隆技术,能源及重型设备
603341,35.72,885.0,95.35881987161007,48.37268666241225,49.66970745517458,38.3243,41.040866666666666,False,False,1.020060212421765,-30.16617790811339,2,-32.88237504697482,False,"滚动次新[1,3)年",龙旗科技,通信终端及配件
603344,22.06,866.0,11.946505488612068,39.91703892788768,24.976407675369614,27.09,27.709799999999994,False,False,0.44972004965107126,-42.25130890052357,2,-42.25130890052357,False,"滚动次新[1,3)年",星德胜,电机制造
603350,27.45,761.0,12.115855305437412,16.719846841097638,30.355457691097833,32.5287,36.30643333333333,False,False,0.8402289630481178,-38.80962995987517,1,-47.41379310344828,False,"滚动次新[1,3)年",安乃达,电机制造
603373,33.21,957.0,21.21356056848585,49.042756860242505,92.10443535703051,32.4036,31.660566666666668,True,True,0.8655741194431069,-23.479262672811053,1,-23.479262672811053,False,"滚动次新[1,3)年",安邦护卫,其他专业服务
603375,32.94,922.0,21.242380405650287,20.804084237396296,60.23906888958792,42.898199999999996,40.18076666666666,True,False,0.77637040521994,-39.44852941176471,1,-39.44852941176471,False,"滚动次新[1,3)年",盛景微,集成电路设计
603381,15.05,768.0,21.414993661869644,13.688576898532226,21.421830764391316,20.2705,21.570100000000004,False,False,0.7767285968331339,-51.82458386683738,1,-55.221660220172566,False,"滚动次新[1,3)年",永臻股份,光伏辅材
603382,18.45,417.0,21.310546989928447,4.435226547543076,6.542938030827304,22.816,,False,False,1.238149748642284,-55.871801004544366,1,-66.69073840043329,False,"滚动次新[1,3)年",海阳科技,锦纶
603391,53.78,733.0,12.218180637374005,83.66305041480537,47.782321484743626,60.9991,54.38183333333334,True,False,1.03739886343508,-27.097736207130264,3,-27.097736207130264,True,"滚动次新[1,3)年",力聚热能,能源及重型设备
603395,23.41,615.0,15.20751443632723,11.646458200382897,29.977980497011643,25.3917,30.53063333333333,False,False,1.18901880342649,-40.05121638924455,1,-80.97675930440435,False,"滚动次新[1,3)年",红四方,复合肥
603400,40.94,409.0,14.832592705,64.80536056158263,74.61465869770369,49.32730000000001,,False,False,1.5991323292383004,-39.10456641380337,2,-39.10456641380337,False,"滚动次新[1,3)年",华之杰,其他通用设备
603409,17.32,517.0,9.33185150256771,20.26164645820038,13.683548285624411,23.8567,23.727166666666665,True,False,0.8208387975857223,-42.47758219860511,1,-47.97236407329528,False,"滚动次新[1,3)年",汇通控股,其他汽车零部件
688347,219.5,1092.0,906.5853168830521,99.29802169751116,96.44542308902172,208.9513,130.85386666666665,True,True,0.9759504192278631,-45.19350811485643,5,-45.19350811485643,True,"滚动次新[1,3)年",华虹宏力,半导体制造
688411,206.49,553.0,274.84167011700004,95.69240587109125,64.20257942749292,245.99560000000002,207.01886666666667,True,False,0.6054581354101957,-45.228116710875334,3,-45.228116710875334,True,"滚动次新[1,3)年",海博思创,其他电池
688449,48.96,612.0,146.49870499409593,74.50542437779197,62.59830135262662,61.458400000000005,52.25223333333333,True,False,0.729445973334362,-44.69671297865131,4,-44.69671297865131,True,"滚动次新[1,3)年",联芸科技,集成电路设计
688530,38.09,816.0,26.871191169746194,95.08615188257818,98.52154765649576,51.2144,29.581499999999995,True,False,0.8645039977033638,-61.79155381683217,2,-61.79155381683217,False,"滚动次新[1,3)年",欧莱新材,半导体材料
688545,61.49,558.0,113.91921608350417,94.99042756860241,92.82793331236238,76.1244,49.1561,True,False,0.76876049550575,-56.35911994322213,4,-56.35911994322213,True,"滚动次新[1,3)年",兴福电子,电子化学品
688548,29.23,1084.0,204.99937917321725,97.67070835992342,96.69707455174583,31.568100000000005,19.458333333333332,True,False,1.0348804570107069,-46.85454545454545,4,-46.85454545454545,True,"滚动次新[1,3)年",广钢气体,电子化学品
688549,18.4,1060.0,110.38519209864441,95.88385449904276,98.83611198490091,18.3888,12.075333333333335,True,True,0.8922196766291006,-54.67980295566504,2,-54.67980295566504,False,"滚动次新[1,3)年",中巨芯-U,电子化学品
688573,15.45,1082.0,8.29202305936802,0.6381620931716656,16.294432211387228,19.5718,24.012,False,False,0.7707613324048109,-53.407720144752716,2,-56.058020477815695,False,"滚动次新[1,3)年",信宇人,锂电设备
688583,72.58,565.0,31.40284714711803,68.25143586470963,47.971060081786725,84.6585,74.92293333333333,True,False,0.7682152049061641,-40.547182175622545,4,-40.547182175622545,True,"滚动次新[1,3)年",思看科技,仪器仪表
688584,23.86,907.0,84.74125862651795,81.8761965539247,79.0185592953759,26.257599999999996,23.2371,True,False,1.0513939044816376,-48.41081081081081,4,-48.41081081081081,True,"滚动次新[1,3)年",上海合晶,半导体材料
688591,27.12,1074.0,46.15841282850955,4.307594128908743,5.0644856873230575,33.9225,41.6301,False,False,0.9937317399498614,-56.68423574508864,6,-56.68423574508864,True,"滚动次新[1,3)年",泰凌微,集成电路设计
688592,22.58,1083.0,12.454154570367267,35.13082322910019,24.06417112299465,28.1648,28.823666666666668,False,False,0.894657303407827,-39.28475396611992,5,-39.28475396611992,True,"滚动次新[1,3)年",司南导航,通信终端及配件
688605,64.25,599.0,72.33697019422497,68.85768985322271,74.0484429065744,74.2506,66.7266,True,False,0.9973097453335873,-45.038494439692045,2,-45.038494439692045,False,"滚动次新[1,3)年",先锋精科,半导体设备
688615,114.1,676.0,155.65792788519997,58.51946394384173,4.938659955960993,123.1071,132.72843333333333,False,False,1.031268696334257,-51.32252559726963,2,-51.32252559726963,False,"滚动次新[1,3)年",合合信息,行业应用软件
688648,30.75,994.0,21.404274790639885,14.00765794511806,1.06951871657754,44.20219999999999,52.67293333333333,False,False,0.7927446034864648,-60.064935064935064,3,-60.064935064935064,True,"滚动次新[1,3)年",中邮科技,其他专用设备
688652,114.14,978.0,142.9130737482443,94.32035737077217,78.10632274300094,137.96130000000002,102.06316666666667,True,False,0.9731925504058826,-50.447165060345576,7,-50.447165060345576,True,"滚动次新[1,3)年",京仪装备,半导体设备
688653,11.01,990.0,34.97673728647537,47.000638162093175,40.547341931424974,14.1107,13.264866666666666,True,False,1.1910239232269506,-36.651323360184115,2,-37.79661016949153,False,"滚动次新[1,3)年",康希通信,集成电路设计
688657,29.95,1028.0,17.840566459167928,62.79514996809189,35.51431267694243,33.983799999999995,34.66323333333334,False,False,1.1201459724226352,-29.6618130577736,2,-29.6618130577736,False,"滚动次新[1,3)年",浩辰软件,行业应用软件
688671,21.66,1090.0,10.134060689580155,57.08359923420549,70.36804026423404,24.318,23.280966666666668,True,False,0.7710040456432525,-39.105988192296884,3,-39.105988192296884,True,"滚动次新[1,3)年",碧兴物联,环境监测
688691,58.0,844.0,43.1759292175676,56.8602425015954,0.34602076124567477,100.7414,96.35826666666668,True,False,0.997912743634423,-63.52201257861636,4,-63.52201257861636,True,"滚动次新[1,3)年",灿芯股份,半导体制造
688692,231.0,782.0,171.83666955147666,62.922782386726226,54.608367411135575,244.4282,247.09430000000003,False,False,0.8563194364347814,-26.910299003322258,3,-26.910299003322258,True,"滚动次新[1,3)年",达梦数据,基础软件
688693,55.18,1081.0,21.63076644132678,87.90682833439693,94.99842717835797,85.22229999999999,53.35966666666666,True,False,0.705353239079168,-60.58571428571429,1,-60.58571428571429,False,"滚动次新[1,3)年",锴威特,功率半导体
688695,19.09,873.0,10.186415641354495,6.317804722399489,17.14375589808116,22.117099999999997,27.122433333333333,False,False,1.0295028540986855,-45.45714285714286,0,-55.66651184393869,False,"滚动次新[1,3)年",中创股份,基础软件
688702,322.0,1054.0,665.9251211007837,99.68091895341416,99.27650204466813,282.2804,167.04926666666665,True,True,1.243263240428931,-25.142392188771357,6,-25.142392188771357,True,"滚动次新[1,3)年",盛科通信-U,集成电路设计
688708,46.94,606.0,66.82775517119778,12.954690491384813,39.19471531928279,50.8254,59.86929999999999,False,False,0.7044890308346549,-43.95893027698185,2,-43.95893027698185,False,"滚动次新[1,3)年",佳驰科技,航空装备
688709,24.75,908.0,55.38237211303621,27.04211869814933,1.2897137464611514,37.700900000000004,39.799499999999995,False,False,1.001230476596782,-56.433726456609755,3,-56.433726456609755,True,"滚动次新[1,3)年",成都华微,集成电路设计
688710,69.13,699.0,63.06431606272084,91.57626037013401,91.85278389430638,64.8982,51.307566666666666,True,True,1.4557523825609147,-17.721970959295408,5,-17.721970959295408,True,"滚动次新[1,3)年",益诺思,医疗研发外包
688716,27.9,1048.0,19.855014862910963,20.485003190810467,18.464926077382827,33.014300000000006,37.8166,False,False,1.111196622631275,-50.57573073516386,2,-50.57573073516386,False,"滚动次新[1,3)年",中研股份,合成树脂
688717,56.01,943.0,56.1037904594103,52.36119974473517,4.120792702107582,99.89470000000001,80.02313333333335,True,False,1.0025702768345661,-61.5315934065934,4,-61.5315934065934,True,"滚动次新[1,3)年",艾罗能源,光伏逆变器
688719,42.03,1040.0,38.777475570122085,70.35737077217613,66.7190940547342,61.3755,48.51116666666666,True,False,0.8954602471705652,-54.903433476394845,6,-54.903433476394845,True,"滚动次新[1,3)年",爱科赛博,其他发电设备
688720,49.13,971.0,38.87558566016033,89.91703892788769,72.44416483170808,65.68690000000001,47.845866666666666,True,False,1.1225815252862181,-53.47537878787878,4,-53.47537878787878,True,"滚动次新[1,3)年",艾森股份,半导体材料
688721,34.18,727.0,18.510435919290263,28.557753669432035,27.115445108524693,45.6354,46.353633333333335,False,False,1.0126964892477779,-50.63547082611207,2,-53.91046386192018,False,"滚动次新[1,3)年",龙图光罩,半导体材料
688726,41.96,643.0,92.85044700136868,49.521378430121246,12.645486001887384,57.25990000000001,50.335100000000004,True,False,0.6610080673614541,-49.237841761432364,2,-49.237841761432364,False,"滚动次新[1,3)年",拉普拉斯,光伏加工设备
688729,21.48,391.0,389.35181522343527,64.5181876196554,55.36332179930796,27.032899999999998,,False,False,1.6098823013991126,-50.18552875695732,2,-50.18552875695732,False,"滚动次新[1,3)年",屹唐股份,半导体设备
688750,14.51,621.0,33.957868824654206,10.306317804722399,28.310789556464293,17.256,19.458433333333332,False,False,0.6275580812810294,-42.35200635677394,1,-51.504010695187176,False,"滚动次新[1,3)年",金天钛业,钛
688755,24.6,444.0,19.651889986080675,12.188895979578813,48.22271154451086,27.766399999999997,,False,False,1.118389488450446,-40.594059405940584,2,-40.594059405940584,False,"滚动次新[1,3)年",汉邦科技,其他专用设备
688757,26.82,496.0,49.54968388887908,61.742182514358646,56.432840515885495,37.251599999999996,31.130033333333333,True,False,0.9320227249681271,-64.10599571734475,4,-64.10599571734475,True,"滚动次新[1,3)年",胜科纳米,检测服务
688758,23.01,570.0,69.45384581775123,80.37651563497128,93.70871343189683,20.1928,18.978733333333334,True,True,1.607895299991292,-14.524517087667165,4,-14.524517087667165,True,"滚动次新[1,3)年",赛分科技,其他化学原料
688775,131.35,418.0,342.3304576923712,30.376515634971284,6.008178672538534,171.43600000000004,,False,False,1.481224774247529,-62.6846590909091,2,-62.6846590909091,False,"滚动次新[1,3)年",影石创新,品牌消费电子
688120,226.99,1517.0,1126.388381930609,97.5111678366305,98.26989619377161,191.7647,129.28383333333335,True,True,1.204099596453878,-34.01453488372093,4,-34.01453488372093,True,用户池(2022-08前后上市),华海清科,半导体设备
688348,32.81,1517.0,51.23757447172583,18.09189534141672,7.706826045926392,44.7871,48.48023333333334,False,False,0.7591430691356393,-51.14651578320428,2,-54.41156037237738,False,用户池(2022-08前后上市),昱能科技,光伏逆变器
301286,36.5,1511.0,59.83176911961018,81.14231014677729,13.085876061654607,51.0849,40.02213333333333,True,False,0.6925067510875903,-44.59623557984214,4,-44.59623557984214,True,用户池(2022-08前后上市),侨源股份,其他化学制品
301156,11.0,1508.0,12.902215768148801,18.85768985322272,33.78420887071406,13.2901,14.091166666666668,False,False,1.028457198466705,-31.25,1,-52.951240376390075,False,用户池(2022-08前后上市),美农生物,食品助剂
301238,16.1,1508.0,117.6983527023713,41.033822590938094,45.89493551431268,20.609499999999997,20.177066666666665,True,False,0.7425345761116023,-39.13043478260869,4,-39.13043478260869,True,用户池(2022-08前后上市),瑞泰新材,电池化学品
001226,39.1,1503.0,13.263657490822055,76.8985322271857,38.25102233406732,46.2641,40.898266666666665,True,False,0.6774487827320179,-28.204186558942347,3,-28.204186558942347,True,用户池(2022-08前后上市),拓山重工,工程机械零件
301220,28.01,1503.0,21.969960757714773,8.487555839183154,40.01258257313621,36.5081,40.302033333333334,False,False,0.7995059839534249,-44.080654821321616,3,-55.567893401015226,True,用户池(2022-08前后上市),亚香股份,其他化学制品
301289,43.51,1503.0,33.77133669394591,40.2680280791321,35.10537905001573,50.343199999999996,53.0355,False,False,0.6936416883996528,-37.29644040928088,4,-37.29644040928088,True,用户池(2022-08前后上市),国缆检测,检测服务
688349,15.6,1503.0,244.4841441168235,35.67326100829611,49.07203523120478,16.4805,18.857066666666668,False,False,0.9306596184146355,-36.352509179926564,1,-38.51005124162397,False,用户池(2022-08前后上市),三一重能,风电整机
001323,17.31,1502.0,53.83623799440419,7.594128908742821,14.627241270839885,20.445700000000002,24.252466666666667,False,False,1.6318500977129922,-39.64435146443515,1,-49.606986899563324,False,用户池(2022-08前后上市),慕思股份,家具
301302,22.17,1502.0,30.888128023246423,50.86151882578175,75.8414595784838,25.640500000000003,24.8889,True,False,0.6671256101670934,-40.56300268096514,2,-40.56300268096514,False,用户池(2022-08前后上市),华如科技,军工电子
001316,25.84,1501.0,38.7545222721817,65.15634971282705,27.398553004089337,34.248799999999996,28.749133333333333,True,False,0.8204341766183708,-41.86726659167604,3,-41.86726659167604,True,用户池(2022-08前后上市),润贝航科,贸易
688047,107.63,1501.0,437.7297321150764,33.56732610082961,12.834224598930483,142.2757,139.8597,True,False,0.7437106625084797,-44.34274485469025,2,-44.34274485469025,False,用户池(2022-08前后上市),龙芯中科,集成电路设计
301112,31.1,1496.0,34.04782848347103,38.99170389278877,51.02233406731676,32.8056,38.07036666666667,False,False,1.0792443256878048,-48.806584362139915,6,-48.806584362139915,True,用户池(2022-08前后上市),信邦智能,其他专用设备
688297,41.09,1496.0,277.57607762361835,20.29355456285897,60.08178672538534,45.7149,48.48203333333333,False,False,0.873043708497975,-35.826956114321405,3,-35.826956114321405,True,用户池(2022-08前后上市),中无人机,航空装备
001268,17.91,1495.0,17.07753916296788,47.25590299936184,21.23309216734822,24.8114,23.157233333333334,True,False,1.1480811016333017,-42.63292761050609,5,-42.63292761050609,True,用户池(2022-08前后上市),联合精密,机械基础件
601089,17.3,1495.0,83.10044047326458,29.86598596043395,8.996539792387544,19.268900000000002,21.346766666666667,False,False,1.082231842451153,-44.26546391752577,2,-44.26546391752577,False,用户池(2022-08前后上市),福元医药,化学制剂
001309,349.0,1494.0,575.95384146,99.45756222080408,94.2749292230261,569.1386,300.3066666666667,True,False,1.179903133873679,-64.02061855670102,3,-64.02061855670102,True,用户池(2022-08前后上市),德明利,集成电路设计
688237,51.0,1494.0,45.852848561573595,89.72559029993619,88.01509908776345,52.52620000000001,45.900400000000005,True,False,1.5442535451513237,-28.37078651685394,3,-28.37078651685394,True,用户池(2022-08前后上市),超卓航科,航空装备
301234,66.1,1490.0,26.623934262721733,92.40587109125717,98.08115759672853,40.1998,39.38763333333333,True,True,2.0335937767362333,-14.983922829581998,3,-14.983922829581998,True,用户池(2022-08前后上市),五洲医疗,医疗耗材
301239,32.44,1490.0,46.05912926165549,31.174218251435864,73.95407360805285,35.8631,36.8384,False,False,0.9983177951574849,-30.728165705744182,1,-44.95163753605974,False,用户池(2022-08前后上市),普瑞眼科,医院
301233,31.43,1489.0,12.432432580953877,30.9189534141672,49.13494809688581,37.588899999999995,38.2775,False,False,0.6070115788138584,-34.81957693902945,4,-34.81957693902945,True,用户池(2022-08前后上市),盛帮股份,车身附件及饰件
688400,43.35,1489.0,200.14611368660388,85.73707721761328,86.66247247562127,53.2691,42.467999999999996,True,False,0.6655469642489484,-39.20056100981767,4,-39.20056100981767,True,用户池(2022-08前后上市),凌云光,其他专用设备
301208,29.4,1488.0,19.868559077755677,8.583280153158903,38.31393519974835,31.659200000000002,38.19976666666667,False,False,0.9385733130613039,-41.48089171974523,3,-44.465432565168115,True,用户池(2022-08前后上市),中亦科技,行业应用软件
688322,100.23,1488.0,324.0005482345175,85.4818123803446,84.64926077382825,99.0719,85.313,True,True,0.6837247518962364,-32.459568733153645,4,-32.459568733153645,True,用户池(2022-08前后上市),奥比中光-W,光学元件
301175,5.57,1487.0,34.661156969601464,65.6349712827058,72.82164202579428,5.7861,5.5831333333333335,True,False,1.0221873591238584,-27.284595300261095,3,-27.284595300261095,True,用户池(2022-08前后上市),中科环保,固废治理
301312,53.39,1484.0,46.350498230861334,90.77855775366943,88.04655552060396,82.62049999999999,51.447466666666664,True,False,0.8586886882733505,-55.33712564831856,5,-55.33712564831856,True,用户池(2022-08前后上市),智立方,其他自动化设备
603235,24.06,1483.0,105.21787061721542,40.87428206764518,71.81503617489776,24.5653,26.035966666666667,False,False,1.0908913157067932,-17.319587628865985,5,-17.319587628865985,True,用户池(2022-08前后上市),天新药业,原料药
688353,89.42,1482.0,142.9118379436575,96.77728142948308,69.8961937716263,105.4775,77.17196666666666,True,False,1.1054941647097223,-35.76149425287356,4,-35.76149425287356,True,用户池(2022-08前后上市),华盛锂电,电池化学品
001230,18.4,1480.0,20.249431844915968,77.34524569240587,89.46209499842718,17.874699999999997,16.690766666666665,True,True,1.6319878773544074,-8.955962394854044,6,-8.955962394854044,True,用户池(2022-08前后上市),劲旅环境,固废治理
603170,13.09,1480.0,52.39590606258797,68.6981493299298,74.67757156338472,12.431399999999998,13.2078,False,True,1.1969916063245125,-17.776381909547734,2,-19.446153846153848,False,用户池(2022-08前后上市),宝立食品,调味品
688332,78.8,1480.0,142.73595627699493,75.01595405232929,58.414595784838,96.9157,86.8322,True,False,1.008780465611388,-49.968253968253975,4,-49.968253968253975,True,用户池(2022-08前后上市),中科蓝讯,集成电路设计
688231,25.57,1473.0,82.59704946638695,91.35290363752392,88.39257628184963,30.399900000000002,21.73,True,False,1.181029015693537,-41.62100456621004,4,-41.62100456621004,True,用户池(2022-08前后上市),隆达股份,航天装备
688375,76.08,1473.0,456.7801797740418,77.05807275047863,7.392261717521233,103.4533,86.23863333333334,True,False,0.9515370077801198,-54.84598492492137,5,-54.84598492492137,True,用户池(2022-08前后上市),国博电子,军工电子
001336,17.14,1470.0,11.014741526556065,62.15698787492023,57.785467128027676,19.3833,18.640833333333333,True,False,0.8467850996863863,-29.609856262833677,4,-29.609856262833677,True,用户池(2022-08前后上市),楚环科技,环保设备
603211,23.07,1470.0,63.14545633537194,79.06828334396937,84.49197860962568,28.3452,22.41913333333333,True,False,1.1385161037012312,-41.520912547528525,4,-41.520912547528525,True,用户池(2022-08前后上市),晋拓股份,其他汽车零部件
688382,18.79,1470.0,111.27657330385534,0.22335673261008296,32.84051588549858,20.5991,27.620566666666665,False,False,1.2798889757028182,-60.77244258872652,2,-60.77244258872652,False,用户池(2022-08前后上市),益方生物-U,其他生物制药
301306,82.95,1469.0,49.05085636831546,86.56668793873644,46.807172066687635,140.3742,93.82303333333333,True,False,0.9605015307063842,-53.75738655368492,4,-53.75738655368492,True,用户池(2022-08前后上市),西测测试,检测服务
001258,12.73,1468.0,118.37981268971262,90.68283343969368,98.14407046240956,9.208,7.987333333333334,True,True,1.564367557583513,-11.165387299371943,4,-11.165387299371943,True,用户池(2022-08前后上市),立新能源,风力发电
688253,55.82,1467.0,76.34559627231076,91.4167198468411,97.70368040264235,50.851800000000004,38.39176666666666,True,True,0.7991574360700574,-14.674411494955674,2,-14.674411494955674,False,用户池(2022-08前后上市),英诺特,体外诊断
301269,87.05,1466.0,480.9807721703666,30.472239948947035,59.547027367096575,97.33,108.12893333333334,False,False,0.8043060080035813,-35.9832328283571,1,-41.64767395093176,False,用户池(2022-08前后上市),华大九天,集成电路设计
603201,15.29,1466.0,28.77666072023461,54.91384811742183,68.41774142812204,16.1877,16.43906666666667,False,False,1.1360424968400138,-26.87709230033477,3,-26.87709230033477,True,用户池(2022-08前后上市),常润股份,其他汽车零部件
688130,18.66,1466.0,11.255097257929027,39.948947032546265,41.80559924504561,24.1425,23.140133333333335,True,False,1.0988145605373811,-39.07933398628794,4,-39.07933398628794,True,用户池(2022-08前后上市),晶华微,集成电路设计
301195,25.98,1463.0,22.848614511141115,15.85832801531589,36.2378106322743,29.9095,33.0269,False,False,0.5855386286240344,-35.978314440611136,4,-35.978314440611136,True,用户池(2022-08前后上市),北路智控,行业应用软件
301333,47.32,1462.0,45.69758569154002,45.40523292916401,11.76470588235294,56.406299999999995,57.15546666666666,False,False,1.3478649888333143,-47.95424549054113,3,-47.95424549054113,True,用户池(2022-08前后上市),诺思格,医疗研发外包
688371,21.34,1462.0,72.30945014715013,80.31269942565412,85.18402013211703,29.612800000000004,23.138133333333332,True,False,0.8605168730986615,-52.63041065482796,3,-52.63041065482796,True,用户池(2022-08前后上市),菲沃泰,电子化学品
301278,27.35,1460.0,14.109266471124148,26.93044033184429,35.4513998112614,35.1378,35.21573333333333,False,False,0.7443679229991541,-44.914400805639474,2,-44.914400805639474,False,用户池(2022-08前后上市),快可电子,光伏辅材
001236,7.77,1459.0,58.9002246112824,5.264837268666241,46.146586977036804,8.523299999999999,10.291633333333333,False,False,0.9800087516436162,-43.24324324324324,2,-51.34627426424547,False,用户池(2022-08前后上市),弘业期货,期货
301095,63.65,1459.0,110.45667093559958,72.94192724952137,51.96602705253224,88.16609999999999,76.63136666666666,True,False,0.8365469359877971,-48.340232124015905,5,-48.340232124015905,True,用户池(2022-08前后上市),广立微,集成电路设计
301308,319.8,1459.0,918.2012661070974,99.13848117421826,75.87291601132432,460.04760000000005,273.8211,True,False,0.9976659505222676,-55.773751901535064,7,-55.773751901535064,True,用户池(2022-08前后上市),江波龙,集成电路设计
688373,4.58,1459.0,30.164196165182748,3.7013401403956605,29.600503302925446,5.3475,6.442466666666666,False,False,1.2289775498226365,-52.83213182286304,3,-52.83213182286304,True,用户池(2022-08前后上市),盟科药业-U,化学制剂
688380,34.57,1459.0,139.51710412454096,80.1531589023612,7.1720666876376225,47.5821,38.1138,True,False,0.985666987450184,-47.54968896980731,5,-47.54968896980731,True,用户池(2022-08前后上市),中微半导,集成电路设计
001229,34.98,1456.0,25.982569235926647,86.85386088066369,94.49512425290972,29.5544,26.690133333333332,True,True,1.4884487730262483,-26.450798990748538,2,-26.450798990748538,False,用户池(2022-08前后上市),魅视科技,其他IT设备
301121,30.67,1456.0,15.52251628415456,24.282067645181876,38.97452028939918,36.3149,40.592333333333336,False,False,0.9732514484659457,-42.033642033642025,3,-42.033642033642025,True,用户池(2022-08前后上市),紫建电子,锂电池
301197,23.69,1456.0,25.67821359042711,73.96298659859605,91.50676313306072,27.576,22.7317,True,False,0.9213097617153908,-41.59270216962525,6,-41.59270216962525,True,用户池(2022-08前后上市),工大科雅,行业应用软件
688205,117.3,1455.0,189.6251936442041,93.74601148691768,25.69990563070148,210.2121,141.16626666666667,True,False,0.7918504991775035,-60.415752708129446,6,-60.415752708129446,True,用户池(2022-08前后上市),德科立,网络接配及塔设
301132,27.98,1454.0,27.051806376903638,23.580089342693043,45.20289399182133,39.151199999999996,36.16523333333333,True,False,0.7825295100856904,-50.0,2,-50.0,False,用户池(2022-08前后上市),满坤科技,PCB
301318,20.24,1454.0,18.86915210012075,6.445437141033823,22.113872286882668,23.271600000000003,28.024666666666665,False,False,0.8921817767202455,-44.19630548662808,4,-44.19630548662808,True,用户池(2022-08前后上市),维海德,安防设备
301192,19.23,1453.0,9.763195025717476,21.47415443522655,12.45674740484429,23.4163,26.97726666666667,False,False,0.8912443507640043,-53.81844380403458,5,-53.81844380403458,True,用户池(2022-08前后上市),泰祥股份,底盘与发动机系统
688273,29.05,1453.0,29.308152533771402,53.286534779834085,16.105693614344133,40.7372,38.58286666666666,True,False,0.9744782775363736,-52.007269122749044,4,-52.007269122749044,True,用户池(2022-08前后上市),麦澜德,医疗设备
301336,40.01,1452.0,16.11695102317245,52.29738353541799,62.629757785467135,39.7396,41.7884,False,True,1.0362517066327095,-19.723113964687013,2,-46.524993317294836,False,用户池(2022-08前后上市),趣睡科技,家具
688041,261.0,1452.0,6069.992556032826,92.88449266113594,79.45894935514313,288.52819999999997,228.02309999999997,True,False,0.8251112149462688,-29.516608155549562,8,-29.516608155549562,True,用户池(2022-08前后上市),海光信息,集成电路设计
001339,65.43,1449.0,107.80563170926754,89.5022335673261,97.07455174583203,72.77680000000001,51.93236666666667,True,False,1.122692700885842,-37.87504747436383,6,-37.87504747436383,True,用户池(2022-08前后上市),智微智能,其他IT设备
301338,76.95,1448.0,84.80133427552383,95.8200382897256,62.75558351682919,133.856,78.5642,True,False,0.8745126899808627,-58.20887416499212,5,-58.20887416499212,True,用户池(2022-08前后上市),凯格精机,其他专用设备
688203,9.83,1448.0,19.936760057349954,25.717932354818124,29.223026108839257,11.7101,12.6729,False,False,0.8455967285700806,-41.137724550898206,3,-41.137724550898206,True,用户池(2022-08前后上市),海正生材,改性塑料
301330,23.49,1447.0,45.570860698668575,40.906190172303766,10.695187165775401,29.156,30.216233333333335,False,False,0.8768712819287774,-51.04210087536474,5,-51.04210087536474,True,用户池(2022-08前后上市),熵基科技,安防设备
688401,59.42,1447.0,115.47779607709036,90.93809827696235,89.05316137150047,67.41460000000001,51.8478,True,False,0.88006643226852,-40.27540456327269,6,-40.27540456327269,True,用户池(2022-08前后上市),路维光电,半导体材料
001222,14.31,1446.0,16.164201926616713,17.070835992342055,11.513054419628814,16.7329,20.4292,False,False,1.5819686537630595,-50.346981263011806,3,-50.346981263011806,True,用户池(2022-08前后上市),源飞宠物,娱乐用品
001330,4.99,1446.0,57.77891520468235,65.53924696873005,2.0761245674740483,7.0516,6.800533333333334,True,False,0.7743039464146337,-62.76119402985074,3,-62.76119402985074,True,用户池(2022-08前后上市),博纳影业,发行院线
301321,29.2,1446.0,43.876350843184674,92.5654116145501,94.4636678200692,30.156,21.7031,True,False,1.0966103531113125,-44.62355395410582,3,-44.62355395410582,True,用户池(2022-08前后上市),翰博高新,面板
603255,25.27,1446.0,15.366614756408199,38.098276962348436,42.308902170493866,30.3488,31.3422,False,False,0.9848381650830386,-36.12234580384227,2,-36.12234580384227,False,用户池(2022-08前后上市),鼎际得,塑料助剂
688292,16.41,1446.0,26.018615027810057,27.568602425015953,3.0827304183705566,21.6774,22.986433333333334,False,False,0.7494193760027141,-55.80393213035282,2,-55.80393213035282,False,用户池(2022-08前后上市),浩瀚深度,其他通信设备
688403,18.05,1446.0,184.7669371656833,92.1825143586471,69.86473733878577,22.2002,16.969833333333334,True,False,0.8760427654329777,-56.295399515738495,5,-56.295399515738495,True,用户池(2022-08前后上市),汇成股份,半导体封测
001231,19.14,1445.0,9.757253028977399,52.04211869814933,41.648317080843036,21.8794,21.936566666666668,False,False,0.9660447548017369,-36.55949618826649,4,-36.55949618826649,True,用户池(2022-08前后上市),农心科技,农药
301171,32.34,1445.0,162.97329959530632,88.32163369495852,5.88235294117647,35.641799999999996,30.715733333333336,True,False,0.701503310091294,-48.280825203902126,3,-48.280825203902126,True,用户池(2022-08前后上市),易点天下,互联网广告
301300,29.4,1445.0,11.615329489236636,18.921506062539887,13.368983957219251,37.4327,39.577866666666665,False,False,0.9342026840400665,-42.023269572076515,5,-42.023269572076515,True,用户池(2022-08前后上市),远翔新材,其他化学原料
688271,116.45,1442.0,957.0303813812463,42.88449266113593,69.67599874174269,112.5457,127.2761,False,True,0.8603198270885308,-26.25079164027866,3,-26.25079164027866,True,用户池(2022-08前后上市),联影医疗,医疗设备
688381,25.56,1441.0,64.19337372083652,70.89980855137205,82.44731047499214,34.264599999999994,27.457399999999996,True,False,0.724973269452214,-52.22429906542057,5,-52.22429906542057,True,用户池(2022-08前后上市),帝奥微,集成电路设计
301209,40.8,1439.0,54.900698181427806,3.318442884492661,4.749921358917899,59.303200000000004,66.06186666666667,False,False,1.1133046821819168,-55.59908586353248,2,-55.59908586353248,False,用户池(2022-08前后上市),联合化学,涂料油墨
688247,7.92,1439.0,35.981573645646996,11.96553924696873,43.158225857187794,8.889299999999999,10.068266666666666,False,False,1.453787710262112,-38.88888888888889,2,-38.88888888888889,False,用户池(2022-08前后上市),宣泰医药,化学制剂
688370,21.4,1439.0,29.218210537934127,63.97574984045947,30.386914123938347,23.105099999999997,23.987233333333332,False,False,0.7125094869059555,-29.836065573770497,2,-29.836065573770497,False,用户池(2022-08前后上市),丛麟科技,固废治理
301282,20.84,1438.0,36.82133062734714,75.7498404594767,84.3661528782636,26.917700000000004,21.577133333333336,True,False,0.770970688694351,-38.56132075471699,4,-38.56132075471699,True,用户池(2022-08前后上市),金禄电子,PCB
688439,39.96,1438.0,79.68613507512974,17.230376515634973,14.658697703680405,48.001999999999995,54.76606666666667,False,False,0.8036325815643182,-43.1336274370286,1,-44.39187308655719,False,用户池(2022-08前后上市),振华风光,军工电子
301152,19.37,1435.0,13.722828848020535,9.317166560306319,12.928593897452028,26.864099999999997,28.7204,False,False,1.0281221292773497,-54.742990654205606,1,-57.53124314843237,False,用户池(2022-08前后上市),天力锂能,电池化学品
688416,59.56,1435.0,65.22591348363315,94.0970006381621,21.610569361434415,85.12219999999999,56.67850000000001,True,False,1.1449514259686033,-57.45714285714285,4,-57.45714285714285,True,用户池(2022-08前后上市),恒烁股份,集成电路设计
001259,43.5,1433.0,20.706395533975286,90.23611997447351,94.80968858131487,50.2342,35.46066666666667,True,False,0.5456208469898893,-50.48941497837469,6,-50.48941497837469,True,用户池(2022-08前后上市),利仁科技,厨房小家电
301115,22.77,1433.0,34.72843848291137,83.82259093809827,93.07958477508652,25.8002,19.4797,True,False,0.8543369051074208,-35.44088460447974,4,-35.44088460447974,True,用户池(2022-08前后上市),联检科技,检测服务
301270,29.38,1433.0,27.787517307473454,7.466496490108487,36.929852154765655,30.8338,37.20406666666666,False,False,1.3252649410152013,-39.48506694129763,5,-39.48506694129763,True,用户池(2022-08前后上市),汉仪股份,行业应用软件
603237,14.45,1433.0,27.369521296880837,42.437779195915766,63.101604278074866,15.1696,16.3538,False,False,0.7097371495191407,-22.10242587601079,2,-31.157694140066695,False,用户池(2022-08前后上市),五芳斋,其他食品
688351,19.9,1433.0,94.19940639789168,54.69049138481174,55.52060396351054,23.1162,22.735766666666667,True,False,0.7267918796380659,-27.636363636363637,0,-28.52011494252874,False,用户池(2022-08前后上市),微电生理,医疗耗材
301283,25.38,1431.0,23.17346657918152,64.19910657306957,31.928279333123623,28.6006,28.527766666666665,True,False,0.9057332243552801,-39.49940405244339,4,-39.49940405244339,True,用户池(2022-08前后上市),聚胶股份,胶黏剂及胶带
301296,6.35,1431.0,27.128367458829974,8.934269304403317,24.850581944007548,7.0947000000000005,8.440766666666667,False,False,1.140217469643927,-36.75298804780876,1,-45.54030874785592,False,用户池(2022-08前后上市),新巨丰,纸包装
688293,48.79,1431.0,55.75829416451685,53.60561582641991,78.0119534444794,46.3178,49.88463333333334,False,True,1.628490867590918,-25.918615244457943,3,-25.918615244457943,True,用户池(2022-08前后上市),奥浦迈,医疗研发外包
001283,42.22,1428.0,43.836427379818495,18.953414167198467,49.48096885813148,51.3071,52.06973333333333,False,False,0.7011377210949723,-37.60898477907493,4,-37.60898477907493,True,用户池(2022-08前后上市),豪鹏科技,锂电池
001331,42.81,1425.0,124.92522340249077,99.87236758136567,90.94054734193142,43.1055,24.540866666666666,True,False,0.914272043134913,-35.30300740516851,6,-35.30300740516851,True,用户池(2022-08前后上市),胜通能源,燃气
301231,25.82,1425.0,17.04794308163943,64.45437141033823,11.481597986788298,29.8541,29.5889,True,False,0.6975261184489709,-49.062931544683366,7,-49.062931544683366,True,用户池(2022-08前后上市),荣信文化,大众出版
301328,42.67,1425.0,49.953846456299765,86.02425015954053,91.56967599874174,50.6461,37.80396666666667,True,False,0.9486713925284131,-48.15939740007289,6,-48.15939740007289,True,用户池(2022-08前后上市),维峰电子,其他电子
301276,19.43,1424.0,14.034922604636362,49.17038927887683,25.416797735136836,23.7203,22.9211,True,False,0.9431026259629692,-37.72435897435897,3,-37.72435897435897,True,用户池(2022-08前后上市),嘉曼服饰,非运动服装
301339,11.37,1424.0,64.74644654231503,10.529674537332482,45.23435042466185,12.009400000000001,14.368366666666667,False,False,1.2009607241915556,-36.0517435320585,3,-36.4804469273743,True,用户池(2022-08前后上市),通行宝,其他IT设备
301349,36.81,1424.0,42.170984254292996,84.7160178685386,86.31645171437559,48.517999999999994,36.339933333333335,True,False,0.7301080511892702,-51.3095238095238,4,-51.3095238095238,True,用户池(2022-08前后上市),信德新材,电池化学品
603182,12.11,1424.0,19.927598100004463,44.76707083599234,38.75432525951557,13.4888,14.082600000000003,False,False,0.8343902148491116,-29.01524032825322,4,-29.01524032825322,True,用户池(2022-08前后上市),嘉华股份,其他农产品加工
688114,49.77,1424.0,207.92186596865295,22.84620293554563,41.050644856873234,51.011100000000006,61.62226666666667,False,False,0.9208689093379004,-36.82406702208682,1,-49.14163090128755,False,用户池(2022-08前后上市),华大智造,医疗设备
301205,253.9,1420.0,213.39972097974209,97.319719208679,90.37433155080214,266.8623,170.52156666666667,True,False,0.880063004778698,-29.628603104212857,4,-29.628603104212857,True,用户池(2022-08前后上市),联特科技,网络接配及塔设
688391,24.38,1420.0,28.29620615196585,33.40778557753669,31.61371500471846,30.593600000000002,30.260333333333335,True,False,0.9141681962257281,-32.277777777777786,1,-41.59080019166268,False,用户池(2022-08前后上市),钜泉科技,集成电路设计
301161,24.51,1419.0,19.076608382184627,12.890874282067646,16.766278703994967,31.8621,32.18653333333334,False,False,0.847442521081051,-46.2853385930309,4,-46.2853385930309,True,用户池(2022-08前后上市),唯万密封,工程机械零件
688455,13.94,1418.0,23.48699035602817,56.732610082961074,5.190311418685121,20.797800000000002,18.339199999999998,True,False,0.6392564011370802,-53.2998324958124,3,-53.2998324958124,True,用户池(2022-08前后上市),科捷智能,其他通用设备
001238,25.69,1414.0,37.390155055895875,50.638162093171665,17.678515256369927,30.7164,32.594,False,False,1.1194053165010147,-37.203617697384495,4,-37.203617697384495,True,用户池(2022-08前后上市),浙江正特,家具
301309,29.2,1414.0,17.672476474961808,63.656668793873635,80.30827304183705,32.4608,29.867633333333337,True,False,0.68874839297215,-27.018245438640342,3,-27.018245438640342,True,用户池(2022-08前后上市),万得凯,金属制品
301327,45.88,1414.0,65.6092571324929,26.037013401403957,45.580371185907524,56.67509999999999,58.0156,False,False,0.6699165347387,-40.33034204708024,2,-40.33034204708024,False,用户池(2022-08前后上市),华宝新能,锂电池
688035,52.54,1414.0,76.16197760071604,80.98276962348436,76.94243472790185,74.2826,57.20263333333334,True,False,0.8049090936538185,-49.167956656346746,6,-49.167956656346746,True,用户池(2022-08前后上市),德邦科技,电子化学品
001332,30.84,1413.0,20.638067203507763,73.48436502871729,45.10852469329978,40.123200000000004,36.292899999999996,True,False,0.7272006309024003,-41.75637393767706,4,-41.75637393767706,True,用户池(2022-08前后上市),锡装股份,能源及重型设备
301326,75.87,1412.0,55.149958842857714,64.61391193363114,9.216734822271153,140.8776,114.79766666666666,True,False,1.035161983737216,-60.79880128138886,3,-60.79880128138886,True,用户池(2022-08前后上市),捷邦科技,消费电子组件
301331,20.57,1412.0,21.371686265856408,4.722399489470326,34.22459893048128,24.152800000000003,28.015600000000003,False,False,1.0329680716644596,-45.37971322357939,2,-45.37971322357939,False,用户池(2022-08前后上市),恩威医药,中药
688428,24.86,1412.0,68.30059668073471,27.440970006381622,91.16074237181505,26.313200000000002,25.481833333333334,True,False,1.1180263368319765,-25.813190092509696,3,-25.813190092509696,True,用户池(2022-08前后上市),诺诚健华,其他生物制药
688448,45.93,1412.0,44.58869937102768,93.93746011486918,75.71563384712174,49.8031,38.18963333333333,True,False,1.3672712495386954,-30.97385031559965,4,-30.97385031559965,True,用户池(2022-08前后上市),磁谷科技,其他专用设备
301369,109.41,1411.0,62.22239837511956,97.60689215060626,94.30638565586662,152.8,91.01676666666667,True,False,1.1597825821353551,-55.34285714285714,4,-55.34285714285714,True,用户池(2022-08前后上市),联动科技,半导体设备
688132,13.2,1410.0,20.08163418862555,11.135928525845564,20.981440704624095,15.438899999999999,18.0133,False,False,0.788402089994837,-40.486925157799824,3,-42.43349324029656,True,用户池(2022-08前后上市),邦彦技术,军工电子
301227,17.88,1407.0,13.22611103987143,43.58647096362476,26.675055048757475,24.1136,25.001666666666665,False,False,1.0861424459472515,-53.449622494142154,2,-53.449622494142154,False,用户池(2022-08前后上市),森鹰窗业,家具
301366,43.75,1407.0,52.2923620160025,75.43075941289088,92.8908461780434,42.096000000000004,38.915,True,True,0.7425232552163459,-30.26777175645522,3,-30.26777175645522,True,用户池(2022-08前后上市),一博科技,PCB
603057,22.76,1407.0,93.55418237764745,70.64454371410338,53.161371500471844,24.8336,22.966833333333334,True,False,0.8721571291414941,-33.43082772740566,5,-33.43082772740566,True,用户池(2022-08前后上市),紫燕食品,熟食
688387,12.29,1407.0,252.63804068507827,94.67134652201659,16.955017301038062,16.6849,11.314566666666666,True,False,0.95308431689409,-45.25612472160356,4,-45.25612472160356,True,用户池(2022-08前后上市),信科移动-U,系统设备
688252,17.17,1406.0,70.42671710037764,16.049776643267393,27.618748033972945,21.3502,23.1596,False,False,0.8844455690643876,-43.51973684210525,4,-43.51973684210525,True,用户池(2022-08前后上市),天德钰,集成电路设计
688392,116.23,1406.0,138.47117854230797,89.82131461391192,62.25228059138094,151.2731,114.15533333333333,True,False,1.035559927315171,-51.9313482216708,4,-51.9313482216708,True,用户池(2022-08前后上市),骄成超声,其他专用设备
301176,38.14,1405.0,63.64405682319106,74.95213784301212,97.8295061340044,42.3245,31.974000000000004,True,False,1.0503675364008773,-53.20245398773006,2,-53.20245398773006,False,用户池(2022-08前后上市),逸豪新材,PCB
301285,62.66,1405.0,82.07480222393525,91.73580089342693,63.03869141239383,97.9733,66.88693333333335,True,False,0.8444892524825677,-53.68810051736881,5,-53.68810051736881,True,用户池(2022-08前后上市),鸿日达,消费电子组件
301319,81.81,1404.0,114.78380376156163,99.36183790682833,99.55960994023278,87.62629999999999,46.611066666666666,True,False,0.985406757260012,-60.47826086956521,6,-60.47826086956521,True,用户池(2022-08前后上市),唯特偶,电子化学品
688137,35.46,1404.0,24.933681280418757,28.2386726228462,49.889902485058194,41.566500000000005,41.90756666666667,False,False,1.035006448475809,-34.187082405345215,3,-34.187082405345215,True,用户池(2022-08前后上市),近岸蛋白,其他生物制药
688275,74.05,1404.0,95.46449794021405,91.64007657945118,76.91097829506134,120.6001,80.55933333333333,True,False,1.0779488742388323,-54.57055214723927,3,-54.57055214723927,True,用户池(2022-08前后上市),万润新能,电池化学品
001255,24.0,1403.0,18.583563069900386,14.518187619655393,7.769738911607424,31.569499999999998,33.2654,False,False,0.9015309476737927,-56.4665336477417,2,-56.4665336477417,False,用户池(2022-08前后上市),博菲电气,线缆部件及其他
001269,19.64,1403.0,38.00396909931547,14.039566049776644,58.57187794904058,22.552400000000002,24.706066666666665,False,False,0.551167937183123,-34.772500830288934,0,-49.51156812339331,False,用户池(2022-08前后上市),欧晶科技,光伏辅材
301313,33.06,1403.0,25.945824442412892,81.42948308870453,84.20887071406102,40.1823,31.383433333333336,True,False,0.5413735468402086,-52.43849805783341,5,-52.43849805783341,True,用户池(2022-08前后上市),凡拓数创,其他专业服务
688409,146.84,1393.0,455.26995072206273,97.38353541799617,96.036489462095,155.93140000000002,97.60019999999999,True,False,1.0028668380915258,-52.052244897959184,4,-52.052244897959184,True,用户池(2022-08前后上市),富创精密,半导体设备
603052,46.98,1392.0,89.50103434863877,90.39566049776643,19.81755268952501,76.6196,49.013466666666666,True,False,0.6968910760152163,-59.282371294851785,5,-59.282371294851785,True,用户池(2022-08前后上市),可川科技,消费电子组件
688073,46.35,1392.0,42.0353201086819,28.972559029993615,48.663101604278076,53.0125,58.38003333333333,False,False,1.399541299075405,-40.955414012738856,3,-40.955414012738856,True,用户池(2022-08前后上市),毕得医药,医疗研发外包
301363,15.92,1391.0,83.56860886132552,75.49457562220803,29.757785467128027,18.9144,17.299500000000002,True,False,1.0100240816613075,-47.26730705531633,3,-47.26730705531633,True,用户池(2022-08前后上市),美好医疗,医疗设备
688459,8.19,1391.0,39.266927907429846,36.69432035737078,55.426234664988996,8.6271,9.395133333333334,False,False,0.7864810083578612,-25.205479452054792,1,-27.904929577464788,False,用户池(2022-08前后上市),哈铁科技,轨交设备
301316,36.01,1390.0,140.18881051075198,36.21569878749202,52.595155709342556,43.612899999999996,46.114466666666665,False,False,0.9763614403592902,-44.74451434709222,6,-44.74451434709222,True,用户池(2022-08前后上市),慧博云通,行业应用软件
603163,67.0,1390.0,67.93961266721176,95.50095724313977,7.9270210758100035,106.0449,70.65336666666667,True,False,0.923206126390867,-55.07576773501408,6,-55.07576773501408,True,用户池(2022-08前后上市),圣晖集成,其他专业工程
688031,93.6,1385.0,114.28725624334217,93.04403318442884,0.5662157911292859,130.0124,100.4876,True,False,0.6271950868491294,-63.29411764705883,4,-63.29411764705883,True,用户池(2022-08前后上市),星环科技-U,行业应用软件
688061,33.37,1385.0,38.634876635881405,63.72048500319081,68.22900283107896,38.2638,35.10166666666667,True,False,0.9742826219570084,-34.6455150802977,5,-34.6455150802977,True,用户池(2022-08前后上市),灿瑞科技,集成电路设计
001300,10.29,1384.0,25.07075899210414,27.79195915762604,8.241585404215163,14.999400000000001,14.939366666666665,True,False,0.9385988376633014,-45.81358609794629,4,-45.81358609794629,True,用户池(2022-08前后上市),三柏硕,娱乐用品
301299,43.11,1384.0,19.35281373284415,11.77409061901723,33.815665303554574,55.1975,57.57600000000001,False,False,0.8219549982886111,-37.22149410222805,2,-49.95937318630297,False,用户池(2022-08前后上市),卓创资讯,产联网信息服务
603151,12.43,1384.0,21.245550782879963,0.7019783024888321,11.450141553947782,14.1274,18.642866666666666,False,False,1.643043301283336,-58.949801849405546,1,-58.949801849405546,False,用户池(2022-08前后上市),邦基科技,畜禽饲料
688244,15.17,1384.0,22.934104077534286,5.871091257179324,13.117332494495123,17.3886,21.912333333333333,False,False,1.1045884433441457,-48.04794520547945,2,-63.777459407831905,False,用户池(2022-08前后上市),永信至诚,行业应用软件
301273,35.49,1378.0,27.32057073269797,92.53350350989152,98.0182447310475,28.5059,22.527133333333335,True,True,1.4109904103592674,-11.672473867595812,6,-11.672473867595812,True,用户池(2022-08前后上市),瑞晨环保,其他通用设备
301380,30.2,1378.0,24.84786700253702,37.10912571793236,51.903114186851205,31.5906,34.4912,False,False,1.0964913837463997,-32.94849023090586,4,-32.94849023090586,True,用户池(2022-08前后上市),挖金客,电信增值服务
688426,17.45,1378.0,19.533505084265904,26.67517549457562,14.690154136520919,19.0487,23.0117,False,False,0.870508570097677,-47.848176927674835,4,-47.848176927674835,True,用户池(2022-08前后上市),康为世纪,诊断试剂
001322,6.26,1377.0,49.15225863712551,16.62412252712189,18.24473104749921,6.8694,7.988066666666667,False,False,0.7318829158447326,-33.686440677966104,0,-40.71969696969697,False,用户池(2022-08前后上市),箭牌家居,其他家居
301223,16.59,1377.0,32.01982579612187,59.1576260370134,61.84334696445423,17.673099999999998,17.6226,True,False,0.8423650920003081,-20.962363030014288,5,-20.962363030014288,True,用户池(2022-08前后上市),中荣股份,纸包装
688291,38.05,1377.0,39.083724162275715,74.18634333120613,49.63825102233407,45.72419999999999,39.045566666666666,True,False,0.8641168012115191,-40.34179993728442,6,-40.34179993728442,True,用户池(2022-08前后上市),金橙子,行业应用软件
688372,103.2,1377.0,178.3629468550549,92.11869814932993,47.81377791758415,149.5883,106.83383333333333,True,False,1.1308471593666736,-45.36213468869123,4,-45.36213468869123,True,用户池(2022-08前后上市),伟测科技,半导体封测
688152,27.44,1375.0,27.981360505896273,6.828334396936822,13.306071091538218,32.279700000000005,40.96183333333333,False,False,0.8601786222735514,-54.80151540108713,1,-58.24075483183686,False,用户池(2022-08前后上市),麒麟信安,基础软件
001298,16.64,1372.0,67.80011710760128,34.74792597319719,45.391632588864425,20.569200000000002,20.782266666666665,False,False,0.946306268377724,-39.906103286384976,3,-39.906103286384976,True,用户池(2022-08前后上市),好上好,其他电子
001299,9.84,1372.0,27.83682313010304,71.92086790044672,80.37118590751808,10.823699999999999,9.688966666666666,True,False,0.45067822071689806,-29.055515501081462,5,-29.055515501081462,True,用户池(2022-08前后上市),美能能源,燃气
301389,42.1,1372.0,121.88797112355437,82.32291001914487,59.67285309845863,67.3518,53.821333333333335,True,False,0.6917601743699815,-61.45041662851387,3,-61.45041662851387,True,用户池(2022-08前后上市),隆扬电子,消费电子组件
301230,24.48,1371.0,40.105732421468666,39.47032546266752,16.200062912865683,29.1596,28.218200000000003,True,False,1.4745285979153882,-51.515151515151516,2,-51.515151515151516,False,用户池(2022-08前后上市),泓博医药,医疗研发外包
301367,44.6,1371.0,43.58012971566714,21.633694958519463,39.28908461780434,46.200700000000005,56.05356666666667,False,False,1.8824331622484018,-36.584672259348785,4,-36.584672259348785,True,用户池(2022-08前后上市),瑞迈特,医疗设备
301379,18.54,1371.0,42.129681382242694,59.85960433950224,68.92104435357031,22.726,20.20283333333333,True,False,1.1946071349117282,-50.42780748663102,5,-50.42780748663102,True,用户池(2022-08前后上市),天山电子,面板
301267,16.59,1365.0,107.437484091118,39.6936821952776,69.23560868197546,16.5428,18.229666666666667,False,True,1.0686846107943675,-23.300970873786408,1,-39.364035087719294,False,用户池(2022-08前后上市),华厦眼科,医院
688419,34.26,1365.0,39.75265940115154,79.03637523931079,47.37338785781692,51.1357,37.30446666666667,True,False,0.9407749726319671,-56.43992371265099,4,-56.43992371265099,True,用户池(2022-08前后上市),耐科装备,半导体设备
603280,25.78,1364.0,27.923915774077678,33.790682833439696,17.458320226486315,30.287000000000003,34.83016666666667,False,False,0.8553998589963957,-56.62123506646475,3,-56.62123506646475,True,用户池(2022-08前后上市),南方路机,工程机械整机
301359,15.55,1363.0,10.67882939421365,20.516911295469047,40.767536961308586,19.3947,19.989733333333334,False,False,0.9443410887918678,-34.60891505466779,3,-34.60891505466779,True,用户池(2022-08前后上市),东南电子,其他电子
301388,23.13,1363.0,16.828089451341807,5.647734524569241,25.039320541050646,28.881600000000002,30.316733333333335,False,False,0.8850431477528594,-46.433534043538685,3,-46.433534043538685,True,用户池(2022-08前后上市),欣灵电气,配电设备
688432,26.68,1362.0,338.4095863706909,95.66049776643267,98.96193771626297,24.0214,16.346666666666668,True,True,1.1825281689486518,-52.862190812720854,4,-52.862190812720854,True,用户池(2022-08前后上市),有研硅,半导体材料
301396,147.21,1361.0,212.14817387953823,98.72367581365667,98.89902485058194,193.3588,97.65593333333332,True,False,1.0463970894084182,-55.606151990349815,7,-55.606151990349815,True,用户池(2022-08前后上市),宏景科技,行业应用软件
301356,17.29,1358.0,22.1423296783505,58.39183152520741,40.61025479710601,22.4848,21.306366666666666,True,False,1.0295171478364389,-39.37587657784012,3,-39.37587657784012,True,用户池(2022-08前后上市),天振股份,家具
001338,8.92,1356.0,44.737294129687456,22.399489470325463,28.153507392261716,10.9148,11.4321,False,False,0.7626570512379669,-33.43283582089553,3,-33.43283582089553,True,用户池(2022-08前后上市),永顺泰,啤酒
301277,9.82,1356.0,38.518512332721656,9.795788130185066,47.216105693614345,10.623700000000001,12.4509,False,False,1.9608564065559762,-38.854296388542956,1,-43.530764807360555,False,用户池(2022-08前后上市),新天地,原料药
301361,29.17,1356.0,16.334863727032776,46.96873005743459,50.73922617175213,35.3291,34.1404,True,False,0.45841482853049026,-41.390395820775574,2,-41.390395820775574,False,用户池(2022-08前后上市),众智科技,配电设备
688362,51.7,1356.0,237.49763455331657,92.3739629865986,88.58131487889274,59.7792,42.5968,True,False,0.9937565923859718,-54.965156794425084,5,-54.965156794425084,True,用户池(2022-08前后上市),甬矽电子,半导体封测
301335,21.52,1354.0,19.045280305083384,7.179323548181237,31.645171437558982,23.083299999999998,28.791766666666668,False,False,1.103123635711729,-40.830354687929606,3,-51.13533151680291,True,用户池(2022-08前后上市),天元宠物,娱乐用品
603130,41.72,1354.0,57.48964534315131,81.58902361199745,31.770997168921046,41.934200000000004,41.21846666666667,True,False,0.9277255604808936,-34.587645029789904,5,-34.587645029789904,True,用户池(2022-08前后上市),云中马,其他纺织
688376,58.8,1354.0,81.84885476199348,87.39629865985961,60.77382824787669,74.03960000000001,57.404900000000005,True,False,1.0925526031136905,-50.995916326360536,5,-50.995916326360536,True,用户池(2022-08前后上市),美埃科技,环保设备
301165,107.02,1351.0,1196.7051135488268,96.26675175494576,98.99339414910348,75.0851,59.831799999999994,True,True,1.5926932317252946,-18.924242424242433,6,-18.924242424242433,True,用户池(2022-08前后上市),锐捷网络,网络接配及塔设
301365,34.02,1350.0,41.37287790502271,92.75686024250159,96.13085876061655,33.0582,24.955033333333333,True,True,0.9525465969193746,-18.083313267517454,6,-18.083313267517454,True,用户池(2022-08前后上市),矩阵股份,工程咨询服务
301377,335.0,1350.0,334.1253504312424,99.93618379068283,99.02485058194401,334.37489999999997,172.54823333333334,True,True,0.8587643141679928,-49.2116434202547,6,-49.2116434202547,True,用户池(2022-08前后上市),鼎泰高科,金属制品
688480,74.49,1347.0,71.03752273460161,93.10784939374601,77.57156338471218,89.1806,64.46340000000001,True,False,0.8673324860625119,-49.45375585261586,4,-49.45375585261586,True,用户池(2022-08前后上市),赛恩斯,水治理
301290,25.54,1342.0,20.593708393035833,57.94511805998723,67.9144385026738,28.2812,27.10063333333333,True,False,0.8296290757323711,-28.137310073157007,5,-28.137310073157007,True,用户池(2022-08前后上市),东星医疗,医疗耗材
301311,13.61,1342.0,32.673046329891484,5.7115507338864075,37.307329348851844,15.3093,18.3592,False,False,1.0806346704954815,-43.006700167504185,2,-43.006700167504185,False,用户池(2022-08前后上市),昆船智能,其他专用设备
301391,47.18,1341.0,43.986606142243204,66.78366305041482,12.77131173324945,66.1956,65.23043333333332,True,False,0.8942737771601417,-52.94234989028526,1,-52.94234989028526,False,用户池(2022-08前后上市),卡莱特,其他IT设备
688489,22.15,1340.0,37.38683416400077,29.642629227823868,43.59861591695502,25.395500000000002,28.262800000000002,False,False,1.062059285497134,-44.15027735753908,3,-44.15027735753908,True,用户池(2022-08前后上市),三未信安,安防设备
001256,23.76,1337.0,25.377406987668362,70.13401403956605,89.21044353570305,24.2723,22.7104,True,False,0.965818535842661,-20.852764823451032,3,-22.681418808981448,True,用户池(2022-08前后上市),炜冈科技,印刷包装机械
001333,18.7,1334.0,23.894184651576616,45.24569240587109,28.468071720666877,22.1898,22.243933333333334,False,False,0.48119813622131913,-31.098010316875467,2,-33.19042515183994,False,用户池(2022-08前后上市),光华股份,其他化学制品
601022,8.38,1334.0,109.42647817341243,38.28972559029994,59.64139666561812,8.4336,9.305,False,False,0.6643999932747854,-24.91039426523297,1,-32.74478330658106,False,用户池(2022-08前后上市),宁波远洋,航运
688084,42.53,1334.0,32.1354069777437,0.09572431397574985,1.4784523435042467,57.723600000000005,75.40806666666666,False,False,1.1176589409874453,-61.99285075960679,3,-61.99285075960679,True,用户池(2022-08前后上市),晶品特装,地面兵装
688420,21.11,1333.0,18.66370635323816,23.452456924058712,44.322113872286884,23.851800000000004,24.754533333333335,False,False,0.6279550610489201,-26.879113266366474,3,-26.879113266366474,True,用户池(2022-08前后上市),美腾科技,其他专用设备
688503,58.39,1333.0,143.2528986532829,79.10019144862795,51.21107266435986,92.8997,69.25463333333333,True,False,1.0018538562531043,-55.998492840994714,5,-55.998492840994714,True,用户池(2022-08前后上市),聚和材料,光伏辅材
001223,36.17,1330.0,25.4709025716983,75.04786215698788,74.36300723497955,40.0665,36.7611,True,False,0.6117572317863785,-32.5186567164179,7,-32.5186567164179,True,用户池(2022-08前后上市),欧克科技,其他专用设备
688143,82.2,1330.0,103.6254182440065,93.26738991703893,97.57785467128028,113.93440000000001,67.51729999999999,True,False,0.9524301943465245,-65.83541147132169,5,-65.83541147132169,True,用户池(2022-08前后上市),长盈通,光纤光缆
301368,41.6,1327.0,50.23178915808458,8.391831525207403,15.382195659012268,48.131899999999995,58.64503333333333,False,False,0.8237882806553026,-49.33625624162708,2,-57.06471256063577,False,用户池(2022-08前后上市),丰立智能,机械基础件
301398,33.03,1327.0,36.10439048662012,39.85322271857052,3.7433155080213902,42.546099999999996,46.09986666666667,False,False,1.1155646177893683,-50.12080942313501,4,-50.12080942313501,True,用户池(2022-08前后上市),星源卓镁,车身附件及饰件
301265,16.87,1326.0,40.987140814624304,83.21633694958518,90.0912236552375,24.11,16.055799999999998,True,False,0.8564640035045615,-47.016331658291456,4,-47.016331658291456,True,用户池(2022-08前后上市),华新科技,固废治理
688172,45.87,1326.0,559.630299219415,96.07530312699426,78.86127713117332,55.484899999999996,35.7036,True,False,0.9042756815566032,-48.052095130237824,4,-48.052095130237824,True,用户池(2022-08前后上市),燕东微,功率半导体
688498,1147.01,1321.0,1403.2430640466885,99.96809189534142,99.15067631330608,1186.9021,596.6373333333332,True,False,1.0875772264361583,-39.1829268292683,2,-39.1829268292683,False,用户池(2022-08前后上市),源杰科技,集成电路设计
601136,15.05,1320.0,409.407108029287,23.51627313337588,59.57848379993709,15.351700000000001,18.281233333333333,False,False,0.9149949238086773,-36.33671742808799,1,-41.41689373297003,False,用户池(2022-08前后上市),首创证券,证券
688141,105.86,1319.0,489.2736001062681,98.91512444160817,99.18213274614659,98.7709,60.36283333333334,True,True,1.0365750356789092,-40.19209039548023,3,-40.19209039548023,True,用户池(2022-08前后上市),杰华特,集成电路设计
688147,79.55,1319.0,383.41983280462637,96.61774090619018,89.7137464611513,91.9826,64.44136666666667,True,False,0.8397769118841536,-50.85866073634791,4,-50.85866073634791,True,用户池(2022-08前后上市),微导纳米,光伏加工设备
301280,35.8,1316.0,35.70474211331962,77.95149968091896,61.18276187480339,43.2068,37.70883333333333,True,False,0.8690605307560625,-34.778648205501916,6,-34.778648205501916,True,用户池(2022-08前后上市),珠城科技,消费电子组件
688410,10.8,1316.0,48.36716092263821,61.71027440970006,72.00377477194087,10.9326,10.858833333333333,True,False,1.2955290572415363,-15.559030492572312,1,-15.559030492572312,False,用户池(2022-08前后上市),山外山,医疗设备
301255,19.9,1315.0,26.619540812670344,7.5622208040842365,25.13368983957219,25.163600000000002,28.414366666666666,False,False,0.5205738383564396,-44.98202930605475,2,-53.121319199057716,False,用户池(2022-08前后上市),通力科技,机械基础件
301301,8.89,1315.0,55.17658534208073,17.453733248245054,57.43944636678201,9.422,10.6733,False,False,1.1888390133649527,-28.879999999999995,0,-47.14625445897741,False,用户池(2022-08前后上市),川宁生物,原料药
001301,54.46,1314.0,141.62217033761962,84.14167198468411,81.50361748977666,57.62030000000001,51.893633333333334,True,False,1.0569168303133063,-29.235966735966734,2,-29.235966735966734,False,用户池(2022-08前后上市),尚太科技,电池化学品
688475,30.18,1314.0,236.71254716081532,45.469049138481175,80.54419628814092,28.081300000000002,30.368233333333333,False,True,1.2643057291068454,-17.110683878055475,1,-29.683131407269336,False,用户池(2022-08前后上市),萤石网络,品牌消费电子
301105,45.3,1312.0,9.005145295906203,77.76005105296746,71.78357974205724,51.28810000000001,45.25993333333333,True,False,0.84452561020829,-27.029639175257735,5,-27.029639175257735,True,用户池(2022-08前后上市),鸿铭股份,印刷包装机械
301297,28.68,1312.0,153.98479762540728,13.656668793873644,24.1585404215162,41.6617,40.45866666666666,True,False,0.8350225809424076,-54.90566037735849,1,-58.07017543859649,False,用户池(2022-08前后上市),富乐德,半导体设备
688525,206.8,1312.0,990.510599264929,98.24505424377791,88.77005347593582,299.6848,167.59066666666666,True,False,0.9902172188011923,-59.211045364891525,4,-59.211045364891525,True,用户池(2022-08前后上市),佰维存储,集成电路设计
688506,284.79,1305.0,1187.2275195413913,49.71282705807275,82.47876690783265,276.62280000000004,308.0806,False,True,0.9458752845419487,-30.539024390243895,4,-30.539024390243895,True,用户池(2022-08前后上市),百利天恒,化学制剂
688485,46.72,1293.0,72.1939050698097,99.23420548819401,98.33280905945266,47.8869,26.123166666666666,True,False,0.7133051452410879,-35.35353535353535,7,-35.35353535353535,True,用户池(2022-08前后上市),九州一轨,轨交设备
301317,38.6,1292.0,20.442024955543072,74.4097000638162,72.09814407046241,58.434799999999996,42.78273333333333,True,False,0.9481554085489379,-52.579852579852584,4,-52.579852579852584,True,用户池(2022-08前后上市),鑫磊股份,其他通用设备
688435,29.93,1292.0,16.826782695346893,42.501595405232926,1.100975149418056,38.1922,40.365433333333335,False,False,0.9067210783826528,-53.854455750847976,4,-53.854455750847976,True,用户池(2022-08前后上市),英方软件,行业应用软件
603173,32.36,1281.0,51.745682471734845,25.78174856413529,21.138722868826676,36.645700000000005,39.937266666666666,False,False,0.734470437649701,-38.53751187084521,1,-38.53751187084521,False,用户池(2022-08前后上市),福斯达,其他专用设备
603281,20.21,1280.0,103.99443548010883,73.32482450542437,66.40452972632903,23.9027,20.33856666666667,True,False,0.9824561784621693,-31.67680865449627,5,-31.67680865449627,True,用户池(2022-08前后上市),江瀚新材,有机硅
601059,16.66,1279.0,538.7530221417214,60.62539885130823,75.33815665303555,16.590700000000002,17.26803333333333,False,True,0.7832500650098171,-17.890586495810744,2,-17.890586495810744,False,用户池(2022-08前后上市),信达证券,证券
301260,13.94,1272.0,28.64699485524849,9.061901723037652,62.78703994966971,15.1272,17.8914,False,False,0.634140369710143,-45.2689438555163,2,-45.2689438555163,False,用户池(2022-08前后上市),格力博,农用机械
301373,71.07,1272.0,29.727520564756645,94.83088704530951,99.08776344762504,112.27860000000001,59.605366666666654,True,False,0.767208803918763,-63.585592047958194,7,-63.585592047958194,True,用户池(2022-08前后上市),凌玮科技,其他化学原料
301358,62.8,1271.0,483.3662364473424,93.3312061263561,80.7801195344448,78.2136,59.31943333333333,True,False,0.7787662835102926,-42.62220191868433,3,-42.62220191868433,True,用户池(2022-08前后上市),湖南裕能,电池化学品
301419,27.26,1271.0,27.19716308383348,75.71793235481813,81.12614029569048,35.8992,28.954000000000004,True,False,0.571959142384766,-47.160302384182984,6,-47.160302384182984,True,用户池(2022-08前后上市),阿莱德,其他通信设备
688515,126.88,1270.0,64.58862612122168,85.96043395022336,83.57974205725071,172.4751,127.35256666666666,True,False,0.8308360491617465,-53.28424153166422,6,-53.28424153166422,True,用户池(2022-08前后上市),裕太微-U,集成电路设计
001314,49.0,1266.0,61.20871253652523,67.54945756222081,83.54828562441018,51.3503,48.68696666666666,True,False,1.306884889387281,-23.77100186683261,3,-23.77100186683261,True,用户池(2022-08前后上市),亿道信息,消费电子组件
001260,16.34,1264.0,18.830092920371516,37.0134014039566,38.18810946838628,19.0781,19.703433333333333,False,False,0.9232781352351088,-37.08124759337698,7,-37.08124759337698,True,用户池(2022-08前后上市),坤泰股份,车身附件及饰件
603307,23.94,1264.0,23.233018586184564,50.9572431397575,65.36646744259201,25.8579,26.575,False,False,0.9350210459847295,-25.28089887640449,1,-25.28089887640449,False,用户池(2022-08前后上市),扬州金泉,娱乐用品
688307,37.76,1264.0,48.0598626511897,85.51372048500319,90.75180874488834,62.794399999999996,39.02396666666667,True,False,0.9055528953204212,-59.576062520072796,5,-59.576062520072796,True,用户池(2022-08前后上市),中润光学,光学元件
603190,16.32,1263.0,9.391797968572071,59.02999361837907,59.83013526266121,17.7718,17.553466666666665,True,False,0.9181300216968429,-20.968523002421303,0,-22.02580028666985,False,用户池(2022-08前后上市),亚通精工,其他汽车零部件
301303,13.81,1260.0,14.037038998377847,49.13848117421825,65.9326832337213,14.995600000000001,15.227299999999998,False,False,0.7722749555192032,-24.53551912568306,4,-24.53551912568306,True,用户池(2022-08前后上市),真兰仪表,仪器仪表
688486,42.25,1259.0,78.62988365732471,53.92469687300574,46.17804340987732,51.2155,49.99016666666667,True,False,1.08853042720863,-34.38422115235284,1,-37.69355552278425,False,用户池(2022-08前后上市),龙迅股份,集成电路设计
001225,40.99,1258.0,8.61816241482622,70.2297383535418,3.271469015413652,46.2794,48.59103333333333,False,False,0.7538345254544242,-52.442278686622565,4,-52.442278686622565,True,用户池(2022-08前后上市),和泰机电,其他专用设备
001311,15.73,1253.0,27.997438448939242,55.201021059349074,1.0066058508965083,20.797200000000004,20.652133333333335,True,False,1.3035916543387753,-54.24665503199535,4,-54.24665503199535,True,用户池(2022-08前后上市),多利科技,其他汽车零部件
301408,14.36,1251.0,32.75935302147441,61.48691767708998,21.390374331550802,17.0972,16.082666666666668,True,False,1.1400396081006534,-51.45368492224476,3,-51.45368492224476,True,用户池(2022-08前后上市),华人健康,医药流通
688522,19.29,1251.0,33.088410315958384,2.9036375239310788,15.885498584460523,22.413400000000003,28.188066666666668,False,False,1.1873905980287582,-45.22998296422487,3,-48.58742004264393,True,用户池(2022-08前后上市),纳睿雷达,军工电子
001337,39.26,1249.0,164.87708637296578,89.37460114869177,6.8889587920729785,46.2094,35.350833333333334,True,False,1.185513662584497,-46.16017553483269,2,-46.16017553483269,False,用户池(2022-08前后上市),四川黄金,黄金
603061,242.04,1249.0,212.93656161072587,99.17038927887684,91.41239383453916,289.49240000000003,159.0470333333333,True,False,1.1857131165893526,-53.72084130019121,4,-53.72084130019121,True,用户池(2022-08前后上市),金海通,半导体设备
301322,32.65,1246.0,31.324290568515035,75.81365666879387,90.87763447625039,41.6744,33.83293333333334,True,False,0.6603323814556123,-48.7843137254902,4,-48.7843137254902,True,用户池(2022-08前后上市),绿通科技,其他交通设备
001366,11.42,1245.0,18.303212395058146,46.139119336311424,52.24913494809689,13.3947,13.210366666666667,True,False,0.6638171735634604,-38.63514239656099,1,-38.63514239656099,False,用户池(2022-08前后上市),播恩集团,畜禽饲料
001278,14.97,1244.0,12.757390742145466,38.44926611359285,15.728216420257942,19.0444,19.138033333333333,False,False,0.8025797782418491,-42.445213379469436,3,-42.445213379469436,True,用户池(2022-08前后上市),一彬科技,车身附件及饰件
301157,53.18,1243.0,11.039410288038141,70.74026802807913,80.24536017615603,65.7338,55.7829,True,False,0.6492575915995994,-39.75985500679656,3,-39.75985500679656,True,用户池(2022-08前后上市),华塑科技,其他发电设备
688502,300.41,1243.0,161.82974637747267,64.39055520102106,42.24598930481284,448.18219999999997,384.6773333333333,True,False,1.0450229032105367,-56.68829296424451,4,-56.68829296424451,True,用户池(2022-08前后上市),茂莱光学,光学元件
601121,6.92,1242.0,55.31660480656775,65.31589023611998,57.596728530984585,6.9659,6.956699999999999,True,False,1.4829920757995019,-21.452894438138483,3,-21.452894438138483,True,用户池(2022-08前后上市),宝地矿业,铁矿石
001368,20.86,1239.0,22.457615640388752,48.97894065092533,23.655237496067947,24.507800000000003,24.650233333333333,False,False,0.9324975612723845,-36.46055437100213,5,-36.46055437100213,True,用户池(2022-08前后上市),通达创智,娱乐用品
603153,13.63,1239.0,56.20022681265226,22.527121888959794,48.82038376848065,14.554200000000002,16.517566666666664,False,False,1.036884520161951,-31.85,1,-36.83966635773864,False,用户池(2022-08前后上市),上海建科,工程咨询服务
603282,14.39,1237.0,19.357298421189917,33.854499042756856,19.660270525322428,17.2302,18.1725,False,False,0.7448104947512704,-36.63584324086305,3,-36.63584324086305,True,用户池(2022-08前后上市),亚光股份,其他专用设备
603073,15.76,1236.0,8.025163092647714,45.66049776643267,41.77414281220509,18.0036,18.0918,False,False,0.8908226263819015,-26.389537599252687,5,-26.389537599252687,True,用户池(2022-08前后上市),彩蝶实业,其他纺织
301439,15.06,1235.0,27.63895637390444,49.74473516273134,73.98553004089337,16.2626,15.841066666666666,True,False,0.7196200027788315,-35.8603066439523,3,-35.8603066439523,True,用户池(2022-08前后上市),泓淋电力,线缆部件及其他
301246,19.15,1232.0,33.504560965699724,77.69623484365029,70.9027996225228,25.3321,20.072799999999997,True,False,0.7784179160711678,-44.23412929528248,3,-44.23412929528248,True,用户池(2022-08前后上市),宏源药业,原料药
301378,24.68,1232.0,11.369661954475745,29.530950861518825,10.0975149418056,29.2717,31.07786666666667,False,False,1.1116999548271915,-54.79025462538927,3,-54.79025462538927,True,用户池(2022-08前后上市),通达海,行业应用软件
301345,248.5,1231.0,86.64112166255224,92.43777919591577,92.4504561182762,230.8954,197.80193333333332,True,True,1.2490080184967205,-12.019826517967779,3,-12.019826517967779,True,用户池(2022-08前后上市),涛涛车业,其他交通设备
603065,13.79,1231.0,57.7756281788,87.49202297383536,97.60931110412079,11.533800000000001,9.638166666666667,True,True,1.3867524077141162,-41.41886151231946,1,-41.41886151231946,False,用户池(2022-08前后上市),宿迁联盛,塑料助剂
603291,8.53,1225.0,36.20706179458181,17.549457562220805,32.400125825731365,10.1958,10.780066666666668,False,False,0.7254645753208584,-31.59582999198076,1,-44.93221433182699,False,用户池(2022-08前后上市),联合水务,水务
301314,37.8,1224.0,6.879500039730922,49.266113592852584,57.15633847121736,46.892999999999994,44.133966666666666,True,False,0.7255574185719027,-35.08500772797527,5,-35.08500772797527,True,用户池(2022-08前后上市),科瑞思,其他电子
301386,19.68,1223.0,8.866269674181682,42.852584556477346,38.8172381251966,22.964499999999997,23.3247,False,False,0.7597222337785561,-31.092436974789916,4,-31.092436974789916,True,用户池(2022-08前后上市),未来电器,配电设备
600925,4.4,1223.0,70.55146141030136,35.465858328015315,73.57659641396666,4.5233,4.7518666666666665,False,False,0.710493489179179,-16.19047619047619,1,-19.413919413919412,False,用户池(2022-08前后上市),苏能股份,动力煤
603162,10.64,1223.0,45.19194700935961,92.31014677728143,82.9820698332809,10.232199999999999,8.142633333333334,True,True,1.6669417465842533,-18.027734976887523,4,-18.027734976887523,True,用户池(2022-08前后上市),海通发展,航运
688531,107.77,1221.0,124.53579680903792,95.62858966177409,96.85435671594841,126.8469,82.45986666666667,True,False,0.839969117093635,-45.65853166599435,6,-45.65853166599435,True,用户池(2022-08前后上市),日联科技,其他专用设备
301141,36.1,1218.0,16.09365023259675,2.0102105934907466,7.549543881723812,47.788000000000004,55.28996666666666,False,False,0.6449437417538574,-53.63472900077061,4,-53.63472900077061,True,用户池(2022-08前后上市),中科磁业,磁性材料
301203,31.5,1217.0,13.875754115552814,58.487555839183145,69.80182447310474,41.781800000000004,36.2702,True,False,0.7714968242983322,-39.71291866028708,6,-39.71291866028708,True,用户池(2022-08前后上市),国泰环保,水治理
301281,35.45,1217.0,25.196578012589274,64.83726866624121,89.93394149103491,42.42330000000001,36.198433333333334,True,False,0.941190939957623,-38.93195521102497,2,-38.93195521102497,False,用户池(2022-08前后上市),科源制药,原料药
688343,54.31,1217.0,198.07273343035354,67.83663050414805,6.228373702422145,78.6131,73.59123333333334,True,False,1.14065093837192,-50.74369671685108,4,-50.74369671685108,True,用户池(2022-08前后上市),云天励飞-U,行业应用软件
688535,81.66,1217.0,110.58872304576174,86.37523931078493,68.7008493236867,111.67200000000001,81.65933333333334,True,False,0.9241067049608478,-56.33155080213904,6,-56.33155080213904,True,用户池(2022-08前后上市),华海诚科,半导体材料
688484,33.78,1214.0,145.38286368332155,50.191448627951495,43.25259515570934,41.1448,41.262,False,False,0.8308639125944884,-40.201805629314926,6,-40.201805629314926,True,用户池(2022-08前后上市),南芯科技,集成电路设计
001286,10.26,1211.0,138.1402476545505,74.2501595405233,86.09625668449198,10.9299,9.6861,True,False,0.8952432733424875,-22.44897959183674,1,-22.44897959183674,False,用户池(2022-08前后上市),陕西能源,火力发电
001287,21.15,1211.0,161.01692697193582,63.91193363114232,51.17961623151934,26.2899,23.260166666666667,True,False,0.9665802560535046,-32.79313632030505,4,-32.79313632030505,True,用户池(2022-08前后上市),中电港,其他电子
001328,30.92,1211.0,50.033331652647085,15.411614550095724,49.82698961937716,30.0971,37.277433333333335,False,True,1.2256282115225965,-31.105169340463455,3,-41.93427230046948,True,用户池(2022-08前后上市),登康口腔,洗护用品
001360,14.83,1211.0,18.767542238675798,28.14294830887045,4.529726329034287,19.322,18.3265,True,False,0.7644247117622635,-49.40293415216649,2,-49.40293415216649,False,用户池(2022-08前后上市),南矿集团,能源及重型设备
001367,18.08,1211.0,21.97007987655901,22.910019144862794,36.898395721925134,21.746600000000004,22.879733333333334,False,False,0.9133547664808794,-33.70003667033371,4,-33.70003667033371,True,用户池(2022-08前后上市),海森药业,原料药
601061,11.6,1211.0,566.9174045030687,84.7479259731972,46.30386914123938,12.2153,11.464066666666666,True,False,1.0241819022821659,-31.23888559573208,1,-31.23888559573208,False,用户池(2022-08前后上市),中信金属,贸易
601065,7.0,1211.0,44.93235725410038,35.194639438417354,51.87165775401069,7.6359,8.085266666666666,False,False,1.2089148942796493,-22.822491730981266,0,-27.310488058151616,False,用户池(2022-08前后上市),江盐集团,无机盐
601133,21.9,1211.0,116.23837237392267,91.0338225909381,92.04152249134948,26.8343,18.150166666666667,True,False,0.8650890369178614,-50.18198362147407,4,-50.18198362147407,True,用户池(2022-08前后上市),柏诚股份,其他专业工程
603125,19.83,1211.0,81.07943658471555,75.84556477345245,85.84460522176785,22.7239,19.02536666666667,True,False,0.7182662104003227,-39.43188759926696,3,-39.43188759926696,True,用户池(2022-08前后上市),常青科技,有机化工原料
603135,9.06,1211.0,57.00397729402535,46.42629227823868,45.297263290342876,11.3749,10.677266666666668,True,False,0.8249551154365248,-42.65822784810126,4,-42.65822784810126,True,用户池(2022-08前后上市),中重科技,其他专用设备
301429,16.39,1204.0,7.229806405255767,40.970006381620934,49.040578798364265,18.7667,19.0019,False,False,0.9295104040795078,-29.322984044846923,3,-29.322984044846923,True,用户池(2022-08前后上市),森泰股份,其他建材
688433,68.93,1204.0,291.56263089985686,93.13975749840459,54.042151620006294,87.2304,65.24333333333334,True,False,0.8387923733428386,-44.86482162853943,6,-44.86482162853943,True,用户池(2022-08前后上市),华曙高科,其他专用设备
301357,91.51,1203.0,86.59807436183699,62.63560944479898,21.516200062912866,99.56309999999999,113.18766666666667,False,False,1.5606822241280875,-50.63919305248395,3,-50.63919305248395,True,用户池(2022-08前后上市),北方长龙,地面兵装
301387,46.93,1203.0,20.337158795624667,77.44097000638163,49.00912236552375,74.9734,54.47436666666667,True,False,0.6335509728527962,-60.50328227571116,3,-60.50328227571116,True,用户池(2022-08前后上市),光大同创,消费电子组件
688507,146.11,1203.0,72.79717100283541,91.48053605615827,95.94212016357345,150.2978,112.2957,True,False,0.7748696462856989,-50.32299741602066,5,-50.32299741602066,True,用户池(2022-08前后上市),索辰科技,行业应用软件
688539,24.32,1203.0,45.72059352929148,49.106573069559666,2.485058194400755,33.8175,34.8367,False,False,1.0396026908772718,-57.19816965857092,3,-57.19816965857092,True,用户池(2022-08前后上市),高华科技,仪器仪表
603137,25.51,1202.0,46.38488269993447,90.4594767070836,98.64737338785781,16.1013,14.980266666666667,True,True,2.291585928898452,-28.362819432743603,3,-28.362819432743603,True,用户池(2022-08前后上市),恒尚节能,装修装饰
688352,13.31,1201.0,48.90388248615344,73.35673261008296,68.00880780119535,15.7874,13.621800000000002,True,False,0.80106344360839,-44.95450785773366,4,-44.95450785773366,True,用户池(2022-08前后上市),颀中科技,半导体封测
688146,247.99,1200.0,355.4170501172607,100.0,100.0,174.1216,83.69426666666666,True,True,0.9936886248034896,-36.41119003051361,6,-36.41119003051361,True,用户池(2022-08前后上市),中船特气,电子化学品
301307,42.38,1197.0,46.852405933640576,91.12954690491385,94.14910349166405,55.0713,39.192699999999995,True,False,1.0892703484886435,-54.93407060825181,4,-54.93407060825181,True,用户池(2022-08前后上市),美利信,其他通信设备
688478,38.46,1197.0,54.639397930276395,78.52584556477346,81.9754639823844,52.235200000000006,41.001866666666665,True,False,0.6423125415587104,-58.50237375917134,6,-58.50237375917134,True,用户池(2022-08前后上市),晶升股份,半导体设备
301360,45.86,1196.0,15.640130560319374,76.80280791320996,37.81063227430009,62.21009999999999,54.1799,True,False,0.8637444748396883,-47.70809578107183,4,-47.70809578107183,True,用户池(2022-08前后上市),荣旗科技,其他专用设备
301293,53.43,1186.0,111.08925198636827,67.23037651563497,23.592324630386912,61.5263,60.222033333333336,True,False,1.2953153847782086,-45.96480582524271,3,-45.96480582524271,True,用户池(2022-08前后上市),三博脑科,医院
688249,34.59,1186.0,701.8006316593005,88.64071474154436,74.96067945894936,40.0304,32.116566666666664,True,False,0.8671107692535635,-46.9559883453458,5,-46.9559883453458,True,用户池(2022-08前后上市),晶合集成,半导体制造
301390,29.83,1183.0,14.624968047669082,25.015954052329292,48.726014469959104,33.9522,35.5338,False,False,0.8833660245932348,-29.144893111638957,2,-29.144893111638957,False,用户池(2022-08前后上市),经纬股份,其他专业工程
603172,16.33,1181.0,21.83870370790638,59.06190172303765,11.953444479396037,19.4758,18.602833333333333,True,False,0.7148750573445459,-47.35654416505481,2,-47.35654416505481,False,用户池(2022-08前后上市),万丰股份,纺织化学品
688469,7.75,1181.0,453.6546676214695,87.84301212507977,82.10128971374647,7.620400000000001,6.543699999999999,True,True,0.8399315929564165,-26.955702167766248,4,-26.955702167766248,True,用户池(2022-08前后上市),芯联集成-U,半导体制造
688479,28.14,1180.0,24.671226083367365,93.49074664964901,98.71028625353885,29.0914,19.309766666666665,True,False,1.134927666515076,-27.82764811490126,4,-27.82764811490126,True,用户池(2022-08前后上市),友车科技,行业应用软件
301325,30.38,1179.0,43.82375263813279,0.7338864071474155,7.10915382195659,40.4889,51.9382,False,False,0.6425307099933091,-56.618592031986296,2,-62.678132678132684,False,用户池(2022-08前后上市),曼恩斯特,其他专用设备
001380,16.56,1175.0,38.61910831262992,27.63241863433312,27.461465869770368,18.2261,21.523733333333336,False,False,0.8056066325216134,-43.24880054832077,4,-43.24880054832077,True,用户池(2022-08前后上市),华纬科技,底盘与发动机系统
688512,11.18,1175.0,36.622376543830164,63.14613911933631,73.41931424976408,13.2994,12.0748,True,False,0.7854176779650652,-33.72851215174867,4,-33.72851215174867,True,用户池(2022-08前后上市),慧智微-U,集成电路设计
301382,35.5,1174.0,81.49945112397857,69.14486279514996,66.05850896508336,39.6148,36.1182,True,False,0.9806691303556523,-31.134820562560616,3,-31.134820562560616,True,用户池(2022-08前后上市),蜂助手,互联网广告
301332,8.16,1173.0,21.625783147769276,22.814294830887043,58.005662157911296,8.6021,9.5303,False,False,0.8998817178281202,-27.85145888594165,0,-31.081081081081074,False,用户池(2022-08前后上市),德尔玛,清洁小家电
688552,26.03,1173.0,88.0243888319491,10.21059349074665,9.342560553633218,34.319599999999994,36.954899999999995,False,False,0.927435848002761,-49.29879236462797,4,-49.29879236462797,True,用户池(2022-08前后上市),航天南湖,军工电子
301428,28.86,1172.0,19.982640869871247,16.751754945756222,12.110726643598616,33.8213,36.29796666666667,False,False,0.6357512277591213,-36.15044247787611,4,-46.27699180938198,True,用户池(2022-08前后上市),世纪恒通,电信增值服务
688361,302.97,1172.0,1102.0646334911517,98.97894065092534,97.98678829820699,242.4714,160.84099999999998,True,True,1.1258753828002608,-32.145576707726754,4,-32.145576707726754,True,用户池(2022-08前后上市),中科飞测,半导体设备
688581,52.47,1172.0,21.58415802446878,18.889597957881303,64.64296948726015,55.1686,61.65103333333334,False,False,0.6233762052369813,-39.18636995827538,3,-39.18636995827538,True,用户池(2022-08前后上市),安杰思,医疗设备
001324,19.3,1169.0,26.460850119022165,52.8717294192725,82.63604907203523,19.371199999999998,19.515233333333335,False,False,0.7461523261444027,-15.425065731814191,2,-15.425065731814191,False,用户池(2022-08前后上市),长青科技,轨交设备
688458,30.58,1169.0,28.70662633137096,19.719208679004467,20.069204152249135,37.6466,40.69626666666667,False,False,0.8204356677480867,-38.12221772561717,4,-38.12221772561717,True,用户池(2022-08前后上市),美芯晟,集成电路设计
301305,21.74,1168.0,26.989608173172083,75.78174856413528,56.71594841145014,26.1481,22.730733333333333,True,False,0.7471630271207378,-33.455769819406186,5,-33.455769819406186,True,用户池(2022-08前后上市),朗坤科技,固废治理
301399,15.27,1168.0,8.367437635811314,29.259731971920864,42.34035860333438,19.5386,19.4101,True,False,0.7150973179491632,-39.428798095993656,4,-39.428798095993656,True,用户池(2022-08前后上市),英特科技,制冷空调设备
001282,15.75,1167.0,23.987335582248306,24.82450542437779,40.7989933941491,19.354499999999998,20.51493333333333,False,False,0.7254823351594111,-40.45368620037807,3,-40.45368620037807,True,用户池(2022-08前后上市),三联锻造,其他汽车零部件
688562,14.33,1167.0,57.42550671083291,28.4301212507977,12.0792702107581,17.2633,18.676233333333332,False,False,0.9385139633675919,-51.750841750841744,2,-51.750841750841744,False,用户池(2022-08前后上市),航天软件,行业应用软件
301252,28.65,1166.0,39.27922213542786,69.20867900446713,74.11135577225542,37.0357,31.30926666666667,True,False,0.9079961093940626,-38.02725502920181,6,-38.02725502920181,True,用户池(2022-08前后上市),同星科技,制冷空调设备
301337,23.45,1165.0,23.893032771310406,27.409061901723035,41.30229631959736,26.9511,28.613399999999995,False,False,0.7877285703117922,-31.029411764705884,2,-44.29928741092637,False,用户池(2022-08前后上市),亚华电子,行业应用软件
301353,16.92,1161.0,6.919805074098814,35.83280153158903,41.333752752437874,19.5999,20.06,False,False,0.9890932059495806,-27.999999999999993,6,-27.999999999999993,True,用户池(2022-08前后上市),普莱得,其他通用设备
001373,26.4,1159.0,11.090358346157348,39.40650925335035,10.16042780748663,34.1365,33.288333333333334,True,False,1.0377999740136545,-40.47350620067645,5,-40.47350620067645,True,用户池(2022-08前后上市),翔腾新材,光学元件
688593,26.55,1159.0,119.70429225700977,88.83216336949586,86.97703680402643,33.200700000000005,24.604333333333333,True,False,0.9258644264565647,-37.880205896116045,4,-37.880205896116045,True,用户池(2022-08前后上市),新相微,集成电路设计
301310,47.9,1158.0,30.04365966685255,90.6509253350351,98.30135262661214,40.699600000000004,32.881,True,True,1.0710401741260063,-30.41836141778037,8,-30.41836141778037,True,用户池(2022-08前后上市),鑫宏业,其他汽车零部件
688523,41.81,1158.0,172.5099968665375,92.724952137843,22.994652406417114,59.3947,42.460800000000006,True,False,0.9962189558631841,-53.93345085940944,3,-53.93345085940944,True,用户池(2022-08前后上市),航天环宇,航天装备
688570,14.88,1155.0,28.005716142391858,13.369495851946395,47.40484429065744,16.3429,18.474666666666664,False,False,0.555930295601761,-33.6306868867083,1,-35.416666666666664,False,用户池(2022-08前后上市),天玛智控,工业控制设备
301323,65.44,1154.0,45.21829630167581,85.25845564773452,90.81472161056936,72.55109999999999,59.4035,True,False,0.7347579113867151,-39.54175905395417,7,-39.54175905395417,True,用户池(2022-08前后上市),新莱福,橡胶制品
688576,38.18,1154.0,12.369366932627154,40.49138481174218,26.07738282478767,45.5247,45.28243333333333,True,False,0.9506867689599203,-33.530640668523674,2,-33.530640668523674,False,用户池(2022-08前后上市),西山科技,医疗设备
688623,59.59,1152.0,21.17875506679207,81.94001276324187,58.50896508335954,64.6603,56.807966666666665,True,False,0.7215517046591925,-24.18575063613231,3,-24.18575063613231,True,用户池(2022-08前后上市),双元科技,其他自动化设备
301320,12.44,1151.0,14.221152227413475,4.6585832801531595,24.22145328719723,15.2241,17.543799999999997,False,False,0.7739636809561544,-45.676855895196496,5,-45.676855895196496,True,用户池(2022-08前后上市),豪江智能,工业控制设备
301383,21.42,1151.0,15.135460498216887,2.6483726866624124,10.821012897137464,26.974,33.67166666666667,False,False,0.7756721333066868,-49.85955056179775,3,-65.39020843431895,True,用户池(2022-08前后上市),天键股份,消费电子组件
688472,10.61,1151.0,384.195964840672,71.82514358647096,24.37873545139981,12.3969,12.611966666666667,False,False,0.8907615622397427,-55.32631578947369,2,-55.32631578947369,False,用户池(2022-08前后上市),阿特斯,光伏电池组件
301355,9.51,1148.0,13.294644164909444,24.53733248245054,31.04749921358918,11.2522,12.159633333333334,False,False,0.8871972621774661,-41.11455108359132,3,-41.11455108359132,True,用户池(2022-08前后上市),南王科技,纸包装
301287,34.14,1146.0,5.8117070576403345,40.52329291640076,39.38345391632589,38.1888,40.22836666666666,False,False,0.881054157548559,-26.087897813379513,3,-37.18491260349586,True,用户池(2022-08前后上市),康力源,娱乐用品
301232,97.71,1145.0,61.773399576344204,99.4256541161455,3.6174897766593266,136.5167,82.46866666666666,True,False,0.9471405772069816,-46.31318681318681,3,-46.31318681318681,True,用户池(2022-08前后上市),飞沃科技,风电零部件
301225,51.4,1144.0,22.79111584110211,45.34141671984684,1.2582573136206354,70.56320000000001,70.40193333333333,True,False,1.1841366362047407,-58.43777795746745,5,-58.43777795746745,True,用户池(2022-08前后上市),恒勃股份,其他汽车零部件
301448,40.0,1141.0,28.41025420731802,83.91831525207402,71.59484114501416,39.3923,42.3653,False,True,1.1308338136131237,-41.648431801604666,6,-41.648431801604666,True,用户池(2022-08前后上市),开创电气,其他通用设备
688334,18.52,1141.0,57.91646330589452,50.70197830248884,42.025794274929225,19.9168,19.61453333333333,True,False,0.6820267896667002,-31.559497413155945,4,-31.559497413155945,True,用户池(2022-08前后上市),西高院,检测服务
301262,20.34,1140.0,24.828847827153968,29.802169751116786,35.011009751494186,21.5629,23.940066666666667,False,False,1.3479654905733076,-42.62341325811002,2,-42.62341325811002,False,用户池(2022-08前后上市),海看股份,广播电视
688443,22.63,1140.0,32.76726883409958,10.146777281429484,49.98427178357974,26.378600000000002,28.7045,False,False,0.8598220903171545,-38.87088060507834,0,-49.778073679538394,False,用户池(2022-08前后上市),智翔金泰-U,其他生物制药
301315,37.44,1139.0,32.94507424674833,16.81557115507339,11.355772255426235,44.739399999999996,51.3585,False,False,0.8366180246203702,-47.467377578223655,3,-50.46308547234719,True,用户池(2022-08前后上市),威士顿,行业应用软件
301376,18.16,1139.0,35.45718067426799,63.33758774728781,71.72066687637621,17.2098,18.187966666666664,False,True,0.6684539441690042,-14.460668864813941,0,-35.21227256510882,False,用户池(2022-08前后上市),致欧科技,家具
688543,38.01,1139.0,95.24744077903694,40.01276324186344,22.23969801824473,46.9088,46.17046666666667,True,False,1.1981676408499373,-44.69663902226103,5,-44.69663902226103,True,用户池(2022-08前后上市),国科军工,地面兵装
300804,38.0,1133.0,10.418724305904616,39.82131461391194,81.94400754954388,41.6061,41.03113333333334,True,False,1.0245851432080348,-28.932111464372547,1,-42.44168433807937,False,用户池(2022-08前后上市),广康生化,农药
301170,22.03,1133.0,8.381169331979818,24.31397574984046,35.0424661843347,25.831300000000002,27.109466666666666,False,False,0.8673276675803785,-29.930025445292618,3,-29.930025445292618,True,用户池(2022-08前后上市),锡南科技,底盘与发动机系统
688620,12.49,1133.0,49.7236847641732,64.58200382897256,85.02673796791443,13.0149,12.565733333333334,True,False,1.3577987719974585,-28.546910755148748,1,-40.55211803902904,False,用户池(2022-08前后上市),安凯微,集成电路设计
688629,127.16,1133.0,598.1049350756749,96.5858328015316,95.56464296948725,140.3937,98.86356666666667,True,False,1.0479447342988768,-39.35520793590233,5,-39.35520793590233,True,用户池(2022-08前后上市),华丰科技,军工电子
301295,38.59,1132.0,11.283556884249558,87.87492022973835,88.83296634161685,41.651199999999996,32.5807,True,False,1.4791974277375683,-26.662865830482694,5,-26.662865830482694,True,用户池(2022-08前后上市),美硕科技,输变电设备
301397,24.59,1132.0,22.804962586440983,72.17613273771538,83.64265492293174,25.866799999999998,25.6804,True,False,0.9692232358417611,-33.986577181208055,3,-33.986577181208055,True,用户池(2022-08前后上市),溯联股份,底盘与发动机系统
688631,42.2,1132.0,68.93254205643198,0.574345883854499,9.311104120792702,50.8383,69.53463333333335,False,False,0.7622179200416824,-58.62745098039215,1,-67.19017260146167,False,用户池(2022-08前后上市),莱斯信息,行业应用软件
688429,10.26,1131.0,41.071875251096834,13.497128270580728,23.62378106322743,12.591899999999999,14.176366666666667,False,False,0.825495780791963,-44.66019417475729,1,-68.9090909090909,False,用户池(2022-08前后上市),时创能源,光伏电池组件
301210,23.3,1130.0,14.386824754549822,28.90874282067645,68.29191569675999,27.702999999999996,29.248066666666666,False,False,1.0508127346925853,-39.053099659952906,2,-43.80125422093584,False,用户池(2022-08前后上市),金杨精密,锂电池
301291,39.43,1130.0,65.8037398699208,51.403956604977665,68.98395721925134,48.6916,45.463800000000006,True,False,0.9345295502299106,-43.39649727246626,2,-43.39649727246626,False,用户池(2022-08前后上市),明阳电气,输变电设备
688582,37.71,1130.0,153.81761627648754,4.211869814932992,3.9320541050644855,54.128499999999995,62.77116666666666,False,False,0.9981660283737395,-56.44490644490645,4,-56.44490644490645,True,用户池(2022-08前后上市),芯动联科,被动元件
301395,11.4,1127.0,14.689016222151125,56.25398851308232,53.94778232148474,12.9023,12.222100000000001,True,False,0.8058674831915802,-30.61472915398661,2,-30.61472915398661,False,用户池(2022-08前后上市),仁信新材,合成树脂
301488,99.41,1126.0,41.54400559702518,83.15252074026803,18.559295375904373,130.2859,123.61036666666666,True,False,0.5263690415232849,-54.26270991488382,5,-54.26270991488382,True,用户池(2022-08前后上市),豪恩汽电,汽车电子电气系统
301202,31.04,1125.0,24.78029349066238,17.645181876196553,34.38188109468386,37.8548,40.871900000000004,False,False,1.1348626242207125,-42.154304882594104,3,-45.56296036478429,True,用户池(2022-08前后上市),朗威股份,金属制品
301292,66.27,1123.0,56.12160258011619,98.40459476707085,94.6524064171123,74.9955,49.2421,True,False,0.9747702480495914,-37.98427849522741,4,-37.98427849522741,True,用户池(2022-08前后上市),海科新源,电池化学品
301486,126.0,1123.0,94.3472415103533,91.92724952137843,11.796162315193456,197.3909,133.19203333333334,True,False,0.7217825026724843,-56.92307692307692,5,-56.92307692307692,True,用户池(2022-08前后上市),致尚科技,消费电子组件
301261,54.77,1120.0,57.3474148192969,22.75047862156988,34.47625039320541,67.4381,69.35806666666667,False,False,0.670199338068762,-39.733714788732385,3,-49.5950671820357,True,用户池(2022-08前后上市),恒工精密,机械基础件
688603,81.46,1120.0,104.6914979149491,91.06573069559668,80.43409877319911,124.3074,87.78479999999999,True,False,0.650841154311309,-60.82712190430393,4,-60.82712190430393,True,用户池(2022-08前后上市),天承科技,电子化学品
301370,8.77,1118.0,41.283212097907594,28.52584556477345,41.3966656181189,9.4963,10.5209,False,False,1.099422741582823,-29.159935379644597,0,-35.93864134404675,False,用户池(2022-08前后上市),国科恒泰,医药流通
301381,22.82,1118.0,92.69834772189625,72.01659221442246,80.05662157911293,19.8994,20.96673333333333,False,True,1.4055702607638383,-11.067809820732656,1,-25.131233595800527,False,用户池(2022-08前后上市),赛维时代,跨境电商
301393,51.38,1118.0,22.771763549009606,52.233567326100825,77.85467128027682,56.73,54.39576666666667,True,False,1.3428906969918506,-27.77621591228563,4,-27.77621591228563,True,用户池(2022-08前后上市),昊帆生物,有机化工原料
688638,31.85,1118.0,8.391768395654195,34.30121250797703,50.42466184334696,36.7978,38.23276666666666,False,False,0.7941687331294551,-35.32994923857867,4,-35.32994923857867,True,用户池(2022-08前后上市),誉辰智能,锂电设备
301272,32.37,1117.0,12.006880382374396,40.77855775366943,45.077068260459264,38.4962,39.98103333333333,False,False,0.8380596201594548,-37.9409509202454,1,-37.9409509202454,False,用户池(2022-08前后上市),英华特,制冷空调设备
301456,22.99,1116.0,15.790641272255087,35.545628589661774,44.44793960364895,27.241200000000003,27.766599999999997,False,False,0.9394149148405839,-37.71335681387158,5,-37.71335681387158,True,用户池(2022-08前后上市),盘古智能,风电零部件
301329,18.81,1113.0,12.402265711965242,53.57370772176133,44.29065743944637,23.4718,22.135233333333332,True,False,0.5623013598474047,-43.10344827586208,3,-43.10344827586208,True,用户池(2022-08前后上市),信音电子,消费电子组件
301503,20.93,1113.0,12.047974398993262,13.81620931716656,25.88864422774457,24.483900000000002,27.6642,False,False,0.8211293601941598,-36.843693421846716,3,-41.45454545454545,True,用户池(2022-08前后上市),智迪科技,其他IT设备
688627,371.88,1112.0,362.31072261076383,99.48947032546268,94.55803711859076,393.57380000000006,237.58320000000003,True,False,0.960959265315844,-47.988811188811184,3,-47.988811188811184,True,用户池(2022-08前后上市),精智达,其他专用设备
301505,15.79,1111.0,14.436831116477029,20.995532865347798,6.605850896508336,19.8262,21.50583333333333,False,False,0.9331998904995257,-42.35122307411464,0,-42.74836838288615,False,用户池(2022-08前后上市),苏州规划,工程咨询服务
688563,53.02,1111.0,71.87815322409008,52.90363752393108,49.95281535073923,55.174699999999994,56.539566666666666,False,False,0.739365109079938,-30.209293142029747,2,-30.209293142029747,False,用户池(2022-08前后上市),航材股份,航空装备
688610,118.48,1111.0,50.63703347614923,97.54307594128909,95.47027367096571,153.0883,91.17483333333334,True,False,1.0827547443048364,-55.01898253606681,5,-55.01898253606681,True,用户池(2022-08前后上市),埃科光电,仪器仪表
301512,28.47,1110.0,13.870942722,52.26547543075941,53.88486945580371,33.942,32.598933333333335,True,False,0.7372050615268574,-32.917059377945336,2,-32.917059377945336,False,用户池(2022-08前后上市),智信精密,其他自动化设备
688602,6.48,1110.0,33.84123348552027,20.197830248883218,34.28751179616232,7.4747,8.305466666666666,False,False,0.7753113880097764,-44.13793103448276,0,-52.14180206794682,False,用户池(2022-08前后上市),康鹏科技,其他化学制品
301499,23.21,1109.0,31.90162363212471,36.056158264199105,39.6036489462095,31.912999999999997,29.589733333333335,True,False,0.9418629944369853,-40.318848032913344,3,-40.318848032913344,True,用户池(2022-08前后上市),维科精密,汽车电子电气系统
301468,29.93,1106.0,29.270910744903425,85.2903637523931,5.50487574709028,40.579,33.01626666666667,True,False,0.6976421949640049,-50.30715590237422,3,-50.30715590237422,True,用户池(2022-08前后上市),博盈特焊,其他专用设备
688450,29.18,1106.0,14.356757051673524,62.06126356094448,78.76690783265178,42.4807,33.0889,True,False,1.2447157914381237,-56.44125988953574,4,-56.44125988953574,True,用户池(2022-08前后上市),光格科技,仪器仪表
301446,34.43,1105.0,10.966552017179556,79.73835354179963,33.31236237810632,39.2438,33.43313333333334,True,False,0.7007373951950824,-30.863453815261042,5,-30.863453815261042,True,用户池(2022-08前后上市),福事特,工程机械零件
301515,17.78,1105.0,11.952464505813566,32.89725590299936,34.41333752752438,20.9777,21.667366666666666,False,False,0.92975207082195,-33.28330206378987,2,-33.28330206378987,False,用户池(2022-08前后上市),港通医疗,医疗设备
301172,21.28,1104.0,27.28462112156928,60.370134014039564,31.519345706196916,28.6159,24.9309,True,False,0.9694422994339504,-45.1405001288992,4,-45.1405001288992,True,用户池(2022-08前后上市),君逸数码,行业应用软件
688612,29.66,1104.0,75.85948583186524,50.25526483726866,78.232148474363,30.9111,31.56263333333333,False,False,0.6518471675321647,-27.16110019646365,1,-27.16110019646365,False,用户池(2022-08前后上市),威迈斯,汽车电子电气系统
688651,21.99,1104.0,10.341596865657962,33.918315252074024,10.317709971689212,26.735899999999997,28.452599999999997,False,False,1.0802745056029484,-49.63353183692166,2,-49.63353183692166,False,用户池(2022-08前后上市),盛邦安全,行业应用软件
301519,11.43,1103.0,8.663969020564188,26.96234843650287,48.946209499842716,13.151999999999997,13.7111,False,False,0.935248562233035,-27.15105162523901,1,-35.01989766913019,False,用户池(2022-08前后上市),舜禹股份,环保设备
301371,25.63,1098.0,19.917544763177915,62.38034460753031,87.03994966970745,26.0359,25.247866666666667,True,False,0.9192782904854249,-20.403726708074544,3,-20.403726708074544,True,用户池(2022-08前后上市),敷尔佳,化妆品
603119,48.78,1098.0,232.07779007716846,78.6215698787492,7.234979553318653,63.021499999999996,61.84826666666667,True,False,0.5964815356835225,-47.88461538461538,4,-47.88461538461538,True,用户池(2022-08前后上市),浙江荣泰,其他汽车零部件
301509,27.22,1096.0,15.447361788939428,18.76196553924697,43.28405158854986,33.1807,35.135666666666665,False,False,1.1630541081306287,-40.48972452995191,2,-40.48972452995191,False,用户池(2022-08前后上市),金凯生科,医疗研发外包
301518,24.14,1096.0,14.233497966372447,68.47479259731972,7.297892418999686,33.1875,31.881366666666672,True,False,0.9735584728170036,-51.67167167167167,3,-51.67167167167167,True,用户池(2022-08前后上市),长华化学,其他化学制品
301362,109.87,1095.0,45.66818023866584,98.75558391831525,99.90563070147846,131.65769999999998,66.43593333333334,True,False,1.0109851892130715,-54.36723844332766,3,-54.36723844332766,True,用户池(2022-08前后上市),民爆光电,LED
688347,219.5,1092.0,906.5853168830521,99.29802169751116,96.44542308902172,208.9513,130.85386666666665,True,True,0.9759504192278631,-45.19350811485643,5,-45.19350811485643,True,用户池(2022-08前后上市),华虹宏力,半导体制造
603296,73.9,1091.0,594.3349258037587,78.20676451818763,92.57628184963825,73.5939,65.49296666666666,True,True,1.4028532960909461,-16.854185418541846,4,-16.854185418541846,True,用户池(2022-08前后上市),华勤技术,消费电子组件
300904,41.27,1090.0,9.025281437644962,25.941289087428203,17.74142812205096,51.762100000000004,59.98876666666667,False,False,0.9469074077456652,-55.87040205303677,2,-55.87040205303677,False,用户池(2022-08前后上市),威力传动,风电零部件
301487,16.06,1090.0,43.946318144615724,20.102105934907467,28.845548914753067,21.358900000000002,22.430266666666668,False,False,0.8471565966807996,-45.59620596205962,0,-50.5237215033888,False,用户池(2022-08前后上市),盟固利,电池化学品
688671,21.66,1090.0,10.134060689580155,57.08359923420549,70.36804026423404,24.318,23.280966666666668,True,False,0.7710040456432525,-39.105988192296884,3,-39.105988192296884,True,用户池(2022-08前后上市),碧兴物联,环境监测
301348,18.46,1089.0,29.61783030122625,43.65028717294193,11.890531613715005,25.534200000000002,23.4256,True,False,0.682680260119099,-49.76870748299319,1,-49.76870748299319,False,用户池(2022-08前后上市),蓝箭电子,半导体封测
301372,27.05,1088.0,11.211515692753915,71.15507338864072,75.93582887700535,31.821600000000004,27.860533333333333,True,False,0.8849942748520307,-32.97819623389494,1,-32.97819623389494,False,用户池(2022-08前后上市),科净源,水治理
301510,25.99,1084.0,73.10285497821721,35.705169112954685,18.936772569990563,32.9546,33.22286666666666,False,False,0.7843878695247524,-37.53905311223264,1,-47.853130016051374,False,用户池(2022-08前后上市),固高科技,工业控制设备
688548,29.23,1084.0,204.99937917321725,97.67070835992342,96.69707455174583,31.568100000000005,19.458333333333332,True,False,1.0348804570107069,-46.85454545454545,4,-46.85454545454545,True,用户池(2022-08前后上市),广钢气体,电子化学品
301498,43.6,1083.0,78.27755494680744,0.5105296745373326,15.633847121736395,46.867399999999996,72.39356666666667,False,False,1.3314538073379971,-56.176500150768916,2,-63.28421052631579,False,用户池(2022-08前后上市),乖宝宠物,宠物食品
688592,22.58,1083.0,12.454154570367267,35.13082322910019,24.06417112299465,28.1648,28.823666666666668,False,False,0.894657303407827,-39.28475396611992,5,-39.28475396611992,True,用户池(2022-08前后上市),司南导航,通信终端及配件
301511,63.33,1082.0,243.06058030028294,95.5966815571155,99.37087134318968,89.4551,49.97403333333334,True,False,0.8125072311495761,-62.665802039733535,3,-62.665802039733535,True,用户池(2022-08前后上市),德福科技,锂电池
688573,15.45,1082.0,8.29202305936802,0.6381620931716656,16.294432211387228,19.5718,24.012,False,False,0.7707613324048109,-53.407720144752716,2,-56.058020477815695,False,用户池(2022-08前后上市),信宇人,锂电设备
301533,25.56,1081.0,7.30815986949254,8.45564773452457,11.00975149418056,28.682100000000002,35.2033,False,False,1.0057244085637984,-42.432432432432435,3,-43.06081532635331,True,用户池(2022-08前后上市),威马农机,农用机械
688693,55.18,1081.0,21.63076644132678,87.90682833439693,94.99842717835797,85.22229999999999,53.35966666666666,True,False,0.705353239079168,-60.58571428571429,1,-60.58571428571429,False,用户池(2022-08前后上市),锴威特,功率半导体
301418,34.49,1078.0,10.242644996637681,52.55264837268666,66.90783265177728,41.4195,38.642833333333336,True,False,0.7034526205800773,-39.51245177130831,1,-39.51245177130831,False,用户池(2022-08前后上市),协昌科技,工业控制设备
301469,27.04,1077.0,12.472244511069258,58.71091257179324,53.79050015728216,31.214899999999997,29.669566666666668,True,False,0.968760515861446,-34.33705682370083,6,-34.33705682370083,True,用户池(2022-08前后上市),恒达新材,特种纸
301421,62.88,1076.0,29.24997579965633,37.2048500319081,15.319282793331238,93.98559999999999,90.43533333333333,True,False,0.9037484785690488,-52.48961088024178,3,-52.48961088024178,True,用户池(2022-08前后上市),波长光电,光学元件
603275,35.9,1076.0,14.87384052385034,4.9457562220804085,34.09877319911922,42.6677,45.8525,False,False,0.46431601941075423,-40.71994715984148,3,-41.59752724906458,True,用户池(2022-08前后上市),众辰科技,工业控制设备
688591,27.12,1074.0,46.15841282850955,4.307594128908743,5.0644856873230575,33.9225,41.6301,False,False,0.9937317399498614,-56.68423574508864,6,-56.68423574508864,True,用户池(2022-08前后上市),泰凌微,集成电路设计
301528,44.5,1071.0,20.863026432929573,70.45309508615189,75.74709027996225,52.296400000000006,45.434133333333335,True,False,0.9040739114490844,-47.855636278415744,4,-47.855636278415744,True,用户池(2022-08前后上市),多浦乐,仪器仪表
301525,39.4,1069.0,27.35241126520108,16.65603063178047,10.758100031456433,50.2783,57.51106666666668,False,False,0.7086503676733071,-53.03373465252116,5,-53.03373465252116,True,用户池(2022-08前后上市),儒竞科技,家电零部件
603270,23.71,1067.0,16.81972000406921,47.925973197192086,69.07832651777288,27.3848,26.2892,True,False,0.7987438422225299,-32.024082568807344,3,-32.024082568807344,True,用户池(2022-08前后上市),金帝股份,金属制品
301507,12.16,1063.0,13.365157437683795,32.099553286534785,49.701163888015095,13.255200000000002,14.299733333333334,False,False,1.1378326026233707,-30.830489192263933,3,-30.830489192263933,True,用户池(2022-08前后上市),民生健康,化学制剂
301251,28.15,1062.0,21.637296763684077,50.22335673261008,30.701478452343505,46.0343,39.667166666666674,True,False,1.233230355680903,-53.79185817465528,4,-53.79185817465528,True,用户池(2022-08前后上市),威尔高,PCB
688549,18.4,1060.0,110.38519209864441,95.88385449904276,98.83611198490091,18.3888,12.075333333333335,True,True,0.8922196766291006,-54.67980295566504,2,-54.67980295566504,False,用户池(2022-08前后上市),中巨芯-U,电子化学品
301529,74.97,1057.0,47.96359625763601,94.35226547543077,46.36678200692042,95.9739,68.51906666666667,True,False,0.9535040730303608,-41.0427807486631,4,-41.0427807486631,True,用户池(2022-08前后上市),福赛科技,车身附件及饰件
603075,18.54,1057.0,7.848026512805327,45.18187619655393,51.33689839572193,22.4481,21.8976,True,False,0.8379392830790806,-34.18530351437701,2,-34.18530351437701,False,用户池(2022-08前后上市),热威股份,家电零部件
688702,322.0,1054.0,665.9251211007837,99.68091895341416,99.27650204466813,282.2804,167.04926666666665,True,True,1.243263240428931,-25.142392188771357,6,-25.142392188771357,True,用户池(2022-08前后上市),盛科通信-U,集成电路设计
301550,70.15,1053.0,144.8253413382058,88.57689853222719,7.329348851840202,103.29790000000001,79.7394,True,False,0.8343644948777084,-50.62640765765766,3,-50.62640765765766,True,用户池(2022-08前后上市),斯菱智驱,轮胎轮毂
301548,59.2,1048.0,17.25416785645072,74.6011486917677,64.48568732305756,76.7063,62.487633333333335,True,False,0.9568861889861816,-39.43734015345268,2,-39.43734015345268,False,用户池(2022-08前后上市),崇德科技,机械基础件
688716,27.9,1048.0,19.855014862910963,20.485003190810467,18.464926077382827,33.014300000000006,37.8166,False,False,1.111196622631275,-50.57573073516386,2,-50.57573073516386,False,用户池(2022-08前后上市),中研股份,合成树脂
301500,21.43,1047.0,30.95150184038748,81.23803446075303,83.51682919156967,24.8992,19.344033333333332,True,False,0.82647959406037,-32.076069730586376,3,-32.076069730586376,True,用户池(2022-08前后上市),飞南资源,固废治理
301520,41.83,1043.0,12.961702227020893,79.64262922782387,95.02988361119849,33.3904,31.5684,True,True,2.325742702337473,-37.239309827456864,3,-37.239309827456864,True,用户池(2022-08前后上市),万邦医药,医疗研发外包
603276,14.68,1043.0,11.145082585990073,46.330567964262926,49.418055992450455,16.3599,16.778333333333332,False,False,0.6689054454823892,-22.4920802534319,4,-22.4920802534319,True,用户池(2022-08前后上市),恒兴新材,有机化工原料
301558,6.65,1040.0,14.581332326986084,17.19846841097639,30.953129915067628,7.3687000000000005,8.440699999999998,False,False,0.9650574071469764,-34.547244094488185,1,-40.888888888888886,False,用户池(2022-08前后上市),三态股份,跨境电商
688719,42.03,1040.0,38.777475570122085,70.35737077217613,66.7190940547342,61.3755,48.51116666666666,True,False,0.8954602471705652,-54.903433476394845,6,-54.903433476394845,True,用户池(2022-08前后上市),爱科赛博,其他发电设备
688657,29.95,1028.0,17.840566459167928,62.79514996809189,35.51431267694243,33.983799999999995,34.66323333333334,False,False,1.1201459724226352,-29.6618130577736,2,-29.6618130577736,False,用户池(2022-08前后上市),浩辰软件,行业应用软件
301559,13.46,1027.0,12.149520765081913,28.49393746011487,42.08870714061025,14.784,16.119766666666663,False,False,1.0097580505003005,-28.25159914712153,3,-28.25159914712153,True,用户池(2022-08前后上市),中集环科,金属制品
301517,37.81,1021.0,37.088833674686896,45.213784301212506,4.687008493236867,55.5,52.13843333333334,True,False,0.9768639508296962,-57.79191783880331,1,-57.79191783880331,False,用户池(2022-08前后上市),陕西华达,军工电子
603193,21.81,1021.0,22.59913527891489,20.963624760689214,73.01038062283737,22.026300000000003,26.270966666666666,False,False,1.0989474322297896,-38.074957410562185,3,-47.53427952850614,True,用户池(2022-08前后上市),润本股份,洗护用品
603273,14.22,1015.0,7.976763013202713,20.835992342054883,37.496067945894936,15.988600000000002,18.0774,False,False,1.0380102354603278,-39.25672789406236,0,-41.55363748458692,False,用户池(2022-08前后上市),天元智能,其他专用设备
301489,84.74,1014.0,60.12648192279601,89.6936821952776,31.959735765964144,146.1668,121.4802,True,False,0.9117309485399789,-57.60032022415691,2,-57.60032022415691,False,用户池(2022-08前后上市),思泉新材,电子化学品
001378,17.04,1008.0,14.3018817021564,58.87045309508615,70.6826045926392,19.1671,17.9431,True,False,1.1940809085922437,-21.25693160813309,1,-21.25693160813309,False,用户池(2022-08前后上市),德冠新材,塑料薄膜
301555,28.93,1007.0,14.087918636169956,56.82833439693682,57.72255426234665,37.5062,33.48016666666666,True,False,0.6147033005520777,-38.27608278216342,2,-38.27608278216342,False,用户池(2022-08前后上市),惠柏新材,合成树脂
603107,12.29,1006.0,26.809643207363056,27.82386726228462,54.89147530670022,13.0928,14.497033333333336,False,False,1.1795854734433562,-24.462200368776898,0,-35.51941238195173,False,用户池(2022-08前后上市),上海汽配,底盘与发动机系统
001376,11.44,1004.0,24.310347425316525,51.37204850031908,1.2268008807801196,13.7704,13.946566666666664,False,False,0.9947934774314942,-52.863617634940255,1,-52.863617634940255,False,用户池(2022-08前后上市),百通能源,热力服务
603062,37.28,1000.0,13.785903310942448,27.53669432035737,34.193142497640764,45.216899999999995,46.67353333333333,False,False,0.6433498157867983,-33.28561202576951,5,-33.28561202576951,True,用户池(2022-08前后上市),麦加芯彩,涂料油墨
001326,46.96,998.0,11.349496841855686,83.85449904275686,72.8845548914753,57.7671,47.85053333333333,True,False,0.7755604819089438,-36.56625692286911,3,-36.56625692286911,True,用户池(2022-08前后上市),联域股份,LED
688648,30.75,994.0,21.404274790639885,14.00765794511806,1.06951871657754,44.20219999999999,52.67293333333333,False,False,0.7927446034864648,-60.064935064935064,3,-60.064935064935064,True,用户池(2022-08前后上市),中邮科技,其他专用设备
001306,50.11,991.0,7.786732630077502,7.211231652839821,6.794589493551431,62.899499999999996,78.29876666666667,False,False,0.8723097471282824,-54.68029302704169,3,-54.68029302704169,True,用户池(2022-08前后上市),夏厦精密,机械基础件
688653,11.01,990.0,34.97673728647537,47.000638162093175,40.547341931424974,14.1107,13.264866666666666,True,False,1.1910239232269506,-36.651323360184115,2,-37.79661016949153,False,用户池(2022-08前后上市),康希通信,集成电路设计
301568,54.75,979.0,26.137823309785425,85.92852584556478,89.11607423718151,71.1988,53.30573333333333,True,False,0.7532691719960115,-55.203730976926856,5,-55.203730976926856,True,用户池(2022-08前后上市),思泰克,其他专用设备
688652,114.14,978.0,142.9130737482443,94.32035737077217,78.10632274300094,137.96130000000002,102.06316666666667,True,False,0.9731925504058826,-50.447165060345576,7,-50.447165060345576,True,用户池(2022-08前后上市),京仪装备,半导体设备
301508,23.76,976.0,13.970698280709682,10.689215060625399,32.24284366152878,26.7148,30.560099999999995,False,False,0.7508286451080415,-33.277169334456616,0,-44.18604651162791,False,用户池(2022-08前后上市),中机认检,检测服务
601083,11.53,972.0,22.346531462199913,62.571793235481806,81.66089965397923,11.165,11.097633333333333,True,True,0.890933597799908,-11.239414934565062,2,-11.239414934565062,False,用户池(2022-08前后上市),锦江航运,航运
688720,49.13,971.0,38.87558566016033,89.91703892788769,72.44416483170808,65.68690000000001,47.845866666666666,True,False,1.1225815252862181,-53.47537878787878,4,-53.47537878787878,True,用户池(2022-08前后上市),艾森股份,半导体材料
301516,14.91,969.0,10.470067128744754,35.92852584556477,71.24882038376849,18.2915,17.372300000000003,True,False,1.4768671828300548,-34.02654867256637,0,-37.71929824561404,False,用户池(2022-08前后上市),中远通,其他发电设备
001239,11.54,965.0,13.156093040745834,5.041480536056158,23.372129600503303,14.100299999999999,15.6614,False,False,1.1112104848994655,-45.230185097294736,2,-45.230185097294736,False,用户池(2022-08前后上市),永达股份,工程机械零件
301459,33.56,964.0,8.80688272045545,19.559668155711552,38.69141239383454,35.8074,40.95586666666666,False,False,0.714992544930203,-36.64338304700774,2,-37.3412994772218,False,用户池(2022-08前后上市),丰茂股份,底盘与发动机系统
603231,15.02,962.0,15.944490247704504,45.88385449904276,43.09531299150676,16.164299999999997,17.355733333333333,False,False,0.8925482890294055,-30.26926648096564,1,-30.26926648096564,False,用户池(2022-08前后上市),索宝蛋白,粮油加工
301413,58.57,959.0,44.80489780122544,61.2635609444799,1.1638880150990878,82.5073,88.65703333333333,False,False,0.7661331509051907,-60.958538861485145,3,-60.958538861485145,True,用户池(2022-08前后上市),安培龙,仪器仪表
603373,33.21,957.0,21.21356056848585,49.042756860242505,92.10443535703051,32.4036,31.660566666666668,True,True,0.8655741194431069,-23.479262672811053,1,-23.479262672811053,False,用户池(2022-08前后上市),安邦护卫,其他专业服务
001358,24.49,956.0,12.20372340124716,65.2839821314614,59.73576596413967,26.1714,26.258533333333336,False,False,1.4264408315268453,-23.27694235588973,1,-23.27694235588973,False,用户池(2022-08前后上市),兴欣新材,其他化学制品
601096,4.5,955.0,74.03728154194317,59.76388002552648,60.64800251651463,5.1139,4.720466666666667,True,False,0.9546352710451306,-35.98862019914652,1,-35.98862019914652,False,用户池(2022-08前后上市),宏盛华源,钢结构
301526,27.88,951.0,405.3627924080731,99.84045947670708,99.8112614029569,23.758699999999997,12.210799999999999,True,True,1.0214725990921218,-46.64114832535885,5,-46.64114832535885,True,用户池(2022-08前后上市),国际复材,玻纤制造
603004,18.24,950.0,10.718742514241592,32.99298021697511,40.2013211701793,21.051099999999998,22.333133333333333,False,False,0.8823117411412797,-30.034522439585743,1,-38.77139979859013,False,用户池(2022-08前后上市),鼎龙科技,其他化学制品
301578,21.93,949.0,6.591549889278289,29.323548181238035,50.64485687323057,24.0115,26.299666666666667,False,False,1.2234244946949993,-28.074778615939657,2,-45.16129032258065,False,用户池(2022-08前后上市),辰奕智能,其他电子
301566,21.12,948.0,46.41825026087933,79.41927249521379,80.90594526580685,26.986800000000002,21.460166666666666,True,False,0.7556959534987969,-47.645017352503714,3,-47.645017352503714,True,用户池(2022-08前后上市),达利凯普,被动元件
688717,56.01,943.0,56.1037904594103,52.36119974473517,4.120792702107582,99.89470000000001,80.02313333333335,True,False,1.0025702768345661,-61.5315934065934,4,-61.5315934065934,True,用户池(2022-08前后上市),艾罗能源,光伏逆变器
603325,54.16,936.0,18.500041967359124,8.296107211231654,12.739855300408934,61.235099999999996,73.45443333333333,False,False,0.9036586056843287,-43.53039307684288,3,-43.53039307684288,True,用户池(2022-08前后上市),博隆技术,能源及重型设备
001387,11.72,935.0,13.681858160169975,33.375877472878116,53.28719723183391,12.8081,13.525733333333333,False,False,0.8050620413081473,-27.92127921279213,0,-35.49807374793617,False,用户池(2022-08前后上市),雪祺电气,冰洗
603312,32.36,935.0,16.5267513670188,39.08742820676452,18.307643913180247,37.721199999999996,41.93803333333333,False,False,0.6584204090736729,-47.14145704018294,5,-47.14145704018294,True,用户池(2022-08前后上市),西典新能,输变电设备
301567,32.44,930.0,6.858992306633712,24.21825143586471,16.483170808430327,40.3796,43.07833333333333,False,False,0.8594259239852994,-43.92394122731203,2,-46.67105046851883,False,用户池(2022-08前后上市),贝隆精密,消费电子组件
601033,14.79,928.0,35.46666917402181,59.7319719208679,78.73545139981127,14.4365,14.880466666666667,False,True,1.114864594057124,-9.04059040590407,2,-9.04059040590407,False,用户池(2022-08前后上市),永兴股份,固废治理
001379,15.54,927.0,10.46269501063009,19.687300574345883,12.897137464611513,19.0168,21.0472,False,False,0.9384887767702159,-39.36792820912993,1,-56.15124153498871,False,用户池(2022-08前后上市),腾达科技,金属制品
301577,49.3,922.0,9.414024491828613,37.141033822590934,53.821956590122674,69.8605,63.08903333333333,True,False,0.8373615783308929,-52.99837925445705,1,-52.99837925445705,False,用户池(2022-08前后上市),美信科技,其他电子
603375,32.94,922.0,21.242380405650287,20.804084237396296,60.23906888958792,42.898199999999996,40.18076666666666,True,False,0.77637040521994,-39.44852941176471,1,-39.44852941176471,False,用户池(2022-08前后上市),盛景微,集成电路设计
603082,35.73,916.0,14.555013687401152,49.8085513720485,77.98049701163889,36.8897,37.6105,False,False,0.6957597490081912,-29.26153236982776,3,-29.26153236982776,True,用户池(2022-08前后上市),北自科技,其他自动化设备
301502,46.05,913.0,10.986678636502788,68.21952776005105,82.35294117647058,61.2072,51.15956666666667,True,False,0.6358002151255789,-48.08927967534663,4,-48.08927967534663,True,用户池(2022-08前后上市),华阳智能,电机制造
688709,24.75,908.0,55.38237211303621,27.04211869814933,1.2897137464611514,37.700900000000004,39.799499999999995,False,False,1.001230476596782,-56.433726456609755,3,-56.433726456609755,True,用户池(2022-08前后上市),成都华微,集成电路设计
301589,138.8,907.0,47.99700727645289,50.73388640714741,44.636678200692046,157.9933,160.8676,False,False,0.9017322376531198,-33.45478952919743,1,-45.22926367295398,False,用户池(2022-08前后上市),诺瓦星云,其他IT设备
688584,23.86,907.0,84.74125862651795,81.8761965539247,79.0185592953759,26.257599999999996,23.2371,True,False,1.0513939044816376,-48.41081081081081,4,-48.41081081081081,True,用户池(2022-08前后上市),上海合晶,半导体材料
301591,26.4,887.0,11.980120269082441,33.31206126356094,17.709971689210445,36.9102,34.1657,True,False,0.6367623559240564,-54.49060506809171,1,-54.49060506809171,False,用户池(2022-08前后上市),肯特股份,其他塑料制品
603341,35.72,885.0,95.35881987161007,48.37268666241225,49.66970745517458,38.3243,41.040866666666666,False,False,1.020060212421765,-30.16617790811339,2,-32.88237504697482,False,用户池(2022-08前后上市),龙旗科技,通信终端及配件
301588,29.25,873.0,21.878582094821116,88.1620931716656,95.18716577540107,33.1443,24.40983333333333,True,False,0.9244262159605892,-47.16401734104046,1,-47.16401734104046,False,用户池(2022-08前后上市),美新科技,家具
688695,19.09,873.0,10.186415641354495,6.317804722399489,17.14375589808116,22.117099999999997,27.122433333333333,False,False,1.0295028540986855,-45.45714285714286,0,-55.66651184393869,False,用户池(2022-08前后上市),中创股份,基础软件
301538,37.1,866.0,16.31534884944447,23.484365028717296,5.6621579112928595,55.9231,53.4133,True,False,0.8780502748867778,-55.45148895292987,1,-55.45148895292987,False,用户池(2022-08前后上市),骏鼎达,改性塑料
603344,22.06,866.0,11.946505488612068,39.91703892788768,24.976407675369614,27.09,27.709799999999994,False,False,0.44972004965107126,-42.25130890052357,2,-42.25130890052357,False,用户池(2022-08前后上市),星德胜,电机制造
001359,72.46,858.0,44.275968335739975,92.27823867262285,93.6772569990563,79.009,53.6898,True,False,1.2205254707871807,-44.23150927422459,5,-44.23150927422459,True,用户池(2022-08前后上市),平安电工,非金属材料
301536,104.31,858.0,197.8781780982675,91.44862795149969,97.26329034287512,92.8796,72.06920000000001,True,True,1.480013601047428,-23.86131386861313,3,-23.86131386861313,True,用户池(2022-08前后上市),星宸科技,集成电路设计
001389,140.58,853.0,214.39540214196805,94.41608168474792,95.37590437244417,162.90890000000002,103.21263333333333,True,False,1.0477516635079684,-40.535510342202095,3,-40.535510342202095,True,用户池(2022-08前后上市),广合科技,PCB
301587,21.27,847.0,15.677235947233346,50.670070197830256,66.31016042780749,24.8573,23.823266666666665,True,False,0.9169190654472575,-30.399214659685857,0,-37.34904270986746,False,用户池(2022-08前后上市),中瑞股份,锂电池
688691,58.0,844.0,43.1759292175676,56.8602425015954,0.34602076124567477,100.7414,96.35826666666668,True,False,0.997912743634423,-63.52201257861636,4,-63.52201257861636,True,用户池(2022-08前后上市),灿芯股份,半导体制造
301539,14.33,840.0,10.720789883558698,14.39055520102106,20.10066058508965,16.5885,18.718966666666667,False,False,1.0460755698330073,-37.1766768960982,0,-48.11730629978277,False,用户池(2022-08前后上市),宏鑫科技,轮胎轮毂
688530,38.09,816.0,26.871191169746194,95.08615188257818,98.52154765649576,51.2144,29.581499999999995,True,False,0.8645039977033638,-61.79155381683217,2,-61.79155381683217,False,用户池(2022-08前后上市),欧莱新材,半导体材料
301596,49.82,812.0,21.861667696600932,31.62093171665603,74.42592010066058,51.46509999999999,56.105366666666654,False,False,0.9865476986184017,-26.3780109354219,1,-40.12019230769231,False,用户池(2022-08前后上市),瑞迪智驱,机械基础件
301392,118.71,789.0,49.97234437771017,47.03254626675176,67.47404844290658,173.27020000000002,147.9701,True,False,0.8988771825679167,-58.87264412416852,3,-58.87264412416852,True,用户池(2022-08前后上市),汇成真空,其他专用设备
300784,39.0,787.0,6.586632141292137,17.007019783024887,9.090909090909092,46.218999999999994,51.21156666666666,False,False,0.7213179266189984,-38.46639318396971,0,-68.81746222115615,False,用户池(2022-08前后上市),利安科技,其他塑料制品
688692,231.0,782.0,171.83666955147666,62.922782386726226,54.608367411135575,244.4282,247.09430000000003,False,False,0.8563194364347814,-26.910299003322258,3,-26.910299003322258,True,用户池(2022-08前后上市),达梦数据,基础软件
301565,20.68,774.0,26.30648492944887,46.45820038289726,56.621579112928586,22.5996,23.737266666666667,False,False,0.48785240170305966,-32.66037121458808,1,-46.94715238583888,False,用户池(2022-08前后上市),中仑新材,塑料薄膜
301580,49.02,768.0,50.00140779946957,87.10912571793236,95.6275558351683,52.174499999999995,39.583800000000004,True,False,1.0145567285592625,-41.649803594810145,3,-41.649803594810145,True,用户池(2022-08前后上市),爱迪特,医疗耗材
603381,15.05,768.0,21.414993661869644,13.688576898532226,21.421830764391316,20.2705,21.570100000000004,False,False,0.7767285968331339,-51.82458386683738,1,-55.221660220172566,False,用户池(2022-08前后上市),永臻股份,光伏辅材
603350,27.45,761.0,12.115855305437412,16.719846841097638,30.355457691097833,32.5287,36.30643333333333,False,False,0.8402289630481178,-38.80962995987517,1,-47.41379310344828,False,用户池(2022-08前后上市),安乃达,电机制造
603285,30.65,759.0,18.838588038394775,78.87683471601787,72.60144699591066,40.3316,30.89406666666667,True,False,0.9692294754248593,-43.32470414201184,2,-43.32470414201184,False,用户池(2022-08前后上市),键邦股份,其他化学制品
301603,99.06,754.0,37.694393494055944,91.25717932354817,96.2566844919786,111.3195,81.51623333333335,True,False,0.8353486578869034,-38.083630226889184,5,-38.083630226889184,True,用户池(2022-08前后上市),乔锋智能,机床制造
301552,23.44,742.0,7.25689461037962,28.079132099553288,48.47436300723498,27.0723,28.6189,False,False,1.3536952495067054,-29.862357869539203,1,-34.96115427302996,False,用户池(2022-08前后上市),科力装备,车身附件及饰件
301606,50.72,738.0,83.71744906269083,70.77217613273771,23.560868197546398,67.4113,61.8037,True,False,0.876730342381097,-40.71303331385154,6,-40.71303331385154,True,用户池(2022-08前后上市),绿联科技,品牌消费电子
603391,53.78,733.0,12.218180637374005,83.66305041480537,47.782321484743626,60.9991,54.38183333333334,True,False,1.03739886343508,-27.097736207130264,3,-27.097736207130264,True,用户池(2022-08前后上市),力聚热能,能源及重型设备
301608,47.97,732.0,28.61492212501446,50.382897255903,42.87511796162315,54.54280000000001,57.228633333333335,False,False,0.8935225906262736,-31.40283140283141,2,-36.3793103448276,False,用户池(2022-08前后上市),博实结,通信终端及配件
688721,34.18,727.0,18.510435919290263,28.557753669432035,27.115445108524693,45.6354,46.353633333333335,False,False,1.0126964892477779,-50.63547082611207,2,-53.91046386192018,False,用户池(2022-08前后上市),龙图光罩,半导体材料
603310,14.69,719.0,28.512084613106484,30.21697511167837,58.82352941176471,15.7656,17.084733333333332,False,False,0.4835432974479299,-28.620019436345967,1,-34.47814451382695,False,用户池(2022-08前后上市),巍华新材,氟化工
301611,77.45,717.0,116.32732933902918,86.88576898532227,8.650519031141869,112.47689999999999,83.83983333333333,True,False,0.8465157674797015,-58.01712922810061,4,-58.01712922810061,True,用户池(2022-08前后上市),珂玛科技,半导体材料
301571,56.5,712.0,67.55804009104034,75.90938098276962,80.08807801195344,64.13810000000001,54.5186,True,False,1.2049316175712304,-26.623376623376625,3,-26.623376623376625,True,用户池(2022-08前后上市),国科天成,其他电子
603207,22.51,707.0,12.280171210455537,12.316528398213146,38.4083044982699,24.665399999999998,28.541566666666665,False,False,1.2154273190515554,-39.39149165320409,2,-39.39149165320409,False,用户池(2022-08前后上市),小方制药,化学制剂
301586,31.42,705.0,16.600199573793038,2.1378430121250798,11.135577225542624,38.4761,47.278933333333335,False,False,0.9451001554435,-48.927178153446036,2,-56.65609049524072,False,用户池(2022-08前后上市),佳力奇,航空装备
001277,28.03,699.0,12.781171795042848,10.880663688576899,23.403586033343817,32.536100000000005,38.64516666666666,False,False,1.0282296640582154,-50.0,3,-50.0,True,用户池(2022-08前后上市),速达股份,能源及重型设备
688710,69.13,699.0,63.06431606272084,91.57626037013401,91.85278389430638,64.8982,51.307566666666666,True,True,1.4557523825609147,-17.721970959295408,5,-17.721970959295408,True,用户池(2022-08前后上市),益诺思,医疗研发外包
301607,31.35,698.0,48.2728701317992,76.77089980855138,72.41270839886757,39.1163,32.0711,True,False,1.0807852101563549,-45.354715007843815,6,-45.354715007843815,True,用户池(2022-08前后上市),富特科技,汽车电子电气系统
301600,89.21,691.0,28.939525243893968,37.747287811104016,25.98301352626612,99.04310000000001,112.30830000000002,False,False,0.9517805368978489,-40.10741859684458,1,-47.76014522457107,False,用户池(2022-08前后上市),慧翰股份,通信终端及配件
603091,47.01,682.0,20.748104284784993,62.12507977026165,67.25385341302297,52.064800000000005,50.0077,True,False,1.0802297999381802,-22.69363591514554,7,-22.69363591514554,True,用户池(2022-08前后上市),众鑫股份,其他家居
301551,21.48,676.0,33.17430551212097,0.4148053605615826,4.97011638880151,24.644900000000003,35.28136666666666,False,False,1.165284641540183,-57.633136094674555,1,-90.11777695988222,False,用户池(2022-08前后上市),无线传媒,广播电视
688615,114.1,676.0,155.65792788519997,58.51946394384173,4.938659955960993,123.1071,132.72843333333333,False,False,1.031268696334257,-51.32252559726963,2,-51.32252559726963,False,用户池(2022-08前后上市),合合信息,行业应用软件
301618,31.96,672.0,15.382435195478275,19.304403318442883,53.12991506763133,37.2236,39.368133333333326,False,False,0.9529819386455346,-33.7891029625026,1,-87.51660026560425,False,用户池(2022-08前后上市),长联科技,纺织化学品
001279,24.92,661.0,9.950182502397125,6.860242501595406,26.266121421830764,29.1625,35.08433333333333,False,False,0.6563432719502154,-40.23980815347722,1,-85.87301587301587,False,用户池(2022-08前后上市),强邦新材,印刷
301522,23.66,656.0,65.09090029525458,9.636247606892152,7.895564642969487,28.8004,33.275400000000005,False,False,0.8896270384601731,-50.564145424153786,1,-70.18649193548387,False,用户池(2022-08前后上市),上大股份,其他金属新材料
301556,58.9,655.0,17.341679938398077,2.5845564773452456,0.6920415224913495,73.2505,91.28256666666667,False,False,0.9789229746493958,-60.34471150609304,2,-60.34471150609304,False,用户池(2022-08前后上市),托普云农,行业应用软件
301592,93.48,648.0,21.96190219830534,4.116145500957243,43.441333752752435,116.2701,128.04770000000002,False,False,0.9768151722401158,-46.97072838665759,1,-50.25807481509072,False,用户池(2022-08前后上市),六九一二,军工电子
301626,205.5,648.0,108.45651401823778,88.76834716017868,90.21704938659956,280.3975,189.2074333333333,True,False,0.9454644841093278,-46.478799874986976,5,-46.478799874986976,True,用户池(2022-08前后上市),苏州天脉,消费电子组件
301613,38.18,647.0,32.17280413361085,11.742182514358648,34.63353255740799,42.959799999999994,48.85153333333333,False,False,0.9744414734465435,-39.24252068746023,1,-49.78958442924777,False,用户池(2022-08前后上市),新铝时代,其他汽车零部件
688726,41.96,643.0,92.85044700136868,49.521378430121246,12.645486001887384,57.25990000000001,50.335100000000004,True,False,0.6610080673614541,-49.237841761432364,2,-49.237841761432364,False,用户池(2022-08前后上市),拉普拉斯,光伏加工设备
301628,72.5,641.0,20.393949690251787,31.876196553924697,41.74268637936458,104.48769999999999,94.96286666666667,True,False,0.5508408903587372,-49.65277777777778,2,-49.65277777777778,False,用户池(2022-08前后上市),强达电路,PCB
301633,56.33,634.0,14.3491581675279,6.924058710912571,55.23749606794589,55.6788,66.5769,False,True,1.5641779593749148,-32.70815912077409,1,-57.96582344601149,False,用户池(2022-08前后上市),港迪技术,工业控制设备
603205,21.08,634.0,8.698189667355079,16.017868538608806,37.967914438502675,23.7546,26.99863333333333,False,False,1.074808689128745,-33.29113924050634,1,-64.577381952613,False,用户池(2022-08前后上市),健尔康,医疗耗材
688750,14.51,621.0,33.957868824654206,10.306317804722399,28.310789556464293,17.256,19.458433333333332,False,False,0.6275580812810294,-42.35200635677394,1,-51.504010695187176,False,用户池(2022-08前后上市),金天钛业,钛
301631,57.78,619.0,25.40215304384846,59.82769623484365,52.75243787354514,73.2546,67.9015,True,False,1.0058578541845575,-40.99264705882353,1,-44.24932458510228,False,用户池(2022-08前后上市),壹连科技,消费电子组件
603395,23.41,615.0,15.20751443632723,11.646458200382897,29.977980497011643,25.3917,30.53063333333333,False,False,1.18901880342649,-40.05121638924455,1,-80.97675930440435,False,用户池(2022-08前后上市),红四方,复合肥
688449,48.96,612.0,146.49870499409593,74.50542437779197,62.59830135262662,61.458400000000005,52.25223333333333,True,False,0.729445973334362,-44.69671297865131,4,-44.69671297865131,True,用户池(2022-08前后上市),联芸科技,集成电路设计
301622,42.48,607.0,27.565877935146762,1.148691767708998,10.191884240327147,54.6554,68.82163333333334,False,False,0.7586139518088377,-55.25123775413463,1,-57.164465059997994,False,用户池(2022-08前后上市),英思特,磁性材料
688708,46.94,606.0,66.82775517119778,12.954690491384813,39.19471531928279,50.8254,59.86929999999999,False,False,0.7044890308346549,-43.95893027698185,2,-43.95893027698185,False,用户池(2022-08前后上市),佳驰科技,航空装备
301617,45.48,600.0,31.14515418719695,86.8219527760051,36.08052846807172,49.7446,49.5386,True,False,0.6307225535307674,-43.11444652908069,2,-43.11444652908069,False,用户池(2022-08前后上市),博苑新材,其他化学制品
688605,64.25,599.0,72.33697019422497,68.85768985322271,74.0484429065744,74.2506,66.7266,True,False,0.9973097453335873,-45.038494439692045,2,-45.038494439692045,False,用户池(2022-08前后上市),先锋精科,半导体设备
301585,25.54,591.0,17.395740180662955,20.070197830248883,39.16325888644228,27.2156,30.91976666666666,False,False,0.792107782623418,-29.055555555555557,1,-53.72350063417286,False,用户池(2022-08前后上市),蓝宇股份,纺织化学品
301598,47.79,591.0,8.60610482067758,25.079770261646456,30.292544825416794,56.50320000000001,60.79376666666667,False,False,0.8770550162070014,-33.25418994413407,1,-40.37429819089208,False,用户池(2022-08前后上市),博科测试,其他专用设备
603194,35.6,587.0,56.22159252227289,43.23548181238034,73.38785781692356,34.5723,37.606566666666666,False,True,0.7013166114533109,-21.360724541639055,1,-31.95718654434251,False,用户池(2022-08前后上市),中力股份,工程机械整机
001391,4.39,581.0,66.53825434168608,8.806636885768986,38.534130229631955,4.8553,5.877266666666667,False,False,1.1288069480219105,-35.5359765051395,1,-51.330376940133036,False,用户池(2022-08前后上市),国货航,跨境物流
301581,34.84,577.0,14.754589767569263,9.82769623484365,28.027681660899656,44.971199999999996,49.47853333333334,False,False,0.6154163372226598,-45.76587795765877,1,-49.153531815528304,False,用户池(2022-08前后上市),黄山谷捷,半导体材料
603072,32.39,577.0,40.825238102691735,5.169112954690491,34.4447939603649,36.407799999999995,44.23356666666667,False,False,0.6769689439163161,-43.63035154890359,2,-47.12699967352268,False,用户池(2022-08前后上市),天和磁材,磁性材料
301458,32.68,570.0,39.06745435318875,54.30759412890874,67.06511481597987,43.023,37.433,True,False,0.624086241399602,-51.063192572626534,2,-51.063192572626534,False,用户池(2022-08前后上市),钧崴电子,被动元件
688758,23.01,570.0,69.45384581775123,80.37651563497128,93.70871343189683,20.1928,18.978733333333334,True,True,1.607895299991292,-14.524517087667165,4,-14.524517087667165,True,用户池(2022-08前后上市),赛分科技,其他化学原料
301601,16.1,565.0,13.601323610026393,0.5424377791959157,3.554576910978295,19.8801,27.664066666666663,False,False,0.9662967633773492,-54.71167369901546,1,-65.65699658703072,False,用户池(2022-08前后上市),惠通科技,其他专用设备
688583,72.58,565.0,31.40284714711803,68.25143586470963,47.971060081786725,84.6585,74.92293333333333,True,False,0.7682152049061641,-40.547182175622545,4,-40.547182175622545,True,用户池(2022-08前后上市),思看科技,仪器仪表
301602,15.14,558.0,31.60709471410355,4.1799617102744095,18.748033972947468,17.083,21.934666666666665,False,False,1.2175674392428604,-46.69014084507042,1,-52.16429699842023,False,用户池(2022-08前后上市),超研股份,医疗设备
688545,61.49,558.0,113.91921608350417,94.99042756860241,92.82793331236238,76.1244,49.1561,True,False,0.76876049550575,-56.35911994322213,4,-56.35911994322213,True,用户池(2022-08前后上市),兴福电子,电子化学品
001356,8.83,557.0,18.706615474558564,3.956604977664327,24.91349480968858,10.076500000000001,12.7851,False,False,0.9755232898288606,-43.65028717294193,1,-61.840968020743304,False,用户池(2022-08前后上市),富岭股份,其他塑料制品
001395,29.34,553.0,15.135101362316759,36.66241225271219,66.65618118905317,28.429000000000002,32.93643333333333,False,True,2.3060842867156177,-33.04427202190781,3,-33.04427202190781,True,用户池(2022-08前后上市),亚联机械,其他专用设备
688411,206.49,553.0,274.84167011700004,95.69240587109125,64.20257942749292,245.99560000000002,207.01886666666667,True,False,0.6054581354101957,-45.228116710875334,3,-45.228116710875334,True,用户池(2022-08前后上市),海博思创,其他电池
301173,30.33,518.0,9.367364829688526,10.944479897894064,13.463353255740799,37.1771,43.636966666666666,False,False,1.022301310785463,-46.23293742244283,1,-56.434932490663606,False,用户池(2022-08前后上市),毓恬冠佳,车身附件及饰件
301557,73.32,517.0,18.379771542659615,85.00319081046585,77.88612771311733,79.6331,70.41366666666666,True,False,0.7371979819044966,-32.01668984700974,2,-32.01668984700974,False,用户池(2022-08前后上市),常友科技,风电零部件
603409,17.32,517.0,9.33185150256771,20.26164645820038,13.683548285624411,23.8567,23.727166666666665,True,False,0.8208387975857223,-42.47758219860511,1,-47.97236407329528,False,用户池(2022-08前后上市),汇通控股,其他汽车零部件
301275,46.25,510.0,139.08522452343854,32.163369495851946,44.41648317080843,43.2209,51.780300000000004,False,True,0.7514535494941514,-41.31455399061033,1,-46.21467612513083,False,用户池(2022-08前后上市),汉朔科技,其他电子
603271,41.4,510.0,39.35429929967161,72.68666241225272,75.90437244416484,45.903099999999995,41.7358,True,False,0.7066453833227663,-23.897058823529417,4,-23.897058823529417,True,用户池(2022-08前后上市),永杰新材,铝
301479,45.37,503.0,32.799763400090505,18.5067007019783,34.696445423089024,66.7722,65.27453333333334,True,False,0.6202614560091642,-52.080692860160546,3,-52.080692860160546,True,用户池(2022-08前后上市),弘景光电,光学元件
301501,28.3,502.0,12.270641406851826,0.8296107211231653,17.52123309216735,31.718200000000003,43.14556666666667,False,False,0.947951404018229,-53.93130392316458,3,-57.36025312641253,True,用户池(2022-08前后上市),恒鑫生活,其他家居
603124,100.16,501.0,78.8100174757075,93.7141033822591,81.56653035545769,133.76,93.63356666666667,True,False,1.0903254182195532,-52.600444844067965,5,-52.600444844067965,True,用户池(2022-08前后上市),江南新材,其他金属新材料
001382,17.6,500.0,11.08391577192519,26.707083599234206,62.9757785467128,19.563699999999997,20.617600000000003,False,False,1.0098813063899794,-29.68437874550539,1,-40.25797691785471,False,用户池(2022-08前后上市),新亚电缆,线缆部件及其他
301629,211.0,497.0,40.844054822527546,84.58838544990428,18.150361748977666,324.1349,244.06416666666667,True,False,0.7591961329160319,-51.93621867881548,5,-51.93621867881548,True,用户池(2022-08前后上市),矽电股份,半导体设备
688757,26.82,496.0,49.54968388887908,61.742182514358646,56.432840515885495,37.251599999999996,31.130033333333333,True,False,0.9320227249681271,-64.10599571734475,4,-64.10599571734475,True,用户池(2022-08前后上市),胜科纳米,检测服务
301535,16.33,494.0,27.69824144989138,30.536056158264195,11.638880150990879,17.8945,20.22876666666667,False,False,1.3694776501306374,-45.602931379080616,2,-45.602931379080616,False,用户池(2022-08前后上市),浙江华远,其他汽车零部件
301616,34.42,494.0,9.798844924987627,32.737715379706444,15.759672853098458,41.446099999999994,46.5223,False,False,1.0442388338255102,-45.9315111530003,2,-45.9315111530003,False,用户池(2022-08前后上市),浙江华业,机械基础件
301658,24.95,488.0,24.35402510761994,17.42182514358647,57.09342560553633,36.4069,33.49426666666666,True,False,0.6744480239033603,-59.064807219032,2,-59.064807219032,False,用户池(2022-08前后上市),首航新能,光伏逆变器
603257,62.7,482.0,15.606317232262723,74.31397574984045,86.59955960994023,63.4806,59.98669999999999,True,False,0.781140580079511,-25.53444180522565,1,-36.163714111178976,False,用户池(2022-08前后上市),中国瑞林,工程咨询服务
603210,13.74,481.0,31.97486759447169,10.178685386088066,25.636992765020445,15.348400000000002,18.63993333333333,False,False,0.6629518967348995,-37.46017296313154,1,-54.488241139450146,False,用户池(2022-08前后上市),泰鸿万立,其他汽车零部件
301665,22.43,479.0,23.29335976212185,21.69751116783663,35.41994337842089,24.6809,27.92136666666667,False,False,1.3422386840159235,-31.027060270602714,1,-41.830912863070544,False,用户池(2022-08前后上市),泰禾股份,农药
001335,30.65,475.0,7.85977442618065,31.046585832801533,8.902170493865997,42.1787,41.85333333333333,True,False,0.6895276507775535,-45.76181206866041,2,-45.76181206866041,False,用户池(2022-08前后上市),信凯科技,其他化学原料
603120,44.48,474.0,16.851337121700343,71.31461391193363,83.170808430324,46.4204,42.645766666666674,True,False,0.9935788471734389,-26.321020374358127,2,-26.321020374358127,False,用户池(2022-08前后上市),肯特催化,其他化学制品
301662,69.15,473.0,31.102826701401792,52.71218889597959,4.875747090279963,96.80949999999999,89.08800000000001,True,False,1.1151512324468658,-49.011945140834676,3,-49.011945140834676,True,用户池(2022-08前后上市),宏工科技,其他专用设备
001400,68.86,466.0,32.15153073484239,90.04467134652202,79.30166719094055,111.13240000000002,71.92033333333333,True,False,0.9415973557677569,-55.51966927201085,3,-55.51966927201085,True,用户池(2022-08前后上市),江顺科技,其他通用设备
603202,54.83,466.0,27.5813356832518,3.1589023611997447,7.455174583202265,71.2983,86.205,False,False,0.925041426914352,-46.266170129361036,1,-49.885750845443745,False,用户池(2022-08前后上市),天有为,汽车电子电气系统
301560,22.96,465.0,14.089464635242784,8.200382897255903,11.38722868826675,34.1661,35.618433333333336,False,False,0.6663562538914936,-51.3249947000212,2,-51.3249947000212,False,用户池(2022-08前后上市),众捷汽车,底盘与发动机系统
301636,39.64,444.0,14.985765039710165,13.082322910019146,13.809374016986473,55.718500000000006,,False,False,0.8597181441339725,-63.25546903967372,2,-63.25546903967372,False,用户池(2022-08前后上市),泽润新能,光伏辅材
688755,24.6,444.0,19.651889986080675,12.188895979578813,48.22271154451086,27.766399999999997,,False,False,1.118389488450446,-40.594059405940584,2,-40.594059405940584,False,用户池(2022-08前后上市),汉邦科技,其他专用设备
301595,37.21,441.0,15.209290630194522,57.17932354818124,17.36395092796477,46.82770000000001,,False,False,0.8520124694599095,-45.4638721969808,2,-45.4638721969808,False,用户池(2022-08前后上市),太力科技,橡胶制品
603014,32.97,441.0,33.47942719384308,45.724313975749844,54.419628814092476,35.0298,,False,False,0.8241194584118715,-28.419452887538,3,-28.419452887538,True,用户池(2022-08前后上市),威高血净,医疗设备
001390,17.7,431.0,21.020005674942027,18.3152520740268,33.658383139352,19.644399999999997,,False,False,0.8841664230613469,-45.954198473282446,2,-45.954198473282446,False,用户池(2022-08前后上市),古麒绒材,其他纺织
301590,70.75,424.0,17.4471896303857,9.444798978940652,0.8493236866939289,116.24520000000001,,False,False,0.9691136117134438,-57.219736364735766,2,-57.219736364735766,False,用户池(2022-08前后上市),优优绿能,其他发电设备
603049,50.28,424.0,253.5781678175098,72.5271218889598,75.08650519031141,47.005900000000004,,False,True,1.2031109633489283,-14.808539478143,2,-14.808539478143,False,用户池(2022-08前后上市),中策橡胶,轮胎轮毂
688775,131.35,418.0,342.3304576923712,30.376515634971284,6.008178672538534,171.43600000000004,,False,False,1.481224774247529,-62.6846590909091,2,-62.6846590909091,False,用户池(2022-08前后上市),影石创新,品牌消费电子
603382,18.45,417.0,21.310546989928447,4.435226547543076,6.542938030827304,22.816,,False,False,1.238149748642284,-55.871801004544366,1,-66.69073840043329,False,用户池(2022-08前后上市),海阳科技,锦纶
301678,41.43,409.0,57.904895409859435,21.98468410976388,2.736709657124882,58.8245,,False,False,0.8026881080110556,-59.08956255554458,1,-59.08956255554458,False,用户池(2022-08前后上市),新恒汇,半导体材料
603400,40.94,409.0,14.832592705,64.80536056158263,74.61465869770369,49.32730000000001,,False,False,1.5991323292383004,-39.10456641380337,2,-39.10456641380337,False,用户池(2022-08前后上市),华之杰,其他通用设备
001388,20.38,398.0,25.582031958526926,9.3490746649649,23.05756527209814,23.7254,,False,False,2.2808810562161197,-41.48722365776629,1,-51.23235223737736,False,用户池(2022-08前后上市),信通电子,电网自动化
688729,21.48,391.0,389.35181522343527,64.5181876196554,55.36332179930796,27.032899999999998,,False,False,1.6098823013991126,-50.18552875695732,2,-50.18552875695732,False,用户池(2022-08前后上市),屹唐股份,半导体设备
301630,142.0,389.0,30.09540968500871,74.15443522654755,89.33626926706512,180.63580000000002,,False,False,0.8574907663267435,-51.48119041924352,4,-51.48119041924352,True,用户池(2022-08前后上市),同宇新材,电子化学品
600930,4.35,383.0,466.25241235741373,3.2546266751754946,32.11701793016672,5.7166999999999994,,False,False,1.0084516412306779,-41.76706827309237,1,-43.062827225130896,False,用户池(2022-08前后上市),华电新能,风力发电
301609,37.34,376.0,36.62170555287065,,44.66813463353256,43.5613,,False,False,1.2431907765199317,-43.697225572979484,1,-43.697225572979484,False,用户池(2022-08前后上市),山大电力,电网自动化
603262,19.01,376.0,19.882318603597824,,18.622208241585405,25.6193,,False,False,0.9038534634996439,-53.18886973651809,1,-53.18886973651809,False,用户池(2022-08前后上市),技源集团,保健品
001221,39.88,369.0,30.6890042203588,,6.03963510537905,52.09530000000001,,False,False,1.4105377505816183,-49.671882887430584,1,-49.671882887430584,False,用户池(2022-08前后上市),悍高集团,其他家居
301491,39.52,362.0,11.260386960881188,,21.296005033029257,45.7879,,False,False,0.9373176799148903,-52.108579738245275,1,-52.108579738245275,False,用户池(2022-08前后上市),汉桑科技,消费电子组件
603406,27.53,360.0,10.118307134610099,,23.906888958792074,31.2778,,False,False,0.978018045160549,-50.9531444860146,1,-50.9531444860146,False,用户池(2022-08前后上市),天富龙,涤纶
301632,15.69,356.0,11.47395541551072,,12.173639509279647,18.3818,,False,False,1.0290009728666762,-64.38946890603722,1,-64.38946890603722,False,用户池(2022-08前后上市),广东建科,检测服务
603370,33.11,332.0,11.603764199860079,,16.51462724127084,40.9714,,False,False,0.7509471323505561,-51.895975592038354,1,-51.895975592038354,False,用户池(2022-08前后上市),华新精科,电机制造
301575,27.3,327.0,6.644359193419745,,36.26926706511482,30.4729,,False,False,1.048811521448508,-48.373676248108936,1,-48.373676248108936,False,用户池(2022-08前后上市),艾芬达,其他家居
603418,44.78,314.0,18.56064258380721,,49.38659955960994,49.499300000000005,,False,False,0.5538748939960095,-42.787785869426344,1,-42.787785869426344,False,用户池(2022-08前后上市),友升股份,车身附件及饰件
301584,21.98,312.0,11.788934299461536,,36.36363636363637,24.3379,,False,False,1.5626961345807,-43.56867779204108,1,-43.56867779204108,False,用户池(2022-08前后上市),建发致新,医药流通
301656,16.91,312.0,34.5018551987507,,13.211701793016672,19.695999999999998,,False,False,0.8214689036394627,-48.271642704190874,1,-48.271642704190874,False,用户池(2022-08前后上市),联合动力,汽车电子电气系统
301668,39.13,311.0,9.514843901396645,,38.062283737024224,42.184799999999996,,False,False,1.2776067127026396,-42.97580880209851,1,-42.97580880209851,False,用户池(2022-08前后上市),昊创瑞通,配电设备
001285,42.78,307.0,17.740869745736966,,37.08713431896823,47.4117,,False,False,0.7647964467536722,-31.74856413529036,1,-31.74856413529036,False,用户池(2022-08前后上市),瑞立科密,底盘与发动机系统
301563,112.42,307.0,21.75510032812769,,65.96413966656182,141.6726,,False,False,0.6073157914709733,-49.86845039018952,2,-49.86845039018952,False,用户池(2022-08前后上市),云汉芯城,其他电子
601026,15.36,290.0,17.082482622447603,,45.014155394778236,17.0199,,False,False,1.1752638547493284,-47.0892180502928,1,-47.0892180502928,False,用户池(2022-08前后上市),道生天合,风电零部件
001386,15.2,285.0,16.32963486320348,,9.657124882038378,17.2564,,False,False,0.875439300280399,-50.114867082376115,1,-50.114867082376115,False,用户池(2022-08前后上市),马可波罗,其他家居
603175,74.12,283.0,33.86427822387019,,87.57470902799622,87.3686,,False,False,0.7801220629898697,-28.928948125419506,2,-28.928948125419506,False,用户池(2022-08前后上市),超颖电子,PCB
688759,21.62,279.0,15.325782029346861,,1.6986473733878578,34.3925,,False,False,1.3834013528471136,-60.58340929808569,2,-60.58340929808569,False,用户池(2022-08前后上市),必贝特-U,其他生物制药
688765,33.76,279.0,24.615407340107566,,0.5033029254482542,55.450700000000005,,False,False,1.49968345091242,-73.64147407870081,1,-73.64147407870081,False,用户池(2022-08前后上市),禾元生物-U,血液制品
688783,24.1,279.0,65.47384878136788,,71.6892104435357,34.1121,,False,False,0.866738152052212,-61.07881136950905,2,-61.07881136950905,False,用户池(2022-08前后上市),西安奕材-U,半导体材料
603334,33.73,271.0,10.757578288504135,,29.63195973576596,43.644000000000005,,False,False,1.0025020765303885,-49.04833836858007,1,-49.04833836858007,False,用户池(2022-08前后上市),丰倍生物,其他化学制品
603376,26.1,270.0,8.352028432263245,,21.893677256999055,29.4578,,False,False,0.9322980356765236,-59.256946612550735,1,-59.256946612550735,False,用户池(2022-08前后上市),大明电子,汽车电子电气系统
603092,51.71,269.0,17.919472569615547,,36.30072349795533,62.851800000000004,,False,False,0.9360525350868002,-33.3204384268214,1,-33.3204384268214,False,用户池(2022-08前后上市),德力佳,其他通用设备
301638,24.23,258.0,60.791372730928785,,90.9090909090909,26.509300000000003,,False,False,0.7521454794910704,-31.086461888509664,2,-31.086461888509664,False,用户池(2022-08前后上市),南网数字,行业应用软件
688727,37.76,258.0,20.579338876128983,,18.905316137150045,53.4194,,False,False,0.7414959778339254,-49.51871657754011,3,-49.51871657754011,True,用户池(2022-08前后上市),恒坤新材,半导体材料
001233,44.76,251.0,16.91969235816241,,3.837684806542938,55.71110000000001,,False,False,1.075752544638906,-48.2842287694974,2,-48.2842287694974,False,用户池(2022-08前后上市),海安集团,轮胎轮毂
001280,63.7,243.0,110.92521341440013,,20.478137779175842,74.18639999999999,,False,False,0.8180174080174795,-36.46519050468782,1,-36.46519050468782,False,用户池(2022-08前后上市),中国铀业,其他金属
688795,563.0,241.0,171.23494500854855,,76.06165460836742,635.3157,,False,False,0.8873693840205756,-40.17511794958983,1,-40.17511794958983,False,用户池(2022-08前后上市),摩尔线程-U,集成电路设计
688796,109.11,236.0,41.359113457875665,,97.2003774771941,101.2281,,False,True,1.3289496264720833,-23.361663271756694,2,-23.361663271756694,False,用户池(2022-08前后上市),百奥赛图,医疗研发外包
688790,93.31,230.0,11.87494594027415,,9.845863479081473,129.5989,,False,False,0.6883678651094305,-56.81092339736173,1,-56.81092339736173,False,用户池(2022-08前后上市),昂瑞微-UW,集成电路设计
688802,665.0,229.0,124.62428063902367,,92.2617175212331,714.6922999999999,,False,False,1.0683603797082577,-32.272782824785104,3,-32.272782824785104,True,用户池(2022-08前后上市),沐曦股份-U,集成电路设计
001325,36.44,228.0,7.1527650658158946,,28.625353884869455,46.265600000000006,,False,False,0.6441095664935924,-44.97130776200544,1,-44.97130776200544,False,用户池(2022-08前后上市),元创股份,橡胶制品
688807,219.84,227.0,35.93281084599574,,89.39918213274615,337.02139999999997,,False,False,0.7189814132457152,-56.755055472499805,2,-56.755055472499805,False,用户池(2022-08前后上市),优迅股份,集成电路设计
301449,39.2,223.0,8.059236625966298,,26.737967914438503,46.5136,,False,False,1.3417760226258448,-51.66461159062885,1,-51.66461159062885,False,用户池(2022-08前后上市),天溯计量,检测服务
301667,70.4,223.0,16.64247308935624,,80.62283737024222,86.1074,,False,False,0.7898925865308768,-44.1801458928005,2,-44.1801458928005,False,用户池(2022-08前后上市),纳百川,底盘与发动机系统
603248,19.4,223.0,13.858679102405388,,63.070147845234345,24.8924,,False,False,0.6223571847458785,-46.849315068493155,1,-46.849315068493155,False,用户池(2022-08前后上市),锡华科技,风电零部件
688805,39.06,222.0,13.127916675180474,,61.056936143441334,47.9725,,False,False,0.6098702953672069,-36.06154853494844,2,-36.06154853494844,False,用户池(2022-08前后上市),健信超导,医疗设备
001369,13.0,216.0,26.916253927652956,,66.53035545769109,14.784499999999998,,False,False,0.8576845527912971,-33.26488706365504,1,-33.26488706365504,False,用户池(2022-08前后上市),双欣材料,其他化学纤维
001396,34.19,216.0,7.790993757190974,,42.15162000629128,42.06679999999999,,False,False,0.7334972038551888,-39.39017904626839,2,-39.39017904626839,False,用户池(2022-08前后上市),誉帆科技,基建工程
688809,413.33,216.0,108.6387950521437,,94.36929852154765,449.4514,,False,False,0.8849656466239011,-33.8672,2,-33.8672,False,用户池(2022-08前后上市),强一股份,半导体材料
301687,45.92,215.0,14.189426684201367,,48.60018873859705,59.8059,,False,False,0.8240237368370824,-49.51072017592083,2,-49.51072017592083,False,用户池(2022-08前后上市),新广益,塑料薄膜
603402,66.04,209.0,16.54627299031616,,7.360805284680717,80.2504,,False,False,1.4185763591840939,-47.32392119326793,1,-47.32392119326793,False,用户池(2022-08前后上市),陕西旅游,旅游景区
603352,27.01,200.0,12.238359101723185,,8.587606165460837,32.3817,,False,False,1.0600053281861321,-60.43650212391973,1,-60.43650212391973,False,用户池(2022-08前后上市),至信股份,其他汽车零部件
688785,224.0,187.0,31.011370367694965,,2.6737967914438503,343.3289,,False,False,0.7206216731251268,-54.23714962817685,2,-54.23714962817685,False,用户池(2022-08前后上市),恒运昌,半导体设备
601112,15.41,186.0,28.243998723909453,,28.184963825102233,18.3355,,False,False,0.6109617037538193,-37.23014256619145,1,-37.23014256619145,False,用户池(2022-08前后上市),振石股份,玻纤制造
001220,30.51,181.0,7.048147545483387,,,34.8305,,False,False,0.7864810853142452,-46.38903531892461,1,-46.38903531892461,False,用户池(2022-08前后上市),世盟股份,跨境物流
688712,32.5,179.0,12.079557871059091,,,39.525099999999995,,False,False,0.5216534557582001,-34.52860596293312,1,-34.52860596293312,False,用户池(2022-08前后上市),北芯生命,医疗设备
603284,39.28,174.0,7.252153245248529,,,43.650200000000005,,False,False,1.1358035658109356,-32.22912353347136,1,-32.22912353347136,False,用户池(2022-08前后上市),林平发展,大宗用纸
688818,45.0,174.0,60.41192430821958,,,66.10340000000001,,False,False,0.730300703287435,-51.10290122786048,2,-51.10290122786048,False,用户池(2022-08前后上市),电科蓝天,航天装备
688816,50.03,173.0,9.66128943786779,,,61.7909,,False,False,0.4070792717707023,-43.52635737667908,1,-43.52635737667908,False,用户池(2022-08前后上市),易思维,其他自动化设备
301680,90.76,150.0,15.230458304720242,,,109.55929999999998,,False,False,0.4459798914583669,-33.35780894338791,1,-33.35780894338791,False,用户池(2022-08前后上市),固德电材,底盘与发动机系统
