entry_date,exit_date,side,symbol,pnl_pct,label,year,code,vol_rank,style,industry,bull_mkt
2014-01-02,2014-12-31,long,8,145.81,2014年牛股 000008,2014,000008,0.4156702855229805,中间派,机械设备,False
2015-01-05,2015-12-31,long,8,132.06,2015年牛股 000008,2015,000008,0.4156702855229805,中间派,机械设备,True
2015-01-05,2015-12-31,long,17,101.74,2015年牛股 000017,2015,000017,0.7894955321054816,高量能派,纺织服饰,True
2015-01-05,2015-12-31,long,19,121.58,2015年牛股 000019,2015,000019,0.886,高量能派,农林牧渔,True
2015-03-20,2015-12-31,long,20,272.6,2015年牛股 000020,2015,000020,0.528,中间派,电子,True
2019-01-02,2019-12-31,long,21,114.15,2019年牛股 000021,2019,000021,0.356,缩量派,电子,True
2015-01-05,2015-12-31,long,25,734.96,2015年牛股 000025,2015,000025,0.408,中间派,综合,True
2014-01-02,2014-12-31,long,27,111.69,2014年牛股 000027,2014,000027,0.7308686533677998,高量能派,公用事业,False
2014-01-02,2014-12-31,long,31,130.23,2014年牛股 000031,2014,000031,0.2043331076506432,缩量派,房地产,False
2015-01-05,2015-12-31,long,32,133.03,2015年牛股 000032,2015,000032,0.994,高量能派,建筑装饰,True
2019-01-02,2019-12-31,long,32,103.99,2019年牛股 000032,2019,000032,0.994,高量能派,建筑装饰,True
2015-01-05,2015-12-23,long,34,308.74,2015年牛股 000034,2015,000034,0.624,高量能派,计算机,True
2019-01-02,2019-12-31,long,37,163.29,2019年牛股 000037,2019,000037,0.614,高量能派,公用事业,True
2015-01-05,2015-12-31,long,48,244.12,2015年牛股 000048,2015,000048,1.0,高量能派,农林牧渔,True
2015-01-05,2015-12-31,long,62,141.6,2015年牛股 000062,2015,000062,0.65,高量能派,电子,True
2024-01-02,2024-12-31,long,62,104.87,2024年牛股 000062,2024,000062,0.65,高量能派,电子,True
2017-01-03,2017-12-29,long,63,128.06,2017年牛股 000063,2017,000063,0.55,中间派,通信,False
2015-01-05,2015-06-17,long,66,275.72,2015年牛股 000066,2015,000066,0.842,高量能派,计算机,True
2019-01-02,2019-12-31,long,66,229.74,2019年牛股 000066,2019,000066,0.842,高量能派,计算机,True
2015-04-13,2015-12-31,long,70,191.78,2015年牛股 000070,2015,000070,0.376,缩量派,通信,True
2025-01-02,2025-12-31,long,70,104.17,2025年牛股 000070,2025,000070,0.376,缩量派,通信,True
2014-01-02,2014-12-31,long,90,111.05,2014年牛股 000090,2014,000090,0.01721723172027432,缩量派,房地产,False
2015-01-05,2015-12-31,long,96,116.78,2015年牛股 000096,2015,000096,0.854,高量能派,石油石化,True
2024-01-02,2024-12-31,long,99,200.81,2024年牛股 000099,2024,000099,0.33799999999999997,缩量派,交通运输,True
2014-01-02,2014-12-31,long,151,169.0,2014年牛股 000151,2014,000151,0.004750620627397879,缩量派,商贸零售,False
2014-01-02,2014-12-31,long,155,119.22,2014年牛股 000155,2014,000155,0.7085089567966281,高量能派,公用事业,False
2021-01-04,2021-12-31,long,155,219.63,2021年牛股 000155,2021,000155,0.7085089567966281,高量能派,公用事业,False
2014-01-02,2014-12-31,long,158,131.63,2014年牛股 000158,2014,000158,0.6065708644142167,高量能派,计算机,False
2015-01-05,2015-12-31,long,158,112.28,2015年牛股 000158,2015,000158,0.6065708644142167,高量能派,计算机,True
2024-01-02,2024-12-31,long,158,133.72,2024年牛股 000158,2024,000158,0.6065708644142167,高量能派,计算机,True
2021-01-04,2021-12-31,long,301,105.25,2021年牛股 000301,2021,000301,0.908,高量能派,石油石化,False
2017-01-03,2017-12-29,long,333,102.52,2017年牛股 000333,2017,000333,0.876,高量能派,家用电器,False
2019-01-02,2019-12-31,long,338,113.82,2019年牛股 000338,2019,000338,0.018000000000000002,缩量派,汽车,True
2014-01-02,2014-12-31,long,402,145.74,2014年牛股 000402,2014,000402,0.21680069550097805,缩量派,房地产,False
2020-01-02,2020-12-31,long,403,111.49,2020年牛股 000403,2020,000403,0.476,中间派,医药生物,True
2021-01-04,2021-12-31,long,408,411.49,2021年牛股 000408,2021,000408,0.09,缩量派,基础化工,False
2025-01-02,2025-12-31,long,408,210.13,2025年牛股 000408,2025,000408,0.09,缩量派,基础化工,True
2014-01-02,2014-12-31,long,410,115.49,2014年牛股 000410,2014,000410,0.5443971468016567,中间派,机械设备,False
2014-01-02,2014-11-27,long,411,101.18,2014年牛股 000411,2014,000411,0.16273077982915404,缩量派,医药生物,False
2021-01-04,2021-12-31,long,420,178.84,2021年牛股 000420,2021,000420,0.29400000000000004,缩量派,基础化工,False
2021-01-04,2021-12-31,long,422,565.55,2021年牛股 000422,2021,000422,0.994,高量能派,基础化工,False
2025-01-02,2025-12-31,long,426,221.3,2025年牛股 000426,2025,000426,0.274,缩量派,有色金属,True
2022-01-04,2022-12-30,long,428,108.57,2022年牛股 000428,2022,000428,0.376,缩量派,社会服务,False
2021-01-04,2021-12-31,long,503,102.15,2021年牛股 000503,2021,000503,0.274,缩量派,计算机,False
2015-01-29,2015-12-31,long,504,320.48,2015年牛股 000504,2015,000504,0.384,缩量派,医药生物,True
2014-05-19,2014-12-31,long,505,111.14,2014年牛股 000505,2014,000505,0.18797738693467336,缩量派,农林牧渔,False
2025-01-02,2025-12-31,long,506,228.97,2025年牛股 000506,2025,000506,0.422,中间派,有色金属,True
2025-01-02,2025-12-31,long,510,221.67,2025年牛股 000510,2025,000510,0.912,高量能派,基础化工,True
2014-01-02,2014-12-31,long,516,107.86,2014年牛股 000516,2014,000516,0.7933536447754457,高量能派,医药生物,False
2020-01-02,2020-12-31,long,516,159.18,2020年牛股 000516,2020,000516,0.7933536447754457,高量能派,医药生物,True
2015-01-05,2015-12-31,long,517,171.19,2015年牛股 000517,2015,000517,0.81,高量能派,房地产,True
2021-01-04,2021-12-31,long,519,166.23,2021年牛股 000519,2021,000519,0.21600000000000003,缩量派,国防军工,False
2015-12-18,2015-12-31,long,520,381.03,2015年牛股 000520,2015,000520,0.5757467540749432,中间派,交通运输,True
2014-01-02,2014-12-31,long,524,109.04,2014年牛股 000524,2014,000524,0.7759856630824373,高量能派,社会服务,False
2015-01-05,2015-12-31,long,526,248.43,2015年牛股 000526,2015,000526,0.716,高量能派,社会服务,True
2023-01-03,2023-12-29,long,526,180.06,2023年牛股 000526,2023,000526,0.716,高量能派,社会服务,False
2014-01-02,2014-12-31,long,528,106.3,2014年牛股 000528,2014,000528,0.6771886414516319,高量能派,机械设备,False
2014-01-02,2014-12-31,long,531,127.55,2014年牛股 000531,2014,000531,0.8783274914740432,高量能派,公用事业,False
2023-01-03,2023-12-29,long,536,107.98,2023年牛股 000536,2023,000536,0.298,缩量派,电子,False
2021-01-04,2021-12-31,long,537,303.27,2021年牛股 000537,2021,000537,0.104,缩量派,公用事业,False
2015-01-05,2015-12-31,long,541,114.75,2015年牛股 000541,2015,000541,0.778,高量能派,家用电器,True
2014-01-02,2014-12-31,long,547,239.02,2014年牛股 000547,2014,000547,0.6780844155844156,高量能派,国防军工,False
2020-01-02,2020-12-31,long,547,170.73,2020年牛股 000547,2020,000547,0.6780844155844156,高量能派,国防军工,True
2025-01-02,2025-12-31,long,547,351.57,2025年牛股 000547,2025,000547,0.6780844155844156,高量能派,国防军工,True
2015-01-05,2015-12-31,long,555,118.9,2015年牛股 000555,2015,000555,0.824,高量能派,计算机,True
2015-01-14,2015-12-31,long,558,364.07,2015年牛股 000558,2015,000558,0.5660000000000001,中间派,社会服务,True
2014-01-02,2014-12-31,long,559,170.8,2014年牛股 000559,2014,000559,0.19168376128834502,缩量派,汽车,False
2015-01-05,2015-12-31,long,559,132.68,2015年牛股 000559,2015,000559,0.19168376128834502,缩量派,汽车,True
2025-01-02,2025-12-31,long,559,186.36,2025年牛股 000559,2025,000559,0.19168376128834502,缩量派,汽车,True
2014-01-02,2014-12-31,long,560,114.59,2014年牛股 000560,2014,000560,0.0704302925989673,缩量派,房地产,False
2015-08-05,2015-12-31,long,564,148.63,2015年牛股 000564,2015,000564,0.946,高量能派,商贸零售,True
2021-01-04,2021-12-31,long,564,111.11,2021年牛股 000564,2021,000564,0.946,高量能派,商贸零售,False
2024-01-02,2024-12-31,long,564,136.3,2024年牛股 000564,2024,000564,0.946,高量能派,商贸零售,True
2015-01-05,2015-12-31,long,565,184.09,2015年牛股 000565,2015,000565,0.924,高量能派,基础化工,True
2015-01-05,2015-12-31,long,566,155.47,2015年牛股 000566,2015,000566,0.992,高量能派,医药生物,True
2015-01-05,2015-12-31,long,567,158.77,2015年牛股 000567,2015,000567,0.808,高量能派,非银金融,True
2021-01-04,2021-12-31,long,567,100.38,2021年牛股 000567,2021,000567,0.808,高量能派,非银金融,False
2017-01-03,2017-12-29,long,568,103.93,2017年牛股 000568,2017,000568,0.33999999999999997,缩量派,食品饮料,False
2019-01-02,2019-12-31,long,568,117.07,2019年牛股 000568,2019,000568,0.33999999999999997,缩量派,食品饮料,True
2020-01-02,2020-12-31,long,568,164.2,2020年牛股 000568,2020,000568,0.33999999999999997,缩量派,食品饮料,True
2020-01-02,2020-12-31,long,591,104.79,2020年牛股 000591,2020,000591,0.614,高量能派,公用事业,True
2014-01-02,2014-12-31,long,592,108.37,2014年牛股 000592,2014,000592,0.9790154314279504,高量能派,农林牧渔,False
2025-01-02,2025-12-31,long,592,436.59,2025年牛股 000592,2025,000592,0.9790154314279504,高量能派,农林牧渔,True
2025-01-02,2025-12-31,long,593,105.5,2025年牛股 000593,2025,000593,0.848,高量能派,公用事业,True
2022-01-04,2022-12-30,long,595,110.66,2022年牛股 000595,2022,000595,1.0,高量能派,公用事业,False
2019-01-02,2019-12-31,long,596,155.3,2019年牛股 000596,2019,000596,0.186,缩量派,食品饮料,True
2020-01-02,2020-12-31,long,596,101.91,2020年牛股 000596,2020,000596,0.186,缩量派,食品饮料,True
2014-01-06,2014-12-31,long,600,135.0,2014年牛股 000600,2014,000600,0.752949721858059,高量能派,公用事业,False
2025-01-02,2025-12-31,long,603,159.95,2025年牛股 000603,2025,000603,0.162,缩量派,有色金属,True
2014-05-19,2014-12-31,long,607,143.88,2014年牛股 000607,2014,000607,0.5046541296541296,中间派,传媒,False
2020-01-02,2020-12-31,long,625,117.94,2020年牛股 000625,2020,000625,0.856,高量能派,汽车,True
2015-01-05,2015-08-21,long,626,231.78,2015年牛股 000626,2015,000626,0.77,高量能派,交通运输,True
2015-01-05,2015-12-31,long,628,100.24,2015年牛股 000628,2015,000628,0.942,高量能派,建筑装饰,True
2023-01-03,2023-12-29,long,628,345.97,2023年牛股 000628,2023,000628,0.942,高量能派,建筑装饰,False
2015-01-05,2015-12-31,long,631,122.87,2015年牛股 000631,2015,000631,0.9359999999999999,高量能派,公用事业,True
2016-01-04,2016-12-30,long,635,107.61,2016年牛股 000635,2016,000635,0.378,缩量派,基础化工,False
2020-01-02,2020-12-31,long,636,126.29,2020年牛股 000636,2020,000636,0.592,中间派,电子,True
2021-01-04,2021-12-31,long,657,121.66,2021年牛股 000657,2021,000657,0.88,高量能派,有色金属,False
2025-01-02,2025-12-31,long,657,205.08,2025年牛股 000657,2025,000657,0.88,高量能派,有色金属,True
2019-01-02,2019-12-31,long,661,156.1,2019年牛股 000661,2019,000661,0.24,缩量派,医药生物,True
2020-01-02,2020-12-31,long,661,101.16,2020年牛股 000661,2020,000661,0.24,缩量派,医药生物,True
2021-01-04,2021-12-31,long,663,132.41,2021年牛股 000663,2021,000663,0.07200000000000001,缩量派,农林牧渔,False
2015-01-23,2015-12-31,long,668,156.61,2015年牛股 000668,2015,000668,0.878,高量能派,房地产,True
2022-08-22,2022-12-30,long,670,212.0,2022年牛股 000670,2022,000670,0.464,中间派,电子,False
2019-01-02,2019-12-31,long,672,124.2,2019年牛股 000672,2019,000672,0.004,缩量派,建筑材料,True
2014-01-02,2014-11-07,long,676,125.72,2014年牛股 000676,2014,000676,0.16233766233766234,缩量派,传媒,False
2015-10-09,2015-12-23,long,676,307.38,2015年牛股 000676,2015,000676,0.16233766233766234,缩量派,传媒,True
2025-01-02,2025-12-31,long,678,130.88,2025年牛股 000678,2025,000678,0.738,高量能派,汽车,True
2015-01-05,2015-12-31,long,679,161.15,2015年牛股 000679,2015,000679,0.896,高量能派,商贸零售,True
2014-01-02,2014-12-31,long,680,137.46,2014年牛股 000680,2014,000680,0.37203504043126684,缩量派,机械设备,False
2021-01-04,2021-12-31,long,683,237.22,2021年牛股 000683,2021,000683,0.654,高量能派,基础化工,False
2014-01-02,2014-12-31,long,686,153.9,2014年牛股 000686,2014,000686,0.8690786639152815,高量能派,非银金融,False
2025-01-02,2025-12-31,long,688,133.84,2025年牛股 000688,2025,000688,0.916,高量能派,有色金属,True
2025-01-02,2025-12-30,long,691,165.04,2025年牛股 000691,2025,000691,0.512,中间派,基础化工,True
2015-01-05,2015-12-31,long,695,108.07,2015年牛股 000695,2015,000695,0.344,缩量派,电力设备,True
2025-01-02,2025-12-31,long,700,111.26,2025年牛股 000700,2025,000700,0.702,高量能派,汽车,True
2015-01-05,2015-12-31,long,701,106.38,2015年牛股 000701,2015,000701,0.98,高量能派,商贸零售,True
2014-01-02,2014-12-31,long,702,108.82,2014年牛股 000702,2014,000702,0.9830586404470538,高量能派,农林牧渔,False
2021-01-04,2021-12-31,long,707,223.61,2021年牛股 000707,2021,000707,0.292,缩量派,基础化工,False
2019-01-03,2019-12-31,long,708,177.69,2019年牛股 000708,2019,000708,0.04,缩量派,钢铁,True
2015-01-05,2015-12-31,long,710,287.49,2015年牛股 000710,2015,000710,0.912,高量能派,医药生物,True
2014-01-02,2014-12-31,long,712,138.81,2014年牛股 000712,2014,000712,0.33956440717447006,缩量派,非银金融,False
2019-01-02,2019-12-31,long,713,140.65,2019年牛股 000713,2019,000713,0.368,缩量派,农林牧渔,True
2020-01-02,2020-12-31,long,713,106.25,2020年牛股 000713,2020,000713,0.368,缩量派,农林牧渔,True
2022-01-04,2022-12-30,long,716,133.73,2022年牛股 000716,2022,000716,0.518,中间派,食品饮料,False
2015-01-05,2015-12-31,long,718,159.09,2015年牛股 000718,2015,000718,1.0,高量能派,房地产,True
2015-01-05,2015-12-31,long,720,126.35,2015年牛股 000720,2015,000720,0.85,高量能派,电力设备,True
2022-01-04,2022-12-30,long,721,329.28,2022年牛股 000721,2022,000721,0.358,缩量派,社会服务,False
2015-01-05,2015-12-31,long,722,129.73,2015年牛股 000722,2015,000722,0.948,高量能派,公用事业,True
2019-01-02,2019-12-31,long,723,193.67,2019年牛股 000723,2019,000723,0.484,中间派,煤炭,True
2021-01-04,2021-12-31,long,723,142.92,2021年牛股 000723,2021,000723,0.484,中间派,煤炭,False
2017-01-03,2017-12-29,long,725,104.47,2017年牛股 000725,2017,000725,0.904,高量能派,电子,False
2014-01-02,2014-12-31,long,728,208.84,2014年牛股 000728,2014,000728,0.981130396083667,高量能派,非银金融,False
2021-01-04,2021-12-31,long,731,103.52,2021年牛股 000731,2021,000731,0.294,缩量派,基础化工,False
2020-01-02,2020-12-31,long,733,243.76,2020年牛股 000733,2020,000733,0.354,缩量派,国防军工,True
2021-01-04,2021-12-31,long,733,111.69,2021年牛股 000733,2021,000733,0.354,缩量派,国防军工,False
2022-01-04,2022-12-30,long,736,182.78,2022年牛股 000736,2022,000736,1.0,高量能派,房地产,False
2022-01-04,2022-12-30,long,756,171.01,2022年牛股 000756,2022,000756,1.0,高量能派,医药生物,False
2024-01-02,2024-12-31,long,759,199.31,2024年牛股 000759,2024,000759,0.958,高量能派,商贸零售,True
2021-01-04,2021-12-31,long,762,309.34,2021年牛股 000762,2021,000762,0.838,高量能派,有色金属,False
2015-01-05,2015-12-31,long,766,162.38,2015年牛股 000766,2015,000766,0.892,高量能派,医药生物,True
2023-01-03,2023-12-29,long,766,278.37,2023年牛股 000766,2023,000766,0.892,高量能派,医药生物,False
2020-01-02,2020-12-31,long,768,125.51,2020年牛股 000768,2020,000768,0.398,缩量派,国防军工,True
2014-01-02,2014-12-31,long,776,112.23,2014年牛股 000776,2014,000776,0.7900856793145654,高量能派,非银金融,False
2014-01-02,2014-12-31,long,777,197.84,2014年牛股 000777,2014,000777,0.9155806182121972,高量能派,机械设备,False
2015-01-20,2015-12-31,long,779,220.87,2015年牛股 000779,2015,000779,0.906,高量能派,建筑装饰,True
2014-01-02,2014-12-31,long,783,231.56,2014年牛股 000783,2014,000783,0.8052809749492214,高量能派,非银金融,False
2017-01-03,2017-12-29,long,786,121.41,2017年牛股 000786,2017,000786,0.057999999999999996,缩量派,建筑材料,False
2014-01-02,2014-12-31,long,791,124.28,2014年牛股 000791,2014,000791,0.7078650417512977,高量能派,公用事业,False
2021-08-10,2021-12-31,long,792,300.34,2021年牛股 000792,2021,000792,0.138,缩量派,基础化工,False
2015-04-20,2015-11-06,long,796,280.0,2015年牛股 000796,2015,000796,1.0,高量能派,社会服务,True
2015-01-05,2015-12-31,long,797,107.41,2015年牛股 000797,2015,000797,0.716,高量能派,房地产,True
2019-01-02,2019-12-31,long,799,125.8,2019年牛股 000799,2019,000799,0.6859999999999999,高量能派,食品饮料,True
2020-01-02,2020-12-31,long,799,338.26,2020年牛股 000799,2020,000799,0.6859999999999999,高量能派,食品饮料,True
2015-01-05,2015-12-31,long,802,196.54,2015年牛股 000802,2015,000802,0.248,缩量派,传媒,True
2015-01-05,2015-12-23,long,803,183.06,2015年牛股 000803,2015,000803,0.944,高量能派,环保,True
2025-01-02,2025-12-31,long,807,149.0,2025年牛股 000807,2025,000807,0.448,中间派,有色金属,True
2019-01-02,2019-12-31,long,810,117.61,2019年牛股 000810,2019,000810,0.45,中间派,家用电器,True
2025-01-02,2025-12-31,long,811,100.43,2025年牛股 000811,2025,000811,1.0,高量能派,机械设备,True
2021-01-04,2021-12-31,long,812,158.94,2021年牛股 000812,2021,000812,1.0,高量能派,轻工制造,False
2015-01-05,2015-12-31,long,815,239.04,2015年牛股 000815,2015,000815,0.848,高量能派,计算机,True
2022-01-04,2022-12-30,long,815,102.08,2022年牛股 000815,2022,000815,0.848,高量能派,计算机,False
2020-01-02,2020-12-31,long,816,163.33,2020年牛股 000816,2020,000816,0.272,缩量派,汽车,True
2015-01-05,2015-12-31,long,818,117.63,2015年牛股 000818,2015,000818,0.876,高量能派,基础化工,True
2019-01-02,2019-12-31,long,818,119.69,2019年牛股 000818,2019,000818,0.876,高量能派,基础化工,True
2015-01-05,2015-12-31,long,819,142.8,2015年牛股 000819,2015,000819,0.75,高量能派,石油石化,True
2021-01-04,2021-12-31,long,819,171.94,2021年牛股 000819,2021,000819,0.75,高量能派,石油石化,False
2015-01-05,2015-12-31,long,820,130.6,2015年牛股 000820,2015,000820,0.9565995104500095,高量能派,环保,True
2021-01-04,2021-12-31,long,820,189.74,2021年牛股 000820,2021,000820,0.9565995104500095,高量能派,环保,False
2014-01-02,2014-12-31,long,825,105.83,2014年牛股 000825,2014,000825,0.8345144415630867,高量能派,钢铁,False
2021-01-04,2021-12-31,long,825,114.95,2021年牛股 000825,2021,000825,0.8345144415630867,高量能派,钢铁,False
2021-01-04,2021-12-31,long,829,181.3,2021年牛股 000829,2021,000829,0.24,缩量派,商贸零售,False
2017-01-03,2017-12-29,long,830,184.66,2017年牛股 000830,2017,000830,0.87,高量能派,基础化工,False
2021-01-04,2021-12-31,long,831,186.71,2021年牛股 000831,2021,000831,0.706,高量能派,有色金属,False
2024-01-02,2024-12-31,long,833,122.51,2024年牛股 000833,2024,000833,0.664,高量能派,综合,True
2017-01-03,2017-12-29,long,858,136.48,2017年牛股 000858,2017,000858,0.6739999999999999,高量能派,食品饮料,False
2019-01-02,2019-12-31,long,858,166.01,2019年牛股 000858,2019,000858,0.6739999999999999,高量能派,食品饮料,True
2020-01-02,2020-12-31,long,858,122.38,2020年牛股 000858,2020,000858,0.6739999999999999,高量能派,食品饮料,True
2019-01-02,2019-12-31,long,859,101.79,2019年牛股 000859,2019,000859,0.72,高量能派,基础化工,True
2019-01-02,2019-12-31,long,860,115.32,2019年牛股 000860,2019,000860,0.146,缩量派,食品饮料,True
2021-01-04,2021-12-31,long,875,112.94,2021年牛股 000875,2021,000875,0.386,缩量派,公用事业,False
2019-01-02,2019-12-31,long,876,174.62,2019年牛股 000876,2019,000876,0.67,高量能派,农林牧渔,True
2025-01-02,2025-12-31,long,880,122.48,2025年牛股 000880,2025,000880,0.9259999999999999,高量能派,机械设备,True
2015-01-05,2015-12-31,long,881,137.09,2015年牛股 000881,2015,000881,0.84,高量能派,基础化工,True
2014-01-02,2014-11-17,long,883,105.37,2014年牛股 000883,2014,000883,1.0,高量能派,公用事业,False
2015-01-05,2015-12-31,long,892,187.48,2015年牛股 000892,2015,000892,0.966,高量能派,传媒,True
2025-01-02,2025-12-31,long,892,114.11,2025年牛股 000892,2025,000892,0.966,高量能派,传媒,True
2021-01-04,2021-12-31,long,893,217.68,2021年牛股 000893,2021,000893,0.71,高量能派,基础化工,False
2025-01-02,2025-12-31,long,893,137.99,2025年牛股 000893,2025,000893,0.71,高量能派,基础化工,True
2014-01-02,2014-12-31,long,901,174.56,2014年牛股 000901,2014,000901,0.3611035883547732,缩量派,汽车,False
2025-01-02,2025-12-31,long,901,159.58,2025年牛股 000901,2025,000901,0.3611035883547732,缩量派,汽车,True
2020-01-02,2020-12-31,long,902,107.17,2020年牛股 000902,2020,000902,0.428,中间派,基础化工,True
2014-01-02,2014-12-31,long,905,104.55,2014年牛股 000905,2014,000905,0.7720379146919432,高量能派,交通运输,False
2014-01-02,2014-10-10,long,906,116.1,2014年牛股 000906,2014,000906,0.43614130434782605,中间派,交通运输,False
2015-01-05,2015-12-31,long,910,132.28,2015年牛股 000910,2015,000910,0.848,高量能派,轻工制造,True
2020-01-02,2020-12-31,long,913,142.13,2020年牛股 000913,2020,000913,0.73,高量能派,汽车,True
2014-01-02,2014-12-31,long,922,103.8,2014年牛股 000922,2014,000922,0.059683299156983366,缩量派,电力设备,False
2021-01-04,2021-12-31,long,928,114.01,2021年牛股 000928,2021,000928,0.51,中间派,建筑装饰,False
2014-01-02,2014-12-31,long,932,100.98,2014年牛股 000932,2014,000932,0.7119696371374665,高量能派,钢铁,False
2016-01-04,2016-12-30,long,935,276.18,2016年牛股 000935,2016,000935,0.994,高量能派,非银金融,False
2015-01-05,2015-12-31,long,936,128.3,2015年牛股 000936,2015,000936,0.962,高量能派,基础化工,True
2015-05-26,2015-12-31,long,938,238.15,2015年牛股 000938,2015,000938,0.368,缩量派,计算机,True
2019-01-02,2019-12-31,long,951,107.75,2019年牛股 000951,2019,000951,0.11,缩量派,汽车,True
2015-01-05,2015-12-31,long,952,110.41,2015年牛股 000952,2015,000952,0.8140000000000001,高量能派,医药生物,True
2015-01-05,2015-12-31,long,953,126.51,2015年牛股 000953,2015,000953,0.938,高量能派,医药生物,True
2015-01-05,2015-12-31,long,955,115.57,2015年牛股 000955,2015,000955,0.868,高量能派,纺织服饰,True
2019-01-02,2019-12-31,long,955,102.47,2019年牛股 000955,2019,000955,0.868,高量能派,纺织服饰,True
2022-01-04,2022-12-30,long,957,113.13,2022年牛股 000957,2022,000957,0.802,高量能派,汽车,False
2014-01-02,2014-12-31,long,958,165.89,2014年牛股 000958,2014,000958,0.017835497835497836,缩量派,公用事业,False
2015-01-05,2015-12-31,long,958,102.28,2015年牛股 000958,2015,000958,0.017835497835497836,缩量派,公用事业,True
2014-01-02,2014-12-31,long,959,102.08,2014年牛股 000959,2014,000959,0.5290889665889666,中间派,钢铁,False
2025-01-02,2025-12-31,long,960,102.79,2025年牛股 000960,2025,000960,0.36,缩量派,有色金属,True
2025-01-02,2025-12-31,long,962,142.9,2025年牛股 000962,2025,000962,0.938,高量能派,有色金属,True
2015-03-31,2015-12-31,long,967,125.78,2015年牛股 000967,2015,000967,0.872,高量能派,环保,True
2015-01-05,2015-06-30,long,972,196.97,2015年牛股 000972,2015,000972,0.92,高量能派,农林牧渔,True
2015-01-05,2015-12-17,long,973,110.47,2015年牛股 000973,2015,000973,0.648,高量能派,基础化工,True
2025-01-02,2025-12-31,long,973,148.98,2025年牛股 000973,2025,000973,0.648,高量能派,基础化工,True
2016-04-12,2016-12-30,long,980,133.17,2016年牛股 000980,2016,000980,0.5960000000000001,中间派,汽车,False
2021-01-04,2021-12-31,long,980,370.37,2021年牛股 000980,2021,000980,0.5960000000000001,中间派,汽车,False
2025-01-02,2025-12-31,long,981,108.0,2025年牛股 000981,2025,000981,0.996,高量能派,汽车,True
2015-01-05,2015-12-31,long,985,106.99,2015年牛股 000985,2015,000985,0.45,中间派,石油石化,True
2014-01-02,2014-12-31,long,987,123.22,2014年牛股 000987,2014,000987,0.8259586385178802,高量能派,非银金融,False
2020-12-16,2020-12-31,long,995,327.04,2020年牛股 000995,2020,000995,0.948,高量能派,食品饮料,True
2025-01-02,2025-12-31,long,1203,261.21,2025年牛股 001203,2025,001203,0.898,高量能派,钢铁,True
2025-01-02,2025-12-31,long,1208,166.3,2025年牛股 001208,2025,001208,0.256,缩量派,电力设备,True
2025-01-02,2025-12-31,long,1212,203.05,2025年牛股 001212,2025,001212,0.776,高量能派,建筑材料,True
2025-01-02,2025-12-31,long,1267,188.27,2025年牛股 001267,2025,001267,0.67,高量能派,通信,True
2025-01-02,2025-12-31,long,1268,107.56,2025年牛股 001268,2025,001268,0.8,高量能派,家用电器,True
2025-01-02,2025-12-31,long,1270,140.58,2025年牛股 001270,2025,001270,0.642,高量能派,国防军工,True
2023-01-03,2023-12-29,long,1309,150.85,2023年牛股 001309,2023,001309,0.5905489530277306,中间派,电子,False
2025-01-02,2025-12-31,long,1309,273.21,2025年牛股 001309,2025,001309,0.5905489530277306,中间派,电子,True
2025-01-02,2025-12-29,long,1331,488.75,2025年牛股 001331,2025,001331,0.716,高量能派,公用事业,True
2025-01-02,2025-12-31,long,1359,177.34,2025年牛股 001359,2025,001359,0.25543348459517556,缩量派,基础化工,True
2024-01-02,2024-12-31,long,1696,282.92,2024年牛股 001696,2024,001696,0.88,高量能派,机械设备,True
2020-01-02,2020-12-31,long,1896,170.51,2020年牛股 001896,2020,001896,0.552,中间派,公用事业,True
2019-01-02,2019-12-31,long,1914,179.22,2019年牛股 001914,2019,001914,0.56,中间派,房地产,True
2017-01-03,2017-12-29,long,2001,100.49,2017年牛股 002001,2017,002001,0.01,缩量派,基础化工,False
2015-01-05,2015-12-31,long,2003,124.77,2015年牛股 002003,2015,002003,0.966,高量能派,纺织服饰,True
2015-01-05,2015-12-31,long,2004,104.88,2015年牛股 002004,2015,002004,0.868,高量能派,医药生物,True
2021-01-04,2021-12-31,long,2006,386.77,2021年牛股 002006,2021,002006,0.8180000000000001,高量能派,机械设备,False
2017-01-03,2017-12-29,long,2008,119.94,2017年牛股 002008,2017,002008,0.036,缩量派,机械设备,False
2021-01-04,2021-12-31,long,2009,139.42,2021年牛股 002009,2021,002009,0.802,高量能派,机械设备,False
2015-06-23,2015-12-31,long,2010,161.73,2015年牛股 002010,2015,002010,0.99,高量能派,交通运输,True
2021-01-04,2021-12-31,long,2011,246.84,2021年牛股 002011,2021,002011,0.08,缩量派,家用电器,False
2015-01-05,2015-12-31,long,2014,138.43,2015年牛股 002014,2015,002014,0.85,高量能派,轻工制造,True
2021-01-04,2021-12-31,long,2015,168.56,2021年牛股 002015,2021,002015,0.384,缩量派,公用事业,False
2025-01-02,2025-12-31,long,2017,118.07,2025年牛股 002017,2025,002017,0.854,高量能派,通信,True
2015-01-05,2015-12-28,long,2020,102.99,2015年牛股 002020,2015,002020,0.678,高量能派,医药生物,True
2020-01-02,2020-12-31,long,2025,146.35,2020年牛股 002025,2020,002025,0.446,中间派,国防军工,True
2015-01-05,2015-12-31,long,2026,109.01,2015年牛股 002026,2015,002026,0.588,中间派,机械设备,True
2020-01-02,2020-12-31,long,2026,121.9,2020年牛股 002026,2020,002026,0.588,中间派,机械设备,True
2015-01-05,2015-12-31,long,2027,484.11,2015年牛股 002027,2015,002027,0.33999999999999997,缩量派,传媒,True
2021-01-04,2021-12-31,long,2028,147.08,2021年牛股 002028,2021,002028,0.128,缩量派,电力设备,False
2025-01-02,2025-12-31,long,2028,114.1,2025年牛股 002028,2025,002028,0.128,缩量派,电力设备,True
2015-01-05,2015-12-31,long,2030,146.29,2015年牛股 002030,2015,002030,0.54,中间派,医药生物,True
2020-01-02,2020-12-31,long,2030,228.02,2020年牛股 002030,2020,002030,0.54,中间派,医药生物,True
2015-01-05,2015-12-31,long,2034,136.57,2015年牛股 002034,2015,002034,0.708,高量能派,环保,True
2015-01-05,2015-12-31,long,2036,278.69,2015年牛股 002036,2015,002036,0.876,高量能派,电子,True
2019-01-02,2019-12-31,long,2036,158.22,2019年牛股 002036,2019,002036,0.876,高量能派,电子,True
2021-01-04,2021-12-31,long,2036,134.92,2021年牛股 002036,2021,002036,0.876,高量能派,电子,False
2014-01-02,2014-12-31,long,2039,105.58,2014年牛股 002039,2014,002039,0.5824504737295435,中间派,公用事业,False
2020-01-02,2020-12-31,long,2041,133.02,2020年牛股 002041,2020,002041,0.546,中间派,农林牧渔,True
2015-01-05,2015-12-31,long,2042,124.48,2015年牛股 002042,2015,002042,0.976,高量能派,纺织服饰,True
2015-01-05,2015-12-31,long,2043,159.92,2015年牛股 002043,2015,002043,0.804,高量能派,建筑材料,True
2015-03-26,2015-08-28,long,2044,281.88,2015年牛股 002044,2015,002044,0.974,高量能派,医药生物,True
2015-01-05,2015-12-31,long,2045,180.78,2015年牛股 002045,2015,002045,0.704,高量能派,电子,True
2019-01-02,2019-12-31,long,2045,168.82,2019年牛股 002045,2019,002045,0.704,高量能派,电子,True
2025-01-02,2025-12-31,long,2046,212.41,2025年牛股 002046,2025,002046,0.984,高量能派,机械设备,True
2015-01-05,2015-12-31,long,2047,106.99,2015年牛股 002047,2015,002047,0.916,高量能派,建筑装饰,True
2025-01-02,2025-12-31,long,2048,155.7,2025年牛股 002048,2025,002048,0.848,高量能派,汽车,True
2015-01-05,2015-12-10,long,2049,151.17,2015年牛股 002049,2015,002049,0.8220000000000001,高量能派,电子,True
2020-01-02,2020-12-31,long,2049,163.31,2020年牛股 002049,2020,002049,0.8220000000000001,高量能派,电子,True
2025-01-02,2025-12-31,long,2050,137.42,2025年牛股 002050,2025,002050,0.816,高量能派,家用电器,True
2021-01-04,2021-12-31,long,2052,108.57,2021年牛股 002052,2021,002052,0.878,高量能派,电力设备,False
2024-01-02,2024-12-31,long,2052,220.62,2024年牛股 002052,2024,002052,0.878,高量能派,电力设备,True
2025-01-02,2025-12-31,long,2052,104.98,2025年牛股 002052,2025,002052,0.878,高量能派,电力设备,True
2014-01-02,2014-12-31,long,2053,110.51,2014年牛股 002053,2014,002053,0.49659219137892124,中间派,公用事业,False
2015-01-05,2015-12-31,long,2054,112.88,2015年牛股 002054,2015,002054,0.918,高量能派,基础化工,True
2019-01-02,2019-12-31,long,2057,137.97,2019年牛股 002057,2019,002057,0.702,高量能派,社会服务,True
2015-01-05,2015-12-31,long,2058,135.78,2015年牛股 002058,2015,002058,0.802,高量能派,电力设备,True
2025-01-02,2025-12-31,long,2058,117.89,2025年牛股 002058,2025,002058,0.802,高量能派,电力设备,True
2015-01-05,2015-12-31,long,2059,101.8,2015年牛股 002059,2015,002059,0.606,高量能派,社会服务,True
2019-01-02,2019-12-31,long,2063,123.81,2019年牛股 002063,2019,002063,0.56,中间派,计算机,True
2014-01-02,2014-12-31,long,2066,102.25,2014年牛股 002066,2014,002066,0.6682729551150604,高量能派,建筑材料,False
2015-01-05,2015-12-31,long,2067,140.62,2015年牛股 002067,2015,002067,0.626,高量能派,轻工制造,True
2014-01-02,2014-12-29,long,2068,102.67,2014年牛股 002068,2014,002068,0.0827371903782527,缩量派,基础化工,False
2014-01-02,2014-12-30,long,2072,100.9,2014年牛股 002072,2014,002072,0.046855078623034424,缩量派,商贸零售,False
2014-01-02,2014-12-31,long,2074,152.98,2014年牛股 002074,2014,002074,0.19819998557102664,缩量派,电力设备,False
2015-01-05,2015-12-31,long,2074,162.91,2015年牛股 002074,2015,002074,0.19819998557102664,缩量派,电力设备,True
2020-01-02,2020-12-31,long,2074,168.97,2020年牛股 002074,2020,002074,0.19819998557102664,缩量派,电力设备,True
2015-01-05,2015-06-24,long,2075,587.94,2015年牛股 002075,2015,002075,0.966,高量能派,钢铁,True
2015-01-05,2015-12-31,long,2076,153.47,2015年牛股 002076,2015,002076,0.484,中间派,家用电器,True
2015-01-05,2015-12-31,long,2077,152.53,2015年牛股 002077,2015,002077,0.838,高量能派,电子,True
2022-01-04,2022-12-30,long,2077,142.11,2022年牛股 002077,2022,002077,0.838,高量能派,电子,False
2019-01-02,2019-12-31,long,2079,154.51,2019年牛股 002079,2019,002079,0.352,缩量派,电力设备,True
2015-01-05,2015-12-31,long,2080,105.94,2015年牛股 002080,2015,002080,0.862,高量能派,建筑材料,True
2019-01-02,2019-12-31,long,2080,103.45,2019年牛股 002080,2019,002080,0.862,高量能派,建筑材料,True
2025-01-02,2025-12-31,long,2080,181.61,2025年牛股 002080,2025,002080,0.862,高量能派,建筑材料,True
2025-01-02,2025-12-31,long,2083,150.65,2025年牛股 002083,2025,002083,0.868,高量能派,纺织服饰,True
2015-01-05,2015-12-31,long,2085,167.45,2015年牛股 002085,2015,002085,0.72,高量能派,汽车,True
2024-01-02,2024-12-31,long,2085,287.73,2024年牛股 002085,2024,002085,0.72,高量能派,汽车,True
2015-01-05,2015-12-31,long,2086,183.11,2015年牛股 002086,2015,002086,0.718,高量能派,农林牧渔,True
2021-01-04,2021-12-31,long,2088,242.21,2021年牛股 002088,2021,002088,0.786,高量能派,建筑材料,False
2015-01-05,2015-12-31,long,2090,172.07,2015年牛股 002090,2015,002090,0.622,高量能派,电力设备,True
2015-01-05,2015-12-31,long,2093,144.86,2015年牛股 002093,2015,002093,0.6819999999999999,高量能派,社会服务,True
2015-01-05,2015-12-31,long,2094,186.91,2015年牛股 002094,2015,002094,0.64,高量能派,美容护理,True
2015-01-05,2015-12-31,long,2095,179.72,2015年牛股 002095,2015,002095,0.9,高量能派,传媒,True
2015-01-05,2015-12-31,long,2096,130.86,2015年牛股 002096,2015,002096,0.998,高量能派,基础化工,True
2015-01-05,2015-12-31,long,2099,181.45,2015年牛股 002099,2015,002099,0.454,中间派,医药生物,True
2019-01-02,2019-12-31,long,2100,208.01,2019年牛股 002100,2019,002100,0.896,高量能派,农林牧渔,True
2015-01-05,2015-12-31,long,2101,108.82,2015年牛股 002101,2015,002101,0.528,中间派,汽车,True
2025-01-02,2025-12-31,long,2104,221.34,2025年牛股 002104,2025,002104,0.8,高量能派,通信,True
2014-01-02,2014-12-31,long,2107,126.19,2014年牛股 002107,2014,002107,0.1523350719598184,缩量派,医药生物,False
2015-01-05,2015-12-31,long,2107,136.84,2015年牛股 002107,2015,002107,0.1523350719598184,缩量派,医药生物,True
2015-01-05,2015-12-31,long,2108,126.21,2015年牛股 002108,2015,002108,0.584,中间派,基础化工,True
2015-01-05,2015-12-31,long,2117,128.44,2015年牛股 002117,2015,002117,0.99,高量能派,轻工制造,True
2015-01-05,2015-12-31,long,2120,127.07,2015年牛股 002120,2015,002120,0.364,缩量派,交通运输,True
2015-01-05,2015-12-31,long,2121,143.87,2015年牛股 002121,2015,002121,0.556,中间派,电力设备,True
2015-03-26,2015-12-31,long,2123,178.33,2015年牛股 002123,2015,002123,0.652,高量能派,通信,True
2019-01-02,2019-12-31,long,2123,168.21,2019年牛股 002123,2019,002123,0.652,高量能派,通信,True
2015-01-05,2015-12-31,long,2124,198.34,2015年牛股 002124,2015,002124,0.99,高量能派,农林牧渔,True
2015-01-05,2015-12-31,long,2125,125.46,2015年牛股 002125,2015,002125,0.58,中间派,电力设备,True
2025-01-02,2025-12-31,long,2126,102.8,2025年牛股 002126,2025,002126,0.294,缩量派,汽车,True
2015-01-05,2015-12-31,long,2127,113.58,2015年牛股 002127,2015,002127,0.454,中间派,商贸零售,True
2020-01-02,2020-12-31,long,2129,116.21,2020年牛股 002129,2020,002129,0.518,中间派,电力设备,True
2024-01-02,2024-12-31,long,2130,238.69,2024年牛股 002130,2024,002130,0.138,缩量派,电子,True
2015-01-05,2015-12-31,long,2131,152.86,2015年牛股 002131,2015,002131,0.252,缩量派,机械设备,True
2019-01-02,2019-12-31,long,2131,101.41,2019年牛股 002131,2019,002131,0.252,缩量派,机械设备,True
2015-01-05,2015-12-31,long,2133,100.25,2015年牛股 002133,2015,002133,0.92,高量能派,房地产,True
2015-01-05,2015-12-31,long,2134,130.96,2015年牛股 002134,2015,002134,0.98,高量能派,电子,True
2015-01-06,2015-12-31,long,2135,115.61,2015年牛股 002135,2015,002135,0.74,高量能派,建筑装饰,True
2015-01-14,2015-12-31,long,2137,230.01,2015年牛股 002137,2015,002137,0.584,中间派,电子,True
2021-01-04,2021-12-31,long,2139,131.34,2021年牛股 002139,2021,002139,0.296,缩量派,电子,False
2021-01-04,2021-12-31,long,2140,115.69,2021年牛股 002140,2021,002140,0.5740000000000001,中间派,建筑装饰,False
2015-01-05,2015-12-31,long,2141,127.2,2015年牛股 002141,2015,002141,0.588,中间派,电子,True
2021-01-04,2021-12-31,long,2141,149.23,2021年牛股 002141,2021,002141,0.588,中间派,电子,False
2025-01-02,2025-12-31,long,2141,111.93,2025年牛股 002141,2025,002141,0.588,中间派,电子,True
2021-01-04,2021-12-31,long,2145,127.37,2021年牛股 002145,2021,002145,0.516,中间派,基础化工,False
2020-01-02,2020-12-31,long,2149,140.11,2020年牛股 002149,2020,002149,0.16799999999999998,缩量派,有色金属,True
2025-01-02,2025-12-31,long,2149,161.37,2025年牛股 002149,2025,002149,0.16799999999999998,缩量派,有色金属,True
2022-01-04,2022-12-30,long,2150,233.55,2022年牛股 002150,2022,002150,0.958,高量能派,电力设备,False
2020-01-02,2020-12-31,long,2151,101.72,2020年牛股 002151,2020,002151,0.454,中间派,国防军工,True
2015-01-05,2015-12-31,long,2153,130.37,2015年牛股 002153,2015,002153,0.976,高量能派,计算机,True
2015-01-05,2015-12-31,long,2156,138.61,2015年牛股 002156,2015,002156,0.264,缩量派,电子,True
2019-01-02,2019-12-31,long,2156,131.68,2019年牛股 002156,2019,002156,0.264,缩量派,电子,True
2015-03-16,2015-12-31,long,2157,100.66,2015年牛股 002157,2015,002157,0.418,中间派,农林牧渔,True
2019-01-02,2019-12-31,long,2157,205.6,2019年牛股 002157,2019,002157,0.418,中间派,农林牧渔,True
2015-01-05,2015-12-31,long,2160,106.54,2015年牛股 002160,2015,002160,0.656,高量能派,有色金属,True
2015-01-05,2015-12-31,long,2161,175.53,2015年牛股 002161,2015,002161,0.912,高量能派,电子,True
2015-01-05,2015-12-31,long,2162,157.42,2015年牛股 002162,2015,002162,0.79,高量能派,轻工制造,True
2020-01-02,2020-12-31,long,2163,277.12,2020年牛股 002163,2020,002163,0.062,缩量派,建筑装饰,True
2025-01-02,2025-12-31,long,2163,154.97,2025年牛股 002163,2025,002163,0.062,缩量派,建筑装饰,True
2025-01-02,2025-12-31,long,2164,219.56,2025年牛股 002164,2025,002164,0.85,高量能派,机械设备,True
2015-01-05,2015-12-31,long,2169,123.25,2015年牛股 002169,2015,002169,0.738,高量能派,电力设备,True
2015-02-17,2015-12-31,long,2172,118.18,2015年牛股 002172,2015,002172,0.552,中间派,医药生物,True
2025-01-02,2025-12-31,long,2173,170.23,2025年牛股 002173,2025,002173,0.908,高量能派,医药生物,True
2015-01-05,2015-12-31,long,2176,166.57,2015年牛股 002176,2015,002176,0.704,高量能派,电力设备,True
2021-01-04,2021-12-31,long,2176,456.57,2021年牛股 002176,2021,002176,0.704,高量能派,电力设备,False
2025-01-02,2025-12-31,long,2177,109.11,2025年牛股 002177,2025,002177,0.992,高量能派,商贸零售,True
2015-01-16,2015-12-31,long,2178,109.06,2015年牛股 002178,2015,002178,0.984,高量能派,计算机,True
2015-01-05,2015-12-31,long,2179,110.61,2015年牛股 002179,2015,002179,0.942,高量能派,国防军工,True
2020-01-02,2020-12-31,long,2179,101.36,2020年牛股 002179,2020,002179,0.942,高量能派,国防军工,True
2014-03-21,2014-11-05,long,2180,190.49,2014年牛股 002180,2014,002180,0.7979057591623037,高量能派,计算机,False
2014-01-02,2014-12-31,long,2183,118.63,2014年牛股 002183,2014,002183,0.22282022419211106,缩量派,商贸零售,False
2015-01-05,2015-12-31,long,2183,209.94,2015年牛股 002183,2015,002183,0.22282022419211106,缩量派,商贸零售,True
2014-01-02,2014-11-26,long,2184,180.61,2014年牛股 002184,2014,002184,0.7410855337395622,高量能派,机械设备,False
2019-01-02,2019-12-31,long,2185,106.78,2019年牛股 002185,2019,002185,0.16799999999999998,缩量派,电子,True
2022-01-04,2022-12-30,long,2186,135.6,2022年牛股 002186,2022,002186,0.208,缩量派,社会服务,False
2015-05-25,2015-12-31,long,2188,296.88,2015年牛股 002188,2015,002188,0.754,高量能派,房地产,True
2014-01-02,2014-12-31,long,2189,153.84,2014年牛股 002189,2014,002189,0.8549288061336253,高量能派,国防军工,False
2014-05-19,2014-12-31,long,2190,111.55,2014年牛股 002190,2014,002190,0.11903695408734602,缩量派,汽车,False
2015-01-05,2015-12-31,long,2191,125.41,2015年牛股 002191,2015,002191,0.93,高量能派,轻工制造,True
2015-01-05,2015-12-31,long,2192,189.61,2015年牛股 002192,2015,002192,0.7,高量能派,有色金属,True
2021-01-04,2021-12-31,long,2192,217.4,2021年牛股 002192,2021,002192,0.7,高量能派,有色金属,False
2019-01-02,2019-12-31,long,2194,206.11,2019年牛股 002194,2019,002194,0.526,中间派,通信,True
2014-01-16,2014-12-31,long,2195,170.48,2014年牛股 002195,2014,002195,0.6966175793833409,高量能派,计算机,False
2015-01-05,2015-12-31,long,2195,116.9,2015年牛股 002195,2015,002195,0.6966175793833409,高量能派,计算机,True
2015-01-05,2015-12-31,long,2196,102.16,2015年牛股 002196,2015,002196,0.688,高量能派,电力设备,True
2025-01-02,2025-12-31,long,2196,196.08,2025年牛股 002196,2025,002196,0.688,高量能派,电力设备,True
2015-01-05,2015-12-31,long,2197,175.71,2015年牛股 002197,2015,002197,0.9,高量能派,计算机,True
2025-01-02,2025-12-31,long,2197,150.5,2025年牛股 002197,2025,002197,0.9,高量能派,计算机,True
2019-01-02,2019-12-31,long,2201,234.06,2019年牛股 002201,2019,002201,0.29800000000000004,缩量派,建筑材料,True
2021-01-04,2021-12-31,long,2201,141.82,2021年牛股 002201,2021,002201,0.29800000000000004,缩量派,建筑材料,False
2025-01-02,2025-12-31,long,2201,120.5,2025年牛股 002201,2025,002201,0.29800000000000004,缩量派,建筑材料,True
2025-01-02,2025-12-31,long,2202,100.2,2025年牛股 002202,2025,002202,0.802,高量能派,电力设备,True
2015-01-05,2015-12-31,long,2205,127.68,2015年牛股 002205,2015,002205,0.918,高量能派,建筑材料,True
2015-01-05,2015-12-31,long,2206,103.67,2015年牛股 002206,2015,002206,0.514,中间派,基础化工,True
2021-01-04,2021-12-31,long,2206,134.97,2021年牛股 002206,2021,002206,0.514,中间派,基础化工,False
2015-01-05,2015-12-31,long,2208,197.89,2015年牛股 002208,2015,002208,0.71,高量能派,房地产,True
2015-01-05,2015-11-23,long,2209,152.59,2015年牛股 002209,2015,002209,0.716,高量能派,机械设备,True
2014-01-02,2014-12-31,long,2210,194.0,2014年牛股 002210,2014,002210,0.18766644098397653,缩量派,环保,False
2015-01-05,2015-12-31,long,2212,119.13,2015年牛股 002212,2015,002212,0.54,中间派,计算机,True
2015-01-05,2015-12-31,long,2213,115.81,2015年牛股 002213,2015,002213,0.378,缩量派,电子,True
2015-01-05,2015-12-31,long,2215,189.96,2015年牛股 002215,2015,002215,0.754,高量能派,农林牧渔,True
2021-01-04,2021-12-31,long,2219,106.15,2021年牛股 002219,2021,002219,0.432,中间派,医药生物,False
2015-01-05,2015-12-31,long,2222,135.82,2015年牛股 002222,2015,002222,0.574,中间派,电子,True
2015-01-05,2015-12-31,long,2224,151.29,2015年牛股 002224,2015,002224,0.888,高量能派,基础化工,True
2014-01-02,2014-12-31,long,2228,106.98,2014年牛股 002228,2014,002228,0.11642969984202212,缩量派,轻工制造,False
2023-01-03,2023-12-29,long,2229,318.05,2023年牛股 002229,2023,002229,0.716,高量能派,计算机,False
2015-01-05,2015-12-31,long,2230,109.06,2015年牛股 002230,2015,002230,0.908,高量能派,计算机,True
2017-01-03,2017-12-29,long,2230,119.02,2017年牛股 002230,2017,002230,0.908,高量能派,计算机,False
2015-01-05,2015-12-31,long,2232,107.23,2015年牛股 002232,2015,002232,0.294,缩量派,计算机,True
2015-01-05,2015-12-31,long,2234,106.63,2015年牛股 002234,2015,002234,0.896,高量能派,农林牧渔,True
2019-01-02,2019-12-31,long,2234,177.84,2019年牛股 002234,2019,002234,0.896,高量能派,农林牧渔,True
2015-01-05,2015-12-31,long,2238,106.98,2015年牛股 002238,2015,002238,0.878,高量能派,传媒,True
2023-01-03,2023-12-29,long,2238,138.07,2023年牛股 002238,2023,002238,0.878,高量能派,传媒,False
2015-01-05,2015-05-22,long,2239,187.05,2015年牛股 002239,2015,002239,0.694,高量能派,汽车,True
2020-01-02,2020-12-31,long,2239,173.45,2020年牛股 002239,2020,002239,0.694,高量能派,汽车,True
2020-01-02,2020-12-31,long,2240,207.42,2020年牛股 002240,2020,002240,0.21200000000000002,缩量派,有色金属,True
2021-01-04,2021-12-31,long,2240,137.06,2021年牛股 002240,2021,002240,0.21200000000000002,缩量派,有色金属,False
2025-01-02,2025-12-31,long,2240,149.85,2025年牛股 002240,2025,002240,0.21200000000000002,缩量派,有色金属,True
2019-01-02,2019-12-31,long,2241,193.03,2019年牛股 002241,2019,002241,0.008,缩量派,电子,True
2015-01-05,2015-12-23,long,2242,111.02,2015年牛股 002242,2015,002242,0.792,高量能派,家用电器,True
2015-01-05,2015-12-31,long,2243,107.97,2015年牛股 002243,2015,002243,0.998,高量能派,社会服务,True
2015-01-05,2015-12-31,long,2245,122.53,2015年牛股 002245,2015,002245,0.822,高量能派,电力设备,True
2020-01-02,2020-12-31,long,2245,218.52,2020年牛股 002245,2020,002245,0.822,高量能派,电力设备,True
2021-01-04,2021-12-31,long,2245,112.44,2021年牛股 002245,2021,002245,0.822,高量能派,电力设备,False
2015-01-05,2015-12-31,long,2248,133.16,2015年牛股 002248,2015,002248,0.876,高量能派,机械设备,True
2015-01-05,2015-12-31,long,2249,137.11,2015年牛股 002249,2015,002249,0.854,高量能派,电力设备,True
2021-01-04,2021-12-31,long,2249,100.79,2021年牛股 002249,2021,002249,0.854,高量能派,电力设备,False
2025-01-02,2025-12-31,long,2250,143.36,2025年牛股 002250,2025,002250,0.808,高量能派,基础化工,True
2015-01-05,2015-12-31,long,2253,129.7,2015年牛股 002253,2015,002253,0.952,高量能派,计算机,True
2025-01-02,2025-12-31,long,2255,128.13,2025年牛股 002255,2025,002255,0.992,高量能派,电力设备,True
2015-03-02,2015-12-31,long,2256,166.8,2015年牛股 002256,2015,002256,0.736,高量能派,公用事业,True
2021-01-04,2021-12-31,long,2256,329.73,2021年牛股 002256,2021,002256,0.736,高量能派,公用事业,False
2015-01-05,2015-12-31,long,2261,132.01,2015年牛股 002261,2015,002261,0.146,缩量派,计算机,True
2023-01-03,2023-12-29,long,2261,126.85,2023年牛股 002261,2023,002261,0.146,缩量派,计算机,False
2021-01-04,2021-12-31,long,2265,247.38,2021年牛股 002265,2021,002265,0.07,缩量派,汽车,False
2024-01-02,2024-12-31,long,2265,104.86,2024年牛股 002265,2024,002265,0.07,缩量派,汽车,True
2014-01-02,2014-12-31,long,2268,118.47,2014年牛股 002268,2014,002268,0.01282525588851893,缩量派,计算机,False
2021-01-04,2021-12-31,long,2268,235.3,2021年牛股 002268,2021,002268,0.01282525588851893,缩量派,计算机,False
2019-01-02,2019-12-31,long,2271,106.4,2019年牛股 002271,2019,002271,0.692,高量能派,建筑材料,True
2020-01-02,2020-12-31,long,2271,122.82,2020年牛股 002271,2020,002271,0.692,高量能派,建筑材料,True
2015-01-05,2015-12-31,long,2273,138.81,2015年牛股 002273,2015,002273,0.28600000000000003,缩量派,电子,True
2019-01-02,2019-12-31,long,2273,121.19,2019年牛股 002273,2019,002273,0.28600000000000003,缩量派,电子,True
2021-01-04,2021-12-31,long,2274,169.02,2021年牛股 002274,2021,002274,0.31,缩量派,基础化工,False
2015-01-05,2015-12-31,long,2276,266.45,2015年牛股 002276,2015,002276,0.6859999999999999,高量能派,电力设备,True
2025-01-02,2025-12-31,long,2276,100.48,2025年牛股 002276,2025,002276,0.6859999999999999,高量能派,电力设备,True
2015-01-05,2015-12-31,long,2278,152.92,2015年牛股 002278,2015,002278,0.5,中间派,机械设备,True
2025-01-02,2025-12-31,long,2278,139.73,2025年牛股 002278,2025,002278,0.5,中间派,机械设备,True
2014-01-10,2014-12-31,long,2279,122.97,2014年牛股 002279,2014,002279,0.7842043018700569,高量能派,计算机,False
2015-01-05,2015-12-31,long,2279,150.79,2015年牛股 002279,2015,002279,0.7842043018700569,高量能派,计算机,True
2014-01-02,2014-12-31,long,2282,104.81,2014年牛股 002282,2014,002282,0.8954976303317536,高量能派,机械设备,False
2015-01-05,2015-12-31,long,2283,159.13,2015年牛股 002283,2015,002283,0.756,高量能派,汽车,True
2015-01-05,2015-12-31,long,2284,222.41,2015年牛股 002284,2015,002284,0.5660000000000001,中间派,汽车,True
2025-01-02,2025-12-31,long,2289,719.38,2025年牛股 002289,2025,002289,0.592,中间派,电子,True
2015-01-05,2015-12-31,long,2290,188.2,2015年牛股 002290,2015,002290,0.516,中间派,家用电器,True
2025-01-02,2025-12-31,long,2290,167.17,2025年牛股 002290,2025,002290,0.516,中间派,家用电器,True
2015-01-05,2015-12-31,long,2291,113.03,2015年牛股 002291,2015,002291,0.848,高量能派,传媒,True
2019-01-02,2019-12-31,long,2291,338.08,2019年牛股 002291,2019,002291,0.848,高量能派,传媒,True
2015-01-05,2015-12-31,long,2292,250.89,2015年牛股 002292,2015,002292,0.674,高量能派,传媒,True
2015-01-05,2015-12-31,long,2295,156.52,2015年牛股 002295,2015,002295,0.646,高量能派,有色金属,True
2025-01-02,2025-12-31,long,2295,107.8,2025年牛股 002295,2025,002295,0.646,高量能派,有色金属,True
2015-04-10,2015-12-31,long,2298,114.11,2015年牛股 002298,2015,002298,0.734,高量能派,计算机,True
2015-01-05,2015-12-31,long,2301,156.76,2015年牛股 002301,2015,002301,1.0,高量能派,轻工制造,True
2017-01-03,2017-12-29,long,2302,136.27,2017年牛股 002302,2017,002302,0.796,高量能派,建筑材料,False
2015-01-05,2015-12-31,long,2303,103.82,2015年牛股 002303,2015,002303,0.992,高量能派,轻工制造,True
2014-01-02,2014-12-31,long,2304,101.02,2014年牛股 002304,2014,002304,0.041803704344815645,缩量派,食品饮料,False
2020-01-02,2020-12-31,long,2304,119.57,2020年牛股 002304,2020,002304,0.041803704344815645,缩量派,食品饮料,True
2014-01-02,2014-12-31,long,2307,178.54,2014年牛股 002307,2014,002307,0.7078763258858045,高量能派,建筑装饰,False
2015-03-06,2015-12-31,long,2312,103.87,2015年牛股 002312,2015,002312,0.708,高量能派,基础化工,True
2021-01-04,2021-12-31,long,2312,128.39,2021年牛股 002312,2021,002312,0.708,高量能派,基础化工,False
2024-01-02,2024-12-31,long,2312,104.78,2024年牛股 002312,2024,002312,0.708,高量能派,基础化工,True
2023-01-03,2023-12-29,long,2313,102.85,2023年牛股 002313,2023,002313,0.486,中间派,通信,False
2015-01-06,2015-12-31,long,2316,133.99,2015年牛股 002316,2015,002316,0.984,高量能派,综合,True
2022-01-04,2022-12-30,long,2317,126.08,2022年牛股 002317,2022,002317,0.992,高量能派,医药生物,False
2015-01-05,2015-06-25,long,2320,153.6,2015年牛股 002320,2015,002320,0.912,高量能派,交通运输,True
2015-01-05,2015-12-31,long,2322,109.72,2015年牛股 002322,2015,002322,0.732,高量能派,计算机,True
2020-01-02,2020-12-31,long,2324,102.81,2020年牛股 002324,2020,002324,0.612,高量能派,基础化工,True
2015-01-05,2015-12-31,long,2326,204.07,2015年牛股 002326,2015,002326,0.86,高量能派,基础化工,True
2021-01-04,2021-12-31,long,2326,364.56,2021年牛股 002326,2021,002326,0.86,高量能派,基础化工,False
2025-01-02,2025-12-31,long,2326,178.75,2025年牛股 002326,2025,002326,0.86,高量能派,基础化工,True
2014-01-02,2014-11-28,long,2329,128.84,2014年牛股 002329,2014,002329,0.2282731059326804,缩量派,食品饮料,False
2015-01-30,2015-12-31,long,2329,180.79,2015年牛股 002329,2015,002329,0.2282731059326804,缩量派,食品饮料,True
2015-01-05,2015-12-31,long,2330,127.03,2015年牛股 002330,2015,002330,0.796,高量能派,食品饮料,True
2015-03-25,2015-12-31,long,2331,111.35,2015年牛股 002331,2015,002331,0.704,高量能派,计算机,True
2015-01-30,2015-12-31,long,2335,124.62,2015年牛股 002335,2015,002335,0.756,高量能派,电力设备,True
2020-01-02,2020-12-31,long,2335,140.36,2020年牛股 002335,2020,002335,0.756,高量能派,电力设备,True
2014-01-02,2014-12-31,long,2337,146.22,2014年牛股 002337,2014,002337,0.8574929971988795,高量能派,机械设备,False
2015-01-05,2015-12-31,long,2339,117.93,2015年牛股 002339,2015,002339,0.9319999999999999,高量能派,电力设备,True
2025-01-02,2025-12-31,long,2342,184.83,2025年牛股 002342,2025,002342,0.802,高量能派,机械设备,True
2015-01-05,2015-12-31,long,2343,356.22,2015年牛股 002343,2015,002343,0.772,高量能派,传媒,True
2015-01-05,2015-12-31,long,2345,102.24,2015年牛股 002345,2015,002345,0.996,高量能派,纺织服饰,True
2025-01-02,2025-12-31,long,2345,119.89,2025年牛股 002345,2025,002345,0.996,高量能派,纺织服饰,True
2016-01-04,2016-12-30,long,2346,105.43,2016年牛股 002346,2016,002346,0.522,中间派,电力设备,False
2021-01-04,2021-12-31,long,2346,109.77,2021年牛股 002346,2021,002346,0.522,中间派,电力设备,False
2025-01-02,2025-12-31,long,2346,113.12,2025年牛股 002346,2025,002346,0.522,中间派,电力设备,True
2015-01-05,2015-12-31,long,2347,132.16,2015年牛股 002347,2015,002347,0.936,高量能派,机械设备,True
2015-01-05,2015-12-31,long,2348,106.89,2015年牛股 002348,2015,002348,0.6839999999999999,高量能派,轻工制造,True
2021-01-04,2021-12-31,long,2349,132.18,2021年牛股 002349,2021,002349,0.132,缩量派,医药生物,False
2019-01-02,2019-12-31,long,2351,363.36,2019年牛股 002351,2019,002351,0.882,高量能派,电子,True
2023-01-03,2023-12-29,long,2351,100.96,2023年牛股 002351,2023,002351,0.882,高量能派,电子,False
2015-01-05,2015-12-31,long,2352,106.07,2015年牛股 002352,2015,002352,0.442,中间派,交通运输,True
2016-01-04,2016-12-30,long,2352,160.8,2016年牛股 002352,2016,002352,0.442,中间派,交通运输,False
2020-01-02,2020-12-31,long,2352,138.53,2020年牛股 002352,2020,002352,0.442,中间派,交通运输,True
2019-01-02,2019-12-31,long,2353,147.84,2019年牛股 002353,2019,002353,0.39,缩量派,机械设备,True
2014-01-14,2014-10-30,long,2354,264.57,2014年牛股 002354,2014,002354,0.6677913589678296,高量能派,传媒,False
2021-01-04,2021-12-31,long,2354,119.17,2021年牛股 002354,2021,002354,0.6677913589678296,高量能派,传媒,False
2015-01-05,2015-12-31,long,2355,203.34,2015年牛股 002355,2015,002355,0.962,高量能派,汽车,True
2015-01-05,2015-12-31,long,2356,120.46,2015年牛股 002356,2015,002356,0.8140000000000001,高量能派,商贸零售,True
2021-01-04,2021-12-30,long,2356,387.74,2021年牛股 002356,2021,002356,0.8140000000000001,高量能派,商贸零售,False
2015-01-05,2015-12-31,long,2357,120.7,2015年牛股 002357,2015,002357,0.872,高量能派,交通运输,True
2025-01-02,2025-12-31,long,2361,165.06,2025年牛股 002361,2025,002361,0.932,高量能派,基础化工,True
2015-01-05,2015-12-31,long,2364,245.62,2015年牛股 002364,2015,002364,0.774,高量能派,电力设备,True
2025-01-02,2025-12-31,long,2364,146.64,2025年牛股 002364,2025,002364,0.774,高量能派,电力设备,True
2014-01-02,2014-12-31,long,2366,209.17,2014年牛股 002366,2014,002366,0.8943748897901604,高量能派,电力设备,False
2015-01-05,2015-12-31,long,2366,117.99,2015年牛股 002366,2015,002366,0.8943748897901604,高量能派,电力设备,True
2015-01-05,2015-12-31,long,2368,129.8,2015年牛股 002368,2015,002368,0.606,高量能派,计算机,True
2015-01-05,2015-12-31,long,2370,136.5,2015年牛股 002370,2015,002370,0.852,高量能派,医药生物,True
2025-01-02,2025-12-31,long,2370,139.67,2025年牛股 002370,2025,002370,0.852,高量能派,医药生物,True
2019-01-02,2019-12-31,long,2371,133.29,2019年牛股 002371,2019,002371,0.004,缩量派,电子,True
2020-01-02,2020-12-31,long,2371,105.45,2020年牛股 002371,2020,002371,0.004,缩量派,电子,True
2014-01-02,2014-12-31,long,2373,143.66,2014年牛股 002373,2014,002373,0.7904271548436308,高量能派,计算机,False
2021-01-04,2021-12-31,long,2374,365.81,2021年牛股 002374,2021,002374,0.398,缩量派,轻工制造,False
2025-01-02,2025-12-31,long,2378,121.28,2025年牛股 002378,2025,002378,0.8240000000000001,高量能派,有色金属,True
2025-01-07,2025-12-31,long,2379,166.59,2025年牛股 002379,2025,002379,0.886,高量能派,有色金属,True
2015-01-05,2015-12-31,long,2380,245.26,2015年牛股 002380,2015,002380,0.874,高量能派,计算机,True
2015-01-05,2015-12-31,long,2381,106.75,2015年牛股 002381,2015,002381,0.766,高量能派,基础化工,True
2019-01-02,2019-12-31,long,2384,105.63,2019年牛股 002384,2019,002384,0.992,高量能派,电子,True
2025-01-02,2025-12-31,long,2384,190.59,2025年牛股 002384,2025,002384,0.992,高量能派,电子,True
2021-01-04,2021-12-31,long,2386,115.35,2021年牛股 002386,2021,002386,0.706,高量能派,基础化工,False
2019-01-02,2019-12-31,long,2387,108.66,2019年牛股 002387,2019,002387,0.09,缩量派,电子,True
2015-01-05,2015-12-31,long,2389,121.27,2015年牛股 002389,2015,002389,0.584,中间派,国防军工,True
2020-01-02,2020-12-31,long,2389,200.0,2020年牛股 002389,2020,002389,0.584,中间派,国防军工,True
2025-01-02,2025-12-31,long,2394,113.64,2025年牛股 002394,2025,002394,0.85,高量能派,纺织服饰,True
2015-01-05,2015-12-31,long,2395,179.24,2015年牛股 002395,2015,002395,0.504,中间派,基础化工,True
2019-01-02,2019-12-31,long,2395,141.0,2019年牛股 002395,2019,002395,0.504,中间派,基础化工,True
2023-01-03,2023-12-29,long,2395,107.0,2023年牛股 002395,2023,002395,0.504,中间派,基础化工,False
2019-01-02,2019-12-31,long,2396,107.43,2019年牛股 002396,2019,002396,0.07400000000000001,缩量派,通信,True
2015-01-05,2015-12-31,long,2397,133.93,2015年牛股 002397,2015,002397,0.776,高量能派,纺织服饰,True
2015-01-05,2015-12-31,long,2402,235.53,2015年牛股 002402,2015,002402,0.968,高量能派,电子,True
2019-01-02,2019-12-31,long,2402,109.88,2019年牛股 002402,2019,002402,0.968,高量能派,电子,True
2025-01-02,2025-12-31,long,2402,117.09,2025年牛股 002402,2025,002402,0.968,高量能派,电子,True
2015-01-05,2015-12-31,long,2404,102.7,2015年牛股 002404,2015,002404,0.856,高量能派,纺织服饰,True
2015-01-05,2015-12-31,long,2406,150.13,2015年牛股 002406,2015,002406,0.916,高量能派,汽车,True
2015-01-05,2015-12-31,long,2407,349.77,2015年牛股 002407,2015,002407,0.576,中间派,基础化工,True
2021-01-04,2021-12-31,long,2407,125.3,2021年牛股 002407,2021,002407,0.576,中间派,基础化工,False
2025-01-02,2025-12-31,long,2407,187.06,2025年牛股 002407,2025,002407,0.576,中间派,基础化工,True
2016-02-29,2016-12-30,long,2409,127.08,2016年牛股 002409,2016,002409,0.9359999999999999,高量能派,电子,False
2020-01-02,2020-12-31,long,2409,159.37,2020年牛股 002409,2020,002409,0.9359999999999999,高量能派,电子,True
2020-01-02,2020-12-31,long,2410,132.2,2020年牛股 002410,2020,002410,0.424,中间派,计算机,True
2014-01-02,2014-12-31,long,2413,145.26,2014年牛股 002413,2014,002413,0.5890696939604586,中间派,国防军工,False
2015-01-05,2015-12-31,long,2413,237.43,2015年牛股 002413,2015,002413,0.5890696939604586,中间派,国防军工,True
2025-01-02,2025-12-31,long,2413,187.84,2025年牛股 002413,2025,002413,0.5890696939604586,中间派,国防军工,True
2020-01-02,2020-12-31,long,2414,239.83,2020年牛股 002414,2020,002414,0.398,缩量派,国防军工,True
2017-01-03,2017-12-29,long,2415,149.37,2017年牛股 002415,2017,002415,0.6739999999999999,高量能派,计算机,False
2014-01-02,2014-12-31,long,2418,100.44,2014年牛股 002418,2014,002418,0.6065196078431372,高量能派,家用电器,False
2015-01-05,2015-12-31,long,2418,153.63,2015年牛股 002418,2015,002418,0.6065196078431372,高量能派,家用电器,True
2021-01-04,2021-12-31,long,2420,115.79,2021年牛股 002420,2021,002420,0.084,缩量派,综合,False
2024-01-02,2024-12-31,long,2423,104.24,2024年牛股 002423,2024,002423,0.07400000000000001,缩量派,非银金融,True
2015-01-08,2015-12-31,long,2425,168.47,2015年牛股 002425,2015,002425,0.794,高量能派,传媒,True
2015-01-05,2015-12-31,long,2426,161.32,2015年牛股 002426,2015,002426,0.976,高量能派,电子,True
2014-01-02,2014-12-31,long,2427,100.8,2014年牛股 002427,2014,002427,0.36592053218266807,缩量派,基础化工,False
2015-01-05,2015-12-31,long,2427,119.89,2015年牛股 002427,2015,002427,0.36592053218266807,缩量派,基础化工,True
2020-01-02,2020-12-31,long,2430,118.61,2020年牛股 002430,2020,002430,0.348,缩量派,基础化工,True
2014-01-02,2014-12-31,long,2432,108.22,2014年牛股 002432,2014,002432,0.43486451238950874,中间派,医药生物,False
2021-01-04,2021-12-31,long,2432,440.92,2021年牛股 002432,2021,002432,0.43486451238950874,中间派,医药生物,False
2015-01-05,2015-11-24,long,2434,117.74,2015年牛股 002434,2015,002434,0.54,中间派,汽车,True
2015-03-12,2015-12-31,long,2439,144.11,2015年牛股 002439,2015,002439,0.592,中间派,计算机,True
2014-01-02,2014-11-19,long,2442,100.81,2014年牛股 002442,2014,002442,0.20964265456608056,缩量派,基础化工,False
2015-05-08,2015-12-31,long,2442,112.72,2015年牛股 002442,2015,002442,0.20964265456608056,缩量派,基础化工,True
2015-01-05,2015-12-31,long,2443,177.91,2015年牛股 002443,2015,002443,0.894,高量能派,钢铁,True
2020-01-02,2020-12-31,long,2444,189.7,2020年牛股 002444,2020,002444,0.542,中间派,机械设备,True
2015-01-05,2015-12-31,long,2445,208.87,2015年牛股 002445,2015,002445,0.656,高量能派,机械设备,True
2014-01-28,2014-12-31,long,2446,177.62,2014年牛股 002446,2014,002446,0.9940828402366864,高量能派,国防军工,False
2015-01-05,2015-12-31,long,2446,172.17,2015年牛股 002446,2015,002446,0.9940828402366864,高量能派,国防军工,True
2015-01-05,2015-12-31,long,2448,107.19,2015年牛股 002448,2015,002448,0.8180000000000001,高量能派,汽车,True
2025-01-02,2025-12-31,long,2448,109.72,2025年牛股 002448,2025,002448,0.8180000000000001,高量能派,汽车,True
2014-01-02,2014-12-31,long,2452,102.42,2014年牛股 002452,2014,002452,0.6720536781020652,高量能派,电力设备,False
2021-01-04,2021-12-31,long,2453,213.3,2021年牛股 002453,2021,002453,0.776,高量能派,基础化工,False
2015-01-05,2015-12-31,long,2455,157.92,2015年牛股 002455,2015,002455,0.702,高量能派,基础化工,True
2021-01-04,2021-12-31,long,2455,127.67,2021年牛股 002455,2021,002455,0.702,高量能派,基础化工,False
2015-01-05,2015-12-31,long,2458,219.93,2015年牛股 002458,2015,002458,0.918,高量能派,农林牧渔,True
2019-01-02,2019-12-31,long,2458,242.52,2019年牛股 002458,2019,002458,0.918,高量能派,农林牧渔,True
2020-01-02,2020-12-31,long,2459,264.4,2020年牛股 002459,2020,002459,0.236,缩量派,电力设备,True
2021-01-04,2021-12-31,long,2459,128.5,2021年牛股 002459,2021,002459,0.236,缩量派,电力设备,False
2015-01-05,2015-12-31,long,2460,318.54,2015年牛股 002460,2015,002460,0.986,高量能派,有色金属,True
2017-01-03,2017-12-29,long,2460,171.34,2017年牛股 002460,2017,002460,0.986,高量能派,有色金属,False
2020-01-02,2020-12-31,long,2460,192.01,2020年牛股 002460,2020,002460,0.986,高量能派,有色金属,True
2019-01-02,2019-12-31,long,2463,212.5,2019年牛股 002463,2019,002463,0.752,高量能派,电子,True
2015-01-05,2015-12-31,long,2466,248.55,2015年牛股 002466,2015,002466,0.6859999999999999,高量能派,有色金属,True
2021-01-04,2021-12-31,long,2466,172.49,2021年牛股 002466,2021,002466,0.6859999999999999,高量能派,有色金属,False
2015-01-05,2015-12-31,long,2467,144.61,2015年牛股 002467,2015,002467,0.9359999999999999,高量能派,通信,True
2014-01-02,2014-12-31,long,2468,144.25,2014年牛股 002468,2014,002468,0.7268675242608892,高量能派,交通运输,False
2015-01-05,2015-12-31,long,2468,168.48,2015年牛股 002468,2015,002468,0.7268675242608892,高量能派,交通运输,True
2021-01-04,2021-12-31,long,2470,135.16,2021年牛股 002470,2021,002470,0.48,中间派,基础化工,False
2015-01-05,2015-12-31,long,2471,129.44,2015年牛股 002471,2015,002471,0.832,高量能派,电力设备,True
2025-01-02,2025-12-31,long,2471,193.77,2025年牛股 002471,2025,002471,0.832,高量能派,电力设备,True
2015-01-05,2015-12-31,long,2472,123.52,2015年牛股 002472,2015,002472,0.786,高量能派,汽车,True
2021-01-04,2021-12-31,long,2472,283.14,2021年牛股 002472,2021,002472,0.786,高量能派,汽车,False
2015-01-05,2015-12-31,long,2474,127.56,2015年牛股 002474,2015,002474,0.734,高量能派,计算机,True
2019-01-02,2019-12-31,long,2475,238.14,2019年牛股 002475,2019,002475,0.714,高量能派,电子,True
2020-01-02,2020-12-31,long,2475,100.33,2020年牛股 002475,2020,002475,0.714,高量能派,电子,True
2019-01-02,2019-12-31,long,2481,183.52,2019年牛股 002481,2019,002481,0.01,缩量派,农林牧渔,True
2021-01-04,2021-12-31,long,2484,162.69,2021年牛股 002484,2021,002484,0.33999999999999997,缩量派,电子,False
2015-01-05,2015-12-31,long,2487,139.83,2015年牛股 002487,2015,002487,1.0,高量能派,电力设备,True
2021-01-04,2021-12-31,long,2487,326.82,2021年牛股 002487,2021,002487,1.0,高量能派,电力设备,False
2025-01-02,2025-12-31,long,2487,154.51,2025年牛股 002487,2025,002487,1.0,高量能派,电力设备,True
2014-01-02,2014-12-31,long,2488,145.75,2014年牛股 002488,2014,002488,0.9881403746332657,高量能派,汽车,False
2015-01-05,2015-12-31,long,2488,211.53,2015年牛股 002488,2015,002488,0.9881403746332657,高量能派,汽车,True
2015-01-05,2015-12-31,long,2489,270.63,2015年牛股 002489,2015,002489,0.784,高量能派,轻工制造,True
2025-01-02,2025-12-31,long,2490,133.81,2025年牛股 002490,2025,002490,0.362,缩量派,机械设备,True
2015-01-05,2015-12-31,long,2491,183.78,2015年牛股 002491,2015,002491,0.93,高量能派,通信,True
2015-01-05,2015-12-31,long,2493,156.44,2015年牛股 002493,2015,002493,0.862,高量能派,石油石化,True
2020-01-02,2020-12-31,long,2493,125.1,2020年牛股 002493,2020,002493,0.862,高量能派,石油石化,True
2015-01-05,2015-12-31,long,2494,289.81,2015年牛股 002494,2015,002494,0.646,高量能派,纺织服饰,True
2014-01-02,2014-12-31,long,2495,168.82,2014年牛股 002495,2014,002495,0.9747177947829029,高量能派,食品饮料,False
2020-01-02,2020-12-31,long,2497,182.86,2020年牛股 002497,2020,002497,0.448,中间派,基础化工,True
2025-01-02,2025-12-31,long,2497,112.21,2025年牛股 002497,2025,002497,0.448,中间派,基础化工,True
2015-01-05,2015-12-31,long,2498,186.7,2015年牛股 002498,2015,002498,0.628,高量能派,电力设备,True
2014-01-02,2014-12-31,long,2500,134.49,2014年牛股 002500,2014,002500,0.5790788538953351,中间派,非银金融,False
2015-08-12,2015-12-31,long,2506,1517.19,2015年牛股 002506,2015,002506,0.524604746707751,中间派,电力设备,True
2015-01-05,2015-12-31,long,2508,108.67,2015年牛股 002508,2015,002508,1.0,高量能派,家用电器,True
2015-01-05,2015-12-31,long,2510,102.86,2015年牛股 002510,2015,002510,0.452,中间派,汽车,True
2015-01-05,2015-12-31,long,2515,130.62,2015年牛股 002515,2015,002515,0.612,高量能派,食品饮料,True
2015-04-17,2015-12-31,long,2517,320.26,2015年牛股 002517,2015,002517,0.718,高量能派,传媒,True
2015-01-05,2015-12-31,long,2518,121.64,2015年牛股 002518,2015,002518,0.43,中间派,电力设备,True
2021-01-04,2021-12-31,long,2518,117.36,2021年牛股 002518,2021,002518,0.43,中间派,电力设备,False
2022-01-04,2022-12-30,long,2518,132.02,2022年牛股 002518,2022,002518,0.43,中间派,电力设备,False
2025-01-02,2025-12-31,long,2518,117.63,2025年牛股 002518,2025,002518,0.43,中间派,电力设备,True
2015-01-05,2015-12-31,long,2519,158.15,2015年牛股 002519,2015,002519,0.36,缩量派,国防军工,True
2014-01-02,2014-12-31,long,2522,216.37,2014年牛股 002522,2014,002522,0.4048876832286312,中间派,基础化工,False
2019-01-02,2019-12-31,long,2524,127.02,2019年牛股 002524,2019,002524,0.5780000000000001,中间派,医药生物,True
2015-01-05,2015-12-31,long,2527,102.42,2015年牛股 002527,2015,002527,0.92,高量能派,机械设备,True
2025-01-02,2025-12-31,long,2527,102.05,2025年牛股 002527,2025,002527,0.92,高量能派,机械设备,True
2015-02-03,2015-12-31,long,2529,113.73,2015年牛股 002529,2015,002529,0.7,高量能派,机械设备,True
2021-01-04,2021-12-31,long,2529,306.75,2021年牛股 002529,2021,002529,0.7,高量能派,机械设备,False
2015-01-05,2015-06-05,long,2530,209.24,2015年牛股 002530,2015,002530,0.842,高量能派,机械设备,True
2021-01-04,2021-12-31,long,2531,134.32,2021年牛股 002531,2021,002531,0.698,高量能派,电力设备,False
2025-01-02,2025-12-31,long,2532,113.61,2025年牛股 002532,2025,002532,0.502,中间派,有色金属,True
2021-01-04,2021-12-31,long,2534,253.64,2021年牛股 002534,2021,002534,0.8200000000000001,高量能派,电力设备,False
2015-01-05,2015-12-31,long,2536,155.06,2015年牛股 002536,2015,002536,0.548,中间派,汽车,True
2025-01-02,2025-12-31,long,2536,161.99,2025年牛股 002536,2025,002536,0.548,中间派,汽车,True
2015-01-05,2015-08-14,long,2537,109.89,2015年牛股 002537,2015,002537,0.728,高量能派,汽车,True
2014-01-02,2014-12-31,long,2539,104.46,2014年牛股 002539,2014,002539,0.9240013540961408,高量能派,基础化工,False
2015-01-05,2015-12-31,long,2539,131.27,2015年牛股 002539,2015,002539,0.9240013540961408,高量能派,基础化工,True
2020-01-02,2020-12-31,long,2541,246.78,2020年牛股 002541,2020,002541,0.83,高量能派,建筑装饰,True
2014-01-02,2014-12-31,long,2544,277.39,2014年牛股 002544,2014,002544,0.17819905213270143,缩量派,通信,False
2015-01-05,2015-12-31,long,2545,126.11,2015年牛股 002545,2015,002545,0.764,高量能派,基础化工,True
2025-01-02,2025-12-31,long,2545,170.96,2025年牛股 002545,2025,002545,0.764,高量能派,基础化工,True
2015-01-05,2015-12-31,long,2546,155.86,2015年牛股 002546,2015,002546,0.62,高量能派,电力设备,True
2021-01-04,2021-12-31,long,2549,117.87,2021年牛股 002549,2021,002549,1.0,高量能派,基础化工,False
2025-01-02,2025-12-31,long,2549,246.32,2025年牛股 002549,2025,002549,1.0,高量能派,基础化工,True
2015-01-05,2015-12-31,long,2550,118.32,2015年牛股 002550,2015,002550,0.61,高量能派,医药生物,True
2019-01-02,2019-12-31,long,2552,392.6,2019年牛股 002552,2019,002552,0.778,高量能派,电子,True
2015-01-06,2015-12-31,long,2553,140.93,2015年牛股 002553,2015,002553,0.52,中间派,汽车,True
2025-01-02,2025-12-31,long,2553,113.35,2025年牛股 002553,2025,002553,0.52,中间派,汽车,True
2015-01-05,2015-12-31,long,2555,208.89,2015年牛股 002555,2015,002555,0.442,中间派,传媒,True
2019-01-02,2019-12-31,long,2555,190.92,2019年牛股 002555,2019,002555,0.442,中间派,传媒,True
2015-11-11,2015-12-31,long,2558,412.28,2015年牛股 002558,2015,002558,0.6839999999999999,高量能派,传媒,True
2025-01-02,2025-12-31,long,2558,245.78,2025年牛股 002558,2025,002558,0.6839999999999999,高量能派,传媒,True
2015-01-05,2015-12-31,long,2560,141.63,2015年牛股 002560,2015,002560,0.796,高量能派,电力设备,True
2015-01-05,2015-12-31,long,2562,136.1,2015年牛股 002562,2015,002562,0.6859999999999999,高量能派,基础化工,True
2019-01-02,2019-12-31,long,2565,154.25,2019年牛股 002565,2019,002565,0.276,缩量派,轻工制造,True
2025-01-02,2025-12-31,long,2565,506.95,2025年牛股 002565,2025,002565,0.276,缩量派,轻工制造,True
2014-01-02,2014-12-31,long,2568,179.04,2014年牛股 002568,2014,002568,0.1816154399019152,缩量派,食品饮料,False
2015-01-05,2015-12-18,long,2568,112.02,2015年牛股 002568,2015,002568,0.1816154399019152,缩量派,食品饮料,True
2019-01-02,2019-12-31,long,2568,192.99,2019年牛股 002568,2019,002568,0.1816154399019152,缩量派,食品饮料,True
2020-01-02,2020-12-31,long,2568,300.96,2020年牛股 002568,2020,002568,0.1816154399019152,缩量派,食品饮料,True
2025-01-02,2025-12-31,long,2571,186.83,2025年牛股 002571,2025,002571,0.582,中间派,轻工制造,True
2015-01-05,2015-12-31,long,2572,103.26,2015年牛股 002572,2015,002572,0.992,高量能派,轻工制造,True
2015-01-05,2015-12-31,long,2574,108.2,2015年牛股 002574,2015,002574,0.836,高量能派,纺织服饰,True
2015-01-05,2015-05-29,long,2575,203.85,2015年牛股 002575,2015,002575,0.096,缩量派,综合,True
2014-01-02,2014-12-31,long,2576,149.65,2014年牛股 002576,2014,002576,0.9792306707629288,高量能派,电力设备,False
2015-01-09,2015-12-31,long,2577,109.52,2015年牛股 002577,2015,002577,0.21000000000000002,缩量派,计算机,True
2015-01-05,2015-12-31,long,2580,108.97,2015年牛股 002580,2015,002580,0.5800000000000001,中间派,电力设备,True
2016-02-24,2016-12-30,long,2582,125.39,2016年牛股 002582,2016,002582,0.848,高量能派,食品饮料,False
2015-01-05,2015-12-31,long,2583,172.73,2015年牛股 002583,2015,002583,0.964,高量能派,通信,True
2024-01-02,2024-12-31,long,2583,138.82,2024年牛股 002583,2024,002583,0.964,高量能派,通信,True
2015-01-05,2015-12-31,long,2584,199.24,2015年牛股 002584,2015,002584,0.596,中间派,电子,True
2020-01-02,2020-12-31,long,2585,120.56,2020年牛股 002585,2020,002585,0.10400000000000001,缩量派,基础化工,True
2021-01-04,2021-12-31,long,2585,172.56,2021年牛股 002585,2021,002585,0.10400000000000001,缩量派,基础化工,False
2015-01-05,2015-12-31,long,2587,105.0,2015年牛股 002587,2015,002587,0.9,高量能派,电子,True
2015-01-05,2015-12-31,long,2589,122.32,2015年牛股 002589,2015,002589,1.0,高量能派,医药生物,True
2015-01-05,2015-12-31,long,2590,312.81,2015年牛股 002590,2015,002590,0.506,中间派,汽车,True
2015-01-05,2015-12-31,long,2591,117.44,2015年牛股 002591,2015,002591,0.888,高量能派,基础化工,True
2015-01-05,2015-12-31,long,2593,172.68,2015年牛股 002593,2015,002593,0.86,高量能派,建筑装饰,True
2020-01-02,2020-12-31,long,2594,307.94,2020年牛股 002594,2020,002594,0.278,缩量派,汽车,True
2015-01-05,2015-12-31,long,2596,293.75,2015年牛股 002596,2015,002596,0.842,高量能派,建筑材料,True
2015-01-05,2015-12-31,long,2599,184.13,2015年牛股 002599,2015,002599,0.194,缩量派,轻工制造,True
2015-01-05,2015-12-31,long,2600,118.88,2015年牛股 002600,2015,002600,0.866,高量能派,电子,True
2019-01-02,2019-12-31,long,2600,333.19,2019年牛股 002600,2019,002600,0.866,高量能派,电子,True
2020-01-02,2020-12-31,long,2601,111.81,2020年牛股 002601,2020,002601,0.798,高量能派,基础化工,True
2014-01-22,2014-12-04,long,2602,264.66,2014年牛股 002602,2014,002602,0.9067617866004962,高量能派,传媒,False
2015-12-08,2015-12-31,long,2602,156.97,2015年牛股 002602,2015,002602,0.9067617866004962,高量能派,传媒,True
2025-01-02,2025-12-31,long,2602,231.84,2025年牛股 002602,2025,002602,0.9067617866004962,高量能派,传媒,True
2020-01-02,2020-12-31,long,2603,106.62,2020年牛股 002603,2020,002603,0.634,高量能派,医药生物,True
2019-01-02,2019-12-31,long,2605,161.37,2019年牛股 002605,2019,002605,0.976,高量能派,传媒,True
2016-01-04,2016-12-30,long,2606,168.78,2016年牛股 002606,2016,002606,0.33999999999999997,缩量派,电力设备,False
2015-01-05,2015-12-31,long,2607,147.68,2015年牛股 002607,2015,002607,0.638,高量能派,社会服务,True
2019-01-02,2019-12-31,long,2607,166.22,2019年牛股 002607,2019,002607,0.638,高量能派,社会服务,True
2015-01-05,2015-12-31,long,2609,147.05,2015年牛股 002609,2015,002609,0.64,高量能派,计算机,True
2014-01-02,2014-12-31,long,2611,165.13,2014年牛股 002611,2014,002611,0.4935064935064935,中间派,机械设备,False
2015-01-05,2015-12-22,long,2612,228.11,2015年牛股 002612,2015,002612,0.79,高量能派,纺织服饰,True
2020-01-02,2020-12-31,long,2612,157.16,2020年牛股 002612,2020,002612,0.79,高量能派,纺织服饰,True
2015-01-05,2015-12-31,long,2614,110.12,2015年牛股 002614,2015,002614,0.842,高量能派,家用电器,True
2015-01-05,2015-12-31,long,2616,112.81,2015年牛股 002616,2015,002616,0.792,高量能派,公用事业,True
2014-01-02,2014-12-31,long,2622,113.64,2014年牛股 002622,2014,002622,0.929763941906893,高量能派,医药生物,False
2015-01-05,2015-07-01,long,2622,144.49,2015年牛股 002622,2015,002622,0.929763941906893,高量能派,医药生物,True
2015-01-05,2015-12-31,long,2623,118.3,2015年牛股 002623,2015,002623,0.7,高量能派,电力设备,True
2014-01-02,2014-12-31,long,2624,141.88,2014年牛股 002624,2014,002624,0.964409185612565,高量能派,传媒,False
2015-03-26,2015-12-31,long,2625,585.12,2015年牛股 002625,2015,002625,0.436,中间派,国防军工,True
2020-01-02,2020-12-31,long,2625,143.16,2020年牛股 002625,2020,002625,0.436,中间派,国防军工,True
2024-01-02,2024-12-31,long,2625,226.09,2024年牛股 002625,2024,002625,0.436,中间派,国防军工,True
2014-01-02,2014-12-31,long,2626,151.2,2014年牛股 002626,2014,002626,0.09034078086210788,缩量派,食品饮料,False
2015-01-05,2015-12-31,long,2627,106.25,2015年牛股 002627,2015,002627,0.706,高量能派,社会服务,True
2015-01-05,2015-12-31,long,2629,167.11,2015年牛股 002629,2015,002629,0.574,中间派,石油石化,True
2021-01-04,2021-12-31,long,2629,131.82,2021年牛股 002629,2021,002629,0.574,中间派,石油石化,False
2015-01-05,2015-11-26,long,2631,415.16,2015年牛股 002631,2015,002631,0.8180000000000001,高量能派,轻工制造,True
2015-01-05,2015-12-31,long,2632,214.77,2015年牛股 002632,2015,002632,0.23,缩量派,基础化工,True
2014-01-02,2014-12-31,long,2633,133.95,2014年牛股 002633,2014,002633,0.34323025898648973,缩量派,机械设备,False
2015-01-05,2015-12-31,long,2635,107.29,2015年牛股 002635,2015,002635,0.252,缩量派,电子,True
2015-01-05,2015-12-31,long,2636,399.77,2015年牛股 002636,2015,002636,0.324,缩量派,电子,True
2025-01-02,2025-12-31,long,2636,118.19,2025年牛股 002636,2025,002636,0.324,缩量派,电子,True
2015-01-05,2015-12-31,long,2639,108.7,2015年牛股 002639,2015,002639,0.628,高量能派,机械设备,True
2021-01-04,2021-12-31,long,2639,124.96,2021年牛股 002639,2021,002639,0.628,高量能派,机械设备,False
2025-01-02,2025-12-31,long,2639,171.53,2025年牛股 002639,2025,002639,0.628,高量能派,机械设备,True
2015-01-05,2015-12-31,long,2640,244.44,2015年牛股 002640,2015,002640,0.432,中间派,商贸零售,True
2015-01-05,2015-12-31,long,2641,112.26,2015年牛股 002641,2015,002641,0.926,高量能派,建筑材料,True
2015-01-05,2015-12-31,long,2642,107.15,2015年牛股 002642,2015,002642,0.756,高量能派,计算机,True
2015-01-05,2015-12-31,long,2643,162.45,2015年牛股 002643,2015,002643,0.796,高量能派,电子,True
2015-01-05,2015-12-31,long,2644,103.88,2015年牛股 002644,2015,002644,0.558,中间派,医药生物,True
2021-01-04,2021-12-31,long,2645,170.44,2021年牛股 002645,2021,002645,0.896,高量能派,环保,False
2025-01-02,2025-12-31,long,2645,114.64,2025年牛股 002645,2025,002645,0.896,高量能派,环保,True
2015-01-23,2015-11-16,long,2647,183.45,2015年牛股 002647,2015,002647,0.346,缩量派,非银金融,True
2016-08-08,2016-12-30,long,2647,182.24,2016年牛股 002647,2016,002647,0.346,缩量派,非银金融,False
2021-01-04,2021-12-31,long,2648,115.27,2021年牛股 002648,2021,002648,0.25,缩量派,基础化工,False
2020-01-02,2020-12-31,long,2651,140.35,2020年牛股 002651,2020,002651,0.20400000000000001,缩量派,国防军工,True
2015-01-05,2015-12-31,long,2654,238.42,2015年牛股 002654,2015,002654,0.334,缩量派,电子,True
2023-01-03,2023-12-29,long,2654,146.72,2023年牛股 002654,2023,002654,0.334,缩量派,电子,False
2015-01-05,2015-12-31,long,2655,186.27,2015年牛股 002655,2015,002655,0.266,缩量派,电子,True
2019-01-02,2019-12-31,long,2655,105.1,2019年牛股 002655,2019,002655,0.266,缩量派,电子,True
2021-01-04,2021-12-31,long,2655,146.66,2021年牛股 002655,2021,002655,0.266,缩量派,电子,False
2025-01-14,2025-12-31,long,2656,113.64,2025年牛股 002656,2025,002656,1.0,高量能派,纺织服饰,True
2014-01-02,2014-12-31,long,2657,162.31,2014年牛股 002657,2014,002657,0.5320807944030692,中间派,计算机,False
2015-01-05,2015-12-31,long,2657,237.07,2015年牛股 002657,2015,002657,0.5320807944030692,中间派,计算机,True
2015-01-05,2015-12-31,long,2658,117.74,2015年牛股 002658,2015,002658,0.962,高量能派,环保,True
2014-01-02,2014-11-24,long,2659,102.43,2014年牛股 002659,2014,002659,0.5036562246095513,中间派,社会服务,False
2015-05-13,2015-12-31,long,2659,133.97,2015年牛股 002659,2015,002659,0.5036562246095513,中间派,社会服务,True
2015-01-05,2015-12-29,long,2664,125.67,2015年牛股 002664,2015,002664,0.984,高量能派,汽车,True
2015-01-05,2015-12-31,long,2666,103.7,2015年牛股 002666,2015,002666,0.706,高量能派,基础化工,True
2015-01-05,2015-12-31,long,2668,315.93,2015年牛股 002668,2015,002668,0.538,中间派,家用电器,True
2015-01-05,2015-12-31,long,2669,127.44,2015年牛股 002669,2015,002669,0.23,缩量派,基础化工,True
2015-01-05,2015-12-31,long,2670,169.07,2015年牛股 002670,2015,002670,0.46799999999999997,中间派,非银金融,True
2014-01-02,2014-12-31,long,2673,185.38,2014年牛股 002673,2014,002673,0.3332955190017016,缩量派,非银金融,False
2015-04-23,2015-12-31,long,2675,132.3,2015年牛股 002675,2015,002675,0.478,中间派,医药生物,True
2019-01-02,2019-12-31,long,2675,105.62,2019年牛股 002675,2019,002675,0.478,中间派,医药生物,True
2015-01-05,2015-12-31,long,2676,152.37,2015年牛股 002676,2015,002676,0.824,高量能派,家用电器,True
2015-01-05,2015-12-31,long,2681,187.5,2015年牛股 002681,2015,002681,0.29,缩量派,电子,True
2015-01-05,2015-12-31,long,2682,153.74,2015年牛股 002682,2015,002682,0.566,中间派,交通运输,True
2025-01-02,2025-12-31,long,2682,102.6,2025年牛股 002682,2025,002682,0.566,中间派,交通运输,True
2019-01-02,2019-12-31,long,2683,132.33,2019年牛股 002683,2019,002683,0.29200000000000004,缩量派,基础化工,True
2015-01-05,2015-12-31,long,2685,110.42,2015年牛股 002685,2015,002685,0.986,高量能派,机械设备,True
2015-01-05,2015-12-31,long,2686,110.42,2015年牛股 002686,2015,002686,0.702,高量能派,机械设备,True
2015-01-05,2015-12-31,long,2687,156.79,2015年牛股 002687,2015,002687,0.434,中间派,纺织服饰,True
2015-01-05,2015-12-31,long,2690,127.11,2015年牛股 002690,2015,002690,1.0,高量能派,机械设备,True
2024-01-02,2024-12-31,long,2693,144.07,2024年牛股 002693,2024,002693,0.946,高量能派,医药生物,True
2016-01-04,2016-12-30,long,2695,205.92,2016年牛股 002695,2016,002695,0.942,高量能派,食品饮料,False
2015-01-05,2015-12-01,long,2696,115.64,2015年牛股 002696,2015,002696,0.714,高量能派,农林牧渔,True
2015-01-05,2015-12-25,long,2698,104.24,2015年牛股 002698,2015,002698,0.792,高量能派,机械设备,True
2024-01-02,2024-12-31,long,2700,106.71,2024年牛股 002700,2024,002700,0.786,高量能派,公用事业,True
2015-01-05,2015-12-31,long,2701,124.33,2015年牛股 002701,2015,002701,0.856,高量能派,轻工制造,True
2015-01-05,2015-12-31,long,2702,220.71,2015年牛股 002702,2015,002702,0.604,高量能派,食品饮料,True
2020-01-02,2020-12-31,long,2702,101.94,2020年牛股 002702,2020,002702,0.604,高量能派,食品饮料,True
2020-01-02,2020-12-31,long,2705,159.4,2020年牛股 002705,2020,002705,0.772,高量能派,家用电器,True
2020-01-02,2020-12-31,long,2706,272.16,2020年牛股 002706,2020,002706,0.46799999999999997,中间派,电力设备,True
2015-01-05,2015-11-13,long,2707,163.03,2015年牛股 002707,2015,002707,0.1946355446355446,缩量派,社会服务,True
2015-01-05,2015-12-31,long,2708,117.46,2015年牛股 002708,2015,002708,0.5148366013071896,中间派,汽车,True
2015-01-05,2015-12-31,long,2709,162.39,2015年牛股 002709,2015,002709,0.021298289339526454,缩量派,电力设备,True
2020-01-02,2020-12-31,long,2709,402.59,2020年牛股 002709,2020,002709,0.021298289339526454,缩量派,电力设备,True
2025-01-02,2025-12-31,long,2709,136.24,2025年牛股 002709,2025,002709,0.021298289339526454,缩量派,电力设备,True
2015-01-05,2015-12-31,long,2712,178.85,2015年牛股 002712,2015,002712,0.794607843137255,高量能派,传媒,True
2025-01-02,2025-12-31,long,2713,201.34,2025年牛股 002713,2025,002713,0.978,高量能派,建筑装饰,True
2015-01-05,2015-12-31,long,2714,114.55,2015年牛股 002714,2015,002714,0.6759472901604882,高量能派,农林牧渔,True
2017-01-03,2017-12-29,long,2714,132.34,2017年牛股 002714,2017,002714,0.6759472901604882,高量能派,农林牧渔,False
2019-01-02,2019-12-31,long,2714,209.02,2019年牛股 002714,2019,002714,0.6759472901604882,高量能派,农林牧渔,True
2025-01-02,2025-12-31,long,2716,104.13,2025年牛股 002716,2025,002716,0.764,高量能派,有色金属,True
2025-01-02,2025-12-31,long,2718,193.87,2025年牛股 002718,2025,002718,0.99,高量能派,建筑材料,True
2015-01-05,2015-12-31,long,2721,330.37,2015年牛股 002721,2015,002721,0.008510792409097495,缩量派,纺织服饰,True
2021-01-04,2021-12-31,long,2724,123.98,2021年牛股 002724,2021,002724,0.98,高量能派,家用电器,False
2025-01-02,2025-12-31,long,2734,102.88,2025年牛股 002734,2025,002734,0.974,高量能派,基础化工,True
2020-01-02,2020-12-31,long,2747,164.87,2020年牛股 002747,2020,002747,0.7,高量能派,机械设备,True
2020-01-02,2020-12-31,long,2756,210.44,2020年牛股 002756,2020,002756,0.754,高量能派,有色金属,True
2021-01-04,2021-12-31,long,2756,174.4,2021年牛股 002756,2021,002756,0.754,高量能派,有色金属,False
2022-01-04,2022-12-30,long,2761,182.71,2022年牛股 002761,2022,002761,0.306,缩量派,建筑装饰,False
2025-01-02,2025-12-31,long,2768,130.83,2025年牛股 002768,2025,002768,1.0,高量能派,基础化工,True
2023-01-03,2023-12-29,long,2771,122.69,2023年牛股 002771,2023,002771,0.804,高量能派,计算机,False
2025-01-02,2025-12-31,long,2772,105.06,2025年牛股 002772,2025,002772,0.896,高量能派,农林牧渔,True
2024-01-02,2024-12-31,long,2779,174.9,2024年牛股 002779,2024,002779,0.66,高量能派,机械设备,True
2025-01-02,2025-12-31,long,2779,134.08,2025年牛股 002779,2025,002779,0.66,高量能派,机械设备,True
2025-01-02,2025-12-31,long,2788,168.73,2025年牛股 002788,2025,002788,0.708,高量能派,医药生物,True
2019-01-02,2019-12-31,long,2791,211.37,2019年牛股 002791,2019,002791,0.632,高量能派,建筑材料,True
2020-01-02,2020-12-31,long,2791,373.07,2020年牛股 002791,2020,002791,0.632,高量能派,建筑材料,True
2025-01-02,2025-12-31,long,2792,187.53,2025年牛股 002792,2025,002792,0.786,高量能派,通信,True
2019-01-02,2019-12-31,long,2793,130.4,2019年牛股 002793,2019,002793,0.33999999999999997,缩量派,医药生物,True
2025-01-02,2025-12-31,long,2796,147.15,2025年牛股 002796,2025,002796,0.962,高量能派,通信,True
2020-01-02,2020-12-31,long,2803,107.42,2020年牛股 002803,2020,002803,0.224,缩量派,商贸零售,True
2021-01-04,2021-12-31,long,2805,131.2,2021年牛股 002805,2021,002805,0.858,高量能派,电力设备,False
2021-01-04,2021-12-31,long,2810,204.33,2021年牛股 002810,2021,002810,0.29200000000000004,缩量派,基础化工,False
2020-01-02,2020-12-31,long,2812,181.35,2020年牛股 002812,2020,002812,0.95,高量能派,电力设备,True
2020-01-02,2020-12-31,long,2821,131.48,2020年牛股 002821,2020,002821,0.858,高量能派,医药生物,True
2021-01-04,2021-12-31,long,2824,187.19,2021年牛股 002824,2021,002824,0.848,高量能派,有色金属,False
2021-01-04,2021-12-31,long,2837,135.82,2021年牛股 002837,2021,002837,0.092,缩量派,机械设备,False
2025-01-02,2025-12-31,long,2837,246.14,2025年牛股 002837,2025,002837,0.092,缩量派,机械设备,True
2020-01-02,2020-12-31,long,2838,143.77,2020年牛股 002838,2020,002838,0.846,高量能派,基础化工,True
2025-01-02,2025-12-31,long,2838,105.47,2025年牛股 002838,2025,002838,0.846,高量能派,基础化工,True
2025-01-02,2025-12-31,long,2842,132.79,2025年牛股 002842,2025,002842,0.848,高量能派,有色金属,True
2022-01-04,2022-12-30,long,2843,102.03,2022年牛股 002843,2022,002843,0.638,高量能派,机械设备,False
2020-01-02,2020-12-31,long,2847,208.21,2020年牛股 002847,2020,002847,0.204,缩量派,食品饮料,True
2019-01-02,2019-12-31,long,2850,149.16,2019年牛股 002850,2019,002850,0.748,高量能派,电力设备,True
2020-01-02,2020-12-31,long,2850,107.33,2020年牛股 002850,2020,002850,0.748,高量能派,电力设备,True
2024-01-02,2024-12-31,long,2851,152.07,2024年牛股 002851,2024,002851,0.476,中间派,电力设备,True
2023-01-03,2023-12-29,long,2855,377.28,2023年牛股 002855,2023,002855,0.77,高量能派,电子,False
2021-01-04,2021-12-31,long,2865,291.79,2021年牛股 002865,2021,002865,0.836,高量能派,电力设备,False
2022-01-04,2022-12-30,long,2865,164.42,2022年牛股 002865,2022,002865,0.836,高量能派,电力设备,False
2022-01-04,2022-12-30,long,2866,266.75,2022年牛股 002866,2022,002866,0.152,缩量派,电子,False
2022-01-04,2022-12-30,long,2868,381.32,2022年牛股 002868,2022,002868,0.4,中间派,农林牧渔,False
2019-01-02,2019-12-31,long,2869,313.84,2019年牛股 002869,2019,002869,0.582,中间派,计算机,True
2022-01-04,2022-12-30,long,2875,186.33,2022年牛股 002875,2022,002875,0.406,中间派,纺织服饰,False
2021-01-04,2021-12-31,long,2881,116.43,2021年牛股 002881,2021,002881,0.34199999999999997,缩量派,通信,False
2021-01-04,2021-12-31,long,2886,124.21,2021年牛股 002886,2021,002886,0.012,缩量派,基础化工,False
2023-01-03,2023-12-29,long,2888,101.65,2023年牛股 002888,2023,002888,0.654,高量能派,电子,False
2020-01-02,2020-12-31,long,2891,109.58,2020年牛股 002891,2020,002891,0.918,高量能派,农林牧渔,True
2021-01-04,2021-12-31,long,2892,101.49,2021年牛股 002892,2021,002892,0.04,缩量派,电力设备,False
2023-01-03,2023-12-29,long,2892,107.91,2023年牛股 002892,2023,002892,0.04,缩量派,电力设备,False
2021-01-04,2021-12-31,long,2895,123.82,2021年牛股 002895,2021,002895,0.156,缩量派,基础化工,False
2025-01-02,2025-12-31,long,2896,203.54,2025年牛股 002896,2025,002896,1.0,高量能派,机械设备,True
2021-01-04,2021-12-31,long,2897,112.12,2021年牛股 002897,2021,002897,0.026000000000000002,缩量派,通信,False
2021-01-04,2021-12-31,long,2900,125.72,2021年牛股 002900,2021,002900,0.5680000000000001,中间派,医药生物,False
2019-01-02,2019-12-31,long,2901,102.97,2019年牛股 002901,2019,002901,0.304,缩量派,医药生物,True
2020-01-02,2020-12-31,long,2906,128.69,2020年牛股 002906,2020,002906,0.976,高量能派,汽车,True
2021-01-04,2021-12-31,long,2906,105.3,2021年牛股 002906,2021,002906,0.976,高量能派,汽车,False
2019-01-02,2019-12-31,long,2916,114.14,2019年牛股 002916,2019,002916,0.017518939393939392,缩量派,电子,True
2025-01-02,2025-12-31,long,2916,145.0,2025年牛股 002916,2025,002916,0.017518939393939392,缩量派,电子,True
2019-01-02,2019-12-31,long,2918,108.28,2019年牛股 002918,2019,002918,0.1514781746031746,缩量派,轻工制造,True
2020-01-02,2020-12-31,long,2919,151.94,2020年牛股 002919,2020,002919,0.384,缩量派,传媒,True
2020-01-02,2020-12-31,long,2920,178.57,2020年牛股 002920,2020,002920,0.608,高量能派,计算机,True
2021-01-04,2021-12-31,long,2922,160.28,2021年牛股 002922,2021,002922,0.78,高量能派,电子,False
2025-01-02,2025-12-31,long,2940,155.75,2025年牛股 002940,2025,002940,0.834,高量能派,医药生物,True
2021-01-04,2021-12-31,long,2943,210.12,2021年牛股 002943,2021,002943,0.018000000000000002,缩量派,机械设备,False
2025-01-02,2025-12-31,long,2951,130.29,2025年牛股 002951,2025,002951,0.322,缩量派,电力设备,True
2023-01-03,2023-12-29,long,2952,164.88,2023年牛股 002952,2023,002952,0.162,缩量派,电子,False
2020-01-02,2020-12-31,long,2959,113.99,2020年牛股 002959,2020,002959,0.30228365384615385,缩量派,家用电器,True
2023-01-03,2023-12-29,long,2962,133.74,2023年牛股 002962,2023,002962,0.822,高量能派,电子,False
2022-01-04,2022-12-30,long,2965,131.72,2022年牛股 002965,2022,002965,0.914,高量能派,汽车,False
2025-01-02,2025-12-31,long,2969,311.04,2025年牛股 002969,2025,002969,0.696,高量能派,轻工制造,True
2025-01-02,2025-12-31,long,2975,153.81,2025年牛股 002975,2025,002975,0.876,高量能派,机械设备,True
2025-01-02,2025-12-31,long,2987,114.81,2025年牛股 002987,2025,002987,0.756,高量能派,计算机,True
2022-01-04,2022-12-30,long,2992,313.56,2022年牛股 002992,2022,002992,0.752,高量能派,电子,False
2024-01-02,2024-12-31,long,3001,156.28,2024年牛股 003001,2024,003001,0.366,缩量派,建筑装饰,True
2025-01-02,2025-12-31,long,3009,101.64,2025年牛股 003009,2025,003009,0.748,高量能派,国防军工,True
2025-01-02,2025-12-31,long,3010,146.19,2025年牛股 003010,2025,003010,0.88,高量能派,商贸零售,True
2025-01-02,2025-12-31,long,3033,196.24,2025年牛股 003033,2025,003033,0.994,高量能派,汽车,True
2025-01-02,2025-12-31,long,3041,108.96,2025年牛股 003041,2025,003041,0.972,高量能派,纺织服饰,True
2015-01-05,2015-12-31,long,300001,243.78,2015年牛股 300001,2015,300001,0.874,高量能派,电力设备,True
2023-01-03,2023-12-29,long,300002,104.49,2023年牛股 300002,2023,300002,0.074,缩量派,传媒,False
2015-01-05,2015-12-31,long,300007,142.06,2015年牛股 300007,2015,300007,0.59,中间派,机械设备,True
2025-01-02,2025-12-31,long,300007,162.45,2025年牛股 300007,2025,300007,0.59,中间派,机械设备,True
2015-01-05,2015-12-31,long,300008,124.57,2015年牛股 300008,2015,300008,0.866,高量能派,国防军工,True
2015-03-18,2015-12-31,long,300009,217.8,2015年牛股 300009,2015,300009,0.158,缩量派,医药生物,True
2014-01-02,2014-11-21,long,300011,104.18,2014年牛股 300011,2014,300011,0.5555244285073958,中间派,机械设备,False
2019-01-02,2019-12-31,long,300012,128.71,2019年牛股 300012,2019,300012,0.528,中间派,社会服务,True
2015-01-05,2015-12-31,long,300014,136.78,2015年牛股 300014,2015,300014,0.55,中间派,电力设备,True
2019-01-02,2019-12-31,long,300014,219.22,2019年牛股 300014,2019,300014,0.55,中间派,电力设备,True
2020-01-02,2020-12-31,long,300014,209.56,2020年牛股 300014,2020,300014,0.55,中间派,电力设备,True
2020-01-02,2020-12-31,long,300015,146.81,2020年牛股 300015,2020,300015,0.966,高量能派,医药生物,True
2015-01-05,2015-12-31,long,300016,139.47,2015年牛股 300016,2015,300016,0.35,缩量派,医药生物,True
2015-01-05,2015-12-31,long,300017,174.09,2015年牛股 300017,2015,300017,0.99,高量能派,计算机,True
2015-03-26,2015-12-31,long,300018,167.31,2015年牛股 300018,2015,300018,0.75,高量能派,电力设备,True
2023-01-03,2023-12-29,long,300025,101.89,2023年牛股 300025,2023,300025,0.41200000000000003,中间派,通信,False
2015-01-05,2015-12-31,long,300031,300.82,2015年牛股 300031,2015,300031,0.598,中间派,传媒,True
2015-01-05,2015-12-31,long,300032,229.2,2015年牛股 300032,2015,300032,0.712,高量能派,电子,True
2014-01-02,2014-12-31,long,300033,282.51,2014年牛股 300033,2014,300033,0.1235387045813586,缩量派,计算机,False
2015-01-05,2015-12-31,long,300033,213.5,2015年牛股 300033,2015,300033,0.1235387045813586,缩量派,计算机,True
2019-01-02,2019-12-31,long,300033,187.16,2019年牛股 300033,2019,300033,0.1235387045813586,缩量派,计算机,True
2020-01-02,2020-12-31,long,300034,126.69,2020年牛股 300034,2020,300034,0.052,缩量派,国防军工,True
2021-01-04,2021-12-31,long,300035,148.07,2021年牛股 300035,2021,300035,0.274,缩量派,电力设备,False
2015-01-05,2015-10-29,long,300036,180.39,2015年牛股 300036,2015,300036,0.74,高量能派,计算机,True
2015-01-05,2015-12-31,long,300037,100.96,2015年牛股 300037,2015,300037,0.14,缩量派,电力设备,True
2020-01-02,2020-12-31,long,300037,180.65,2020年牛股 300037,2020,300037,0.14,缩量派,电力设备,True
2015-01-05,2015-12-31,long,300042,202.02,2015年牛股 300042,2015,300042,0.39,缩量派,计算机,True
2023-01-03,2023-12-29,long,300042,188.69,2023年牛股 300042,2023,300042,0.39,缩量派,计算机,False
2015-01-05,2015-12-16,long,300043,165.67,2015年牛股 300043,2015,300043,0.728,高量能派,传媒,True
2015-01-05,2015-12-31,long,300045,188.61,2015年牛股 300045,2015,300045,0.83,高量能派,国防军工,True
2023-01-03,2023-12-29,long,300045,272.59,2023年牛股 300045,2023,300045,0.83,高量能派,国防军工,False
2024-01-02,2024-12-31,long,300046,127.96,2024年牛股 300046,2024,300046,0.012,缩量派,电子,True
2015-01-05,2015-12-31,long,300047,144.48,2015年牛股 300047,2015,300047,0.62,高量能派,计算机,True
2025-01-02,2025-12-31,long,300049,123.22,2025年牛股 300049,2025,300049,0.722,高量能派,医药生物,True
2015-01-05,2015-12-31,long,300050,137.08,2015年牛股 300050,2015,300050,0.642,高量能派,社会服务,True
2015-01-05,2015-12-31,long,300051,160.83,2015年牛股 300051,2015,300051,0.516,中间派,电力设备,True
2022-01-04,2022-12-30,long,300051,102.67,2022年牛股 300051,2022,300051,0.516,中间派,电力设备,False
2021-01-04,2021-12-31,long,300052,252.7,2021年牛股 300052,2021,300052,0.004,缩量派,传媒,False
2015-01-05,2015-12-31,long,300053,134.05,2015年牛股 300053,2015,300053,0.5640000000000001,中间派,电子,True
2021-01-04,2021-12-31,long,300055,115.41,2021年牛股 300055,2021,300055,0.222,缩量派,石油石化,False
2014-01-02,2014-12-31,long,300059,230.77,2014年牛股 300059,2014,300059,0.27800349497597204,缩量派,非银金融,False
2015-01-05,2015-12-31,long,300059,160.47,2015年牛股 300059,2015,300059,0.27800349497597204,缩量派,非银金融,True
2020-01-02,2020-12-31,long,300059,136.24,2020年牛股 300059,2020,300059,0.27800349497597204,缩量派,非银金融,True
2015-01-05,2015-12-31,long,300061,246.1,2015年牛股 300061,2015,300061,0.524,中间派,传媒,True
2021-01-04,2021-12-31,long,300061,120.33,2021年牛股 300061,2021,300061,0.524,中间派,传媒,False
2024-01-02,2024-12-31,long,300061,120.14,2024年牛股 300061,2024,300061,0.524,中间派,传媒,True
2015-01-05,2015-11-25,long,300062,144.26,2015年牛股 300062,2015,300062,0.77,高量能派,电力设备,True
2014-01-02,2014-11-28,long,300063,212.83,2014年牛股 300063,2014,300063,0.8218573685398329,高量能派,传媒,False
2015-04-27,2015-12-21,long,300063,144.41,2015年牛股 300063,2015,300063,0.8218573685398329,高量能派,传媒,True
2014-01-02,2014-12-31,long,300065,139.23,2014年牛股 300065,2014,300065,0.8969106551343393,高量能派,国防军工,False
2015-01-05,2015-12-31,long,300065,125.81,2015年牛股 300065,2015,300065,0.8969106551343393,高量能派,国防军工,True
2025-01-02,2025-12-31,long,300065,121.59,2025年牛股 300065,2025,300065,0.8969106551343393,高量能派,国防军工,True
2015-01-05,2015-12-31,long,300066,135.65,2015年牛股 300066,2015,300066,0.424,中间派,机械设备,True
2015-01-05,2015-10-28,long,300069,100.54,2015年牛股 300069,2015,300069,0.412,中间派,电力设备,True
2016-01-04,2016-12-30,long,300072,103.76,2016年牛股 300072,2016,300072,0.186,缩量派,基础化工,False
2015-04-10,2015-12-31,long,300073,120.75,2015年牛股 300073,2015,300073,0.246,缩量派,电力设备,True
2020-01-02,2020-12-31,long,300073,137.56,2020年牛股 300073,2020,300073,0.246,缩量派,电力设备,True
2015-01-05,2015-12-31,long,300075,147.72,2015年牛股 300075,2015,300075,0.99,高量能派,计算机,True
2021-01-04,2021-12-31,long,300077,205.01,2021年牛股 300077,2021,300077,0.018000000000000002,缩量派,电子,False
2024-01-02,2024-12-31,long,300077,111.16,2024年牛股 300077,2024,300077,0.018000000000000002,缩量派,电子,True
2015-01-05,2015-12-31,long,300078,556.68,2015年牛股 300078,2015,300078,0.8140000000000001,高量能派,计算机,True
2015-01-05,2015-12-31,long,300083,144.81,2015年牛股 300083,2015,300083,0.728,高量能派,机械设备,True
2020-01-02,2020-12-31,long,300083,195.24,2020年牛股 300083,2020,300083,0.728,高量能派,机械设备,True
2014-01-02,2014-12-31,long,300085,160.75,2014年牛股 300085,2014,300085,0.13002012522361361,缩量派,计算机,False
2015-01-05,2015-12-31,long,300085,207.1,2015年牛股 300085,2015,300085,0.13002012522361361,缩量派,计算机,True
2024-01-02,2024-12-31,long,300085,167.11,2024年牛股 300085,2024,300085,0.13002012522361361,缩量派,计算机,True
2015-01-05,2015-12-31,long,300086,102.48,2015年牛股 300086,2015,300086,0.99,高量能派,医药生物,True
2025-01-02,2025-12-31,long,300086,145.51,2025年牛股 300086,2025,300086,0.99,高量能派,医药生物,True
2019-01-02,2019-12-31,long,300088,153.74,2019年牛股 300088,2019,300088,0.184,缩量派,电子,True
2015-01-05,2015-11-18,long,300092,114.97,2015年牛股 300092,2015,300092,0.31,缩量派,机械设备,True
2015-01-05,2015-12-31,long,300093,213.15,2015年牛股 300093,2015,300093,0.472,中间派,电力设备,True
2021-01-04,2021-12-31,long,300093,311.59,2021年牛股 300093,2021,300093,0.472,中间派,电力设备,False
2015-01-05,2015-12-31,long,300094,161.34,2015年牛股 300094,2015,300094,0.904,高量能派,农林牧渔,True
2015-01-05,2015-12-31,long,300095,131.33,2015年牛股 300095,2015,300095,0.576,中间派,机械设备,True
2015-01-05,2015-12-31,long,300097,162.04,2015年牛股 300097,2015,300097,0.33799999999999997,缩量派,机械设备,True
2015-01-05,2015-12-31,long,300098,227.06,2015年牛股 300098,2015,300098,0.592,中间派,通信,True
2015-01-05,2015-12-31,long,300099,142.97,2015年牛股 300099,2015,300099,1.0,高量能派,机械设备,True
2015-01-05,2015-12-31,long,300100,203.3,2015年牛股 300100,2015,300100,0.484,中间派,汽车,True
2024-01-02,2024-12-31,long,300100,167.76,2024年牛股 300100,2024,300100,0.484,中间派,汽车,True
2025-01-02,2025-12-31,long,300100,100.66,2025年牛股 300100,2025,300100,0.484,中间派,汽车,True
2015-01-05,2015-12-31,long,300101,168.81,2015年牛股 300101,2015,300101,0.976,高量能派,国防军工,True
2025-01-02,2025-12-31,long,300102,167.18,2025年牛股 300102,2025,300102,0.782,高量能派,电子,True
2014-01-02,2014-12-31,long,300109,128.54,2014年牛股 300109,2014,300109,1.0,高量能派,基础化工,False
2015-01-05,2015-12-31,long,300109,325.97,2015年牛股 300109,2015,300109,1.0,高量能派,基础化工,True
2015-01-05,2015-12-31,long,300113,403.82,2015年牛股 300113,2015,300113,0.96,高量能派,传媒,True
2019-01-02,2019-12-31,long,300113,102.05,2019年牛股 300113,2019,300113,0.96,高量能派,传媒,True
2019-01-02,2019-12-31,long,300115,119.34,2019年牛股 300115,2019,300115,0.066,缩量派,电子,True
2025-01-02,2025-12-31,long,300115,188.18,2025年牛股 300115,2025,300115,0.066,缩量派,电子,True
2019-01-02,2019-12-31,long,300118,144.83,2019年牛股 300118,2019,300118,0.59,中间派,电力设备,True
2020-01-02,2020-12-31,long,300118,110.78,2020年牛股 300118,2020,300118,0.59,中间派,电力设备,True
2015-01-05,2015-12-31,long,300119,111.97,2015年牛股 300119,2015,300119,0.75,高量能派,农林牧渔,True
2015-01-05,2015-12-31,long,300120,100.48,2015年牛股 300120,2015,300120,0.586,中间派,电子,True
2015-01-05,2015-12-31,long,300121,101.43,2015年牛股 300121,2015,300121,0.388,缩量派,基础化工,True
2020-01-02,2020-12-31,long,300122,198.85,2020年牛股 300122,2020,300122,0.108,缩量派,医药生物,True
2020-01-02,2020-12-31,long,300124,205.6,2020年牛股 300124,2020,300124,0.726,高量能派,机械设备,True
2014-01-02,2014-12-09,long,300126,102.2,2014年牛股 300126,2014,300126,0.9185064935064935,高量能派,机械设备,False
2015-01-05,2015-12-31,long,300130,207.61,2015年牛股 300130,2015,300130,0.28,缩量派,计算机,True
2023-01-03,2023-12-29,long,300130,102.34,2023年牛股 300130,2023,300130,0.28,缩量派,计算机,False
2014-01-02,2014-12-31,long,300131,219.35,2014年牛股 300131,2014,300131,0.7509683299156984,高量能派,电子,False
2014-01-02,2014-12-31,long,300134,231.52,2014年牛股 300134,2014,300134,0.8979691219969699,高量能派,通信,False
2015-01-05,2015-12-31,long,300135,113.05,2015年牛股 300135,2015,300135,0.5720000000000001,中间派,石油石化,True
2015-02-11,2015-12-31,long,300136,215.38,2015年牛股 300136,2015,300136,0.904,高量能派,电子,True
2019-01-02,2019-12-31,long,300136,109.99,2019年牛股 300136,2019,300136,0.904,高量能派,电子,True
2025-01-02,2025-12-31,long,300136,144.26,2025年牛股 300136,2025,300136,0.904,高量能派,电子,True
2020-01-02,2020-12-31,long,300138,157.18,2020年牛股 300138,2020,300138,0.536,中间派,农林牧渔,True
2025-01-02,2025-12-31,long,300139,108.11,2025年牛股 300139,2025,300139,0.318,缩量派,有色金属,True
2015-01-05,2015-12-31,long,300141,115.32,2015年牛股 300141,2015,300141,0.532,中间派,电力设备,True
2015-01-07,2015-12-31,long,300143,131.78,2015年牛股 300143,2015,300143,0.33399999999999996,缩量派,医药生物,True
2020-01-02,2020-12-31,long,300143,110.66,2020年牛股 300143,2020,300143,0.33399999999999996,缩量派,医药生物,True
2015-03-18,2015-12-31,long,300144,126.73,2015年牛股 300144,2015,300144,0.73,高量能派,社会服务,True
2015-01-05,2015-12-31,long,300145,120.6,2015年牛股 300145,2015,300145,0.936,高量能派,机械设备,True
2015-01-05,2015-12-31,long,300149,252.33,2015年牛股 300149,2015,300149,0.464,中间派,医药生物,True
2015-01-05,2015-12-31,long,300151,257.04,2015年牛股 300151,2015,300151,0.594,中间派,机械设备,True
2020-01-02,2020-12-31,long,300151,220.56,2020年牛股 300151,2020,300151,0.594,中间派,机械设备,True
2015-01-05,2015-12-31,long,300153,184.84,2015年牛股 300153,2015,300153,0.504,中间派,电力设备,True
2015-03-18,2015-12-31,long,300159,101.3,2015年牛股 300159,2015,300159,0.874,高量能派,机械设备,True
2015-01-05,2015-12-31,long,300160,146.39,2015年牛股 300160,2015,300160,1.0,高量能派,家用电器,True
2020-01-02,2020-12-31,long,300160,122.92,2020年牛股 300160,2020,300160,1.0,高量能派,家用电器,True
2015-01-05,2015-12-31,long,300161,144.27,2015年牛股 300161,2015,300161,0.994,高量能派,机械设备,True
2014-01-02,2014-12-31,long,300162,292.11,2014年牛股 300162,2014,300162,0.4903379387602689,中间派,电子,False
2015-01-05,2015-12-31,long,300163,262.5,2015年牛股 300163,2015,300163,0.622,高量能派,基础化工,True
2015-01-05,2015-12-31,long,300166,126.8,2015年牛股 300166,2015,300166,0.938,高量能派,计算机,True
2014-01-02,2014-12-30,long,300168,231.26,2014年牛股 300168,2014,300168,0.435437430786268,中间派,计算机,False
2015-01-05,2015-12-31,long,300169,109.98,2015年牛股 300169,2015,300169,0.5840000000000001,中间派,基础化工,True
2015-01-28,2015-12-31,long,300170,125.2,2015年牛股 300170,2015,300170,0.812,高量能派,计算机,True
2015-01-05,2015-12-31,long,300171,161.56,2015年牛股 300171,2015,300171,0.518,中间派,医药生物,True
2020-01-02,2020-12-31,long,300171,129.18,2020年牛股 300171,2020,300171,0.518,中间派,医药生物,True
2021-01-04,2021-12-31,long,300171,214.85,2021年牛股 300171,2021,300171,0.518,中间派,医药生物,False
2015-01-05,2015-12-31,long,300174,195.04,2015年牛股 300174,2015,300174,0.674,高量能派,基础化工,True
2015-01-05,2015-12-31,long,300175,123.09,2015年牛股 300175,2015,300175,0.716,高量能派,农林牧渔,True
2015-01-05,2015-12-31,long,300176,103.87,2015年牛股 300176,2015,300176,0.676,高量能派,汽车,True
2017-01-03,2017-12-29,long,300176,329.66,2017年牛股 300176,2017,300176,0.676,高量能派,汽车,False
2015-01-05,2015-12-31,long,300179,130.42,2015年牛股 300179,2015,300179,0.234,缩量派,机械设备,True
2015-01-05,2015-12-31,long,300182,236.11,2015年牛股 300182,2015,300182,0.998,高量能派,传媒,True
2015-01-05,2015-12-31,long,300184,199.07,2015年牛股 300184,2015,300184,0.23,缩量派,电子,True
2020-01-02,2020-12-31,long,300185,121.08,2020年牛股 300185,2020,300185,0.246,缩量派,电力设备,True
2015-01-05,2015-12-31,long,300188,287.8,2015年牛股 300188,2015,300188,0.59,中间派,计算机,True
2015-01-05,2015-12-31,long,300189,175.09,2015年牛股 300189,2015,300189,0.958,高量能派,农林牧渔,True
2015-01-05,2015-12-31,long,300191,166.44,2015年牛股 300191,2015,300191,0.208,缩量派,石油石化,True
2015-01-05,2015-12-31,long,300201,194.95,2015年牛股 300201,2015,300201,0.596,中间派,机械设备,True
2021-01-04,2021-12-31,long,300203,142.61,2021年牛股 300203,2021,300203,0.08399999999999999,缩量派,环保,False
2015-01-05,2015-12-31,long,300204,105.92,2015年牛股 300204,2015,300204,0.714,高量能派,医药生物,True
2025-01-02,2025-12-31,long,300204,268.69,2025年牛股 300204,2025,300204,0.714,高量能派,医药生物,True
2020-01-02,2020-12-31,long,300206,155.61,2020年牛股 300206,2020,300206,0.252,缩量派,医药生物,True
2015-01-05,2015-12-31,long,300207,173.64,2015年牛股 300207,2015,300207,0.92,高量能派,电力设备,True
2019-01-02,2019-12-31,long,300207,129.79,2019年牛股 300207,2019,300207,0.92,高量能派,电力设备,True
2015-01-05,2015-12-31,long,300209,117.75,2015年牛股 300209,2015,300209,0.786,高量能派,计算机,True
2024-01-02,2024-12-31,long,300209,153.99,2024年牛股 300209,2024,300209,0.786,高量能派,计算机,True
2023-01-03,2023-12-29,long,300210,238.01,2023年牛股 300210,2023,300210,0.39,缩量派,环保,False
2014-01-02,2014-12-31,long,300213,170.78,2014年牛股 300213,2014,300213,0.7007447528774543,高量能派,通信,False
2015-01-05,2015-12-31,long,300214,101.64,2015年牛股 300214,2015,300214,0.664,高量能派,基础化工,True
2015-01-05,2015-12-31,long,300215,143.93,2015年牛股 300215,2015,300215,0.676,高量能派,社会服务,True
2015-01-05,2015-12-31,long,300219,279.32,2015年牛股 300219,2015,300219,0.662,高量能派,电子,True
2014-02-28,2014-12-31,long,300220,114.09,2014年牛股 300220,2014,300220,0.391425026123302,缩量派,机械设备,False
2019-01-02,2019-12-31,long,300220,300.99,2019年牛股 300220,2019,300220,0.391425026123302,缩量派,机械设备,True
2014-01-02,2014-12-31,long,300221,116.39,2014年牛股 300221,2014,300221,0.6117439933719967,高量能派,基础化工,False
2015-01-05,2015-12-31,long,300221,100.46,2015年牛股 300221,2015,300221,0.6117439933719967,高量能派,基础化工,True
2015-01-05,2015-08-20,long,300222,115.28,2015年牛股 300222,2015,300222,0.718,高量能派,电力设备,True
2019-01-02,2019-12-31,long,300223,377.99,2019年牛股 300223,2019,300223,0.126,缩量派,电子,True
2020-01-02,2020-12-31,long,300225,178.25,2020年牛股 300225,2020,300225,0.56,中间派,基础化工,True
2014-01-02,2014-12-31,long,300226,112.31,2014年牛股 300226,2014,300226,0.6508350259535094,高量能派,计算机,False
2015-01-05,2015-12-31,long,300229,227.63,2015年牛股 300229,2015,300229,0.252,缩量派,计算机,True
2015-01-05,2015-12-31,long,300230,259.27,2015年牛股 300230,2015,300230,0.6839999999999999,高量能派,基础化工,True
2015-01-05,2015-12-31,long,300231,157.35,2015年牛股 300231,2015,300231,0.93,高量能派,计算机,True
2015-01-05,2015-12-31,long,300232,191.64,2015年牛股 300232,2015,300232,0.872,高量能派,电子,True
2015-01-05,2015-11-13,long,300235,127.32,2015年牛股 300235,2015,300235,0.48,中间派,计算机,True
2015-01-05,2015-12-31,long,300236,105.25,2015年牛股 300236,2015,300236,0.506,中间派,电子,True
2015-01-05,2015-11-11,long,300238,142.64,2015年牛股 300238,2015,300238,0.992,高量能派,医药生物,True
2019-01-02,2019-12-31,long,300238,100.31,2019年牛股 300238,2019,300238,0.992,高量能派,医药生物,True
2015-01-05,2015-12-31,long,300240,172.35,2015年牛股 300240,2015,300240,0.366,缩量派,交通运输,True
2014-01-02,2014-12-31,long,300242,115.47,2014年牛股 300242,2014,300242,0.22858530792896853,缩量派,传媒,False
2015-01-05,2015-12-17,long,300242,313.52,2015年牛股 300242,2015,300242,0.22858530792896853,缩量派,传媒,True
2015-01-05,2015-12-31,long,300243,167.97,2015年牛股 300243,2015,300243,0.944,高量能派,基础化工,True
2015-01-09,2015-12-31,long,300244,105.9,2015年牛股 300244,2015,300244,0.874,高量能派,医药生物,True
2015-03-16,2015-11-06,long,300247,145.22,2015年牛股 300247,2015,300247,0.516,中间派,家用电器,True
2014-01-07,2014-11-14,long,300248,266.42,2014年牛股 300248,2014,300248,0.5902356902356902,中间派,计算机,False
2015-02-16,2015-12-31,long,300248,134.42,2015年牛股 300248,2015,300248,0.5902356902356902,中间派,计算机,True
2015-01-05,2015-12-31,long,300249,152.48,2015年牛股 300249,2015,300249,0.398,缩量派,计算机,True
2014-01-02,2014-12-31,long,300250,106.13,2014年牛股 300250,2014,300250,0.4810938690404587,中间派,计算机,False
2014-01-02,2014-11-10,long,300252,141.18,2014年牛股 300252,2014,300252,0.057018731663281426,缩量派,国防军工,False
2015-01-28,2015-12-31,long,300252,132.85,2015年牛股 300252,2015,300252,0.057018731663281426,缩量派,国防军工,True
2023-01-03,2023-12-29,long,300255,137.84,2023年牛股 300255,2023,300255,0.496,中间派,医药生物,False
2025-01-02,2025-12-31,long,300255,210.66,2025年牛股 300255,2025,300255,0.496,中间派,医药生物,True
2019-01-02,2019-12-31,long,300256,103.37,2019年牛股 300256,2019,300256,0.892,高量能派,电子,True
2015-01-05,2015-12-31,long,300260,119.14,2015年牛股 300260,2015,300260,0.732,高量能派,机械设备,True
2021-01-04,2021-12-31,long,300260,181.87,2021年牛股 300260,2021,300260,0.732,高量能派,机械设备,False
2025-01-02,2025-12-31,long,300260,110.4,2025年牛股 300260,2025,300260,0.732,高量能派,机械设备,True
2021-01-04,2021-12-28,long,300261,234.1,2021年牛股 300261,2021,300261,0.172,缩量派,基础化工,False
2015-01-05,2015-12-31,long,300264,221.38,2015年牛股 300264,2015,300264,0.9299999999999999,高量能派,计算机,True
2021-01-04,2021-12-31,long,300264,164.68,2021年牛股 300264,2021,300264,0.9299999999999999,高量能派,计算机,False
2014-01-02,2014-12-31,long,300265,102.03,2014年牛股 300265,2014,300265,0.8384901828029789,高量能派,电力设备,False
2014-01-02,2014-12-31,long,300266,212.43,2014年牛股 300266,2014,300266,0.29179600886917956,缩量派,环保,False
2015-01-05,2015-12-23,long,300266,167.47,2015年牛股 300266,2015,300266,0.29179600886917956,缩量派,环保,True
2014-01-02,2014-12-31,long,300267,103.86,2014年牛股 300267,2014,300267,0.021243291592128802,缩量派,医药生物,False
2015-01-07,2015-12-31,long,300269,107.85,2015年牛股 300269,2015,300269,0.45,中间派,电子,True
2015-01-05,2015-12-31,long,300270,188.92,2015年牛股 300270,2015,300270,0.64,高量能派,计算机,True
2015-01-05,2015-12-31,long,300271,147.36,2015年牛股 300271,2015,300271,0.806,高量能派,计算机,True
2015-01-05,2015-12-31,long,300272,112.26,2015年牛股 300272,2015,300272,0.85,高量能派,家用电器,True
2020-01-02,2020-12-31,long,300274,589.03,2020年牛股 300274,2020,300274,0.112,缩量派,电力设备,True
2021-01-04,2021-12-31,long,300274,102.04,2021年牛股 300274,2021,300274,0.112,缩量派,电力设备,False
2025-01-02,2025-12-31,long,300274,137.12,2025年牛股 300274,2025,300274,0.112,缩量派,电力设备,True
2015-01-05,2015-12-31,long,300275,141.79,2015年牛股 300275,2015,300275,0.626,高量能派,计算机,True
2015-01-05,2015-12-31,long,300276,216.5,2015年牛股 300276,2015,300276,0.592,中间派,机械设备,True
2024-01-02,2024-12-31,long,300276,123.63,2024年牛股 300276,2024,300276,0.592,中间派,机械设备,True
2015-01-05,2015-12-31,long,300277,200.62,2015年牛股 300277,2015,300277,0.158,缩量派,计算机,True
2014-04-04,2014-09-19,long,300278,123.37,2014年牛股 300278,2014,300278,0.33043755881166825,缩量派,机械设备,False
2015-02-03,2015-12-31,long,300278,176.64,2015年牛股 300278,2015,300278,0.33043755881166825,缩量派,机械设备,True
2015-01-05,2015-12-31,long,300279,132.28,2015年牛股 300279,2015,300279,0.552,中间派,家用电器,True
2015-01-05,2015-12-04,long,300281,121.02,2015年牛股 300281,2015,300281,0.456,中间派,机械设备,True
2015-01-05,2015-12-31,long,300285,212.47,2015年牛股 300285,2015,300285,0.566,中间派,电子,True
2019-01-02,2019-12-31,long,300285,106.43,2019年牛股 300285,2019,300285,0.566,中间派,电子,True
2021-01-04,2021-12-31,long,300286,117.47,2021年牛股 300286,2021,300286,0.858,高量能派,电力设备,False
2015-01-05,2015-12-31,long,300287,197.16,2015年牛股 300287,2015,300287,0.988,高量能派,计算机,True
2014-01-02,2014-12-31,long,300288,276.5,2014年牛股 300288,2014,300288,0.48296016283803433,中间派,计算机,False
2015-01-05,2015-12-31,long,300291,111.43,2015年牛股 300291,2015,300291,0.866,高量能派,传媒,True
2015-01-20,2015-12-31,long,300292,148.43,2015年牛股 300292,2015,300292,0.266,缩量派,通信,True
2020-01-02,2020-12-31,long,300293,108.63,2020年牛股 300293,2020,300293,0.28400000000000003,缩量派,机械设备,True
2014-01-02,2014-09-26,long,300296,164.12,2014年牛股 300296,2014,300296,0.3977310477709122,缩量派,电子,False
2015-01-05,2015-12-31,long,300296,120.23,2015年牛股 300296,2015,300296,0.3977310477709122,缩量派,电子,True
2020-01-02,2020-12-31,long,300298,142.27,2020年牛股 300298,2020,300298,0.444,中间派,医药生物,True
2015-01-05,2015-12-31,long,300299,474.1,2015年牛股 300299,2015,300299,0.778,高量能派,传媒,True
2015-01-05,2015-12-31,long,300300,193.8,2015年牛股 300300,2015,300300,0.732,高量能派,计算机,True
2025-01-02,2025-12-31,long,300300,421.87,2025年牛股 300300,2025,300300,0.732,高量能派,计算机,True
2015-01-05,2015-12-31,long,300302,512.88,2015年牛股 300302,2015,300302,0.966,高量能派,计算机,True
2019-01-02,2019-12-31,long,300303,133.49,2019年牛股 300303,2019,300303,0.904,高量能派,电子,True
2015-01-05,2015-12-31,long,300304,110.53,2015年牛股 300304,2015,300304,0.828,高量能派,汽车,True
2021-01-04,2021-12-31,long,300305,117.7,2021年牛股 300305,2021,300305,0.412,中间派,基础化工,False
2015-01-05,2015-12-31,long,300308,145.02,2015年牛股 300308,2015,300308,1.0,高量能派,通信,True
2017-01-03,2017-12-29,long,300308,145.88,2017年牛股 300308,2017,300308,1.0,高量能派,通信,False
2023-01-03,2023-12-29,long,300308,318.37,2023年牛股 300308,2023,300308,1.0,高量能派,通信,False
2025-01-02,2025-12-31,long,300308,396.4,2025年牛股 300308,2025,300308,1.0,高量能派,通信,True
2015-01-05,2015-12-31,long,300310,320.43,2015年牛股 300310,2015,300310,0.478,中间派,通信,True
2020-01-02,2020-12-31,long,300313,300.37,2020年牛股 300313,2020,300313,0.16,缩量派,农林牧渔,True
2015-01-05,2015-12-31,long,300314,173.78,2015年牛股 300314,2015,300314,0.45,中间派,医药生物,True
2014-01-02,2014-12-31,long,300316,100.57,2014年牛股 300316,2014,300316,0.5912502959981056,中间派,电力设备,False
2021-01-04,2021-12-31,long,300316,131.69,2021年牛股 300316,2021,300316,0.5912502959981056,中间派,电力设备,False
2014-01-02,2014-12-31,long,300317,101.11,2014年牛股 300317,2014,300317,0.5249605055292259,中间派,公用事业,False
2015-01-05,2015-12-31,long,300318,199.54,2015年牛股 300318,2015,300318,0.672,高量能派,医药生物,True
2020-01-02,2020-12-31,long,300318,192.42,2020年牛股 300318,2020,300318,0.672,高量能派,医药生物,True
2015-01-05,2015-12-31,long,300319,239.05,2015年牛股 300319,2015,300319,0.438,中间派,电子,True
2019-01-02,2019-12-31,long,300319,118.87,2019年牛股 300319,2019,300319,0.438,中间派,电子,True
2021-01-04,2021-12-31,long,300320,133.87,2021年牛股 300320,2021,300320,0.592,中间派,基础化工,False
2025-01-02,2025-12-31,long,300321,120.58,2025年牛股 300321,2025,300321,0.674,高量能派,基础化工,True
2019-01-02,2019-12-31,long,300322,115.03,2019年牛股 300322,2019,300322,0.436,中间派,电子,True
2025-01-02,2025-12-31,long,300322,108.16,2025年牛股 300322,2025,300322,0.436,中间派,电子,True
2014-01-02,2014-10-14,long,300324,288.24,2014年牛股 300324,2014,300324,0.6699346405228759,高量能派,计算机,False
2015-01-05,2015-12-31,long,300327,242.64,2015年牛股 300327,2015,300327,0.38,缩量派,电子,True
2021-01-04,2021-12-31,long,300327,130.68,2021年牛股 300327,2021,300327,0.38,缩量派,电子,False
2015-01-05,2015-12-31,long,300328,125.27,2015年牛股 300328,2015,300328,0.39,缩量派,有色金属,True
2019-01-02,2019-12-31,long,300328,141.58,2019年牛股 300328,2019,300328,0.39,缩量派,有色金属,True
2025-01-02,2025-12-31,long,300328,131.93,2025年牛股 300328,2025,300328,0.39,缩量派,有色金属,True
2015-01-05,2015-12-31,long,300329,226.37,2015年牛股 300329,2015,300329,0.362,缩量派,轻工制造,True
2025-01-02,2025-12-31,long,300329,216.83,2025年牛股 300329,2025,300329,0.362,缩量派,轻工制造,True
2021-01-04,2021-12-31,long,300332,132.27,2021年牛股 300332,2021,300332,0.176,缩量派,公用事业,False
2015-01-05,2015-12-31,long,300333,448.12,2015年牛股 300333,2015,300333,0.888,高量能派,计算机,True
2024-01-02,2024-12-31,long,300333,146.07,2024年牛股 300333,2024,300333,0.888,高量能派,计算机,True
2015-01-05,2015-12-31,long,300339,150.8,2015年牛股 300339,2015,300339,0.628,高量能派,计算机,True
2021-01-04,2021-12-31,long,300339,132.58,2021年牛股 300339,2021,300339,0.628,高量能派,计算机,False
2015-01-05,2015-12-31,long,300340,101.73,2015年牛股 300340,2015,300340,0.6,中间派,电力设备,True
2015-01-05,2015-12-31,long,300341,121.22,2015年牛股 300341,2015,300341,0.974,高量能派,医药生物,True
2019-01-02,2019-12-31,long,300341,224.27,2019年牛股 300341,2019,300341,0.974,高量能派,医药生物,True
2015-01-05,2015-12-31,long,300342,186.62,2015年牛股 300342,2015,300342,1.0,高量能派,家用电器,True
2025-01-02,2025-12-31,long,300342,104.95,2025年牛股 300342,2025,300342,1.0,高量能派,家用电器,True
2015-03-02,2015-12-31,long,300343,255.8,2015年牛股 300343,2015,300343,0.58,中间派,基础化工,True
2021-01-04,2021-12-31,long,300343,488.93,2021年牛股 300343,2021,300343,0.58,中间派,基础化工,False
2015-01-05,2015-12-31,long,300345,214.95,2015年牛股 300345,2015,300345,0.798,高量能派,电力设备,True
2019-01-02,2019-12-31,long,300345,122.41,2019年牛股 300345,2019,300345,0.798,高量能派,电力设备,True
2019-01-02,2019-12-31,long,300346,178.05,2019年牛股 300346,2019,300346,0.786,高量能派,电子,True
2020-01-02,2020-12-31,long,300346,146.2,2020年牛股 300346,2020,300346,0.786,高量能派,电子,True
2015-01-22,2015-12-31,long,300347,104.0,2015年牛股 300347,2015,300347,0.744,高量能派,医药生物,True
2019-01-02,2019-12-31,long,300347,122.6,2019年牛股 300347,2019,300347,0.744,高量能派,医药生物,True
2020-01-02,2020-12-31,long,300347,156.81,2020年牛股 300347,2020,300347,0.744,高量能派,医药生物,True
2014-01-02,2014-12-31,long,300348,164.15,2014年牛股 300348,2014,300348,0.6223313021891221,高量能派,计算机,False
2015-01-28,2015-12-31,long,300350,250.09,2015年牛股 300350,2015,300350,0.284,缩量派,交通运输,True
2014-01-02,2014-12-31,long,300351,111.75,2014年牛股 300351,2014,300351,0.5465709728867624,中间派,机械设备,False
2015-01-05,2015-12-31,long,300353,198.64,2015年牛股 300353,2015,300353,0.91,高量能派,通信,True
2015-01-05,2015-12-31,long,300354,201.31,2015年牛股 300354,2015,300354,0.218,缩量派,机械设备,True
2021-01-04,2021-12-31,long,300354,167.99,2021年牛股 300354,2021,300354,0.218,缩量派,机械设备,False
2017-01-03,2017-12-29,long,300355,100.67,2017年牛股 300355,2017,300355,0.616,高量能派,建筑装饰,False
2019-01-02,2019-12-31,long,300357,115.98,2019年牛股 300357,2019,300357,0.278,缩量派,医药生物,True
2021-01-04,2021-12-31,long,300358,136.89,2021年牛股 300358,2021,300358,0.49,中间派,医药生物,False
2015-01-28,2015-12-31,long,300359,115.0,2015年牛股 300359,2015,300359,0.38019125683060107,缩量派,社会服务,True
2020-01-02,2020-12-31,long,300363,156.16,2020年牛股 300363,2020,300363,0.628,高量能派,医药生物,True
2021-01-04,2021-12-31,long,300363,145.5,2021年牛股 300363,2021,300363,0.628,高量能派,医药生物,False
2023-01-03,2023-12-29,long,300364,159.38,2023年牛股 300364,2023,300364,0.368,缩量派,传媒,False
2015-01-05,2015-11-13,long,300365,173.48,2015年牛股 300365,2015,300365,0.9158335936686453,高量能派,计算机,True
2015-01-05,2015-12-31,long,300368,163.12,2015年牛股 300368,2015,300368,0.364146477304372,缩量派,计算机,True
2025-01-02,2025-12-31,long,300368,249.31,2025年牛股 300368,2025,300368,0.364146477304372,缩量派,计算机,True
2015-01-05,2015-12-31,long,300369,128.35,2015年牛股 300369,2015,300369,0.5678092399403875,中间派,计算机,True
2019-01-02,2019-12-31,long,300369,110.25,2019年牛股 300369,2019,300369,0.5678092399403875,中间派,计算机,True
2015-01-05,2015-12-31,long,300373,118.63,2015年牛股 300373,2015,300373,0.23058539205155748,缩量派,电子,True
2020-01-02,2020-12-31,long,300373,159.03,2020年牛股 300373,2020,300373,0.23058539205155748,缩量派,电子,True
2016-01-04,2016-12-30,long,300376,100.71,2016年牛股 300376,2016,300376,0.562,中间派,电力设备,False
2024-01-02,2024-12-31,long,300377,257.92,2024年牛股 300377,2024,300377,0.5640000000000001,中间派,计算机,True
2015-01-05,2015-12-31,long,300378,112.38,2015年牛股 300378,2015,300378,0.6010323383084577,高量能派,计算机,True
2015-01-05,2015-12-31,long,300380,114.69,2015年牛股 300380,2015,300380,0.6213662394327788,高量能派,计算机,True
2024-01-02,2024-12-31,long,300380,122.73,2024年牛股 300380,2024,300380,0.6213662394327788,高量能派,计算机,True
2021-01-04,2021-12-31,long,300382,196.89,2021年牛股 300382,2021,300382,0.092,缩量派,机械设备,False
2015-01-05,2015-12-31,long,300383,552.53,2015年牛股 300383,2015,300383,0.4030717167773005,中间派,通信,True
2015-01-05,2015-12-31,long,300384,234.21,2015年牛股 300384,2015,300384,0.23688311688311686,缩量派,建筑装饰,True
2015-01-05,2015-12-31,long,300388,110.76,2015年牛股 300388,2015,300388,0.39087719298245616,缩量派,环保,True
2023-01-03,2023-12-29,long,300389,101.83,2023年牛股 300389,2023,300389,0.08,缩量派,电子,False
2020-01-02,2020-12-31,long,300390,294.51,2020年牛股 300390,2020,300390,0.636,高量能派,电力设备,True
2021-01-04,2021-12-31,long,300390,230.43,2021年牛股 300390,2021,300390,0.636,高量能派,电力设备,False
2025-01-02,2025-12-31,long,300390,145.11,2025年牛股 300390,2025,300390,0.636,高量能派,电力设备,True
2021-01-04,2021-12-31,long,300393,105.21,2021年牛股 300393,2021,300393,0.904,高量能派,电力设备,False
2023-01-03,2023-12-29,long,300394,263.32,2023年牛股 300394,2023,300394,0.008,缩量派,通信,False
2025-01-02,2025-12-31,long,300394,213.72,2025年牛股 300394,2025,300394,0.008,缩量派,通信,True
2020-01-02,2020-12-31,long,300395,175.25,2020年牛股 300395,2020,300395,0.21400000000000002,缩量派,国防军工,True
2025-01-02,2025-12-31,long,300395,167.47,2025年牛股 300395,2025,300395,0.21400000000000002,缩量派,国防军工,True
2019-01-02,2019-12-31,long,300397,212.81,2019年牛股 300397,2019,300397,0.124,缩量派,国防军工,True
2020-01-02,2020-12-31,long,300413,107.72,2020年牛股 300413,2020,300413,0.916,高量能派,传媒,True
2019-01-02,2019-12-31,long,300417,185.51,2019年牛股 300417,2019,300417,0.8260000000000001,高量能派,机械设备,True
2023-01-03,2023-12-29,long,300418,159.49,2023年牛股 300418,2023,300418,0.226,缩量派,传媒,False
2021-01-04,2021-12-31,long,300421,198.94,2021年牛股 300421,2021,300421,0.78,高量能派,机械设备,False
2025-01-02,2025-12-31,long,300421,231.19,2025年牛股 300421,2025,300421,0.78,高量能派,机械设备,True
2025-01-02,2025-12-31,long,300427,107.63,2025年牛股 300427,2025,300427,0.81,高量能派,电力设备,True
2019-01-02,2019-12-31,long,300432,114.65,2019年牛股 300432,2019,300432,0.67,高量能派,电力设备,True
2021-01-04,2021-12-31,long,300432,186.71,2021年牛股 300432,2021,300432,0.67,高量能派,电力设备,False
2019-01-02,2019-12-31,long,300433,112.9,2019年牛股 300433,2019,300433,0.646,高量能派,电子,True
2020-01-02,2020-12-31,long,300433,123.6,2020年牛股 300433,2020,300433,0.646,高量能派,电子,True
2025-01-02,2025-12-31,long,300436,172.88,2025年牛股 300436,2025,300436,0.732,高量能派,医药生物,True
2021-01-04,2021-12-31,long,300437,166.8,2021年牛股 300437,2021,300437,0.5680000000000001,中间派,环保,False
2020-01-02,2020-12-31,long,300442,139.64,2020年牛股 300442,2020,300442,0.24,缩量派,通信,True
2024-01-02,2024-12-31,long,300442,108.37,2024年牛股 300442,2024,300442,0.24,缩量派,通信,True
2020-01-02,2020-12-31,long,300443,140.9,2020年牛股 300443,2020,300443,0.458,中间派,电力设备,True
2025-01-02,2025-12-31,long,300450,150.23,2025年牛股 300450,2025,300450,0.84,高量能派,电力设备,True
2020-01-02,2020-12-31,long,300453,134.52,2020年牛股 300453,2020,300453,0.072,缩量派,医药生物,True
2020-01-02,2020-12-31,long,300454,117.03,2020年牛股 300454,2020,300454,0.8240000000000001,高量能派,计算机,True
2025-01-02,2025-12-31,long,300454,100.75,2025年牛股 300454,2025,300454,0.8240000000000001,高量能派,计算机,True
2025-01-02,2025-12-31,long,300455,131.97,2025年牛股 300455,2025,300455,0.44,中间派,计算机,True
2019-01-02,2019-12-31,long,300456,112.07,2019年牛股 300456,2019,300456,0.628,高量能派,电子,True
2025-01-02,2025-12-31,long,300456,225.76,2025年牛股 300456,2025,300456,0.628,高量能派,电子,True
2019-01-02,2019-12-31,long,300468,189.09,2019年牛股 300468,2019,300468,0.41400000000000003,中间派,计算机,True
2025-01-02,2025-12-31,long,300468,139.05,2025年牛股 300468,2025,300468,0.41400000000000003,中间派,计算机,True
2025-01-02,2025-12-31,long,300469,162.98,2025年牛股 300469,2025,300469,0.582,中间派,计算机,True
2021-01-04,2021-12-31,long,300471,133.82,2021年牛股 300471,2021,300471,0.428,中间派,机械设备,False
2021-01-04,2021-12-31,long,300474,118.01,2021年牛股 300474,2021,300474,0.312,缩量派,国防军工,False
2019-01-02,2019-12-31,long,300475,103.03,2019年牛股 300475,2019,300475,0.348,缩量派,电子,True
2021-01-04,2021-12-31,long,300475,189.44,2021年牛股 300475,2021,300475,0.348,缩量派,电子,False
2023-01-03,2023-12-29,long,300475,106.6,2023年牛股 300475,2023,300475,0.348,缩量派,电子,False
2025-01-02,2025-12-31,long,300475,407.71,2025年牛股 300475,2025,300475,0.348,缩量派,电子,True
2024-01-02,2024-12-31,long,300476,129.48,2024年牛股 300476,2024,300476,0.162,缩量派,电子,True
2025-01-02,2025-12-31,long,300476,586.03,2025年牛股 300476,2025,300476,0.162,缩量派,电子,True
2025-01-02,2025-12-31,long,300478,258.49,2025年牛股 300478,2025,300478,0.654,高量能派,基础化工,True
2021-01-04,2021-12-31,long,300480,153.62,2021年牛股 300480,2021,300480,0.038,缩量派,机械设备,False
2019-01-02,2019-12-31,long,300482,105.12,2019年牛股 300482,2019,300482,0.712,高量能派,医药生物,True
2025-01-02,2025-12-31,long,300486,186.55,2025年牛股 300486,2025,300486,0.946,高量能派,机械设备,True
2021-01-04,2021-12-31,long,300487,121.64,2021年牛股 300487,2021,300487,0.028,缩量派,基础化工,False
2020-01-02,2020-12-31,long,300489,149.29,2020年牛股 300489,2020,300489,0.041999999999999996,缩量派,电子,True
2024-01-02,2024-12-31,long,300489,170.16,2024年牛股 300489,2024,300489,0.041999999999999996,缩量派,电子,True
2024-01-02,2024-12-31,long,300493,232.23,2024年牛股 300493,2024,300493,0.62,高量能派,电子,True
2019-01-02,2019-12-31,long,300496,104.93,2019年牛股 300496,2019,300496,0.09,缩量派,计算机,True
2020-01-02,2020-12-31,long,300496,159.82,2020年牛股 300496,2020,300496,0.09,缩量派,计算机,True
2019-01-02,2019-12-31,long,300502,105.34,2019年牛股 300502,2019,300502,0.378,缩量派,通信,True
2023-01-03,2023-12-29,long,300502,191.38,2023年牛股 300502,2023,300502,0.378,缩量派,通信,False
2024-01-02,2024-12-31,long,300502,134.64,2024年牛股 300502,2024,300502,0.378,缩量派,通信,True
2025-01-02,2025-12-31,long,300502,423.99,2025年牛股 300502,2025,300502,0.378,缩量派,通信,True
2023-01-03,2023-12-29,long,300503,127.27,2023年牛股 300503,2023,300503,0.41200000000000003,中间派,机械设备,False
2025-01-02,2025-12-31,long,300503,237.61,2025年牛股 300503,2025,300503,0.41200000000000003,中间派,机械设备,True
2025-01-02,2025-12-31,long,300516,139.06,2025年牛股 300516,2025,300516,0.258,缩量派,电子,True
2019-01-02,2019-12-31,long,300525,147.6,2019年牛股 300525,2019,300525,0.798,高量能派,计算机,True
2025-01-02,2025-12-31,long,300528,138.97,2025年牛股 300528,2025,300528,0.99,高量能派,传媒,True
2021-01-04,2021-12-30,long,300534,154.37,2021年牛股 300534,2021,300534,0.055999999999999994,缩量派,医药生物,False
2019-01-02,2019-12-31,long,300537,106.26,2019年牛股 300537,2019,300537,0.722,高量能派,电子,True
2025-01-02,2025-12-31,long,300539,299.81,2025年牛股 300539,2025,300539,0.812,高量能派,基础化工,True
2023-01-03,2023-12-29,long,300545,119.07,2023年牛股 300545,2023,300545,0.444,中间派,电子,False
2025-01-02,2025-12-31,long,300548,206.26,2025年牛股 300548,2025,300548,0.768,高量能派,通信,True
2019-01-02,2019-12-31,long,300551,149.04,2019年牛股 300551,2019,300551,0.648,高量能派,计算机,True
2019-01-02,2019-12-31,long,300552,486.44,2019年牛股 300552,2019,300552,0.48,中间派,计算机,True
2023-01-03,2023-12-29,long,300556,110.17,2023年牛股 300556,2023,300556,0.086,缩量派,计算机,False
2019-01-02,2019-12-31,long,300558,106.03,2019年牛股 300558,2019,300558,0.916,高量能派,医药生物,True
2024-01-02,2024-12-31,long,300561,367.92,2024年牛股 300561,2024,300561,0.158,缩量派,计算机,True
2024-01-02,2024-12-31,long,300563,248.72,2024年牛股 300563,2024,300563,0.398,缩量派,通信,True
2023-01-03,2023-12-29,long,300570,172.66,2023年牛股 300570,2023,300570,0.41000000000000003,中间派,通信,False
2019-01-02,2019-12-31,long,300573,338.3,2019年牛股 300573,2019,300573,0.5780000000000001,中间派,医药生物,True
2023-01-03,2023-12-29,long,300573,106.04,2023年牛股 300573,2023,300573,0.5780000000000001,中间派,医药生物,False
2020-01-02,2020-12-31,long,300576,130.83,2020年牛股 300576,2020,300576,0.386,缩量派,电子,True
2023-01-03,2023-12-29,long,300576,109.35,2023年牛股 300576,2023,300576,0.386,缩量派,电子,False
2019-01-02,2019-12-31,long,300579,157.63,2019年牛股 300579,2019,300579,0.756,高量能派,计算机,True
2023-01-03,2023-12-29,long,300580,146.33,2023年牛股 300580,2023,300580,0.062,缩量派,汽车,False
2020-01-02,2020-12-31,long,300581,193.41,2020年牛股 300581,2020,300581,0.504,中间派,国防军工,True
2025-01-02,2025-12-31,long,300584,149.88,2025年牛股 300584,2025,300584,0.572,中间派,医药生物,True
2019-01-02,2019-12-31,long,300586,105.06,2019年牛股 300586,2019,300586,0.58,中间派,基础化工,True
2021-01-04,2021-12-31,long,300587,173.13,2021年牛股 300587,2021,300587,0.622,高量能派,基础化工,False
2020-01-02,2020-12-31,long,300589,155.85,2020年牛股 300589,2020,300589,0.314,缩量派,国防军工,True
2025-01-02,2025-12-31,long,300591,141.36,2025年牛股 300591,2025,300591,0.828,高量能派,纺织服饰,True
2021-01-04,2021-12-31,long,300593,189.56,2021年牛股 300593,2021,300593,0.926,高量能派,电力设备,False
2025-01-02,2025-12-31,long,300593,165.71,2025年牛股 300593,2025,300593,0.926,高量能派,电力设备,True
2019-01-02,2019-12-31,long,300595,120.39,2019年牛股 300595,2019,300595,0.794,高量能派,医药生物,True
2020-01-02,2020-12-31,long,300595,160.0,2020年牛股 300595,2020,300595,0.794,高量能派,医药生物,True
2019-01-02,2019-12-31,long,300598,477.99,2019年牛股 300598,2019,300598,0.358,缩量派,计算机,True
2020-01-02,2020-12-31,long,300600,108.6,2020年牛股 300600,2020,300600,0.776,高量能派,国防军工,True
2019-01-02,2019-12-31,long,300601,146.41,2019年牛股 300601,2019,300601,0.554,中间派,医药生物,True
2021-01-04,2021-12-31,long,300604,262.95,2021年牛股 300604,2021,300604,0.62,高量能派,电子,False
2025-01-02,2025-12-31,long,300604,130.08,2025年牛股 300604,2025,300604,0.62,高量能派,电子,True
2023-01-03,2023-12-29,long,300606,190.88,2023年牛股 300606,2023,300606,0.446,中间派,机械设备,False
2023-01-03,2023-12-29,long,300608,107.73,2023年牛股 300608,2023,300608,0.16999999999999998,缩量派,计算机,False
2025-01-02,2025-12-31,long,300611,159.08,2025年牛股 300611,2025,300611,0.764,高量能派,汽车,True
2021-01-04,2021-12-31,long,300613,103.02,2021年牛股 300613,2021,300613,0.576,中间派,电子,False
2020-01-02,2020-12-31,long,300617,162.92,2020年牛股 300617,2020,300617,0.14200000000000002,缩量派,电力设备,True
2021-01-04,2021-12-31,long,300619,282.85,2021年牛股 300619,2021,300619,0.93,高量能派,电力设备,False
2025-01-02,2025-12-31,long,300619,137.27,2025年牛股 300619,2025,300619,0.93,高量能派,电力设备,True
2025-01-02,2025-12-31,long,300620,203.28,2025年牛股 300620,2025,300620,0.558,中间派,通信,True
2024-01-02,2024-12-31,long,300622,165.23,2024年牛股 300622,2024,300622,0.684,高量能派,商贸零售,True
2020-01-02,2020-12-31,long,300623,165.73,2020年牛股 300623,2020,300623,1.0,高量能派,电子,True
2024-01-02,2024-12-31,long,300623,116.01,2024年牛股 300623,2024,300623,1.0,高量能派,电子,True
2023-01-03,2023-12-29,long,300624,222.17,2023年牛股 300624,2023,300624,0.5700000000000001,中间派,计算机,False
2021-01-04,2021-12-31,long,300627,104.14,2021年牛股 300627,2021,300627,0.064,缩量派,通信,False
2021-01-04,2021-12-31,long,300631,145.64,2021年牛股 300631,2021,300631,0.27,缩量派,环保,False
2019-01-02,2019-12-31,long,300632,103.3,2019年牛股 300632,2019,300632,0.428,中间派,电子,True
2019-01-02,2019-12-31,long,300638,128.54,2019年牛股 300638,2019,300638,0.458,中间派,通信,True
2019-01-02,2019-12-31,long,300639,101.96,2019年牛股 300639,2019,300639,0.194,缩量派,医药生物,True
2024-01-02,2024-12-31,long,300641,347.44,2024年牛股 300641,2024,300641,0.8,高量能派,基础化工,True
2019-01-02,2019-12-31,long,300643,110.05,2019年牛股 300643,2019,300643,0.894,高量能派,汽车,True
2020-01-02,2020-12-31,long,300648,179.29,2020年牛股 300648,2020,300648,0.048,缩量派,电力设备,True
2025-01-02,2025-12-31,long,300648,124.26,2025年牛股 300648,2025,300648,0.048,缩量派,电力设备,True
2025-01-02,2025-12-31,long,300652,140.47,2025年牛股 300652,2025,300652,0.864,高量能派,汽车,True
2019-01-02,2019-12-31,long,300655,140.66,2019年牛股 300655,2019,300655,0.63,高量能派,电子,True
2021-01-04,2021-12-31,long,300655,121.39,2021年牛股 300655,2021,300655,0.63,高量能派,电子,False
2021-01-04,2021-12-31,long,300656,106.08,2021年牛股 300656,2021,300656,0.716,高量能派,电子,False
2019-01-02,2019-12-31,long,300657,108.65,2019年牛股 300657,2019,300657,0.354,缩量派,电子,True
2020-01-02,2020-12-31,long,300658,100.78,2020年牛股 300658,2020,300658,0.026000000000000002,缩量派,美容护理,True
2025-01-02,2025-12-31,long,300658,188.65,2025年牛股 300658,2025,300658,0.026000000000000002,缩量派,美容护理,True
2019-01-02,2019-12-31,long,300659,224.18,2019年牛股 300659,2019,300659,0.11668447985490349,缩量派,计算机,True
2025-01-02,2025-12-31,long,300660,102.56,2025年牛股 300660,2025,300660,1.0,高量能派,电力设备,True
2019-01-02,2019-12-31,long,300661,380.0,2019年牛股 300661,2019,300661,0.138,缩量派,电子,True
2019-01-02,2019-12-31,long,300663,176.22,2019年牛股 300663,2019,300663,0.108,缩量派,计算机,True
2021-01-04,2021-12-31,long,300671,143.21,2021年牛股 300671,2021,300671,0.256,缩量派,电子,False
2021-01-04,2021-12-31,long,300672,324.76,2021年牛股 300672,2021,300672,0.05,缩量派,电子,False
2020-01-02,2020-12-31,long,300677,1426.96,2020年牛股 300677,2020,300677,0.04,缩量派,医药生物,True
2023-01-03,2023-12-29,long,300678,173.24,2023年牛股 300678,2023,300678,0.734,高量能派,计算机,False
2021-01-04,2021-12-31,long,300679,134.17,2021年牛股 300679,2021,300679,0.02,缩量派,电子,False
2020-01-02,2020-12-31,long,300680,147.24,2020年牛股 300680,2020,300680,0.606,高量能派,汽车,True
2025-01-02,2025-12-31,long,300680,134.39,2025年牛股 300680,2025,300680,0.606,高量能派,汽车,True
2021-01-04,2021-12-31,long,300681,205.05,2021年牛股 300681,2021,300681,0.906,高量能派,汽车,False
2021-01-04,2021-12-31,long,300682,155.09,2021年牛股 300682,2021,300682,0.372,缩量派,计算机,False
2021-01-04,2021-12-31,long,300687,104.72,2021年牛股 300687,2021,300687,0.176,缩量派,计算机,False
2020-01-02,2020-12-31,long,300690,138.68,2020年牛股 300690,2020,300690,0.182,缩量派,电力设备,True
2021-01-04,2021-12-31,long,300693,100.51,2021年牛股 300693,2021,300693,0.122,缩量派,电力设备,False
2025-01-02,2025-12-31,long,300695,224.24,2025年牛股 300695,2025,300695,0.996,高量能派,汽车,True
2020-01-02,2020-12-31,long,300696,266.95,2020年牛股 300696,2020,300696,0.092,缩量派,国防军工,True
2025-01-02,2025-12-31,long,300696,105.55,2025年牛股 300696,2025,300696,0.092,缩量派,国防军工,True
2022-01-04,2022-12-30,long,300700,153.02,2022年牛股 300700,2022,300700,0.424,中间派,机械设备,False
2019-01-02,2019-12-31,long,300702,130.35,2019年牛股 300702,2019,300702,0.382,缩量派,医药生物,True
2020-01-02,2020-12-31,long,300705,118.61,2020年牛股 300705,2020,300705,0.432,中间派,医药生物,True
2019-01-02,2019-12-31,long,300709,270.93,2019年牛股 300709,2019,300709,0.22799999999999998,缩量派,电子,True
2021-01-04,2021-12-31,long,300710,116.52,2021年牛股 300710,2021,300710,0.662,高量能派,通信,False
2020-01-02,2020-12-31,long,300712,120.16,2020年牛股 300712,2020,300712,0.39,缩量派,建筑装饰,True
2021-01-04,2021-12-31,long,300712,116.35,2021年牛股 300712,2021,300712,0.39,缩量派,建筑装饰,False
2025-01-02,2025-12-31,long,300718,179.59,2025年牛股 300718,2025,300718,0.944,高量能派,机械设备,True
2020-01-02,2020-12-31,long,300722,248.09,2020年牛股 300722,2020,300722,0.068,缩量派,国防军工,True
2020-01-02,2020-12-31,long,300724,285.02,2020年牛股 300724,2020,300724,0.152,缩量派,电力设备,True
2020-01-02,2020-12-31,long,300725,102.36,2020年牛股 300725,2020,300725,0.464,中间派,医药生物,True
2020-01-02,2020-12-31,long,300726,178.07,2020年牛股 300726,2020,300726,0.28,缩量派,国防军工,True
2020-01-02,2020-12-31,long,300727,115.22,2020年牛股 300727,2020,300727,0.89,高量能派,基础化工,True
2020-01-02,2020-12-31,long,300729,191.01,2020年牛股 300729,2020,300729,0.812,高量能派,轻工制造,True
2025-01-02,2025-12-31,long,300731,160.99,2025年牛股 300731,2025,300731,0.828,高量能派,基础化工,True
2019-01-02,2019-12-31,long,300735,114.96,2019年牛股 300735,2019,300735,0.23356486119459471,缩量派,电子,True
2023-01-03,2023-12-29,long,300735,170.02,2023年牛股 300735,2023,300735,0.23356486119459471,缩量派,电子,False
2021-01-04,2021-12-31,long,300745,221.8,2021年牛股 300745,2021,300745,0.796,高量能派,汽车,False
2020-01-02,2020-12-31,long,300750,230.47,2020年牛股 300750,2020,300750,0.98,高量能派,电力设备,True
2020-01-02,2020-12-31,long,300751,380.65,2020年牛股 300751,2020,300751,0.236,缩量派,电力设备,True
2025-01-02,2025-12-31,long,300756,282.63,2025年牛股 300756,2025,300756,0.758,高量能派,机械设备,True
2024-01-02,2024-12-31,long,300757,288.41,2024年牛股 300757,2024,300757,0.824,高量能派,机械设备,True
2020-01-02,2020-12-31,long,300759,133.91,2020年牛股 300759,2020,300759,0.29220597939190907,缩量派,医药生物,True
2020-01-02,2020-12-31,long,300760,135.51,2020年牛股 300760,2020,300760,0.734,高量能派,医药生物,True
2020-01-02,2020-12-31,long,300763,516.06,2020年牛股 300763,2020,300763,0.06863059595095523,缩量派,电力设备,True
2021-01-04,2021-12-31,long,300763,164.82,2021年牛股 300763,2021,300763,0.06863059595095523,缩量派,电力设备,False
2023-01-03,2023-12-29,long,300765,320.28,2023年牛股 300765,2023,300765,0.688,高量能派,医药生物,False
2025-01-02,2025-12-31,long,300766,124.3,2025年牛股 300766,2025,300766,0.938,高量能派,计算机,True
2020-01-02,2020-12-31,long,300767,117.65,2020年牛股 300767,2020,300767,0.6245474613686535,高量能派,基础化工,True
2021-01-04,2021-12-31,long,300767,100.53,2021年牛股 300767,2021,300767,0.6245474613686535,高量能派,基础化工,False
2025-01-02,2025-12-31,long,300767,130.6,2025年牛股 300767,2025,300767,0.6245474613686535,高量能派,基础化工,True
2020-01-02,2020-12-31,long,300769,164.22,2020年牛股 300769,2020,300769,0.29671868747499,缩量派,电力设备,True
2021-01-04,2021-12-31,long,300769,193.77,2021年牛股 300769,2021,300769,0.29671868747499,缩量派,电力设备,False
2021-01-04,2021-12-31,long,300772,165.88,2021年牛股 300772,2021,300772,0.854,高量能派,电力设备,False
2025-01-02,2025-12-31,long,300774,121.61,2025年牛股 300774,2025,300774,0.754,高量能派,环保,True
2024-01-02,2024-12-31,long,300779,164.83,2024年牛股 300779,2024,300779,0.012,缩量派,环保,True
2023-01-03,2023-12-29,long,300781,159.19,2023年牛股 300781,2023,300781,0.6,中间派,传媒,False
2020-01-02,2020-12-31,long,300782,150.61,2020年牛股 300782,2020,300782,0.023537353735373537,缩量派,电子,True
2024-01-02,2024-12-31,long,300783,106.19,2024年牛股 300783,2024,300783,0.76,高量能派,食品饮料,True
2021-01-04,2021-12-31,long,300790,150.66,2021年牛股 300790,2021,300790,0.014,缩量派,计算机,False
2025-01-02,2025-12-31,long,300806,137.62,2025年牛股 300806,2025,300806,0.388,缩量派,基础化工,True
2021-01-04,2021-12-31,long,300809,157.22,2021年牛股 300809,2021,300809,0.8259195816804905,高量能派,机械设备,False
2021-01-04,2021-12-31,long,300811,142.11,2021年牛股 300811,2021,300811,0.036155829391583266,缩量派,有色金属,False
2023-01-03,2023-12-29,long,300812,117.56,2023年牛股 300812,2023,300812,0.924,高量能派,电子,False
2021-01-04,2021-12-31,long,300813,104.55,2021年牛股 300813,2021,300813,0.012232048447563204,缩量派,机械设备,False
2025-01-02,2025-12-31,long,300814,128.78,2025年牛股 300814,2025,300814,0.328,缩量派,电子,True
2025-01-02,2025-12-31,long,300819,170.3,2025年牛股 300819,2025,300819,0.878,高量能派,纺织服饰,True
2021-01-04,2021-12-31,long,300827,103.76,2021年牛股 300827,2021,300827,0.19466713140467062,缩量派,电力设备,False
2025-01-02,2025-12-31,long,300835,113.15,2025年牛股 300835,2025,300835,0.768,高量能派,有色金属,True
2023-01-03,2023-12-29,long,300840,123.6,2023年牛股 300840,2023,300840,0.576,中间派,纺织服饰,False
2025-01-02,2025-12-31,long,300850,117.07,2025年牛股 300850,2025,300850,0.598,中间派,电力设备,True
2023-01-03,2023-12-29,long,300857,176.26,2023年牛股 300857,2023,300857,0.622,高量能派,电子,False
2024-01-02,2024-12-31,long,300857,102.12,2024年牛股 300857,2024,300857,0.622,高量能派,电子,True
2025-01-02,2025-12-31,long,300857,121.52,2025年牛股 300857,2025,300857,0.622,高量能派,电子,True
2024-01-02,2024-12-31,long,300870,144.44,2024年牛股 300870,2024,300870,0.096,缩量派,电力设备,True
2025-01-02,2025-12-31,long,300870,108.57,2025年牛股 300870,2025,300870,0.096,缩量派,电力设备,True
2025-01-02,2025-12-31,long,300871,107.89,2025年牛股 300871,2025,300871,0.522,中间派,农林牧渔,True
2025-01-02,2025-12-31,long,300877,109.68,2025年牛股 300877,2025,300877,0.772,高量能派,纺织服饰,True
2025-01-02,2025-12-31,long,300885,210.13,2025年牛股 300885,2025,300885,0.478,中间派,机械设备,True
2025-01-02,2025-12-31,long,300889,109.73,2025年牛股 300889,2025,300889,0.856,高量能派,电子,True
2025-01-02,2025-12-31,long,300903,141.43,2025年牛股 300903,2025,300903,0.788,高量能派,电子,True
2025-01-02,2025-12-31,long,300909,103.55,2025年牛股 300909,2025,300909,0.746,高量能派,电子,True
2023-01-03,2023-12-29,long,300913,158.98,2023年牛股 300913,2023,300913,0.43000000000000005,中间派,通信,False
2025-01-02,2025-12-31,long,300920,172.92,2025年牛股 300920,2025,300920,0.372,缩量派,基础化工,True
2023-01-03,2023-12-29,long,300926,154.3,2023年牛股 300926,2023,300926,0.022,缩量派,汽车,False
2025-01-02,2025-12-31,long,300940,110.81,2025年牛股 300940,2025,300940,0.818,高量能派,电子,True
2025-01-02,2025-12-31,long,300946,167.94,2025年牛股 300946,2025,300946,0.554,中间派,机械设备,True
2025-01-02,2025-12-31,long,300948,130.5,2025年牛股 300948,2025,300948,0.864,高量能派,建筑装饰,True
2025-01-02,2025-12-31,long,300953,236.25,2025年牛股 300953,2025,300953,0.924,高量能派,电力设备,True
2025-01-02,2025-12-24,long,300955,166.77,2025年牛股 300955,2025,300955,1.0,高量能派,美容护理,True
2025-01-02,2025-12-31,long,300959,116.26,2025年牛股 300959,2025,300959,0.982,高量能派,通信,True
2025-01-02,2025-12-31,long,300963,233.82,2025年牛股 300963,2025,300963,0.76,高量能派,有色金属,True
2025-01-02,2025-12-31,long,300969,113.1,2025年牛股 300969,2025,300969,0.726,高量能派,汽车,True
2023-01-03,2023-12-29,long,300972,211.74,2023年牛股 300972,2023,300972,0.134,缩量派,商贸零售,False
2024-01-02,2024-12-31,long,300972,114.2,2024年牛股 300972,2024,300972,0.134,缩量派,商贸零售,True
2025-01-02,2025-12-31,long,300972,151.48,2025年牛股 300972,2025,300972,0.134,缩量派,商贸零售,True
2025-01-02,2025-12-31,long,300984,195.45,2025年牛股 300984,2025,300984,0.998,高量能派,机械设备,True
2025-01-02,2025-12-31,long,300990,120.79,2025年牛股 300990,2025,300990,0.716,高量能派,机械设备,True
2025-01-02,2025-12-31,long,300991,104.16,2025年牛股 300991,2025,300991,0.508,中间派,电子,True
2025-01-02,2025-12-31,long,300995,162.9,2025年牛股 300995,2025,300995,0.61,高量能派,基础化工,True
2025-01-02,2025-12-31,long,301002,114.3,2025年牛股 301002,2025,301002,0.76,高量能派,电力设备,True
2025-01-02,2025-12-31,long,301003,117.08,2025年牛股 301003,2025,301003,0.578,中间派,基础化工,True
2024-01-02,2024-12-31,long,301004,161.24,2024年牛股 301004,2024,301004,0.086,缩量派,轻工制造,True
2025-01-02,2025-12-31,long,301005,431.5,2025年牛股 301005,2025,301005,0.602,高量能派,汽车,True
2025-01-02,2025-12-31,long,301007,121.71,2025年牛股 301007,2025,301007,0.79,高量能派,汽车,True
2025-01-02,2025-12-31,long,301013,138.99,2025年牛股 301013,2025,301013,0.376,缩量派,机械设备,True
2025-01-02,2025-12-31,long,301040,129.14,2025年牛股 301040,2025,301040,0.524,中间派,电力设备,True
2025-01-02,2025-12-31,long,301042,144.5,2025年牛股 301042,2025,301042,0.78,高量能派,计算机,True
2025-01-02,2025-12-31,long,301043,137.99,2025年牛股 301043,2025,301043,0.88,高量能派,机械设备,True
2023-01-03,2023-12-29,long,301051,101.27,2023年牛股 301051,2023,301051,0.672,高量能派,电子,False
2025-01-02,2025-12-31,long,301056,117.81,2025年牛股 301056,2025,301056,0.524,中间派,机械设备,True
2025-01-02,2025-12-31,long,301057,192.5,2025年牛股 301057,2025,301057,0.702,高量能派,基础化工,True
2025-01-02,2025-12-31,long,301061,101.79,2025年牛股 301061,2025,301061,0.244,缩量派,轻工制造,True
2025-01-02,2025-12-31,long,301075,232.05,2025年牛股 301075,2025,301075,0.332,缩量派,医药生物,True
2025-01-02,2025-12-31,long,301076,108.26,2025年牛股 301076,2025,301076,0.93,高量能派,基础化工,True
2025-01-02,2025-12-31,long,301079,107.56,2025年牛股 301079,2025,301079,0.6859999999999999,高量能派,机械设备,True
2023-01-03,2023-12-29,long,301085,106.72,2023年牛股 301085,2023,301085,0.086,缩量派,计算机,False
2025-01-02,2025-12-31,long,301086,123.91,2025年牛股 301086,2025,301086,0.394,缩量派,电子,True
2024-01-02,2024-12-31,long,301091,170.46,2024年牛股 301091,2024,301091,0.918,高量能派,建筑装饰,True
2025-01-02,2025-12-31,long,301093,180.84,2025年牛股 301093,2025,301093,0.586,中间派,医药生物,True
2024-01-02,2024-12-31,long,301110,119.62,2024年牛股 301110,2024,301110,0.154,缩量派,商贸零售,True
2025-01-02,2025-12-31,long,301117,143.53,2025年牛股 301117,2025,301117,0.754,高量能派,计算机,True
2025-01-02,2025-12-31,long,301123,260.59,2025年牛股 301123,2025,301123,0.574,中间派,电子,True
2025-01-02,2025-12-31,long,301128,150.02,2025年牛股 301128,2025,301128,0.176,缩量派,机械设备,True
2025-01-02,2025-12-31,long,301137,169.75,2025年牛股 301137,2025,301137,0.566,中间派,机械设备,True
2025-01-02,2025-12-31,long,301148,164.99,2025年牛股 301148,2025,301148,0.404,中间派,环保,True
2025-01-02,2025-12-31,long,301150,152.18,2025年牛股 301150,2025,301150,0.844,高量能派,电力设备,True
2025-01-02,2025-12-31,long,301181,115.93,2025年牛股 301181,2025,301181,0.46799999999999997,中间派,汽车,True
2025-01-02,2025-12-31,long,301183,189.0,2025年牛股 301183,2025,301183,0.524,中间派,电子,True
2025-01-02,2025-12-31,long,301196,146.94,2025年牛股 301196,2025,301196,0.858,高量能派,基础化工,True
2025-01-02,2025-12-31,long,301200,231.67,2025年牛股 301200,2025,301200,0.916,高量能派,机械设备,True
2025-01-02,2025-12-31,long,301201,103.47,2025年牛股 301201,2025,301201,0.614,高量能派,医药生物,True
2025-01-02,2025-12-31,long,301209,485.02,2025年牛股 301209,2025,301209,0.56,中间派,基础化工,True
2025-01-02,2025-12-31,long,301217,209.67,2025年牛股 301217,2025,301217,0.436,中间派,电力设备,True
2025-01-02,2025-12-31,long,301225,526.97,2025年牛股 301225,2025,301225,0.4,中间派,汽车,True
2025-01-02,2025-12-31,long,301227,227.17,2025年牛股 301227,2025,301227,0.84,高量能派,轻工制造,True
2025-01-02,2025-12-31,long,301228,191.84,2025年牛股 301228,2025,301228,0.724,高量能派,社会服务,True
2025-01-02,2025-12-31,long,301232,581.65,2025年牛股 301232,2025,301232,0.588,中间派,电力设备,True
2025-01-02,2025-12-31,long,301237,142.2,2025年牛股 301237,2025,301237,0.708,高量能派,基础化工,True
2025-01-02,2025-12-31,long,301248,102.77,2025年牛股 301248,2025,301248,0.616,高量能派,计算机,True
2024-01-02,2024-12-31,long,301259,190.33,2024年牛股 301259,2024,301259,0.784,高量能派,环保,True
2025-01-02,2025-12-31,long,301261,149.88,2025年牛股 301261,2025,301261,0.994,高量能派,机械设备,True
2025-01-02,2025-12-31,long,301279,124.57,2025年牛股 301279,2025,301279,0.852,高量能派,机械设备,True
2025-01-02,2025-12-31,long,301285,136.66,2025年牛股 301285,2025,301285,0.78,高量能派,电子,True
2025-01-02,2025-12-31,long,301292,392.43,2025年牛股 301292,2025,301292,0.558,中间派,电力设备,True
2025-01-02,2025-12-31,long,301306,206.02,2025年牛股 301306,2025,301306,0.34199999999999997,缩量派,国防军工,True
2025-01-02,2025-12-31,long,301308,184.7,2025年牛股 301308,2025,301308,0.6859999999999999,高量能派,电子,True
2025-01-02,2025-12-31,long,301319,181.52,2025年牛股 301319,2025,301319,0.848,高量能派,电子,True
2025-01-02,2025-12-31,long,301338,183.94,2025年牛股 301338,2025,301338,0.328,缩量派,机械设备,True
2025-01-02,2025-12-31,long,301345,294.66,2025年牛股 301345,2025,301345,0.128,缩量派,汽车,True
2025-01-02,2025-12-31,long,301357,324.05,2025年牛股 301357,2025,301357,0.592,中间派,国防军工,True
2025-01-02,2025-12-31,long,301369,157.45,2025年牛股 301369,2025,301369,0.326,缩量派,电子,True
2025-01-02,2025-12-31,long,301377,567.31,2025年牛股 301377,2025,301377,0.358,缩量派,机械设备,True
2025-01-02,2025-12-31,long,301389,232.44,2025年牛股 301389,2025,301389,0.296,缩量派,电子,True
2025-01-02,2025-12-31,long,301391,130.01,2025年牛股 301391,2025,301391,0.824,高量能派,计算机,True
2025-01-02,2025-12-31,long,301392,109.43,2025年牛股 301392,2025,301392,0.38697100461806344,缩量派,机械设备,True
2025-01-02,2025-12-31,long,301396,230.91,2025年牛股 301396,2025,301396,0.8600000000000001,高量能派,计算机,True
2025-01-02,2025-12-31,long,301413,152.91,2025年牛股 301413,2025,301413,0.9704215116279069,高量能派,机械设备,True
2025-01-02,2025-12-31,long,301448,144.43,2025年牛股 301448,2025,301448,0.816,高量能派,机械设备,True
2025-01-02,2025-12-31,long,301468,152.01,2025年牛股 301468,2025,301468,0.648,高量能派,机械设备,True
2025-01-02,2025-12-31,long,301486,160.99,2025年牛股 301486,2025,301486,0.448,中间派,电子,True
2025-01-02,2025-12-31,long,301488,178.82,2025年牛股 301488,2025,301488,0.326,缩量派,汽车,True
2025-01-02,2025-12-31,long,301489,309.72,2025年牛股 301489,2025,301489,0.448,中间派,电子,True
2025-01-02,2025-12-31,long,301511,184.94,2025年牛股 301511,2025,301511,0.5680000000000001,中间派,电力设备,True
2025-01-02,2025-12-31,long,301518,123.08,2025年牛股 301518,2025,301518,0.544,中间派,基础化工,True
2025-01-02,2025-12-31,long,301529,297.35,2025年牛股 301529,2025,301529,0.23399999999999999,缩量派,汽车,True
2025-01-02,2025-12-31,long,301550,302.4,2025年牛股 301550,2025,301550,0.854,高量能派,汽车,True
2015-01-05,2015-12-31,long,302132,110.32,2015年牛股 302132,2015,302132,0.502,中间派,国防军工,True
2023-01-03,2023-12-29,long,302132,326.81,2023年牛股 302132,2023,302132,0.502,中间派,国防军工,False
2014-01-02,2014-12-31,long,600006,104.87,2014年牛股 600006,2014,600006,0.79855999263894,高量能派,汽车,False
2020-01-02,2020-12-31,long,600006,109.38,2020年牛股 600006,2020,600006,0.79855999263894,高量能派,汽车,True
2021-01-04,2021-12-31,long,600010,138.79,2021年牛股 600010,2021,600010,0.6559999999999999,高量能派,钢铁,False
2021-01-04,2021-12-31,long,600011,126.11,2021年牛股 600011,2021,600011,0.824,高量能派,公用事业,False
2015-01-05,2015-12-31,long,600012,120.41,2015年牛股 600012,2015,600012,1.0,高量能派,交通运输,True
2025-01-02,2025-12-31,long,600021,125.35,2025年牛股 600021,2025,600021,0.658,高量能派,公用事业,True
2022-01-04,2022-12-30,long,600026,103.54,2022年牛股 600026,2022,600026,0.67,高量能派,交通运输,False
2014-01-02,2014-12-31,long,600027,148.33,2014年牛股 600027,2014,600027,0.5377837116154873,中间派,公用事业,False
2014-01-02,2014-12-31,long,600030,168.94,2014年牛股 600030,2014,600030,0.7411419544120965,高量能派,非银金融,False
2019-01-02,2019-12-31,long,600031,108.38,2019年牛股 600031,2019,600031,0.054,缩量派,机械设备,True
2020-01-02,2020-12-31,long,600031,108.98,2020年牛股 600031,2020,600031,0.054,缩量派,机械设备,True
2021-01-04,2021-12-31,long,600039,177.45,2021年牛股 600039,2021,600039,0.366,缩量派,建筑装饰,False
2014-01-02,2014-12-31,long,600048,104.6,2014年牛股 600048,2014,600048,0.027589852008456657,缩量派,房地产,False
2015-01-05,2015-12-31,long,600055,124.4,2015年牛股 600055,2015,600055,0.6,中间派,医药生物,True
2021-01-04,2021-12-31,long,600055,136.98,2021年牛股 600055,2021,600055,0.6,中间派,医药生物,False
2022-01-04,2022-12-30,long,600056,105.92,2022年牛股 600056,2022,600056,0.148,缩量派,医药生物,False
2020-01-02,2020-12-31,long,600059,102.14,2020年牛股 600059,2020,600059,0.368,缩量派,食品饮料,True
2014-01-02,2014-12-29,long,600061,273.85,2014年牛股 600061,2014,600061,0.63358819156844,高量能派,非银金融,False
2014-03-18,2014-12-31,long,600063,126.82,2014年牛股 600063,2014,600063,0.3272387334887335,缩量派,基础化工,False
2024-01-02,2024-12-31,long,600066,114.69,2024年牛股 600066,2024,600066,0.02,缩量派,汽车,True
2014-01-02,2014-12-31,long,600071,114.17,2014年牛股 600071,2014,600071,0.10849297999688495,缩量派,电子,False
2015-01-05,2015-12-31,long,600071,103.54,2015年牛股 600071,2015,600071,0.10849297999688495,缩量派,电子,True
2021-01-04,2021-12-31,long,600071,351.01,2021年牛股 600071,2021,600071,0.10849297999688495,缩量派,电子,False
2021-01-04,2021-12-31,long,600078,136.67,2021年牛股 600078,2021,600078,0.1,缩量派,基础化工,False
2020-01-02,2020-12-31,long,600079,151.14,2020年牛股 600079,2020,600079,0.376,缩量派,医药生物,True
2015-01-05,2015-12-31,long,600085,100.36,2015年牛股 600085,2015,600085,0.966,高量能派,医药生物,True
2021-01-04,2021-12-31,long,600089,112.41,2021年牛股 600089,2021,600089,0.6779999999999999,高量能派,电力设备,False
2019-01-02,2019-12-31,long,600095,163.69,2019年牛股 600095,2019,600095,0.724,高量能派,非银金融,True
2021-01-04,2021-12-31,long,600096,223.43,2021年牛股 600096,2021,600096,0.76,高量能派,基础化工,False
2015-02-12,2015-12-31,long,600103,110.99,2015年牛股 600103,2015,600103,0.94,高量能派,轻工制造,True
2015-01-16,2015-12-31,long,600105,134.4,2015年牛股 600105,2015,600105,0.82,高量能派,通信,True
2025-01-02,2025-12-31,long,600105,409.96,2025年牛股 600105,2025,600105,0.82,高量能派,通信,True
2014-01-02,2014-12-31,long,600109,134.11,2014年牛股 600109,2014,600109,0.9784961154273031,高量能派,非银金融,False
2021-01-04,2021-12-31,long,600111,251.06,2021年牛股 600111,2021,600111,0.86,高量能派,有色金属,False
2025-01-02,2025-12-31,long,600111,117.65,2025年牛股 600111,2025,600111,0.86,高量能派,有色金属,True
2025-01-02,2025-12-31,long,600113,357.78,2025年牛股 600113,2025,600113,0.604,高量能派,商贸零售,True
2025-01-02,2025-12-31,long,600118,247.98,2025年牛股 600118,2025,600118,0.908,高量能派,国防军工,True
2020-01-02,2020-12-31,long,600121,293.25,2020年牛股 600121,2020,600121,0.798,高量能派,煤炭,True
2020-01-02,2020-12-31,long,600127,180.55,2020年牛股 600127,2020,600127,0.266,缩量派,农林牧渔,True
2015-01-05,2015-12-31,long,600130,122.02,2015年牛股 600130,2015,600130,0.532,中间派,电子,True
2019-01-02,2019-12-31,long,600131,226.09,2019年牛股 600131,2019,600131,0.954,高量能派,计算机,True
2020-01-02,2020-12-31,long,600132,134.25,2020年牛股 600132,2020,600132,0.626,高量能派,食品饮料,True
2015-01-05,2015-12-31,long,600137,134.53,2015年牛股 600137,2015,600137,0.83,高量能派,纺织服饰,True
2021-01-04,2021-12-31,long,600141,247.08,2021年牛股 600141,2021,600141,0.584,中间派,基础化工,False
2020-01-02,2020-12-31,long,600143,137.33,2020年牛股 600143,2020,600143,0.776,高量能派,基础化工,True
2025-01-02,2025-12-31,long,600143,128.28,2025年牛股 600143,2025,600143,0.776,高量能派,基础化工,True
2014-01-02,2014-12-31,long,600148,101.77,2014年牛股 600148,2014,600148,0.8788648160686074,高量能派,汽车,False
2014-01-02,2014-12-31,long,600149,164.17,2014年牛股 600149,2014,600149,0.608860153256705,高量能派,公用事业,False
2025-01-02,2025-12-31,long,600151,119.92,2025年牛股 600151,2025,600151,0.672,高量能派,汽车,True
2014-01-02,2014-12-31,long,600155,224.59,2014年牛股 600155,2014,600155,0.7570913461538462,高量能派,非银金融,False
2014-01-02,2014-12-31,long,600158,132.8,2014年牛股 600158,2014,600158,0.4276009930038366,中间派,社会服务,False
2015-01-05,2015-12-31,long,600160,263.17,2015年牛股 600160,2015,600160,0.868,高量能派,基础化工,True
2021-01-04,2021-12-31,long,600163,111.7,2021年牛股 600163,2021,600163,0.804,高量能派,公用事业,False
2015-01-05,2015-12-31,long,600171,100.7,2015年牛股 600171,2015,600171,0.916,高量能派,电子,True
2024-01-02,2024-12-31,long,600171,180.51,2024年牛股 600171,2024,600171,0.916,高量能派,电子,True
2015-01-05,2015-12-31,long,600172,227.17,2015年牛股 600172,2015,600172,0.988,高量能派,机械设备,True
2021-01-04,2021-12-31,long,600172,209.76,2021年牛股 600172,2021,600172,0.988,高量能派,机械设备,False
2014-01-02,2014-12-31,long,600173,151.5,2014年牛股 600173,2014,600173,0.004773296878560037,缩量派,房地产,False
2014-01-02,2014-12-31,long,600176,108.07,2014年牛股 600176,2014,600176,0.6023497364574567,高量能派,建筑材料,False
2017-01-03,2017-12-29,long,600176,103.13,2017年牛股 600176,2017,600176,0.6023497364574567,高量能派,建筑材料,False
2023-01-03,2023-12-29,long,600178,147.49,2023年牛股 600178,2023,600178,0.46,中间派,汽车,False
2015-05-11,2015-12-31,long,600179,103.69,2015年牛股 600179,2015,600179,0.8160000000000001,高量能派,交通运输,True
2019-01-02,2019-12-31,long,600183,113.23,2019年牛股 600183,2019,600183,0.052,缩量派,电子,True
2025-01-02,2025-12-31,long,600183,205.81,2025年牛股 600183,2025,600183,0.052,缩量派,电子,True
2014-01-02,2014-12-31,long,600185,168.3,2014年牛股 600185,2014,600185,0.5961283447785934,中间派,商贸零售,False
2023-01-03,2023-12-29,long,600186,123.25,2023年牛股 600186,2023,600186,0.628,高量能派,食品饮料,False
2021-01-04,2021-12-31,long,600188,147.11,2021年牛股 600188,2021,600188,0.98,高量能派,煤炭,False
2020-01-02,2020-12-31,long,600189,286.58,2020年牛股 600189,2020,600189,0.708,高量能派,食品饮料,True
2015-01-05,2015-12-31,long,600191,136.48,2015年牛股 600191,2015,600191,0.994,高量能派,农林牧渔,True
2020-01-02,2020-12-31,long,600196,104.4,2020年牛股 600196,2020,600196,0.09,缩量派,医药生物,True
2020-01-02,2020-12-31,long,600199,211.56,2020年牛股 600199,2020,600199,0.33599999999999997,缩量派,食品饮料,True
2015-01-05,2015-12-31,long,600201,111.89,2015年牛股 600201,2015,600201,0.846,高量能派,农林牧渔,True
2025-01-02,2025-12-31,long,600201,120.56,2025年牛股 600201,2025,600201,0.846,高量能派,农林牧渔,True
2015-03-12,2015-12-31,long,600207,174.54,2015年牛股 600207,2015,600207,0.93,高量能派,电力设备,True
2014-01-02,2014-12-31,long,600208,133.56,2014年牛股 600208,2014,600208,0.04726264726264726,缩量派,房地产,False
2021-01-04,2021-12-31,long,600210,118.67,2021年牛股 600210,2021,600210,0.11399999999999999,缩量派,轻工制造,False
2014-01-02,2014-12-31,long,600211,111.6,2014年牛股 600211,2014,600211,0.004842643403217484,缩量派,医药生物,False
2020-01-02,2020-12-31,long,600211,202.69,2020年牛股 600211,2020,600211,0.004842643403217484,缩量派,医药生物,True
2014-01-02,2014-12-31,long,600212,163.67,2014年牛股 600212,2014,600212,0.902617919205597,高量能派,电力设备,False
2019-01-02,2019-12-31,long,600218,148.23,2019年牛股 600218,2019,600218,0.624,高量能派,汽车,True
2019-01-02,2019-12-31,long,600223,177.66,2019年牛股 600223,2019,600223,0.862,高量能派,美容护理,True
2015-01-05,2015-12-31,long,600226,252.47,2015年牛股 600226,2015,600226,0.998,高量能派,公用事业,True
2025-01-02,2025-12-31,long,600226,109.02,2025年牛股 600226,2025,600226,0.998,高量能派,公用事业,True
2014-01-02,2014-12-31,long,600227,123.53,2014年牛股 600227,2014,600227,0.2494603725775421,缩量派,基础化工,False
2015-01-05,2015-12-31,long,600229,107.05,2015年牛股 600229,2015,600229,0.806,高量能派,传媒,True
2015-01-05,2015-12-31,long,600233,125.21,2015年牛股 600233,2015,600233,0.73,高量能派,交通运输,True
2016-04-11,2016-12-30,long,600233,103.49,2016年牛股 600233,2016,600233,0.73,高量能派,交通运输,False
2021-01-04,2021-12-31,long,600237,109.38,2021年牛股 600237,2021,600237,0.738,高量能派,电子,False
2021-01-04,2021-12-31,long,600241,191.61,2021年牛股 600241,2021,600241,0.238,缩量派,电力设备,False
2023-01-03,2023-12-29,long,600250,102.57,2023年牛股 600250,2023,600250,0.438,中间派,社会服务,False
2021-01-04,2021-12-31,long,600256,131.79,2021年牛股 600256,2021,600256,0.62,高量能派,石油石化,False
2015-01-05,2015-12-31,long,600257,110.72,2015年牛股 600257,2015,600257,0.852,高量能派,农林牧渔,True
2025-01-02,2025-12-31,long,600259,102.27,2025年牛股 600259,2025,600259,0.63,高量能派,有色金属,True
2015-01-05,2015-12-31,long,600262,105.53,2015年牛股 600262,2015,600262,0.756,高量能派,机械设备,True
2014-01-02,2014-12-31,long,600266,206.43,2014年牛股 600266,2014,600266,0.22740505314887025,缩量派,房地产,False
2024-01-02,2024-12-31,long,600292,115.31,2024年牛股 600292,2024,600292,0.688,高量能派,公用事业,True
2015-01-05,2015-12-31,long,600293,131.4,2015年牛股 600293,2015,600293,0.908,高量能派,建筑材料,True
2021-01-04,2021-12-31,long,600295,135.25,2021年牛股 600295,2021,600295,0.928,高量能派,钢铁,False
2015-01-05,2015-12-31,long,600299,107.66,2015年牛股 600299,2015,600299,0.796,高量能派,基础化工,True
2025-01-02,2025-12-31,long,600301,125.52,2025年牛股 600301,2025,600301,0.458,中间派,有色金属,True
2015-01-05,2015-12-31,long,600303,158.01,2015年牛股 600303,2015,600303,0.91,高量能派,汽车,True
2017-01-03,2017-12-04,long,600309,115.26,2017年牛股 600309,2017,600309,0.612,高量能派,基础化工,False
2019-01-02,2019-12-31,long,600309,111.19,2019年牛股 600309,2019,600309,0.612,高量能派,基础化工,True
2020-01-02,2020-12-31,long,600313,108.87,2020年牛股 600313,2020,600313,0.3,缩量派,农林牧渔,True
2020-01-02,2020-12-31,long,600316,336.79,2020年牛股 600316,2020,600316,0.094,缩量派,国防军工,True
2015-02-06,2015-12-31,long,600318,172.64,2015年牛股 600318,2015,600318,0.744,高量能派,非银金融,True
2014-01-02,2014-12-31,long,600320,107.25,2014年牛股 600320,2014,600320,0.5571554910542189,中间派,机械设备,False
2021-01-04,2021-12-31,long,600328,150.56,2021年牛股 600328,2021,600328,0.522,中间派,基础化工,False
2020-01-02,2020-12-31,long,600336,129.76,2020年牛股 600336,2020,600336,0.057999999999999996,缩量派,家用电器,True
2021-01-04,2021-12-31,long,600338,269.96,2021年牛股 600338,2021,600338,0.804,高量能派,有色金属,False
2014-01-02,2014-12-31,long,600343,159.69,2014年牛股 600343,2014,600343,0.8860076732114647,高量能派,机械设备,False
2025-01-02,2025-12-31,long,600343,366.38,2025年牛股 600343,2025,600343,0.8860076732114647,高量能派,机械设备,True
2015-01-05,2015-12-31,long,600346,294.05,2015年牛股 600346,2015,600346,0.594,中间派,石油石化,True
2021-01-04,2021-12-31,long,600348,118.84,2021年牛股 600348,2021,600348,0.992,高量能派,煤炭,False
2015-01-05,2015-12-31,long,600353,137.1,2015年牛股 600353,2015,600353,0.702,高量能派,电子,True
2025-01-02,2025-12-31,long,600353,124.44,2025年牛股 600353,2025,600353,0.702,高量能派,电子,True
2015-01-05,2015-12-31,long,600358,134.48,2015年牛股 600358,2015,600358,0.914,高量能派,传媒,True
2025-01-02,2025-12-31,long,600362,176.93,2025年牛股 600362,2025,600362,0.272,缩量派,有色金属,True
2015-01-05,2015-12-31,long,600363,114.76,2015年牛股 600363,2015,600363,0.544,中间派,电子,True
2021-01-04,2021-12-31,long,600366,109.93,2021年牛股 600366,2021,600366,0.45999999999999996,中间派,有色金属,False
2021-01-04,2021-12-31,long,600367,156.88,2021年牛股 600367,2021,600367,0.61,高量能派,基础化工,False
2014-01-02,2014-12-31,long,600369,127.83,2014年牛股 600369,2014,600369,0.8233994076099339,高量能派,非银金融,False
2015-01-05,2015-12-31,long,600371,112.22,2015年牛股 600371,2015,600371,0.41000000000000003,中间派,农林牧渔,True
2014-01-02,2014-12-31,long,600376,108.66,2014年牛股 600376,2014,600376,0.12352742044685172,缩量派,房地产,False
2025-01-02,2025-12-31,long,600376,151.33,2025年牛股 600376,2025,600376,0.12352742044685172,缩量派,房地产,True
2019-01-02,2019-12-31,long,600378,118.49,2019年牛股 600378,2019,600378,0.346,缩量派,基础化工,True
2021-01-04,2021-12-31,long,600378,132.15,2021年牛股 600378,2021,600378,0.346,缩量派,基础化工,False
2021-01-04,2021-12-31,long,600379,165.99,2021年牛股 600379,2021,600379,0.25,缩量派,电力设备,False
2014-01-02,2014-12-31,long,600382,106.19,2014年牛股 600382,2014,600382,0.5717214022957939,中间派,钢铁,False
2021-01-04,2021-12-31,long,600389,106.09,2021年牛股 600389,2021,600389,0.64,高量能派,基础化工,False
2014-01-02,2014-12-31,long,600391,137.67,2014年牛股 600391,2014,600391,0.5273978785827127,中间派,国防军工,False
2021-01-04,2021-12-31,long,600392,121.06,2021年牛股 600392,2021,600392,0.924,高量能派,有色金属,False
2025-01-02,2025-12-31,long,600392,111.44,2025年牛股 600392,2025,600392,0.924,高量能派,有色金属,True
2014-01-02,2014-12-11,long,600399,388.16,2014年牛股 600399,2014,600399,0.5629767546829159,中间派,钢铁,False
2020-01-02,2020-12-31,long,600399,351.23,2020年牛股 600399,2020,600399,0.5629767546829159,中间派,钢铁,True
2015-01-05,2015-12-31,long,600400,315.89,2015年牛股 600400,2015,600400,0.776,高量能派,纺织服饰,True
2025-01-02,2025-12-31,long,600403,137.41,2025年牛股 600403,2025,600403,0.592,中间派,煤炭,True
2014-01-02,2014-12-31,long,600410,203.41,2014年牛股 600410,2014,600410,0.3207577423492761,缩量派,计算机,False
2025-01-02,2025-12-31,long,600410,147.16,2025年牛股 600410,2025,600410,0.3207577423492761,缩量派,计算机,True
2014-01-02,2014-12-31,long,600415,120.0,2014年牛股 600415,2014,600415,0.47035657865041747,中间派,商贸零售,False
2020-01-02,2020-12-31,long,600416,193.84,2020年牛股 600416,2020,600416,0.16799999999999998,缩量派,电力设备,True
2020-01-02,2020-12-31,long,600418,144.18,2020年牛股 600418,2020,600418,0.33599999999999997,缩量派,汽车,True
2024-01-02,2024-12-31,long,600418,132.49,2024年牛股 600418,2024,600418,0.33599999999999997,缩量派,汽车,True
2014-01-02,2014-12-19,long,600428,128.09,2014年牛股 600428,2014,600428,0.8278630543962651,高量能派,交通运输,False
2020-01-02,2020-12-31,long,600436,144.68,2020年牛股 600436,2020,600436,0.038,缩量派,医药生物,True
2020-01-02,2020-12-31,long,600438,196.95,2020年牛股 600438,2020,600438,0.124,缩量派,电力设备,True
2021-01-04,2021-12-31,long,600444,123.63,2021年牛股 600444,2021,600444,0.406,中间派,机械设备,False
2014-01-02,2014-12-31,long,600446,204.21,2014年牛股 600446,2014,600446,0.2816245158350421,缩量派,计算机,False
2015-01-05,2015-12-31,long,600446,215.28,2015年牛股 600446,2015,600446,0.2816245158350421,缩量派,计算机,True
2019-01-02,2019-12-31,long,600446,116.6,2019年牛股 600446,2019,600446,0.2816245158350421,缩量派,计算机,True
2015-01-05,2015-12-29,long,600452,107.61,2015年牛股 600452,2015,600452,0.75,高量能派,公用事业,True
2015-01-05,2015-10-22,long,600455,140.99,2015年牛股 600455,2015,600455,0.948,高量能派,计算机,True
2020-01-02,2020-12-31,long,600456,116.21,2020年牛股 600456,2020,600456,0.108,缩量派,有色金属,True
2017-01-03,2017-12-29,long,600460,149.02,2017年牛股 600460,2017,600460,0.152,缩量派,电子,False
2021-01-04,2021-12-31,long,600460,116.83,2021年牛股 600460,2021,600460,0.152,缩量派,电子,False
2025-01-02,2025-12-31,long,600475,107.54,2025年牛股 600475,2025,600475,0.312,缩量派,公用事业,True
2015-01-05,2015-12-31,long,600477,167.36,2015年牛股 600477,2015,600477,0.746,高量能派,建筑装饰,True
2015-01-05,2015-12-31,long,600478,104.35,2015年牛股 600478,2015,600478,0.712,高量能派,电力设备,True
2021-01-04,2021-12-31,long,600481,159.34,2021年牛股 600481,2021,600481,0.772,高量能派,电力设备,False
2015-01-05,2015-12-31,long,600482,271.06,2015年牛股 600482,2015,600482,0.88,高量能派,电力设备,True
2021-01-04,2021-12-31,long,600483,110.12,2021年牛股 600483,2021,600483,0.04,缩量派,公用事业,False
2015-01-19,2015-12-31,long,600487,153.46,2015年牛股 600487,2015,600487,0.844,高量能派,通信,True
2017-01-03,2017-12-29,long,600487,117.55,2017年牛股 600487,2017,600487,0.844,高量能派,通信,False
2025-01-02,2025-12-31,long,600490,135.17,2025年牛股 600490,2025,600490,0.646,高量能派,有色金属,True
2015-01-05,2015-12-31,long,600493,136.77,2015年牛股 600493,2015,600493,0.948,高量能派,纺织服饰,True
2014-01-02,2014-12-31,long,600495,192.91,2014年牛股 600495,2014,600495,0.5867411419544121,中间派,机械设备,False
2021-01-04,2021-12-31,long,600499,256.76,2021年牛股 600499,2021,600499,0.94,高量能派,机械设备,False
2015-01-05,2015-12-31,long,600503,141.32,2015年牛股 600503,2015,600503,0.98,高量能派,房地产,True
2019-01-02,2019-12-31,long,600505,109.64,2019年牛股 600505,2019,600505,0.846,高量能派,公用事业,True
2015-01-05,2015-12-31,long,600506,107.13,2015年牛股 600506,2015,600506,0.526,中间派,石油石化,True
2015-01-05,2015-12-31,long,600515,106.22,2015年牛股 600515,2015,600515,0.576,中间派,房地产,True
2017-01-03,2017-12-29,long,600516,212.18,2017年牛股 600516,2017,600516,0.016,缩量派,钢铁,False
2019-01-02,2019-12-31,long,600517,159.31,2019年牛股 600517,2019,600517,0.75,高量能派,非银金融,True
2015-01-05,2015-12-31,long,600518,117.2,2015年牛股 600518,2015,600518,1.0,高量能派,医药生物,True
2017-01-03,2017-12-29,long,600519,111.89,2017年牛股 600519,2017,600519,0.802,高量能派,食品饮料,False
2019-01-02,2019-12-31,long,600519,103.48,2019年牛股 600519,2019,600519,0.802,高量能派,食品饮料,True
2020-01-02,2020-12-31,long,600521,116.92,2020年牛股 600521,2020,600521,0.598,中间派,医药生物,True
2014-01-02,2014-12-31,long,600528,200.45,2014年牛股 600528,2014,600528,0.04038591740013541,缩量派,机械设备,False
2019-01-02,2019-12-31,long,600529,105.77,2019年牛股 600529,2019,600529,1.0,高量能派,医药生物,True
2019-01-02,2019-12-31,long,600536,242.87,2019年牛股 600536,2019,600536,0.296,缩量派,计算机,True
2019-01-02,2019-12-31,long,600546,110.13,2019年牛股 600546,2019,600546,0.096,缩量派,煤炭,True
2014-01-02,2014-12-31,long,600548,156.32,2014年牛股 600548,2014,600548,0.8307376162664937,高量能派,交通运输,False
2025-01-02,2025-12-31,long,600549,118.77,2025年牛股 600549,2025,600549,0.598,中间派,有色金属,True
2014-01-02,2014-12-31,long,600556,291.22,2014年牛股 600556,2014,600556,0.16282560706401766,缩量派,传媒,False
2014-01-02,2014-12-31,long,600558,167.44,2014年牛股 600558,2014,600558,0.9953703703703703,高量能派,机械设备,False
2020-01-02,2020-12-31,long,600559,184.41,2020年牛股 600559,2020,600559,0.182,缩量派,食品饮料,True
2014-01-02,2014-12-31,long,600562,122.45,2014年牛股 600562,2014,600562,0.7951646678088711,高量能派,国防军工,False
2020-01-02,2020-12-31,long,600563,122.91,2020年牛股 600563,2020,600563,0.632,高量能派,电子,True
2021-01-04,2021-12-31,long,600563,118.25,2021年牛股 600563,2021,600563,0.632,高量能派,电子,False
2014-01-02,2014-12-31,long,600570,163.92,2014年牛股 600570,2014,600570,0.033898503822522394,缩量派,计算机,False
2015-01-05,2015-12-31,long,600571,119.55,2015年牛股 600571,2015,600571,0.832,高量能派,计算机,True
2015-01-05,2015-12-31,long,600573,101.04,2015年牛股 600573,2015,600573,0.774,高量能派,食品饮料,True
2014-01-09,2014-12-31,long,600576,125.84,2014年牛股 600576,2014,600576,0.128850765541413,缩量派,社会服务,False
2015-01-05,2015-12-31,long,600576,265.95,2015年牛股 600576,2015,600576,0.128850765541413,缩量派,社会服务,True
2021-01-04,2021-12-31,long,600577,140.14,2021年牛股 600577,2021,600577,0.224,缩量派,电力设备,False
2025-01-02,2025-12-31,long,600580,244.81,2025年牛股 600580,2025,600580,0.708,高量能派,电力设备,True
2019-01-02,2019-12-31,long,600584,166.92,2019年牛股 600584,2019,600584,0.052,缩量派,电子,True
2020-01-02,2020-12-31,long,600586,127.24,2020年牛股 600586,2020,600586,0.15200000000000002,缩量派,建筑材料,True
2021-01-04,2021-12-31,long,600587,127.5,2021年牛股 600587,2021,600587,0.19,缩量派,医药生物,False
2014-01-02,2014-12-31,long,600588,106.86,2014年牛股 600588,2014,600588,0.2238450604122246,缩量派,计算机,False
2020-01-02,2020-12-31,long,600588,101.82,2020年牛股 600588,2020,600588,0.2238450604122246,缩量派,计算机,True
2015-01-05,2015-12-31,long,600589,193.88,2015年牛股 600589,2015,600589,0.886,高量能派,计算机,True
2019-01-02,2019-12-31,long,600592,191.37,2019年牛股 600592,2019,600592,0.958,高量能派,机械设备,True
2025-01-02,2025-12-31,long,600592,178.85,2025年牛股 600592,2025,600592,0.958,高量能派,机械设备,True
2015-01-05,2015-12-31,long,600593,197.7,2015年牛股 600593,2015,600593,0.826,高量能派,社会服务,True
2025-01-02,2025-12-31,long,600595,177.54,2025年牛股 600595,2025,600595,0.742,高量能派,有色金属,True
2021-01-04,2021-12-31,long,600596,134.07,2021年牛股 600596,2021,600596,0.932,高量能派,基础化工,False
2020-01-02,2020-12-31,long,600598,102.54,2020年牛股 600598,2020,600598,0.12,缩量派,农林牧渔,True
2025-01-02,2025-12-31,long,600601,166.97,2025年牛股 600601,2025,600601,0.992,高量能派,电子,True
2022-01-04,2022-12-30,long,600603,106.05,2022年牛股 600603,2022,600603,1.0,高量能派,交通运输,False
2015-01-05,2015-12-31,long,600604,208.74,2015年牛股 600604,2015,600604,0.614,高量能派,房地产,True
2015-01-05,2015-12-31,long,600605,110.93,2015年牛股 600605,2015,600605,0.512,中间派,商贸零售,True
2023-01-03,2023-12-29,long,600605,173.0,2023年牛股 600605,2023,600605,0.512,中间派,商贸零售,False
2014-03-18,2014-12-31,long,600606,149.03,2014年牛股 600606,2014,600606,0.5322845417236662,中间派,房地产,False
2021-01-04,2021-12-31,long,600610,185.94,2021年牛股 600610,2021,600610,0.28,缩量派,基础化工,False
2025-01-02,2025-12-31,long,600610,134.75,2025年牛股 600610,2025,600610,0.28,缩量派,基础化工,True
2024-01-02,2024-12-31,long,600611,133.22,2024年牛股 600611,2024,600611,0.8400000000000001,高量能派,交通运输,True
2020-01-02,2020-12-31,long,600616,177.57,2020年牛股 600616,2020,600616,0.32799999999999996,缩量派,食品饮料,True
2015-01-05,2015-12-31,long,600620,122.87,2015年牛股 600620,2015,600620,0.764,高量能派,综合,True
2015-01-05,2015-12-31,long,600622,108.98,2015年牛股 600622,2015,600622,0.98,高量能派,房地产,True
2015-01-05,2015-12-31,long,600626,108.4,2015年牛股 600626,2015,600626,0.674,高量能派,汽车,True
2025-01-02,2025-12-31,long,600629,138.89,2025年牛股 600629,2025,600629,0.78,高量能派,建筑装饰,True
2015-01-05,2015-12-31,long,600630,178.28,2015年牛股 600630,2015,600630,0.41600000000000004,中间派,纺织服饰,True
2023-01-03,2023-12-29,long,600630,168.57,2023年牛股 600630,2023,600630,0.41600000000000004,中间派,纺织服饰,False
2014-02-26,2014-12-31,long,600639,104.95,2014年牛股 600639,2014,600639,0.7229741019214704,高量能派,房地产,False
2019-01-02,2019-12-31,long,600640,165.19,2019年牛股 600640,2019,600640,0.906,高量能派,传媒,True
2015-01-05,2015-12-31,long,600641,158.35,2015年牛股 600641,2015,600641,0.992,高量能派,电子,True
2019-01-02,2019-12-31,long,600641,110.79,2019年牛股 600641,2019,600641,0.992,高量能派,电子,True
2015-06-26,2015-12-29,long,600649,229.61,2015年牛股 600649,2015,600649,0.88,高量能派,房地产,True
2015-01-05,2015-12-31,long,600650,185.49,2015年牛股 600650,2015,600650,0.934,高量能派,交通运输,True
2015-01-05,2015-12-11,long,600654,178.13,2015年牛股 600654,2015,600654,0.838,高量能派,计算机,True
2014-01-02,2014-12-31,long,600657,158.82,2014年牛股 600657,2014,600657,0.23914238592633313,缩量派,房地产,False
2020-01-02,2020-12-31,long,600660,106.19,2020年牛股 600660,2020,600660,0.318,缩量派,汽车,True
2014-01-02,2014-12-31,long,600663,123.88,2014年牛股 600663,2014,600663,0.6579665989618596,高量能派,房地产,False
2015-01-05,2015-12-31,long,600666,291.79,2015年牛股 600666,2015,600666,0.784,高量能派,计算机,True
2015-06-30,2015-12-31,long,600667,112.12,2015年牛股 600667,2015,600667,0.998,高量能派,建筑装饰,True
2015-01-05,2015-06-30,long,600682,375.98,2015年牛股 600682,2015,600682,0.6799999999999999,高量能派,综合,True
2014-01-02,2014-12-31,long,600685,110.73,2014年牛股 600685,2014,600685,0.8760397061502034,高量能派,国防军工,False
2015-01-05,2015-12-31,long,600689,173.98,2015年牛股 600689,2015,600689,0.6859999999999999,高量能派,综合,True
2021-01-04,2021-12-31,long,600691,116.03,2021年牛股 600691,2021,600691,0.806,高量能派,基础化工,False
2025-01-02,2025-12-31,long,600693,158.08,2025年牛股 600693,2025,600693,1.0,高量能派,商贸零售,True
2021-01-04,2021-12-31,long,600698,110.48,2021年牛股 600698,2021,600698,0.444,中间派,汽车,False
2025-01-02,2025-12-31,long,600699,102.93,2025年牛股 600699,2025,600699,0.808,高量能派,汽车,True
2017-01-03,2017-12-29,long,600702,107.07,2017年牛股 600702,2017,600702,0.11399999999999999,缩量派,食品饮料,False
2020-01-02,2020-12-31,long,600702,185.58,2020年牛股 600702,2020,600702,0.11399999999999999,缩量派,食品饮料,True
2021-01-04,2021-12-31,long,600702,166.36,2021年牛股 600702,2021,600702,0.11399999999999999,缩量派,食品饮料,False
2014-01-02,2014-12-31,long,600711,113.47,2014年牛股 600711,2014,600711,0.010899263483012591,缩量派,有色金属,False
2025-01-02,2025-12-31,long,600711,214.58,2025年牛股 600711,2025,600711,0.010899263483012591,缩量派,有色金属,True
2019-01-02,2019-12-31,long,600712,164.21,2019年牛股 600712,2019,600712,0.914,高量能派,商贸零售,True
2021-01-04,2021-12-31,long,600714,150.19,2021年牛股 600714,2021,600714,0.42,中间派,基础化工,False
2014-01-02,2014-12-31,long,600715,229.6,2014年牛股 600715,2014,600715,0.054204124801692226,缩量派,传媒,False
2015-01-05,2015-12-31,long,600715,140.95,2015年牛股 600715,2015,600715,0.054204124801692226,缩量派,传媒,True
2014-01-02,2014-12-31,long,600717,105.22,2014年牛股 600717,2014,600717,0.6817309862333558,高量能派,交通运输,False
2019-01-02,2019-12-31,long,600720,101.59,2019年牛股 600720,2019,600720,0.066,缩量派,建筑装饰,True
2021-01-04,2021-12-31,long,600725,117.54,2021年牛股 600725,2021,600725,0.638,高量能派,煤炭,False
2015-01-05,2015-12-31,long,600728,191.86,2015年牛股 600728,2015,600728,0.714,高量能派,计算机,True
2020-01-02,2020-12-31,long,600732,105.13,2020年牛股 600732,2020,600732,0.238,缩量派,电力设备,True
2014-01-02,2014-12-31,long,600733,109.06,2014年牛股 600733,2014,600733,0.2980606985183644,缩量派,汽车,False
2021-01-04,2021-12-31,long,600746,120.76,2021年牛股 600746,2021,600746,1.0,高量能派,基础化工,False
2015-01-19,2015-12-31,long,600754,107.31,2015年牛股 600754,2015,600754,0.54,中间派,社会服务,True
2014-01-02,2014-12-31,long,600755,123.79,2014年牛股 600755,2014,600755,0.7102347099977432,高量能派,交通运输,False
2015-01-05,2015-12-31,long,600756,152.26,2015年牛股 600756,2015,600756,0.6,中间派,计算机,True
2014-01-02,2014-12-31,long,600760,113.52,2014年牛股 600760,2014,600760,0.3007518796992481,缩量派,国防军工,False
2020-01-02,2020-12-31,long,600760,148.5,2020年牛股 600760,2020,600760,0.3007518796992481,缩量派,国防军工,True
2015-01-05,2015-12-31,long,600763,104.31,2015年牛股 600763,2015,600763,0.642,高量能派,医药生物,True
2019-01-02,2019-12-31,long,600763,116.0,2019年牛股 600763,2019,600763,0.642,高量能派,医药生物,True
2020-01-02,2020-12-31,long,600763,169.72,2020年牛股 600763,2020,600763,0.642,高量能派,医药生物,True
2015-01-05,2015-12-31,long,600764,105.07,2015年牛股 600764,2015,600764,0.906,高量能派,国防军工,True
2020-01-02,2020-12-31,long,600765,145.38,2020年牛股 600765,2020,600765,0.304,缩量派,国防军工,True
2021-01-04,2021-12-31,long,600765,102.55,2021年牛股 600765,2021,600765,0.304,缩量派,国防军工,False
2015-01-05,2015-12-31,long,600768,129.8,2015年牛股 600768,2015,600768,0.55,中间派,有色金属,True
2015-01-05,2015-12-31,long,600770,110.97,2015年牛股 600770,2015,600770,0.964,高量能派,综合,True
2021-01-04,2021-12-31,long,600771,188.41,2021年牛股 600771,2021,600771,0.546,中间派,医药生物,False
2021-01-04,2021-12-31,long,600773,305.04,2021年牛股 600773,2021,600773,0.702,高量能派,房地产,False
2017-01-03,2017-12-29,long,600779,148.25,2017年牛股 600779,2017,600779,0.762,高量能派,食品饮料,False
2014-01-02,2014-12-31,long,600782,103.77,2014年牛股 600782,2014,600782,0.36782765558870467,缩量派,钢铁,False
2015-01-05,2015-12-31,long,600785,104.24,2015年牛股 600785,2015,600785,0.996,高量能派,商贸零售,True
2014-01-02,2014-12-31,long,600795,108.12,2014年牛股 600795,2014,600795,0.4520293988591487,中间派,公用事业,False
2019-01-02,2019-12-31,long,600801,131.05,2019年牛股 600801,2019,600801,0.004,缩量派,建筑材料,True
2025-01-02,2025-12-31,long,600801,114.21,2025年牛股 600801,2025,600801,0.004,缩量派,建筑材料,True
2015-01-05,2015-12-31,long,600807,153.07,2015年牛股 600807,2015,600807,0.92,高量能派,综合,True
2014-01-02,2014-12-31,long,600808,138.21,2014年牛股 600808,2014,600808,0.3568295960953526,缩量派,钢铁,False
2017-01-03,2017-12-29,long,600809,131.6,2017年牛股 600809,2017,600809,0.85,高量能派,食品饮料,False
2019-01-02,2019-12-31,long,600809,158.71,2019年牛股 600809,2019,600809,0.85,高量能派,食品饮料,True
2020-01-02,2020-12-31,long,600809,321.21,2020年牛股 600809,2020,600809,0.85,高量能派,食品饮料,True
2019-01-02,2019-12-31,long,600812,147.67,2019年牛股 600812,2019,600812,0.6779999999999999,高量能派,医药生物,True
2014-01-02,2014-12-31,long,600815,124.18,2014年牛股 600815,2014,600815,0.026167907921462424,缩量派,机械设备,False
2014-01-02,2014-12-31,long,600816,108.29,2014年牛股 600816,2014,600816,0.29218009478672985,缩量派,非银金融,False
2021-01-04,2021-12-31,long,600816,217.93,2021年牛股 600816,2021,600816,0.29218009478672985,缩量派,非银金融,False
2020-01-02,2020-12-31,long,600817,102.16,2020年牛股 600817,2020,600817,0.458,中间派,环保,True
2021-01-04,2021-12-31,long,600821,105.15,2021年牛股 600821,2021,600821,0.208,缩量派,公用事业,False
2023-01-03,2023-12-29,long,600839,101.94,2023年牛股 600839,2023,600839,0.134,缩量派,家用电器,False
2024-01-02,2024-12-31,long,600843,121.48,2024年牛股 600843,2024,600843,0.892,高量能派,机械设备,True
2019-01-02,2019-12-31,long,600845,107.2,2019年牛股 600845,2019,600845,0.184,缩量派,计算机,True
2020-01-02,2020-12-31,long,600845,111.18,2020年牛股 600845,2020,600845,0.184,缩量派,计算机,True
2015-01-05,2015-08-17,long,600847,131.56,2015年牛股 600847,2015,600847,0.972,高量能派,电力设备,True
2015-01-05,2015-12-31,long,600848,106.58,2015年牛股 600848,2015,600848,0.964,高量能派,房地产,True
2020-01-02,2020-12-31,long,600859,134.77,2020年牛股 600859,2020,600859,0.726,高量能派,商贸零售,True
2021-01-04,2021-12-31,long,600860,349.77,2021年牛股 600860,2021,600860,0.182,缩量派,机械设备,False
2020-01-02,2020-12-31,long,600861,110.16,2020年牛股 600861,2020,600861,0.08399999999999999,缩量派,社会服务,True
2014-01-02,2014-12-31,long,600862,193.24,2014年牛股 600862,2014,600862,0.34675122385402757,缩量派,国防军工,False
2015-01-05,2015-12-31,long,600862,114.4,2015年牛股 600862,2015,600862,0.34675122385402757,缩量派,国防军工,True
2020-01-02,2020-12-31,long,600862,174.98,2020年牛股 600862,2020,600862,0.34675122385402757,缩量派,国防军工,True
2014-01-02,2014-12-31,long,600863,116.43,2014年牛股 600863,2014,600863,0.6841232227488152,高量能派,公用事业,False
2015-01-05,2015-12-31,long,600865,179.82,2015年牛股 600865,2015,600865,0.668,高量能派,商贸零售,True
2015-01-05,2015-12-31,long,600869,116.82,2015年牛股 600869,2015,600869,0.908,高量能派,电力设备,True
2014-01-02,2014-12-31,long,600871,106.71,2014年牛股 600871,2014,600871,0.9970760233918128,高量能派,石油石化,False
2021-01-04,2021-12-31,long,600875,118.24,2021年牛股 600875,2021,600875,0.494,中间派,电力设备,False
2015-01-05,2015-12-31,long,600876,343.65,2015年牛股 600876,2015,600876,0.988,高量能派,建筑材料,True
2014-01-02,2014-12-31,long,600877,124.4,2014年牛股 600877,2014,600877,0.8962404214559387,高量能派,电子,False
2025-01-02,2025-12-31,long,600879,139.33,2025年牛股 600879,2025,600879,0.616,高量能派,国防军工,True
2020-01-02,2020-12-31,long,600882,291.63,2020年牛股 600882,2020,600882,0.392,缩量派,食品饮料,True
2015-01-05,2015-12-31,long,600884,137.48,2015年牛股 600884,2015,600884,0.848,高量能派,电力设备,True
2014-01-02,2014-12-31,long,600886,200.0,2014年牛股 600886,2014,600886,0.3948816607758042,缩量派,公用事业,False
2015-01-12,2015-12-31,long,600892,258.72,2015年牛股 600892,2015,600892,1.0,高量能派,传媒,True
2020-01-02,2020-12-31,long,600893,174.99,2020年牛股 600893,2020,600893,0.112,缩量派,国防军工,True
2024-01-02,2024-12-31,long,600894,120.71,2024年牛股 600894,2024,600894,0.534,中间派,机械设备,True
2015-01-05,2015-12-31,long,600895,117.29,2015年牛股 600895,2015,600895,0.99,高量能派,房地产,True
2025-01-02,2025-12-31,long,600961,104.57,2025年牛股 600961,2025,600961,0.722,高量能派,有色金属,True
2014-01-02,2014-12-31,long,600962,115.88,2014年牛股 600962,2014,600962,0.33660533178788754,缩量派,农林牧渔,False
2020-01-02,2020-12-31,long,600966,183.7,2020年牛股 600966,2020,600966,0.534,中间派,轻工制造,True
2019-01-02,2019-12-31,long,600975,138.02,2019年牛股 600975,2019,600975,0.526,中间派,农林牧渔,True
2021-01-04,2021-12-31,long,600976,213.45,2021年牛股 600976,2021,600976,0.088,缩量派,医药生物,False
2015-01-23,2015-12-31,long,600981,208.2,2015年牛股 600981,2015,600981,0.32,缩量派,商贸零售,True
2019-01-02,2019-12-31,long,600984,103.66,2019年牛股 600984,2019,600984,0.064,缩量派,机械设备,True
2015-01-21,2015-12-11,long,600986,197.77,2015年牛股 600986,2015,600986,0.924,高量能派,传媒,True
2020-01-02,2020-12-31,long,600988,256.28,2020年牛股 600988,2020,600988,0.55,中间派,有色金属,True
2025-01-02,2025-12-31,long,600988,101.43,2025年牛股 600988,2025,600988,0.55,中间派,有色金属,True
2014-01-02,2014-12-31,long,600990,105.75,2014年牛股 600990,2014,600990,0.7743737305348679,高量能派,国防军工,False
2022-01-04,2022-12-30,long,600992,137.78,2022年牛股 600992,2022,600992,0.682,高量能派,机械设备,False
2021-01-04,2021-12-31,long,600995,146.85,2021年牛股 600995,2021,600995,0.346,缩量派,公用事业,False
2022-01-04,2022-12-30,long,600996,167.32,2022年牛股 600996,2022,600996,0.884,高量能派,传媒,False
2014-01-02,2014-12-31,long,600999,125.8,2014年牛股 600999,2014,600999,0.9224550404223726,高量能派,非银金融,False
2014-01-02,2014-12-31,long,601000,205.26,2014年牛股 601000,2014,601000,0.6916341508732813,高量能派,交通运输,False
2014-01-02,2014-12-31,long,601002,128.93,2014年牛股 601002,2014,601002,0.5534642292936132,中间派,机械设备,False
2022-01-04,2022-12-30,long,601007,117.45,2022年牛股 601007,2022,601007,0.582,中间派,社会服务,False
2014-01-02,2014-12-31,long,601008,103.16,2014年牛股 601008,2014,601008,0.9927536231884058,高量能派,交通运输,False
2015-01-05,2015-12-31,long,601011,110.62,2015年牛股 601011,2015,601011,0.96,高量能派,煤炭,True
2017-01-03,2017-12-29,long,601012,173.99,2017年牛股 601012,2017,601012,0.004,缩量派,电力设备,False
2020-01-02,2020-12-31,long,601012,274.69,2020年牛股 601012,2020,601012,0.004,缩量派,电力设备,True
2025-01-02,2025-12-31,long,601020,113.4,2025年牛股 601020,2025,601020,0.51,中间派,有色金属,True
2019-01-02,2019-12-31,long,601058,104.19,2019年牛股 601058,2019,601058,0.942,高量能派,汽车,True
2021-01-04,2021-12-31,long,601058,148.52,2021年牛股 601058,2021,601058,0.942,高量能派,汽车,False
2025-01-02,2025-12-31,long,601061,102.58,2025年牛股 601061,2025,601061,0.318,缩量派,商贸零售,True
2019-01-02,2019-12-31,long,601066,252.74,2019年牛股 601066,2019,601066,0.45297202797202796,中间派,非银金融,True
2025-01-02,2025-12-31,long,601069,133.74,2025年牛股 601069,2025,601069,0.40800000000000003,中间派,有色金属,True
2014-01-02,2014-12-31,long,601099,259.74,2014年牛股 601099,2014,601099,0.9491759213411615,高量能派,非银金融,False
2019-01-02,2019-12-31,long,601100,153.48,2019年牛股 601100,2019,601100,0.406,中间派,机械设备,True
2020-01-02,2020-12-31,long,601100,238.68,2020年牛股 601100,2020,601100,0.406,中间派,机械设备,True
2025-01-02,2025-12-31,long,601100,111.08,2025年牛股 601100,2025,601100,0.406,中间派,机械设备,True
2014-01-02,2014-12-31,long,601106,166.99,2014年牛股 601106,2014,601106,0.6902749832327297,高量能派,机械设备,False
2014-01-02,2014-12-31,long,601111,101.37,2014年牛股 601111,2014,601111,0.6533401038140374,高量能派,交通运输,False
2016-01-04,2016-12-30,long,601116,238.38,2016年牛股 601116,2016,601116,0.242,缩量派,商贸零售,False
2021-01-04,2021-12-31,long,601117,111.43,2021年牛股 601117,2021,601117,0.848,高量能派,建筑装饰,False
2021-01-04,2021-12-31,long,601126,236.28,2021年牛股 601126,2021,601126,0.258,缩量派,电力设备,False
2021-01-04,2021-12-31,long,601127,248.71,2021年牛股 601127,2021,601127,1.0,高量能派,汽车,False
2021-01-04,2021-12-31,long,601137,108.62,2021年牛股 601137,2021,601137,0.18,缩量派,有色金属,False
2025-01-02,2025-12-31,long,601138,194.31,2025年牛股 601138,2025,601138,0.324,缩量派,电子,True
2017-01-03,2017-12-29,long,601155,154.83,2017年牛股 601155,2017,601155,0.41036908493805047,中间派,房地产,False
2025-01-02,2025-12-31,long,601177,110.11,2025年牛股 601177,2025,601177,0.498,中间派,机械设备,True
2014-01-02,2014-12-31,long,601179,143.53,2014年牛股 601179,2014,601179,0.6789147361338076,高量能派,电力设备,False
2014-01-02,2014-12-31,long,601186,233.93,2014年牛股 601186,2014,601186,0.739211657014758,高量能派,建筑装饰,False
2015-01-05,2015-12-31,long,601199,100.77,2015年牛股 601199,2015,601199,0.992,高量能派,环保,True
2020-01-02,2020-12-31,long,601208,111.98,2020年牛股 601208,2020,601208,0.054,缩量派,基础化工,True
2021-01-04,2021-12-31,long,601208,116.69,2021年牛股 601208,2021,601208,0.054,缩量派,基础化工,False
2025-01-02,2025-12-31,long,601208,263.34,2025年牛股 601208,2025,601208,0.054,缩量派,基础化工,True
2025-01-02,2025-12-31,long,601212,110.43,2025年牛股 601212,2025,601212,0.578,中间派,有色金属,True
2019-01-02,2019-12-31,long,601231,116.67,2019年牛股 601231,2019,601231,0.156,缩量派,电子,True
2015-01-05,2015-12-31,long,601238,162.28,2015年牛股 601238,2015,601238,1.0,高量能派,汽车,True
2017-01-03,2017-12-29,long,601318,101.51,2017年牛股 601318,2017,601318,0.674,高量能派,非银金融,False
2014-01-02,2014-12-31,long,601336,118.02,2014年牛股 601336,2014,601336,0.5059580230196343,中间派,非银金融,False
2017-01-03,2017-12-20,long,601360,294.36,2017年牛股 601360,2017,601360,0.274,缩量派,计算机,False
2014-01-02,2014-12-31,long,601377,222.51,2014年牛股 601377,2014,601377,0.27560370119611827,缩量派,非银金融,False
2015-01-05,2015-07-24,long,601388,150.89,2015年牛股 601388,2015,601388,0.976,高量能派,有色金属,True
2014-01-02,2014-12-31,long,601390,255.33,2014年牛股 601390,2014,601390,0.7767546829158203,高量能派,建筑装饰,False
2015-01-23,2015-12-31,long,601519,114.38,2015年牛股 601519,2015,601519,0.602,高量能派,计算机,True
2019-01-02,2019-12-31,long,601519,136.23,2019年牛股 601519,2019,601519,0.602,高量能派,计算机,True
2014-01-02,2014-12-31,long,601555,162.77,2014年牛股 601555,2014,601555,0.7775412087912088,高量能派,非银金融,False
2014-01-02,2014-12-31,long,601567,100.73,2014年牛股 601567,2014,601567,0.3825434439178515,缩量派,电力设备,False
2015-01-05,2015-12-31,long,601567,102.74,2015年牛股 601567,2015,601567,0.3825434439178515,缩量派,电力设备,True
2021-01-04,2021-12-31,long,601567,150.09,2021年牛股 601567,2021,601567,0.3825434439178515,缩量派,电力设备,False
2023-01-03,2023-12-29,long,601595,135.52,2023年牛股 601595,2023,601595,0.626,高量能派,传媒,False
2015-01-05,2015-12-31,long,601599,166.67,2015年牛股 601599,2015,601599,0.79,高量能派,纺织服饰,True
2025-01-02,2025-12-31,long,601606,309.1,2025年牛股 601606,2025,601606,0.85,高量能派,国防军工,True
2014-01-02,2014-12-31,long,601608,112.32,2014年牛股 601608,2014,601608,0.6389754005867749,高量能派,机械设备,False
2014-01-02,2014-12-31,long,601618,197.81,2014年牛股 601618,2014,601618,0.28233942781356575,缩量派,建筑装饰,False
2014-01-02,2014-12-31,long,601628,130.64,2014年牛股 601628,2014,601628,0.7924242424242425,高量能派,非银金融,False
2020-01-02,2020-12-31,long,601633,341.24,2020年牛股 601633,2020,601633,0.318,缩量派,汽车,True
2020-01-02,2020-12-31,long,601636,145.56,2020年牛股 601636,2020,601636,0.802,高量能派,建筑材料,True
2014-01-02,2014-12-31,long,601668,144.03,2014年牛股 601668,2014,601668,0.6406417710196779,高量能派,建筑装饰,False
2014-01-02,2014-12-31,long,601669,189.03,2014年牛股 601669,2014,601669,0.3191482226693494,缩量派,建筑装饰,False
2021-01-04,2021-12-31,long,601669,113.53,2021年牛股 601669,2021,601669,0.3191482226693494,缩量派,建筑装饰,False
2021-01-04,2021-12-31,long,601677,215.28,2021年牛股 601677,2021,601677,0.746,高量能派,有色金属,False
2014-01-02,2014-12-31,long,601688,178.69,2014年牛股 601688,2014,601688,0.5273414579101783,中间派,非银金融,False
2020-01-02,2020-12-31,long,601689,121.57,2020年牛股 601689,2020,601689,0.93,高量能派,汽车,True
2025-01-02,2025-12-31,long,601717,101.86,2025年牛股 601717,2025,601717,0.794,高量能派,机械设备,True
2014-01-02,2014-12-31,long,601727,127.33,2014年牛股 601727,2014,601727,0.693864057127744,高量能派,电力设备,False
2015-01-05,2015-12-31,long,601766,103.31,2015年牛股 601766,2015,601766,0.57,中间派,机械设备,True
2024-01-02,2024-12-31,long,601777,113.69,2024年牛股 601777,2024,601777,0.91,高量能派,汽车,True
2014-01-02,2014-12-31,long,601788,229.15,2014年牛股 601788,2014,601788,0.4892344497607656,中间派,非银金融,False
2015-01-05,2015-12-31,long,601799,106.25,2015年牛股 601799,2015,601799,0.506,中间派,汽车,True
2019-01-02,2019-12-31,long,601799,102.83,2019年牛股 601799,2019,601799,0.506,中间派,汽车,True
2020-01-02,2020-12-31,long,601799,112.97,2020年牛股 601799,2020,601799,0.506,中间派,汽车,True
2014-01-02,2014-12-31,long,601800,261.3,2014年牛股 601800,2014,601800,0.2985624438454627,缩量派,建筑装饰,False
2019-01-02,2019-12-31,long,601808,126.49,2019年牛股 601808,2019,601808,0.014,缩量派,石油石化,True
2023-01-03,2023-12-29,long,601858,130.05,2023年牛股 601858,2023,601858,1.0,高量能派,传媒,False
2020-01-02,2020-12-31,long,601865,229.56,2020年牛股 601865,2020,601865,0.5366582583899978,中间派,电力设备,True
2014-01-02,2014-12-31,long,601866,100.5,2014年牛股 601866,2014,601866,0.7553712480252766,高量能派,交通运输,False
2025-01-02,2025-12-31,long,601869,290.86,2025年牛股 601869,2025,601869,0.846,高量能派,通信,True
2014-01-02,2014-12-31,long,601872,159.12,2014年牛股 601872,2014,601872,0.7624915368991199,高量能派,交通运输,False
2019-01-02,2019-12-31,long,601872,126.88,2019年牛股 601872,2019,601872,0.7624915368991199,高量能派,交通运输,True
2021-01-04,2021-12-31,long,601882,108.04,2021年牛股 601882,2021,601882,0.378,缩量派,机械设备,False
2017-01-03,2017-12-29,long,601888,103.49,2017年牛股 601888,2017,601888,0.37,缩量派,商贸零售,False
2020-01-02,2020-12-31,long,601888,218.75,2020年牛股 601888,2020,601888,0.37,缩量派,商贸零售,True
2015-01-05,2015-12-31,long,601890,150.99,2015年牛股 601890,2015,601890,1.0,高量能派,国防军工,True
2020-01-02,2020-12-31,long,601899,106.44,2020年牛股 601899,2020,601899,0.682,高量能派,有色金属,True
2025-01-02,2025-12-31,long,601899,133.08,2025年牛股 601899,2025,601899,0.682,高量能派,有色金属,True
2014-01-13,2014-12-31,long,601901,138.26,2014年牛股 601901,2014,601901,0.15775434243176178,缩量派,非银金融,False
2020-01-02,2020-12-31,long,601908,243.24,2020年牛股 601908,2020,601908,0.20600000000000002,缩量派,公用事业,True
2014-01-02,2014-12-31,long,601919,118.71,2014年牛股 601919,2014,601919,0.48797381993108074,中间派,交通运输,False
2020-01-02,2020-12-31,long,601919,131.98,2020年牛股 601919,2020,601919,0.48797381993108074,中间派,交通运输,True
2017-01-03,2017-12-29,long,601933,109.83,2017年牛股 601933,2017,601933,1.0,高量能派,商贸零售,False
2024-01-02,2024-12-31,long,601933,124.82,2024年牛股 601933,2024,601933,1.0,高量能派,商贸零售,True
2020-01-02,2020-12-31,long,601952,105.41,2020年牛股 601952,2020,601952,0.61,高量能派,农林牧渔,True
2021-01-04,2021-12-31,long,601969,100.88,2021年牛股 601969,2021,601969,0.916,高量能派,钢铁,False
2014-01-02,2014-12-31,long,601998,123.29,2014年牛股 601998,2014,601998,0.011817038102084832,缩量派,银行,False
2019-01-02,2019-12-31,long,603000,173.14,2019年牛股 603000,2019,603000,0.78,高量能派,传媒,True
2019-01-02,2019-12-31,long,603005,140.64,2019年牛股 603005,2019,603005,0.532,中间派,电子,True
2020-01-02,2020-12-31,long,603005,129.01,2020年牛股 603005,2020,603005,0.532,中间派,电子,True
2015-01-05,2015-12-31,long,603006,100.57,2015年牛股 603006,2015,603006,0.13198309626881055,缩量派,汽车,True
2024-01-02,2024-12-31,long,603007,242.18,2024年牛股 603007,2024,603007,0.78,高量能派,汽车,True
2023-01-03,2023-12-29,long,603009,149.32,2023年牛股 603009,2023,603009,0.004,缩量派,汽车,False
2024-01-02,2024-12-31,long,603009,164.45,2024年牛股 603009,2024,603009,0.004,缩量派,汽车,True
2025-01-02,2025-12-31,long,603011,246.13,2025年牛股 603011,2025,603011,0.738,高量能派,机械设备,True
2020-01-02,2020-12-31,long,603025,196.64,2020年牛股 603025,2020,603025,1.0,高量能派,机械设备,True
2021-01-04,2021-12-31,long,603026,294.39,2021年牛股 603026,2021,603026,0.648,高量能派,电力设备,False
2025-01-02,2025-12-31,long,603026,113.72,2025年牛股 603026,2025,603026,0.648,高量能派,电力设备,True
2020-01-02,2020-12-31,long,603027,147.0,2020年牛股 603027,2020,603027,0.152,缩量派,食品饮料,True
2022-01-04,2022-12-30,long,603029,168.79,2022年牛股 603029,2022,603029,0.648,高量能派,机械设备,False
2019-01-02,2019-12-31,long,603031,102.72,2019年牛股 603031,2019,603031,0.41800000000000004,中间派,电力设备,True
2021-01-04,2021-12-31,long,603031,126.86,2021年牛股 603031,2021,603031,0.41800000000000004,中间派,电力设备,False
2021-01-04,2021-12-31,long,603032,439.32,2021年牛股 603032,2021,603032,0.032,缩量派,电力设备,False
2020-01-02,2020-12-31,long,603039,141.98,2020年牛股 603039,2020,603039,0.916,高量能派,计算机,True
2025-01-02,2025-12-31,long,603040,312.18,2025年牛股 603040,2025,603040,0.898,高量能派,汽车,True
2021-01-04,2021-12-31,long,603055,167.57,2021年牛股 603055,2021,603055,0.42,中间派,纺织服饰,False
2020-01-02,2020-12-31,long,603063,107.38,2020年牛股 603063,2020,603063,0.036,缩量派,电力设备,True
2021-01-04,2021-12-31,long,603063,109.51,2021年牛股 603063,2021,603063,0.036,缩量派,电力设备,False
2025-01-02,2025-12-31,long,603067,221.64,2025年牛股 603067,2025,603067,0.548,中间派,基础化工,True
2020-01-02,2020-12-31,long,603069,121.78,2020年牛股 603069,2020,603069,0.948,高量能派,交通运输,True
2015-01-05,2015-12-31,long,603077,108.57,2015年牛股 603077,2015,603077,0.74,高量能派,基础化工,True
2021-01-04,2021-12-31,long,603077,139.13,2021年牛股 603077,2021,603077,0.74,高量能派,基础化工,False
2019-01-02,2019-12-31,long,603079,147.89,2019年牛股 603079,2019,603079,0.26,缩量派,基础化工,True
2023-01-03,2023-12-29,long,603083,235.55,2023年牛股 603083,2023,603083,0.626,高量能派,通信,False
2025-01-02,2025-12-31,long,603083,232.71,2025年牛股 603083,2025,603083,0.626,高量能派,通信,True
2021-01-04,2021-12-31,long,603088,111.82,2021年牛股 603088,2021,603088,0.068,缩量派,机械设备,False
2025-01-02,2025-12-31,long,603090,220.69,2025年牛股 603090,2025,603090,0.65,高量能派,机械设备,True
2021-01-04,2021-12-31,long,603098,470.73,2021年牛股 603098,2021,603098,0.262,缩量派,建筑装饰,False
2024-01-02,2024-12-31,long,603099,182.2,2024年牛股 603099,2024,603099,0.808,高量能派,社会服务,True
2023-01-03,2023-12-29,long,603108,103.23,2023年牛股 603108,2023,603108,0.45,中间派,医药生物,False
2021-01-04,2021-12-31,long,603110,125.06,2021年牛股 603110,2021,603110,0.036,缩量派,基础化工,False
2025-01-02,2025-12-31,long,603119,419.01,2025年牛股 603119,2025,603119,0.858,高量能派,汽车,True
2025-01-02,2025-12-31,long,603122,254.65,2025年牛股 603122,2025,603122,0.8160000000000001,高量能派,医药生物,True
2025-01-02,2025-12-31,long,603123,108.82,2025年牛股 603123,2025,603123,0.788,高量能派,商贸零售,True
2020-01-02,2020-12-31,long,603127,150.45,2020年牛股 603127,2020,603127,0.594,中间派,医药生物,True
2025-01-02,2025-12-31,long,603127,110.62,2025年牛股 603127,2025,603127,0.594,中间派,医药生物,True
2019-01-02,2019-12-31,long,603129,168.78,2019年牛股 603129,2019,603129,0.456,中间派,汽车,True
2020-01-02,2020-12-31,long,603129,314.31,2020年牛股 603129,2020,603129,0.456,中间派,汽车,True
2025-01-02,2025-12-31,long,603130,156.74,2025年牛股 603130,2025,603130,0.956,高量能派,纺织服饰,True
2020-01-02,2020-12-31,long,603131,116.42,2020年牛股 603131,2020,603131,0.048,缩量派,机械设备,True
2019-01-02,2019-12-31,long,603160,163.06,2019年牛股 603160,2019,603160,0.158,缩量派,电子,True
2025-01-02,2025-12-31,long,603163,166.24,2025年牛股 603163,2025,603163,0.804,高量能派,建筑装饰,True
2025-01-02,2025-12-31,long,603166,117.25,2025年牛股 603166,2025,603166,0.938,高量能派,汽车,True
2023-01-03,2023-12-29,long,603178,385.37,2023年牛股 603178,2023,603178,0.124,缩量派,汽车,False
2020-01-02,2020-12-31,long,603179,137.88,2020年牛股 603179,2020,603179,0.744,高量能派,汽车,True
2020-01-02,2020-12-31,long,603185,620.13,2020年牛股 603185,2020,603185,0.12872574303471018,缩量派,电力设备,True
2019-01-02,2019-12-31,long,603186,153.39,2019年牛股 603186,2019,603186,0.74,高量能派,电子,True
2025-01-02,2025-12-31,long,603186,105.9,2025年牛股 603186,2025,603186,0.74,高量能派,电子,True
2020-01-02,2020-12-31,long,603187,161.69,2020年牛股 603187,2020,603187,0.4276572553707676,中间派,机械设备,True
2021-01-04,2021-12-31,long,603192,140.55,2021年牛股 603192,2021,603192,0.008,缩量派,基础化工,False
2021-01-04,2021-12-31,long,603197,110.9,2021年牛股 603197,2021,603197,0.158,缩量派,汽车,False
2021-01-04,2021-12-31,long,603198,102.2,2021年牛股 603198,2021,603198,0.934,高量能派,食品饮料,False
2025-01-02,2025-12-31,long,603200,193.88,2025年牛股 603200,2025,603200,0.83,高量能派,环保,True
2020-01-02,2020-12-31,long,603208,170.39,2020年牛股 603208,2020,603208,0.776,高量能派,轻工制造,True
2025-01-02,2025-12-31,long,603216,339.43,2025年牛股 603216,2025,603216,0.936,高量能派,轻工制造,True
2020-01-02,2020-12-31,long,603218,106.51,2020年牛股 603218,2020,603218,0.67,高量能派,电力设备,True
2023-01-03,2023-12-29,long,603220,234.46,2023年牛股 603220,2023,603220,0.22,缩量派,通信,False
2019-01-02,2019-12-31,long,603222,305.2,2019年牛股 603222,2019,603222,0.37,缩量派,医药生物,True
2020-01-02,2020-12-31,long,603223,198.06,2020年牛股 603223,2020,603223,0.05,缩量派,石油石化,True
2025-01-02,2025-12-31,long,603226,568.5,2025年牛股 603226,2025,603226,0.528,中间派,轻工制造,True
2025-01-02,2025-12-31,long,603228,169.03,2025年牛股 603228,2025,603228,0.57,中间派,电子,True
2020-01-02,2020-12-31,long,603229,153.55,2020年牛股 603229,2020,603229,0.976,高量能派,医药生物,True
2019-01-02,2019-12-31,long,603232,103.75,2019年牛股 603232,2019,603232,0.494,中间派,计算机,True
2025-01-02,2025-12-31,long,603256,340.72,2025年牛股 603256,2025,603256,0.94,高量能派,建筑材料,True
2020-01-02,2020-12-31,long,603259,105.34,2020年牛股 603259,2020,603259,0.784,高量能派,医药生物,True
2021-01-04,2021-12-31,long,603260,296.49,2021年牛股 603260,2021,603260,0.902,高量能派,基础化工,False
2023-01-03,2023-12-29,long,603266,134.0,2023年牛股 603266,2023,603266,0.086,缩量派,汽车,False
2020-01-02,2020-12-31,long,603267,251.34,2020年牛股 603267,2020,603267,0.11158730158730158,缩量派,国防军工,True
2024-01-02,2024-12-31,long,603268,129.51,2024年牛股 603268,2024,603268,0.472,中间派,国防军工,True
2025-01-02,2025-12-31,long,603268,110.24,2025年牛股 603268,2025,603268,0.472,中间派,国防军工,True
2025-01-02,2025-12-31,long,603278,124.51,2025年牛股 603278,2025,603278,0.984,高量能派,机械设备,True
2021-01-04,2021-12-31,long,603279,160.82,2021年牛股 603279,2021,603279,0.276,缩量派,机械设备,False
2023-01-03,2023-12-29,long,603283,144.51,2023年牛股 603283,2023,603283,0.576,中间派,机械设备,False
2025-01-02,2025-12-31,long,603286,253.58,2025年牛股 603286,2025,603286,0.45799999999999996,中间派,汽车,True
2020-01-02,2020-12-31,long,603288,125.76,2020年牛股 603288,2020,603288,0.384,缩量派,食品饮料,True
2021-01-04,2021-12-31,long,603297,238.05,2021年牛股 603297,2021,603297,0.004,缩量派,电子,False
2020-01-02,2020-12-31,long,603298,134.35,2020年牛股 603298,2020,603298,0.6,中间派,机械设备,True
2019-01-02,2019-12-31,long,603300,126.74,2019年牛股 603300,2019,603300,0.268,缩量派,非银金融,True
2021-01-04,2021-12-31,long,603300,118.83,2021年牛股 603300,2021,603300,0.268,缩量派,非银金融,False
2020-01-02,2020-12-31,long,603301,305.51,2020年牛股 603301,2020,603301,0.172,缩量派,医药生物,True
2025-01-02,2025-12-31,long,603301,230.95,2025年牛股 603301,2025,603301,0.172,缩量派,医药生物,True
2025-01-02,2025-12-31,long,603308,197.14,2025年牛股 603308,2025,603308,0.48,中间派,机械设备,True
2021-01-04,2021-12-31,long,603315,141.48,2021年牛股 603315,2021,603315,0.35,缩量派,环保,False
2025-01-02,2025-12-31,long,603316,208.51,2025年牛股 603316,2025,603316,0.614,高量能派,电子,True
2020-01-02,2020-12-31,long,603317,166.94,2020年牛股 603317,2020,603317,0.0129957805907173,缩量派,食品饮料,True
2020-01-02,2020-12-31,long,603319,123.24,2020年牛股 603319,2020,603319,0.076,缩量派,汽车,True
2025-01-02,2025-12-31,long,603319,161.58,2025年牛股 603319,2025,603319,0.076,缩量派,汽车,True
2023-01-03,2023-12-29,long,603322,131.35,2023年牛股 603322,2023,603322,0.168,缩量派,通信,False
2020-01-02,2020-12-31,long,603330,181.02,2020年牛股 603330,2020,603330,1.0,高量能派,基础化工,True
2019-01-02,2019-12-31,long,603333,104.87,2019年牛股 603333,2019,603333,0.42200000000000004,中间派,电力设备,True
2025-01-02,2025-12-31,long,603336,100.7,2025年牛股 603336,2025,603336,0.696,高量能派,农林牧渔,True
2020-01-02,2020-12-31,long,603345,226.03,2020年牛股 603345,2020,603345,0.454,中间派,食品饮料,True
2021-01-04,2021-12-31,long,603348,114.25,2021年牛股 603348,2021,603348,0.61,高量能派,汽车,False
2019-01-02,2019-12-31,long,603360,186.67,2019年牛股 603360,2019,603360,0.56,中间派,基础化工,True
2024-01-02,2024-12-31,long,603360,205.5,2024年牛股 603360,2024,603360,0.56,中间派,基础化工,True
2025-01-02,2025-12-31,long,603360,107.2,2025年牛股 603360,2025,603360,0.56,中间派,基础化工,True
2019-01-02,2019-12-31,long,603369,128.59,2019年牛股 603369,2019,603369,0.024,缩量派,食品饮料,True
2019-01-02,2019-12-31,long,603383,147.01,2019年牛股 603383,2019,603383,0.326,缩量派,计算机,True
2025-01-02,2025-12-31,long,603389,636.7,2025年牛股 603389,2025,603389,0.774,高量能派,轻工制造,True
2020-01-02,2020-12-31,long,603396,113.32,2020年牛股 603396,2020,603396,0.32,缩量派,电力设备,True
2021-01-04,2021-12-31,long,603396,173.05,2021年牛股 603396,2021,603396,0.32,缩量派,电力设备,False
2022-01-04,2022-12-30,long,603399,108.95,2022年牛股 603399,2022,603399,0.294,缩量派,有色金属,False
2020-01-02,2020-12-31,long,603416,225.57,2020年牛股 603416,2020,603416,0.056,缩量派,机械设备,True
2019-01-02,2019-12-31,long,603444,111.12,2019年牛股 603444,2019,603444,0.978,高量能派,传媒,True
2025-01-02,2025-12-31,long,603444,101.68,2025年牛股 603444,2025,603444,0.978,高量能派,传媒,True
2020-01-02,2020-12-31,long,603486,336.06,2020年牛股 603486,2020,603486,0.872,高量能派,家用电器,True
2023-01-03,2023-12-29,long,603496,187.93,2023年牛股 603496,2023,603496,0.624,高量能派,计算机,False
2024-01-02,2024-12-31,long,603499,140.67,2024年牛股 603499,2024,603499,0.99,高量能派,轻工制造,True
2019-01-02,2019-12-31,long,603501,389.56,2019年牛股 603501,2019,603501,0.00704350728830533,缩量派,电子,True
2024-01-02,2024-12-31,long,603516,146.63,2024年牛股 603516,2024,603516,0.854,高量能派,计算机,True
2025-01-02,2025-12-31,long,603516,307.18,2025年牛股 603516,2025,603516,0.854,高量能派,计算机,True
2021-01-04,2021-12-31,long,603518,135.06,2021年牛股 603518,2021,603518,0.464,中间派,纺织服饰,False
2019-01-02,2019-12-31,long,603520,127.5,2019年牛股 603520,2019,603520,0.848,高量能派,医药生物,True
2020-01-02,2020-12-31,long,603520,117.68,2020年牛股 603520,2020,603520,0.848,高量能派,医药生物,True
2020-01-02,2020-12-31,long,603535,137.07,2020年牛股 603535,2020,603535,0.034,缩量派,交通运输,True
2019-01-02,2019-12-31,long,603536,189.43,2019年牛股 603536,2019,603536,0.538,中间派,食品饮料,True
2020-01-02,2020-12-31,long,603583,144.53,2020年牛股 603583,2020,603583,0.664,高量能派,机械设备,True
2021-01-04,2021-12-31,long,603596,104.06,2021年牛股 603596,2021,603596,0.03,缩量派,汽车,False
2023-01-03,2023-12-29,long,603598,122.84,2023年牛股 603598,2023,603598,0.246,缩量派,传媒,False
2025-01-02,2025-12-31,long,603601,274.17,2025年牛股 603601,2025,603601,0.714,高量能派,建筑材料,True
2019-01-02,2019-12-31,long,603605,101.21,2019年牛股 603605,2019,603605,0.012474066390041495,缩量派,美容护理,True
2020-01-02,2020-12-31,long,603605,102.97,2020年牛股 603605,2020,603605,0.012474066390041495,缩量派,美容护理,True
2020-01-02,2020-12-31,long,603606,129.23,2020年牛股 603606,2020,603606,0.368,缩量派,电力设备,True
2021-01-04,2021-12-31,long,603606,107.44,2021年牛股 603606,2021,603606,0.368,缩量派,电力设备,False
2025-01-02,2025-12-31,long,603608,176.88,2025年牛股 603608,2025,603608,0.106,缩量派,纺织服饰,True
2020-01-02,2020-12-31,long,603613,145.7,2020年牛股 603613,2020,603613,0.026340282948622486,缩量派,商贸零售,True
2023-01-03,2023-12-29,long,603615,133.76,2023年牛股 603615,2023,603615,0.914,高量能派,轻工制造,False
2025-01-02,2025-12-31,long,603626,168.46,2025年牛股 603626,2025,603626,0.662,高量能派,电子,True
2023-01-03,2023-12-29,long,603629,155.22,2023年牛股 603629,2023,603629,0.5720000000000001,中间派,电子,False
2020-01-02,2020-12-31,long,603638,229.37,2020年牛股 603638,2020,603638,0.262,缩量派,机械设备,True
2021-01-04,2021-12-31,long,603659,100.79,2021年牛股 603659,2021,603659,0.862,高量能派,电力设备,False
2023-01-03,2023-12-29,long,603662,120.97,2023年牛股 603662,2023,603662,0.566,中间派,机械设备,False
2025-01-02,2025-12-31,long,603663,122.31,2025年牛股 603663,2025,603663,0.294,缩量派,基础化工,True
2025-01-02,2025-12-31,long,603665,126.07,2025年牛股 603665,2025,603665,0.966,高量能派,纺织服饰,True
2021-01-04,2021-12-31,long,603667,133.7,2021年牛股 603667,2021,603667,0.268,缩量派,机械设备,False
2025-01-02,2025-12-31,long,603667,183.71,2025年牛股 603667,2025,603667,0.268,缩量派,机械设备,True
2020-01-02,2020-12-31,long,603678,217.49,2020年牛股 603678,2020,603678,0.8200000000000001,高量能派,国防军工,True
2025-01-02,2025-12-31,long,603683,184.8,2025年牛股 603683,2025,603683,0.948,高量能派,基础化工,True
2025-01-02,2025-12-31,long,603686,188.63,2025年牛股 603686,2025,603686,0.916,高量能派,环保,True
2021-01-04,2021-12-31,long,603688,170.81,2021年牛股 603688,2021,603688,0.526,中间派,基础化工,False
2022-01-04,2022-12-30,long,603688,108.75,2022年牛股 603688,2022,603688,0.526,中间派,基础化工,False
2019-01-02,2019-12-31,long,603690,115.11,2019年牛股 603690,2019,603690,0.23399999999999999,缩量派,电子,True
2021-01-04,2021-12-31,long,603693,123.52,2021年牛股 603693,2021,603693,0.33799999999999997,缩量派,公用事业,False
2025-01-02,2025-12-31,long,603696,149.32,2025年牛股 603696,2025,603696,0.91,高量能派,食品饮料,True
2025-01-02,2025-12-31,long,603698,151.27,2025年牛股 603698,2025,603698,0.912,高量能派,机械设备,True
2025-01-02,2025-12-31,long,603699,146.08,2025年牛股 603699,2025,603699,0.454,中间派,机械设备,True
2019-01-02,2019-12-31,long,603707,188.41,2019年牛股 603707,2019,603707,0.11599999999999999,缩量派,医药生物,True
2020-01-02,2020-12-31,long,603713,227.76,2020年牛股 603713,2020,603713,0.378,缩量派,交通运输,True
2025-01-02,2025-12-31,long,603716,184.63,2025年牛股 603716,2025,603716,0.97,高量能派,医药生物,True
2019-01-02,2019-12-31,long,603721,140.96,2019年牛股 603721,2019,603721,0.644,高量能派,传媒,True
2019-01-02,2019-12-31,long,603737,213.7,2019年牛股 603737,2019,603737,0.486,中间派,建筑材料,True
2020-01-02,2020-12-31,long,603737,164.46,2020年牛股 603737,2020,603737,0.486,中间派,建筑材料,True
2021-01-04,2021-12-31,long,603738,192.32,2021年牛股 603738,2021,603738,0.426,中间派,电子,False
2025-01-02,2025-12-31,long,603757,126.01,2025年牛股 603757,2025,603757,0.58,中间派,机械设备,True
2025-01-02,2025-12-31,long,603758,117.1,2025年牛股 603758,2025,603758,0.756,高量能派,汽车,True
2023-01-03,2023-12-29,long,603767,123.95,2023年牛股 603767,2023,603767,0.094,缩量派,汽车,False
2025-01-02,2025-12-31,long,603767,106.79,2025年牛股 603767,2025,603767,0.094,缩量派,汽车,True
2020-01-02,2020-12-31,long,603787,115.98,2020年牛股 603787,2020,603787,0.878,高量能派,汽车,True
2017-01-03,2017-12-29,long,603799,128.08,2017年牛股 603799,2017,603799,0.598,中间派,有色金属,False
2020-01-02,2020-12-31,long,603799,101.35,2020年牛股 603799,2020,603799,0.598,中间派,有色金属,True
2025-01-02,2025-12-31,long,603799,136.69,2025年牛股 603799,2025,603799,0.598,中间派,有色金属,True
2021-01-04,2021-12-31,long,603800,114.17,2021年牛股 603800,2021,603800,0.004,缩量派,机械设备,False
2020-01-02,2020-12-31,long,603806,148.89,2020年牛股 603806,2020,603806,0.36,缩量派,电力设备,True
2020-01-02,2020-12-31,long,603809,120.41,2020年牛股 603809,2020,603809,0.24,缩量派,汽车,True
2025-01-02,2025-12-31,long,603813,229.16,2025年牛股 603813,2025,603813,0.718,高量能派,交通运输,True
2020-01-02,2020-12-31,long,603826,120.18,2020年牛股 603826,2020,603826,0.16,缩量派,基础化工,True
2023-01-03,2023-12-29,long,603863,163.27,2023年牛股 603863,2023,603863,0.918,高量能派,轻工制造,False
2021-01-04,2021-12-31,long,603876,146.34,2021年牛股 603876,2021,603876,0.59,中间派,有色金属,False
2020-01-02,2020-12-31,long,603877,105.92,2020年牛股 603877,2020,603877,0.068,缩量派,纺织服饰,True
2019-01-02,2019-12-31,long,603882,130.59,2019年牛股 603882,2019,603882,0.428,中间派,医药生物,True
2020-01-02,2020-12-31,long,603882,150.52,2020年牛股 603882,2020,603882,0.428,中间派,医药生物,True
2021-01-04,2021-12-31,long,603897,187.14,2021年牛股 603897,2021,603897,0.526,中间派,电力设备,False
2025-01-02,2025-12-31,long,603903,126.28,2025年牛股 603903,2025,603903,0.844,高量能派,环保,True
2020-01-02,2020-12-31,long,603906,223.3,2020年牛股 603906,2020,603906,0.29400000000000004,缩量派,电力设备,True
2021-01-04,2021-12-31,long,603917,148.51,2021年牛股 603917,2021,603917,0.054,缩量派,汽车,False
2023-01-03,2023-12-29,long,603918,154.3,2023年牛股 603918,2023,603918,0.66,高量能派,计算机,False
2020-01-02,2020-12-31,long,603919,202.12,2020年牛股 603919,2020,603919,0.612,高量能派,食品饮料,True
2021-01-04,2021-12-31,long,603938,121.37,2021年牛股 603938,2021,603938,0.16399999999999998,缩量派,基础化工,False
2020-01-03,2020-12-31,long,603960,105.14,2020年牛股 603960,2020,603960,0.998,高量能派,汽车,True
2020-01-02,2020-12-31,long,603976,320.33,2020年牛股 603976,2020,603976,0.852,高量能派,医药生物,True
2025-01-02,2025-12-31,long,603979,111.89,2025年牛股 603979,2025,603979,0.37,缩量派,有色金属,True
2021-01-04,2021-12-31,long,603982,134.58,2021年牛股 603982,2021,603982,0.702,高量能派,汽车,False
2020-01-02,2020-12-31,long,603985,202.7,2020年牛股 603985,2020,603985,0.61,高量能派,电力设备,True
2021-01-04,2021-12-31,long,603985,114.08,2021年牛股 603985,2021,603985,0.61,高量能派,电力设备,False
2019-01-02,2019-12-31,long,603986,230.0,2019年牛股 603986,2019,603986,0.518,中间派,电子,True
2025-01-02,2025-12-31,long,603986,101.17,2025年牛股 603986,2025,603986,0.518,中间派,电子,True
2024-01-02,2024-12-31,long,603988,116.16,2024年牛股 603988,2024,603988,0.748,高量能派,电力设备,True
2020-01-02,2020-12-31,long,603991,129.55,2020年牛股 603991,2020,603991,0.19,缩量派,电子,True
2025-01-02,2025-12-31,long,603992,124.85,2025年牛股 603992,2025,603992,0.39,缩量派,轻工制造,True
2025-01-02,2025-12-31,long,603993,210.55,2025年牛股 603993,2025,603993,0.46,中间派,有色金属,True
2021-01-04,2021-12-31,long,603995,126.55,2021年牛股 603995,2021,603995,0.09306379894615188,缩量派,钢铁,False
2021-01-04,2021-12-31,long,603997,117.3,2021年牛股 603997,2021,603997,0.246,缩量派,汽车,False
2025-01-02,2025-12-31,long,605060,115.06,2025年牛股 605060,2025,605060,0.552,中间派,机械设备,True
2025-01-02,2025-12-31,long,605100,204.17,2025年牛股 605100,2025,605100,0.938,高量能派,机械设备,True
2022-01-04,2022-12-30,long,605108,106.82,2022年牛股 605108,2022,605108,0.004,缩量派,社会服务,False
2025-01-02,2025-12-31,long,605178,260.4,2025年牛股 605178,2025,605178,0.318,缩量派,建筑装饰,True
2025-01-02,2025-12-31,long,605188,153.87,2025年牛股 605188,2025,605188,1.0,高量能派,商贸零售,True
2025-01-02,2025-12-31,long,605196,198.45,2025年牛股 605196,2025,605196,0.438,中间派,电力设备,True
2025-01-02,2025-12-30,long,605255,1645.0,2025年牛股 605255,2025,605255,0.53,中间派,汽车,True
2025-01-02,2025-12-31,long,605287,113.26,2025年牛股 605287,2025,605287,0.556,中间派,建筑装饰,True
2025-01-02,2025-12-31,long,605288,166.36,2025年牛股 605288,2025,605288,0.424,中间派,机械设备,True
2023-01-03,2023-12-29,long,605289,169.25,2023年牛股 605289,2023,605289,0.614,高量能派,建筑装饰,False
2025-01-02,2025-12-31,long,605289,162.4,2025年牛股 605289,2025,605289,0.614,高量能派,建筑装饰,True
2025-01-02,2025-12-31,long,605298,198.58,2025年牛股 605298,2025,605298,0.748,高量能派,机械设备,True
2025-01-02,2025-12-31,long,605303,128.23,2025年牛股 605303,2025,605303,0.61,高量能派,建筑装饰,True
2025-01-02,2025-12-31,long,605318,219.93,2025年牛股 605318,2025,605318,0.792,高量能派,建筑材料,True
2025-01-02,2025-12-31,long,605376,126.82,2025年牛股 605376,2025,605376,0.584,中间派,有色金属,True
2025-01-02,2025-12-31,long,605389,198.25,2025年牛股 605389,2025,605389,0.752,高量能派,机械设备,True
2021-01-04,2021-12-31,long,605399,126.63,2021年牛股 605399,2021,605399,0.7115315315315316,高量能派,基础化工,False
2025-01-02,2025-12-31,long,605488,128.92,2025年牛股 605488,2025,605488,0.844,高量能派,基础化工,True
2023-01-03,2023-12-29,long,605577,136.91,2023年牛股 605577,2023,605577,0.718,高量能派,传媒,False
2025-01-02,2025-12-31,long,605580,108.12,2025年牛股 605580,2025,605580,0.922,高量能派,公用事业,True
2025-01-02,2025-12-31,long,605598,211.69,2025年牛股 605598,2025,605598,0.772,高量能派,建筑装饰,True
2020-01-02,2020-12-31,long,688002,191.72,2020年牛股 688002,2020,688002,0.4310097532989099,中间派,国防军工,True
2025-01-02,2025-12-31,long,688002,114.89,2025年牛股 688002,2025,688002,0.4310097532989099,中间派,国防军工,True
2021-01-04,2021-12-31,long,688005,124.42,2021年牛股 688005,2021,688005,0.864,高量能派,电力设备,False
2020-01-02,2020-12-31,long,688006,110.01,2020年牛股 688006,2020,688006,0.34199134199134196,缩量派,电力设备,True
2025-01-02,2025-12-31,long,688011,316.71,2025年牛股 688011,2025,688011,0.632,高量能派,国防军工,True
2025-01-02,2025-12-31,long,688013,187.72,2025年牛股 688013,2025,688013,0.694,高量能派,医药生物,True
2024-01-02,2024-12-31,long,688018,196.47,2024年牛股 688018,2024,688018,0.256,缩量派,电子,True
2020-01-02,2020-12-31,long,688019,125.71,2020年牛股 688019,2020,688019,0.41617783266440256,中间派,电子,True
2025-01-02,2025-12-31,long,688019,103.74,2025年牛股 688019,2025,688019,0.41617783266440256,中间派,电子,True
2023-01-03,2023-12-29,long,688025,109.21,2023年牛股 688025,2023,688025,0.074,缩量派,机械设备,False
2025-01-02,2025-12-31,long,688025,199.94,2025年牛股 688025,2025,688025,0.074,缩量派,机械设备,True
2024-01-02,2024-12-31,long,688027,133.27,2024年牛股 688027,2024,688027,0.20400000000000001,缩量派,通信,True
2025-01-02,2025-12-31,long,688028,195.46,2025年牛股 688028,2025,688028,1.0,高量能派,机械设备,True
2025-01-02,2025-12-31,long,688031,134.53,2025年牛股 688031,2025,688031,0.994,高量能派,计算机,True
2024-01-02,2024-12-31,long,688041,111.35,2024年牛股 688041,2024,688041,0.916,高量能派,电子,True
2025-01-02,2025-12-31,long,688048,221.49,2025年牛股 688048,2025,688048,0.612,高量能派,电子,True
2021-01-04,2021-12-31,long,688056,102.85,2021年牛股 688056,2021,688056,0.016530054644808743,缩量派,机械设备,False
2025-01-02,2025-12-31,long,688059,148.75,2025年牛股 688059,2025,688059,0.85,高量能派,机械设备,True
2023-01-03,2023-12-29,long,688062,126.23,2023年牛股 688062,2023,688062,0.2861190817790531,缩量派,医药生物,False
2021-01-04,2021-12-31,long,688065,118.34,2021年牛股 688065,2021,688065,0.01639344262295082,缩量派,基础化工,False
2021-01-04,2021-12-31,long,688068,200.44,2021年牛股 688068,2021,688068,0.172,缩量派,医药生物,False
2025-01-02,2025-12-31,long,688068,161.97,2025年牛股 688068,2025,688068,0.172,缩量派,医药生物,True
2025-01-02,2025-12-31,long,688072,115.15,2025年牛股 688072,2025,688072,0.832,高量能派,电子,True
2021-01-04,2021-12-31,long,688077,102.08,2021年牛股 688077,2021,688077,0.2936029833620195,缩量派,有色金属,False
2021-01-04,2021-12-31,long,688078,113.89,2021年牛股 688078,2021,688078,0.1907897518285207,缩量派,计算机,False
2025-01-02,2025-12-31,long,688081,129.22,2025年牛股 688081,2025,688081,0.94,高量能派,国防军工,True
2025-01-02,2025-12-31,long,688102,342.22,2025年牛股 688102,2025,688102,0.652,高量能派,有色金属,True
2023-01-03,2023-12-29,long,688108,119.79,2023年牛股 688108,2023,688108,0.89,高量能派,医药生物,False
2025-01-02,2025-12-31,long,688109,428.76,2025年牛股 688109,2025,688109,0.704,高量能派,计算机,True
2025-01-02,2025-12-31,long,688110,427.51,2025年牛股 688110,2025,688110,0.886,高量能派,电子,True
2021-01-04,2021-12-31,long,688116,140.96,2021年牛股 688116,2021,688116,0.548,中间派,电力设备,False
2025-01-02,2025-12-31,long,688117,106.89,2025年牛股 688117,2025,688117,0.386,缩量派,医药生物,True
2020-01-02,2020-12-31,long,688122,138.17,2020年牛股 688122,2020,688122,0.26936316695352835,缩量派,国防军工,True
2025-01-02,2025-12-31,long,688123,115.5,2025年牛股 688123,2025,688123,0.866,高量能派,电子,True
2025-01-02,2025-12-31,long,688125,245.66,2025年牛股 688125,2025,688125,0.404,中间派,机械设备,True
2025-01-02,2025-12-31,long,688131,102.88,2025年牛股 688131,2025,688131,0.738,高量能派,医药生物,True
2025-01-02,2025-12-31,long,688143,128.34,2025年牛股 688143,2025,688143,0.838,高量能派,通信,True
2025-01-02,2025-12-31,long,688147,133.89,2025年牛股 688147,2025,688147,0.844,高量能派,电力设备,True
2025-01-02,2025-12-31,long,688158,100.93,2025年牛股 688158,2025,688158,0.856,高量能派,计算机,True
2023-01-03,2023-12-29,long,688159,158.82,2023年牛股 688159,2023,688159,0.122,缩量派,通信,False
2023-01-03,2023-12-29,long,688160,102.79,2023年牛股 688160,2023,688160,0.622,高量能派,机械设备,False
2025-01-02,2025-12-31,long,688160,166.77,2025年牛股 688160,2025,688160,0.622,高量能派,机械设备,True
2024-01-02,2024-12-31,long,688165,130.37,2024年牛股 688165,2024,688165,0.668,高量能派,机械设备,True
2025-01-02,2025-12-31,long,688167,174.84,2025年牛股 688167,2025,688167,0.762,高量能派,电子,True
2025-01-02,2025-12-31,long,688171,179.35,2025年牛股 688171,2025,688171,0.502,中间派,计算机,True
2024-01-02,2024-12-31,long,688183,245.13,2024年牛股 688183,2024,688183,0.552,中间派,电子,True
2025-01-02,2025-12-31,long,688183,146.63,2025年牛股 688183,2025,688183,0.552,中间派,电子,True
2025-01-02,2025-12-31,long,688191,187.73,2025年牛股 688191,2025,688191,0.312,缩量派,电力设备,True
2025-01-02,2025-12-31,long,688195,322.81,2025年牛股 688195,2025,688195,0.606,高量能派,电子,True
2023-01-03,2023-12-29,long,688197,127.31,2023年牛股 688197,2023,688197,0.44654346850216964,中间派,医药生物,False
2021-01-04,2021-12-31,long,688198,227.81,2021年牛股 688198,2021,688198,0.015184176688601468,缩量派,医药生物,False
2024-01-02,2024-12-31,long,688205,123.74,2024年牛股 688205,2024,688205,0.596,中间派,通信,True
2025-01-02,2025-12-31,long,688210,178.83,2025年牛股 688210,2025,688210,0.844,高量能派,电子,True
2025-01-02,2025-12-31,long,688215,332.35,2025年牛股 688215,2025,688215,0.734,高量能派,机械设备,True
2025-01-02,2025-12-31,long,688227,151.49,2025年牛股 688227,2025,688227,0.996,高量能派,计算机,True
2023-01-03,2023-12-29,long,688228,108.34,2023年牛股 688228,2023,688228,0.624,高量能派,计算机,False
2025-01-02,2025-12-31,long,688228,337.72,2025年牛股 688228,2025,688228,0.624,高量能派,计算机,True
2021-01-04,2021-12-31,long,688233,102.19,2021年牛股 688233,2021,688233,0.05752077223851418,缩量派,电子,False
2025-01-02,2025-12-31,long,688233,199.49,2025年牛股 688233,2025,688233,0.05752077223851418,缩量派,电子,True
2025-01-02,2025-12-31,long,688237,118.79,2025年牛股 688237,2025,688237,0.652,高量能派,国防军工,True
2025-01-02,2025-12-31,long,688239,136.81,2025年牛股 688239,2025,688239,0.164,缩量派,国防军工,True
2025-01-02,2025-12-31,long,688251,113.23,2025年牛股 688251,2025,688251,0.754,高量能派,计算机,True
2023-01-03,2023-12-29,long,688256,147.34,2023年牛股 688256,2023,688256,0.306,缩量派,电子,False
2024-01-02,2024-12-31,long,688256,387.58,2024年牛股 688256,2024,688256,0.306,缩量派,电子,True
2025-01-02,2025-12-31,long,688256,106.01,2025年牛股 688256,2025,688256,0.306,缩量派,电子,True
2025-01-02,2025-12-31,long,688257,166.99,2025年牛股 688257,2025,688257,1.0,高量能派,机械设备,True
2025-01-02,2025-12-31,long,688258,122.15,2025年牛股 688258,2025,688258,0.846,高量能派,计算机,True
2023-01-03,2023-12-29,long,688260,117.83,2023年牛股 688260,2023,688260,0.128,缩量派,电子,False
2025-01-02,2025-12-31,long,688260,106.45,2025年牛股 688260,2025,688260,0.128,缩量派,电子,True
2025-01-02,2025-12-31,long,688282,105.5,2025年牛股 688282,2025,688282,0.378,缩量派,国防军工,True
2025-01-02,2025-12-31,long,688291,123.54,2025年牛股 688291,2025,688291,0.61,高量能派,计算机,True
2021-01-04,2021-12-31,long,688300,138.72,2021年牛股 688300,2021,688300,0.30973770491803276,缩量派,基础化工,False
2025-01-02,2025-12-31,long,688313,442.56,2025年牛股 688313,2025,688313,0.692,高量能派,通信,True
2025-01-02,2025-12-31,long,688319,139.25,2025年牛股 688319,2025,688319,0.532,中间派,医药生物,True
2023-01-03,2023-12-29,long,688328,117.11,2023年牛股 688328,2023,688328,0.784,高量能派,机械设备,False
2025-01-02,2025-12-31,long,688331,158.35,2025年牛股 688331,2025,688331,0.6759999999999999,高量能派,医药生物,True
2020-01-02,2020-12-31,long,688333,175.76,2020年牛股 688333,2020,688333,0.14364601262191623,缩量派,机械设备,True
2025-01-02,2025-12-31,long,688333,183.37,2025年牛股 688333,2025,688333,0.14364601262191623,缩量派,机械设备,True
2025-01-02,2025-12-31,long,688335,224.61,2025年牛股 688335,2025,688335,0.79,高量能派,环保,True
2025-01-02,2025-12-31,long,688336,178.54,2025年牛股 688336,2025,688336,0.256,缩量派,医药生物,True
2025-01-02,2025-12-31,long,688347,132.13,2025年牛股 688347,2025,688347,0.794,高量能派,电子,True
2025-01-02,2025-12-31,long,688350,103.81,2025年牛股 688350,2025,688350,1.0,高量能派,基础化工,True
2025-01-02,2025-12-31,long,688353,386.31,2025年牛股 688353,2025,688353,0.874,高量能派,电力设备,True
2021-01-04,2021-12-31,long,688356,207.67,2021年牛股 688356,2021,688356,0.140625,缩量派,医药生物,False
2021-01-04,2021-12-31,long,688357,202.37,2021年牛股 688357,2021,688357,0.17526300409117473,缩量派,基础化工,False
2025-01-02,2025-12-31,long,688367,102.83,2025年牛股 688367,2025,688367,0.794,高量能派,机械设备,True
2025-01-02,2025-12-31,long,688372,143.58,2025年牛股 688372,2025,688372,0.63,高量能派,电子,True
2022-01-04,2022-12-30,long,688377,136.31,2022年牛股 688377,2022,688377,0.908,高量能派,机械设备,False
2025-01-02,2025-12-31,long,688379,172.5,2025年牛股 688379,2025,688379,0.784,高量能派,机械设备,True
2025-01-02,2025-12-31,long,688382,104.81,2025年牛股 688382,2025,688382,0.966,高量能派,医药生物,True
2025-01-02,2025-12-31,long,688386,277.49,2025年牛股 688386,2025,688386,0.336,缩量派,基础化工,True
2025-01-02,2025-12-31,long,688387,116.44,2025年牛股 688387,2025,688387,0.832,高量能派,通信,True
2025-01-02,2025-12-31,long,688388,178.35,2025年牛股 688388,2025,688388,0.836,高量能派,电力设备,True
2025-01-02,2025-12-31,long,688392,176.9,2025年牛股 688392,2025,688392,0.702,高量能派,电力设备,True
2025-01-02,2025-12-31,long,688433,183.86,2025年牛股 688433,2025,688433,0.988,高量能派,机械设备,True
2025-01-02,2025-12-31,long,688456,135.13,2025年牛股 688456,2025,688456,0.758,高量能派,有色金属,True
2025-01-02,2025-12-31,long,688485,107.2,2025年牛股 688485,2025,688485,0.656,高量能派,机械设备,True
2025-01-02,2025-12-31,long,688488,107.76,2025年牛股 688488,2025,688488,0.716,高量能派,医药生物,True
2025-01-02,2025-12-31,long,688498,379.31,2025年牛股 688498,2025,688498,0.586,中间派,电子,True
2025-01-02,2025-12-31,long,688499,158.02,2025年牛股 688499,2025,688499,0.902,高量能派,电力设备,True
2025-01-02,2025-12-31,long,688513,106.23,2025年牛股 688513,2025,688513,0.9,高量能派,医药生物,True
2021-01-04,2021-12-31,long,688516,211.11,2021年牛股 688516,2021,688516,0.07168253968253968,缩量派,电力设备,False
2021-01-04,2021-12-31,long,688518,225.2,2021年牛股 688518,2021,688518,0.10007072135785007,缩量派,机械设备,False
2025-01-02,2025-12-31,long,688519,281.29,2025年牛股 688519,2025,688519,0.28200000000000003,缩量派,电子,True
2025-01-02,2025-12-31,long,688521,161.24,2025年牛股 688521,2025,688521,0.872,高量能派,电子,True
2025-01-02,2025-12-31,long,688523,179.8,2025年牛股 688523,2025,688523,0.532,中间派,国防军工,True
2025-01-02,2025-12-31,long,688531,102.18,2025年牛股 688531,2025,688531,0.732,高量能派,机械设备,True
2025-01-02,2025-12-31,long,688552,117.51,2025年牛股 688552,2025,688552,0.664,高量能派,国防军工,True
2021-01-04,2021-12-31,long,688556,142.98,2021年牛股 688556,2021,688556,0.016001024065540194,缩量派,电力设备,False
2023-01-03,2023-12-29,long,688577,119.69,2023年牛股 688577,2023,688577,0.808,高量能派,机械设备,False
2025-01-02,2025-12-31,long,688577,249.44,2025年牛股 688577,2025,688577,0.808,高量能派,机械设备,True
2023-01-03,2023-12-29,long,688578,111.74,2023年牛股 688578,2023,688578,0.45799999999999996,中间派,医药生物,False
2025-01-02,2025-12-31,long,688585,1821.12,2025年牛股 688585,2025,688585,0.678,高量能派,基础化工,True
2021-01-04,2021-12-31,long,688589,101.5,2021年牛股 688589,2021,688589,0.10778829604130809,缩量派,电子,False
2023-01-03,2023-12-29,long,688590,136.08,2023年牛股 688590,2023,688590,0.512,中间派,计算机,False
2021-01-04,2021-12-31,long,688599,244.19,2021年牛股 688599,2021,688599,0.800090799031477,高量能派,电力设备,False
2025-01-02,2025-12-31,long,688607,224.0,2025年牛股 688607,2025,688607,0.516,中间派,医药生物,True
2024-01-02,2024-12-31,long,688608,111.68,2024年牛股 688608,2024,688608,0.134,缩量派,电子,True
2023-01-03,2023-12-29,long,688609,100.91,2023年牛股 688609,2023,688609,0.52,中间派,家用电器,False
2025-01-02,2025-12-31,long,688611,113.84,2025年牛股 688611,2025,688611,0.796,高量能派,电力设备,True
2025-01-02,2025-12-31,long,688626,107.08,2025年牛股 688626,2025,688626,0.99,高量能派,医药生物,True
2025-01-02,2025-12-31,long,688627,207.8,2025年牛股 688627,2025,688627,0.712,高量能派,机械设备,True
2025-01-02,2025-12-31,long,688629,198.78,2025年牛股 688629,2025,688629,0.824,高量能派,国防军工,True
2025-01-02,2025-12-31,long,688630,134.26,2025年牛股 688630,2025,688630,0.774,高量能派,机械设备,True
2024-01-02,2024-12-31,long,688631,148.7,2024年牛股 688631,2024,688631,0.16604797258709308,缩量派,计算机,True
2025-01-02,2025-12-31,long,688636,127.95,2025年牛股 688636,2025,688636,0.748,高量能派,国防军工,True
2025-01-02,2025-12-31,long,688648,163.89,2025年牛股 688648,2025,688648,0.3246586345381526,缩量派,机械设备,True
2025-01-02,2025-12-31,long,688652,100.61,2025年牛股 688652,2025,688652,0.81184064656868,高量能派,电子,True
2024-01-02,2024-12-31,long,688656,179.52,2024年牛股 688656,2024,688656,0.672,高量能派,医药生物,True
2025-01-02,2025-12-31,long,688661,104.18,2025年牛股 688661,2025,688661,0.488,中间派,电子,True
2025-01-02,2025-12-31,long,688676,121.54,2025年牛股 688676,2025,688676,0.838,高量能派,电力设备,True
2025-01-02,2025-12-31,long,688679,154.06,2025年牛股 688679,2025,688679,0.82,高量能派,环保,True
2025-01-02,2025-12-31,long,688682,113.94,2025年牛股 688682,2025,688682,0.512,中间派,国防军工,True
2025-01-02,2025-12-31,long,688698,126.38,2025年牛股 688698,2025,688698,1.0,高量能派,机械设备,True
2022-01-04,2022-12-30,long,688700,111.13,2022年牛股 688700,2022,688700,0.25606060606060604,缩量派,机械设备,False
2025-01-02,2025-12-31,long,688776,113.66,2025年牛股 688776,2025,688776,0.706,高量能派,国防军工,True
2025-01-02,2025-12-31,long,688778,105.25,2025年牛股 688778,2025,688778,0.886,高量能派,电力设备,True
2025-01-02,2025-12-31,long,688788,215.84,2025年牛股 688788,2025,688788,0.948,高量能派,国防军工,True
2025-01-02,2025-12-31,long,688800,116.53,2025年牛股 688800,2025,688800,0.928,高量能派,电子,True
