# §61 判定:三条全中年化 +10.37%,但 300 次随机对照 p=0.16,与随机无法区分;本表是状态频率统计,不是买点,不构成投资建议。
月份,t,代码,调整天数,深度,缩量比,收敛比
2013-06,112,002021,44,0.28019323671497576,0.676680122650263,0.8801235261089282
2013-06,112,600604,14,0.2727272727272727,0.5558758475243679,1.0729768786127167
2013-06,112,600774,39,0.28101802757158,0.550404503750327,0.9106499742754239
2013-06,112,000637,45,0.21627906976744182,0.4871436076082623,1.0993006993006995
2013-06,112,000553,15,0.274749721913237,0.4827193243402565,1.0288358846564614
2013-06,112,000692,46,0.21130952380952384,0.6706591813394502,0.9648776637726918
2013-06,112,600597,27,0.1617312072892939,0.8132324097604895,1.0691729323308268
2013-06,112,300101,18,0.2703252032520326,0.7129738879757376,1.2024866785079926
2013-06,112,600345,14,0.2222929936305732,0.5834769439719182,0.793723421435108
2013-06,112,600526,47,0.2620772946859903,0.4710301710540419,0.9673024523160764
2013-06,112,600488,39,0.2727272727272728,0.4861609357888972,0.8814083501843701
2013-06,112,600352,32,0.2668329177057356,0.6885393481156892,0.970297029702971
2013-06,112,600864,13,0.24298056155507564,0.30364344108118757,1.1452513966480447
2013-06,112,600603,44,0.19999999999999996,0.5123376169589332,1.0293303818483661
2013-07,135,002091,11,0.17550274223034734,0.7250058141695581,0.8454469507101086
2013-07,135,600708,47,0.22895622895622902,0.4893155240612563,0.8744394618834085
2013-07,135,000559,11,0.1691176470588237,0.6670676526188283,0.5681818181818191
2013-07,135,000952,22,0.17628205128205132,0.554293442838328,0.763296792529435
2013-07,135,002524,11,0.14729729729729735,0.6338577086511357,0.9177471636953001
2013-07,135,000042,29,0.140625,0.5564202552944677,0.9661016949152539
2013-07,135,002267,48,0.2722710163111669,0.7757507445617247,0.915418858761635
2013-07,135,002137,18,0.1279999999999999,0.7222499570164032,0.7478427612655791
2013-07,135,300343,10,0.21378091872791516,0.5517653457810358,0.907706945765937
2013-07,135,000801,34,0.25806451612903236,0.5924289799139439,0.8692774928505594
2013-07,135,002284,23,0.1524547803617572,0.4343492422415747,0.8053691275167779
2013-07,135,000819,21,0.1643835616438356,0.6861224432087824,0.8832350811872999
2013-07,135,002159,64,0.266268656716418,0.4714557068409846,0.6131761086900784
2013-07,135,600767,26,0.1351851851851853,0.48342808611528404,0.8326557163766466
2013-07,135,002030,28,0.23550724637681153,0.6211383909712933,0.8789986091794154
2013-07,135,300234,19,0.17928286852589637,0.6350347338977724,0.8819538670284934
2013-07,135,300106,25,0.24092116917626205,0.6958551537191728,0.8680442564269444
2013-07,135,002456,13,0.1823956442831216,0.7600105327518744,0.5470967741935477
2013-07,135,300115,10,0.12826603325415675,0.6637922963833404,0.9339130434782607
2013-07,135,200513,57,0.2301064368981247,0.286911681290374,0.6350985131472943
2013-07,135,300141,38,0.2149532710280374,0.6564120675201408,0.9141940657578189
2013-07,135,600686,16,0.20814977973568283,0.5136597107167223,0.789923954372624
2013-07,135,000716,52,0.2684563758389261,0.7709163015071595,0.8899782135076257
2013-08,157,002364,32,0.1578947368421053,0.6131020600788465,0.7859237536656896
2013-08,157,600200,37,0.17115902964959562,0.6195553222971433,0.5757762249949624
2013-08,157,002643,21,0.1641541038525962,0.6356522295059489,0.6505469199769712
2013-08,157,000726,45,0.15781250000000013,0.7267370261599254,0.6063779651254121
2013-08,157,002648,25,0.1662269129287599,0.5919501330923641,0.7886658795749709
2013-08,157,600375,18,0.11753183153770819,0.46225936965928227,0.3897136797454931
2013-08,157,600851,11,0.12734082397003743,0.5660224044822432,0.7286432160804023
2013-08,157,001896,36,0.15302491103202853,0.6957484081520702,0.7888153053715969
2013-08,157,000790,44,0.18937329700272476,0.5227358994650826,0.5392996108949416
2013-08,157,000797,56,0.23580786026200873,0.5251402476810456,0.5370518994114502
2013-08,157,600261,27,0.2253164556962025,0.5637214255455101,0.6259455370650534
2013-08,157,300346,31,0.18555008210180624,0.5790575296860508,0.5824468085106381
2013-08,157,000848,37,0.14696969696969697,0.6212799833860372,0.7899216887980929
2013-08,157,002317,11,0.128421052631579,0.3819078582533098,0.8140350877192983
2013-08,157,002594,23,0.17229729729729726,0.6080207847984039,0.8190865016585857
2013-08,157,600976,24,0.16137040714995032,0.5604719319401245,0.7247899159663853
2013-08,157,002606,34,0.22263222632226332,0.5431948411666326,0.7796989495722485
2013-08,157,600167,24,0.1335078534031413,0.7126684479369912,0.625651720542232
2013-08,157,600990,21,0.11841326228537596,0.7076727915115661,0.8247705702408029
2013-08,157,300273,17,0.19145690312738362,0.708663781799836,0.7602083683414551
2013-08,157,600189,18,0.1373913043478261,0.7462994412496222,0.8085808580858079
2013-08,157,600192,26,0.14655172413793094,0.6378674372301268,0.6162902450744827
2013-09,176,000920,35,0.23180873180873174,0.6859229430702969,0.7036399263701679
2013-09,176,002228,47,0.10227272727272718,0.6344249091714755,0.6412540078375487
2013-09,176,600207,14,0.14727272727272722,0.39659055892992956,0.562403697996918
2013-09,176,300297,16,0.13559322033898313,0.5069109481144403,0.5326876513317196
2013-09,176,600699,38,0.2049910873440286,0.47156885387465997,0.575953356445005
2013-09,176,002649,36,0.1962421711899791,0.6508394180149234,0.5312693498452011
2013-09,176,600703,33,0.15521327014218,0.5706814009809491,0.6581004494821183
2013-09,176,002653,34,0.17269812185066424,0.4851293750206813,0.6315324598851763
2013-09,176,002655,22,0.19975639464068218,0.4474943537531797,0.49891478986385523
2013-09,176,002382,29,0.13043478260869568,0.5938938105056253,0.5226383454443821
2013-09,176,600067,33,0.20132450331125817,0.5427537200115157,0.49189731822744887
2013-09,176,002520,44,0.1688311688311689,0.5104064384313384,0.5640070841469508
2013-09,176,300317,36,0.13842482100238673,0.4095886841715714,0.48045977011494206
2013-09,176,300036,31,0.21145374449339205,0.6386106966638115,0.584297017650639
2013-09,176,002256,25,0.12195121951219512,0.461466633952187,0.44282744282744363
2013-09,176,300319,28,0.1596091205211726,0.3338180332543068,0.48874202720356547
2013-09,176,002668,31,0.15588235294117647,0.6292392975620069,0.5832223701731019
2013-09,176,002529,38,0.22288706058339558,0.5566390208181041,0.6525739320920043
2013-09,176,600235,26,0.11772665764546686,0.5285235171363761,0.5426212205873227
2013-09,176,002263,18,0.11553784860557759,0.41506834763865863,0.461711711711712
2013-09,176,300188,22,0.1813643926788685,0.6267896653269496,0.39178213091256575
2013-09,176,600584,38,0.11859443631039535,0.6305230198025936,0.5437499999999997
2013-09,176,600086,28,0.13979848866498745,0.5099363102837318,0.4178969908711817
2013-09,176,002683,36,0.2184331797235023,0.6358089252023652,0.7208791208791209
2013-09,176,300339,17,0.13740458015267165,0.6044026892559273,0.594262295081967
2013-09,176,002549,29,0.215962441314554,0.5665061532036362,0.5843263061411552
2013-09,176,300342,17,0.1366024518388792,0.5023395563355566,0.6486486486486487
2013-09,176,600460,32,0.1796296296296297,0.471334555621771,0.4009794918885832
2013-09,176,300229,20,0.1978465679676985,0.4749545104500053,0.5631684491978611
2013-09,176,601238,37,0.1869158878504673,0.6648340162685468,0.44283121597096153
2013-09,176,600634,68,0.19368723098995688,0.47372124897085693,0.6864064602960969
2013-09,176,002589,35,0.13238289205702658,0.5580679960589343,0.5844155844155844
2013-09,176,300248,13,0.1455108359133127,0.43965780996894316,0.5089058524173031
2013-09,176,300250,13,0.13367875647668404,0.5283860477879945,0.6285938316779923
2013-09,176,600969,27,0.1689839572192513,0.6671015908708713,0.741394527802295
2013-09,176,002335,32,0.15714285714285714,0.40532746933206165,0.4509582863585116
2013-09,176,002351,21,0.12745098039215685,0.34546546451918964,0.42620137299771144
2013-09,176,000899,74,0.22297297297297303,0.5039343147035861,0.36960784313725464
2013-09,176,600182,25,0.0788973384030418,0.5081808157504955,0.5629460845089298
2013-09,176,002482,33,0.21638018200202225,0.7257080087436809,0.6037383177570093
2013-09,176,002219,43,0.2029288702928871,0.5808111427921445,0.6469002695417789
2013-09,176,600351,34,0.136842105263158,0.6628900725578656,0.5806081468732069
2013-09,176,000715,64,0.15090543259557343,0.4156395504363006,0.5856068743286789
2013-09,176,002226,32,0.11688311688311692,0.44245090571953594,0.6818181818181822
2013-10,194,300289,45,0.1719324026451139,0.7026020809304024,0.8050545799715235
2013-10,194,600692,21,0.22789783889980353,0.6905591221883992,0.7674418604651149
2013-10,194,300024,33,0.2468043264503441,0.6472039288492151,0.812398731947869
2013-10,194,600561,59,0.1554655870445344,0.4369681381661318,0.768929101655509
2013-10,194,000948,40,0.2104499274310594,0.7117602398610525,0.7643835616438353
2013-10,194,000952,81,0.20923076923076933,0.5317077325124991,0.7460018665865195
2013-10,194,000762,78,0.2280570142535635,0.6799345311165362,0.5511963576479707
2013-10,194,000042,88,0.140625,0.4260559576223165,0.7562610675436371
2013-10,194,000055,47,0.13467048710601726,0.7086684792156901,0.7857324840764339
2013-10,194,600589,43,0.14486921529175045,0.6518486571662818,0.804232804232805
2013-10,194,002545,51,0.16625310173697283,0.35883443709896745,0.5344476588449586
2013-10,194,600890,51,0.20177664974619292,0.4416148622190917,0.581506278555214
2013-10,194,002281,45,0.22457200402819733,0.6750595763819701,0.7041172365666427
2013-10,194,000819,80,0.2463320463320463,0.5809323110494754,0.7683411841028971
2013-10,194,600771,18,0.1846522781774581,0.6811024942355255,0.7106314948041563
2013-10,194,600129,55,0.21319796954314718,0.6728619657102289,0.6629755313448839
2013-10,194,002317,48,0.20231213872832388,0.42316889739696295,0.7663157894736842
2013-10,194,601991,80,0.22857142857142854,0.6290816078925874,0.7361856920145506
2013-10,194,300264,30,0.2274052478134111,0.4892870592173637,0.8193277310924364
2013-10,194,002474,15,0.22650231124807407,0.5700930487844492,0.7707006369426755
2013-10,194,002484,48,0.2133580705009276,0.46221285845318055,0.7810480976310122
2013-11,215,300150,34,0.24849699398797598,0.5878018600946533,0.6628477905073646
2013-11,215,300009,62,0.2509225092250923,0.6309874697403918,0.6712974448027788
2013-11,215,600841,60,0.2445229681978799,0.6503237835043845,0.6940908967378998
2013-11,215,600206,52,0.14994096812278634,0.3322289962413328,0.5325630252100834
2013-11,215,000559,91,0.22866894197952226,0.6440574962922824,0.6136363636363636
2013-11,215,600386,30,0.23136246786632386,0.572132335271567,0.6091030789825971
2013-11,215,002118,19,0.096045197740113,0.4175636691841628,0.4755801403130062
2013-11,215,002260,45,0.20774647887323938,0.4000548819718321,0.6709456568249886
2013-11,215,002396,53,0.23469387755102045,0.5582558156912641,0.6634721710283817
2013-11,215,300050,30,0.15879265091863515,0.4096428159805395,0.6019859329747613
2013-11,215,000058,32,0.2516556291390729,0.5352548506593849,0.6950973807924788
2013-11,215,002401,50,0.21509433962264146,0.6410134183749178,0.6210034431874081
2013-11,215,000070,37,0.2434607645875252,0.40941084262868144,0.6815563803916546
2013-11,215,002009,48,0.1970802919708029,0.5331969925256931,0.6595191682910984
2013-11,215,002415,36,0.18229166666666663,0.5910559267956732,0.6357615894039741
2013-11,215,600757,39,0.25545171339563855,0.4637230349717013,0.5617793768909963
2013-11,215,000156,33,0.23093587521663772,0.23733662817599313,0.5213704295024473
2013-11,215,300219,88,0.21725239616613412,0.6332334048717448,0.6278124152886964
2013-11,215,002160,14,0.1406551059730251,0.30499143275211155,0.5127514972074555
2013-11,215,601218,25,0.1670702179176755,0.43602340850247956,0.6811224489795911
2013-11,215,600621,30,0.15315315315315314,0.349845870918464,0.5381105743424581
2013-11,215,000831,39,0.19977553310886642,0.42448945257693604,0.6844115926879951
2013-11,215,600630,15,0.14010989010989017,0.3186009704101866,0.5118865030674843
2013-11,215,300235,21,0.24771838331160367,0.582491570140226,0.6072180451127822
2013-11,215,000413,28,0.2093023255813954,0.6315337371861798,0.7060945754413095
2013-11,215,600638,38,0.21347248576850097,0.4271198692062445,0.6259796238244513
2013-11,215,002045,44,0.1384136858475894,0.4801935942844776,0.4536326048434729
2013-11,215,600641,15,0.1875,0.36372418193139844,0.6119273984442523
2013-11,215,002451,33,0.21638655462184875,0.4459651839637889,0.67573051948052
2013-11,215,002184,34,0.1755424063116372,0.3852843798724406,0.6734913793103445
2013-11,215,002188,26,0.1965105601469238,0.5307955188838073,0.6675279931093887
2013-11,215,600652,17,0.125,0.3162109761975967,0.5847797062750333
2013-11,215,002605,34,0.23560767590618348,0.3666895053040378,0.6715530903328054
2013-11,215,600000,13,0.0796252927400467,0.5271129800355149,0.6218144750254844
2013-11,215,002197,25,0.24846248462484632,0.4252414797394889,0.6549687282835301
2013-11,215,600981,15,0.11475409836065575,0.576391872206912,0.6451612903225804
2013-11,215,600167,82,0.19633507853403143,0.59798877636883,0.5658067733599313
2013-11,215,002619,31,0.18269230769230782,0.3974901589730694,0.6809583858764189
2013-11,215,002210,13,0.10619469026548667,0.40770513475778153,0.41511771995043445
2013-11,215,300272,22,0.18045112781954886,0.4749807888040408,0.6637554585152844
2013-11,215,002213,21,0.22507708119218917,0.5291417716716471,0.6238303181534627
2013-11,215,600676,18,0.16159695817490494,0.29228625874037045,0.5626283367556469
2013-11,215,200613,84,0.2433962264150944,0.3922917620119787,0.42993402180149204
2013-11,215,002483,34,0.23361344537815132,0.41061183438174936,0.6080634500991406
2013-12,237,600689,32,0.23038728897715988,0.3508495487827711,0.5248498271754081
2013-12,237,600545,22,0.2082191780821917,0.3630262697993466,0.5452185201211597
2013-12,237,000723,38,0.2170731707317073,0.4105062674504138,0.5992736077481837
2013-12,237,600695,24,0.16793893129770987,0.5574130551473322,0.5520985039057326
2013-12,237,000014,27,0.18538135593220328,0.4509020691013701,0.5031827826614123
2013-12,237,002098,67,0.21507760532150777,0.5478540897302299,0.637439613526569
2013-12,237,002505,70,0.19685039370078738,0.43541314663550656,0.6081946222791298
2013-12,237,000931,21,0.16791604197901056,0.43664762540278546,0.5376344086021511
2013-12,237,600705,18,0.17705735660847877,0.47182987731581433,0.6279761904761904
2013-12,237,600706,23,0.18657367044463824,0.4161053580906836,0.5582617262328287
2013-12,237,600708,25,0.15925058548009363,0.34148985063598286,0.41819852941176483
2013-12,237,002658,50,0.24451097804391209,0.5482052462251151,0.5566462640027715
2013-12,237,300175,33,0.20766129032258063,0.46571455989773114,0.5193859255939041
2013-12,237,600570,53,0.17925925925925923,0.3829682392190477,0.673662830060934
2013-12,237,600718,42,0.19768283852280955,0.517779723928713,0.5174786677676848
2013-12,237,300318,22,0.1892583120204604,0.5863031986811463,0.6500802568218301
2013-12,237,600399,23,0.21245421245421248,0.4175148998002602,0.5833333333333339
2013-12,237,300187,11,0.09610983981693366,0.4067661319033454,0.680324276950044
2013-12,237,600400,18,0.12056737588652477,0.2299959170907777,0.5149763531266426
2013-12,237,300330,21,0.1821460775473399,0.4933799724375011,0.533751962323391
2013-12,237,002679,19,0.15295169946332732,0.49164311320893633,0.6259768677711781
2013-12,237,600089,19,0.1779935275080906,0.49507639640302825,0.6225923997917754
2013-12,237,000977,32,0.2088546679499519,0.5100488813019525,0.4981494448334503
2013-12,237,002277,17,0.09139784946236551,0.46597098192282027,0.5001318913215511
2013-12,237,601866,25,0.16595744680851066,0.39571638271638665,0.4966887417218537
2013-12,237,600748,25,0.2055016181229773,0.2956676470231901,0.4785478547854783
2013-12,237,600895,25,0.18494897959183676,0.3579340239894652,0.44346978557504857
2013-12,237,002556,15,0.2415384615384616,0.337475761910093,0.6123499142367069
2013-12,237,002285,30,0.22834645669291342,0.49313481480662735,0.6656243019879385
2013-12,237,600108,27,0.23203285420944553,0.5692436311535458,0.554902891993901
2013-12,237,002419,14,0.10775047258979209,0.21282253673454932,0.37695841677464986
2013-12,237,002561,25,0.1995661605206075,0.4420496876167349,0.48895899053627745
2013-12,237,600755,25,0.15662650602409645,0.5447105490896839,0.6525769373377831
2013-12,237,000159,18,0.1322207958921695,0.2400359631175478,0.39581657280772353
2013-12,237,600278,24,0.19663418954827272,0.4429207319008061,0.5147378488827054
2013-12,237,300080,41,0.18383167220376517,0.4418167578149124,0.6353224834237494
2013-12,237,600279,22,0.16508538899430725,0.4346236594462422,0.46312178387650094
2013-12,237,002027,22,0.20300751879699253,0.4202364719522583,0.570342205323194
2013-12,237,600462,32,0.19377162629757783,0.4493691619682323,0.6417112299465237
2013-12,237,600620,35,0.18272425249169433,0.3983752085006135,0.6332889725115874
2013-12,237,600287,72,0.22857142857142854,0.5458483015349284,0.6628939192188191
2013-12,237,600130,15,0.16911764705882348,0.39569312076238955,0.6527531083481352
2013-12,237,000836,91,0.2405063291139241,0.5930209664191697,0.6413236701763979
2013-12,237,603128,24,0.21578947368421053,0.4274526444895553,0.46659283868586177
2013-12,237,600827,12,0.17037037037037028,0.43390352733389786,0.44864989614585776
2013-12,237,002177,11,0.11876075731497415,0.19609224372706413,0.6054490413723511
2013-12,237,002317,91,0.2225433526011561,0.37496892421525635,0.6431848852901485
2013-12,237,600787,36,0.1845841784989859,0.4982648392951114,0.561977892160999
2013-12,237,300246,21,0.16707616707616713,0.496453626179365,0.6807851587488637
2013-12,237,600963,23,0.17647058823529405,0.3458518795569978,0.5298701298701295
2013-12,237,601996,22,0.16521739130434787,0.3211280934552953,0.5368968779564806
2013-12,237,300250,74,0.14519427402862983,0.5050496660541786,0.6406168322007315
2013-12,237,600151,29,0.21084337349397597,0.5485375070344017,0.6187363834422659
2013-12,237,600650,24,0.17830290010741134,0.3570267291459166,0.5518650996423093
2013-12,237,603003,25,0.14758497316636854,0.28937281635790263,0.5033746842125111
2013-12,237,600654,51,0.2119503945885005,0.38171827320578555,0.5604349644500206
2013-12,237,600506,72,0.24219590958019366,0.37427523699487797,0.3049544419134398
2013-12,237,600327,28,0.14537444933920707,0.2793074435154972,0.43988269794721374
2013-12,237,600663,24,0.2189781021897811,0.2686001044462774,0.5082251082251077
2013-12,237,600177,31,0.1310679611650486,0.49208735246876945,0.410958904109589
2013-12,237,200160,164,0.24382716049382713,0.37652059679057176,0.4259217200393669
2013-12,237,200168,158,0.20634920634920628,0.19837980891541374,0.4941549435308114
2013-12,237,600675,24,0.19959266802443987,0.5459239531087748,0.49229647187528414
2013-12,237,300137,22,0.19521912350597614,0.5029781801035301,0.6438111651381793
2013-12,237,600021,15,0.18433179723502302,0.371929852360622,0.6436837029893924
2013-12,237,600526,15,0.0957345971563982,0.2404000709236522,0.5001822157434408
2013-12,237,002626,31,0.09114583333333326,0.5202813582482352,0.631411390166254
2013-12,237,600821,26,0.2055555555555556,0.4656233792798117,0.6185567010309282
2013-12,237,600822,30,0.2005395683453236,0.3785471602075376,0.4280045351473921
2013-12,237,601600,38,0.19160104986876636,0.4429270545318281,0.584126984126984
2013-12,237,000919,14,0.11931119311193117,0.3740369077012344,0.6506318793314305
2014-01,258,600836,58,0.17263157894736836,0.3135578691530894,0.3956834532374122
2014-01,258,600838,20,0.16595744680851066,0.29839885070509103,0.5916311996965989
2014-01,258,002499,18,0.13552881570614306,0.394304104837498,0.5588919547692476
2014-01,258,000551,25,0.14341590612777044,0.27921263593372525,0.545377077119727
2014-01,258,601038,22,0.17500000000000004,0.40722245479836816,0.5886829913964263
2014-01,258,000554,14,0.11507936507936511,0.3295295312563605,0.5318522877740174
2014-01,258,000735,42,0.23319615912208502,0.19618284823329532,0.46461968063263354
2014-01,258,600561,123,0.24858299595141709,0.3610799497943242,0.6566913864940647
2014-01,258,002113,64,0.2272727272727273,0.3326031382943092,0.6570503385340006
2014-01,258,600388,24,0.19363395225464197,0.4192656371606227,0.6088019559902198
2014-01,258,600717,22,0.173469387755102,0.2981515338471997,0.5033987181977083
2014-01,258,000966,17,0.11228070175438609,0.27762646749522557,0.6223404255319155
2014-01,258,002394,16,0.1008,0.4493210671707403,0.6198686371100167
2014-01,258,600081,25,0.1574193548387096,0.27960551995727345,0.5499541704857932
2014-01,258,002674,15,0.13429752066115697,0.5262325360790961,0.6559633027522928
2014-01,258,002677,12,0.15658362989323837,0.4486177760092607,0.6054421768707479
2014-01,258,001896,23,0.1123595505617978,0.32403416480314917,0.5673652694610775
2014-01,258,002269,27,0.2524461839530333,0.5578166345162532,0.6483152484294692
2014-01,258,002680,14,0.1234567901234569,0.3375772573003856,0.6035205364626989
2014-01,258,002401,93,0.24905660377358496,0.5083542833125457,0.6378339488000239
2014-01,258,300200,17,0.12333965844402273,0.33950672603431403,0.5446804345698348
2014-01,258,002688,18,0.14879649890590807,0.5102165517776439,0.5779334500875664
2014-01,258,002696,22,0.19383259911894268,0.5106735542956736,0.6035006685304486
2014-01,258,002697,21,0.1544715447154471,0.314070075031394,0.6287371973240184
2014-01,258,600751,21,0.19906687402799372,0.2860719699280807,0.4593003117422929
2014-01,258,600270,21,0.16645962732919262,0.2860104184869922,0.4591430844414139
2014-01,258,002558,25,0.1758409785932722,0.5240616098109587,0.6408382066276804
2014-01,258,600754,46,0.23682454969979994,0.4064894429183332,0.6342482275762655
2014-01,258,600756,49,0.24984577421344856,0.28290640335701567,0.50682261208577
2014-01,258,002563,26,0.10895883777239701,0.4601453163734457,0.6174568965517239
2014-01,258,002293,17,0.14615384615384608,0.5211655464887991,0.6413301662707842
2014-01,258,601908,29,0.15403422982885084,0.3184583396698274,0.6193172070681078
2014-01,258,600463,40,0.24049217002237133,0.502997397073671,0.5068678046843985
2014-01,258,600628,36,0.24242424242424243,0.3510136223803676,0.5368550368550367
2014-01,258,600475,56,0.25375375375375375,0.49521660657292366,0.6291256583180425
2014-01,258,000652,22,0.13738738738738743,0.545800739889963,0.6255585344057192
2014-01,258,000419,62,0.23293172690763064,0.34181878696210705,0.43489807076466447
2014-01,258,000659,36,0.24406779661016953,0.4396656271578204,0.6475770925110123
2014-01,258,000663,28,0.16465863453815255,0.28269712514696343,0.45540619520748093
2014-01,258,600648,35,0.2134791813690896,0.45227865246723087,0.6392237996718272
2014-01,258,600313,49,0.22038567493112948,0.5004243016939458,0.6046065259117083
2014-01,258,000507,22,0.16831683168316824,0.3054706397109683,0.5734430082256168
2014-01,258,600658,12,0.09999999999999987,0.32795928018843207,0.51405791019723
2014-01,258,000516,29,0.1701244813278009,0.2878137272289988,0.5485714285714282
2014-01,258,002616,19,0.11508951406649626,0.4361109062352467,0.5597177243946055
2014-01,258,000695,35,0.22926267281105983,0.3547568335628401,0.6213811980208443
2014-01,258,600018,44,0.22646310432569972,0.36015145686164973,0.5199585103891324
2014-01,258,600339,42,0.23566878980891715,0.4177701019164719,0.6661575515479061
2014-01,258,000905,21,0.16549789621318367,0.3249129006407684,0.5160784313725488
2014-01,258,600676,61,0.25506756756756754,0.37522017859983786,0.6484103943921264
2014-01,258,600824,33,0.23966942148760328,0.46313520543500664,0.49059299833293596
2014-01,258,601607,33,0.20489795918367348,0.5683914174020172,0.6439868256289922
2014-02,274,000001,58,0.22673434856175967,0.5947269395387826,0.7028680246984818
2014-02,274,600375,135,0.25857519788918204,0.3979829461332313,0.5023755646662933
2014-02,274,002260,104,0.24178403755868538,0.32227631005710017,0.7184775212721928
2014-02,274,300321,20,0.2636674259681093,0.3240013919345954,0.5885714285714287
2014-02,274,000042,168,0.24375000000000002,0.42047565107523693,0.7130750605326874
2014-02,274,000055,127,0.18406593406593408,0.5585177693447749,0.7141037306642405
2014-02,274,600250,72,0.26086956521739135,0.5666221333046159,0.6656265168850983
2014-02,274,600739,53,0.2648893930799773,0.5657124519044089,0.700824888050907
2014-02,274,002695,41,0.18668596237337187,0.6225882565554958,0.4033573141486811
2014-02,274,601218,84,0.26634382566585957,0.37891988281512184,0.7044504548807471
2014-02,274,002434,73,0.24104234527687285,0.4042005486747471,0.677208597670675
2014-02,274,600771,98,0.2671462829736212,0.47198607279275767,0.6243353143572097
2014-02,274,002302,99,0.2533557046979865,0.619281356655702,0.6147809025506865
2014-02,274,600129,135,0.26294416243654817,0.500980661608545,0.5772577128176346
2014-02,274,600778,99,0.26074498567335247,0.46694913013840056,0.6528571753934455
2014-02,274,601299,52,0.25233644859813076,0.597562785734295,0.6915541435001328
2014-02,274,600649,46,0.24376731301939059,0.5958777505010113,0.6666925224945703
2014-02,274,000876,35,0.2686804451510334,0.6145883743430374,0.7188419442156051
2014-02,274,000676,175,0.2646153846153846,0.5670534574069033,0.7252315554136055
2014-02,274,002340,136,0.2614942528735633,0.6185786444034266,0.6705563909774435
2014-02,274,002615,25,0.17619047619047623,0.504871401777604,0.6970654627539505
2014-02,274,600177,68,0.22815533980582525,0.533464198146412,0.5424657534246574
2014-02,274,002352,22,0.1827057182705718,0.43695340115034226,0.706296992481203
2014-02,274,000715,33,0.10819672131147529,0.590988594414829,0.4617537313432831
2014-03,295,300154,34,0.23818525519848766,0.4348525446345315,0.6675843083275975
2014-03,295,002498,29,0.19455252918287935,0.44926481047249356,0.6365655070318289
2014-03,295,600555,87,0.24795640326975477,0.4731844601592494,0.7196736702385965
2014-03,295,300021,18,0.1912087912087912,0.2995544186604745,0.5870473537604456
2014-03,295,002651,18,0.16079632465543636,0.30954828499200054,0.5339028296849981
2014-03,295,002655,22,0.2569948186528498,0.3958218887950756,0.6449909474954738
2014-03,295,002380,40,0.24315068493150682,0.47233229322088266,0.6438205771643666
2014-03,295,300035,28,0.24728850325379614,0.43070314656221903,0.6572164948453604
2014-03,295,002670,49,0.25349650349650354,0.5079572367029538,0.5471057294743055
2014-03,295,300325,53,0.23664122137404586,0.4221215237414391,0.6502870264064297
2014-03,295,300046,23,0.17132442284325644,0.41381943643512425,0.6640401146131807
2014-03,295,000066,121,0.26211453744493396,0.49721435857205,0.6308672065413947
2014-03,295,002278,62,0.20779220779220775,0.4854350875381972,0.6684073107049602
2014-03,295,002688,55,0.21298174442190665,0.4624278275758515,0.7092819614711039
2014-03,295,002008,24,0.25237793278376663,0.5921249020730704,0.6524999999999995
2014-03,295,002692,63,0.20487804878048776,0.5304635594400309,0.6496707203749343
2014-03,295,300066,25,0.21843003412969286,0.37786226424420627,0.7040369649805447
2014-03,295,600896,73,0.26490066225165565,0.572255701821954,0.6451612903225808
2014-03,295,002558,62,0.1758409785932722,0.5155149413789031,0.7054323439626321
2014-03,295,002160,94,0.24470134874759164,0.29121247485319257,0.4694614539174125
2014-03,295,600462,90,0.25778546712802775,0.5267872909570989,0.6998161764705882
2014-03,295,002170,27,0.20424836601307195,0.2860083281554895,0.556674338319908
2014-03,295,002582,32,0.22661396574440051,0.40165245829317264,0.6691689008042896
2014-03,295,002588,46,0.19706840390879476,0.514099278413833,0.672359550561798
2014-03,295,601989,71,0.25850340136054417,0.46774492315435956,0.6317058204768591
2014-03,295,002186,69,0.17075718015665786,0.46303258190824276,0.5315401686640022
2014-03,295,600816,130,0.2674897119341564,0.5910483573812184,0.5804385316580439
2014-03,295,002351,24,0.25888324873096447,0.4009905200341553,0.5614608885254841
2014-03,295,002631,30,0.20944558521560575,0.5770036809829018,0.6749446766658468
2014-03,295,601607,70,0.20489795918367348,0.5872068306092244,0.6657974311315783
2014-04,316,002637,61,0.26943005181347157,0.48572023966877104,0.6150718007370696
2014-04,316,600359,86,0.23337091319052983,0.29104162148252616,0.5162598980366638
2014-04,316,002232,28,0.24845360824742257,0.3364266056925168,0.6427569625325589
2014-04,316,000014,106,0.274364406779661,0.4044573606496469,0.5382675601246026
2014-04,316,600845,25,0.11583924349881802,0.40961082145658295,0.637472066491551
2014-04,316,300300,24,0.23129251700680276,0.452819044035664,0.6284241057041576
2014-04,316,002242,32,0.26770708283313327,0.34987769660527474,0.5195012787723786
2014-04,316,300305,74,0.16156670746634028,0.5006016412780041,0.661107802263252
2014-04,316,002516,32,0.26455026455026454,0.40735321425152143,0.6347498655190961
2014-04,316,002660,32,0.15628672150411282,0.25155506379693576,0.5896306336834971
2014-04,316,300178,29,0.26742857142857146,0.4427166067963255,0.5608860134875814
2014-04,316,002666,35,0.22933884297520657,0.3591945457745177,0.5418950665622548
2014-04,316,300038,25,0.20930232558139528,0.45838401691234615,0.6071544451654763
2014-04,316,300039,34,0.14754098360655743,0.49461444245842545,0.6017383552484955
2014-04,316,300040,37,0.2165991902834008,0.30631573418481933,0.534449452672247
2014-04,316,002668,69,0.2454545454545456,0.41103212127961736,0.37971530249110297
2014-04,316,300183,27,0.22278623801466446,0.4516048261201837,0.6518948774131652
2014-04,316,300048,39,0.21052631578947367,0.4145407488236749,0.613943808532779
2014-04,316,002536,70,0.24938271604938267,0.4585777040517972,0.6116504854368933
2014-04,316,002270,23,0.17078651685393265,0.18557009825332813,0.5389867049946103
2014-04,316,300201,32,0.2195121951219512,0.30994832029847913,0.45148596872734803
2014-04,316,000601,31,0.17312661498708004,0.34977760500806426,0.4925701706108962
2014-04,316,002698,43,0.2705223880597015,0.4006394119710874,0.6536937776742019
2014-04,316,002149,68,0.21383647798742145,0.5726573428850731,0.620673635307782
2014-04,316,002699,28,0.25825242718446606,0.3481382485437015,0.6467118199694123
2014-04,316,300218,39,0.2521408182683158,0.32909248151958326,0.5380443537561083
2014-04,316,002293,75,0.2173076923076923,0.4313520434186338,0.669274835825066
2014-04,316,300225,29,0.24485596707818935,0.3019459010595296,0.49284159134393335
2014-04,316,600466,88,0.26875000000000004,0.3681938761591195,0.4016844833171366
2014-04,316,300094,26,0.16473317865429227,0.28162789558254747,0.5671867898803206
2014-04,316,300097,25,0.24846356453028973,0.389272601765924,0.561737169746581
2014-04,316,300238,17,0.1604671280276817,0.5564023137721604,0.5899066432147206
2014-04,316,002176,182,0.2612179487179487,0.433999892228627,0.6154624136925018
2014-04,316,600488,243,0.2727272727272728,0.34825327426829644,0.5809379034290996
2014-04,316,300109,24,0.24431818181818177,0.327148100003816,0.6171201061712014
2014-04,316,300110,22,0.1939252336448598,0.49851188194788154,0.5555555555555549
2014-04,316,300112,29,0.25249999999999995,0.32008231957747113,0.5105348460291734
2014-04,316,002197,24,0.25731584258324924,0.5627119387628174,0.6495426638265882
2014-04,316,300264,23,0.26709401709401703,0.35696446627577516,0.5901639344262294
2014-04,316,600510,99,0.2723880597014926,0.41378272852935905,0.5133736768012871
2014-04,316,002203,49,0.18829113924050633,0.5303306648849849,0.6046780838241798
2014-04,316,300137,23,0.21436716077537055,0.5372259291101129,0.5949773118447814
2014-04,316,300276,31,0.20197044334975356,0.3627915242023091,0.6161556603773587
2014-04,316,300277,27,0.21456692913385822,0.4545658034382001,0.6077669902912619
2014-05,336,002091,30,0.2042801556420233,0.358972607605587,0.5543770906420824
2014-05,336,600839,34,0.22128851540616246,0.40317941359924,0.6074895977808601
2014-05,336,002094,19,0.15705128205128216,0.4022324245881303,0.5741890959282265
2014-05,336,300016,42,0.24611032531824617,0.37074332695033246,0.5991962002192182
2014-05,336,600551,63,0.26568627450980387,0.39309296735087684,0.5101922126261307
2014-05,336,600846,17,0.09430604982206414,0.27812348568209494,0.482804408445094
2014-05,336,000733,18,0.16165413533834594,0.32373951993916583,0.5818680511338591
2014-05,336,600061,24,0.1629072681704261,0.401075544136947,0.5851938895417157
2014-05,336,300308,22,0.12385321100917446,0.4156056102101051,0.5237954913805809
2014-05,336,002249,18,0.11919191919191918,0.21909763592056425,0.5831363278171794
2014-05,336,300174,58,0.2626582278481012,0.274625158878915,0.5760905760905761
2014-05,336,600566,47,0.2139654067905189,0.3099484462191951,0.5564148835610552
2014-05,336,600713,31,0.22346368715083798,0.4411356227079003,0.5656565656565656
2014-05,336,600716,15,0.09773539928486297,0.3578935820966737,0.49496021220159103
2014-05,336,002256,94,0.22510822510822515,0.2606032271967347,0.45300925925925906
2014-05,336,002120,31,0.21502590673575128,0.31083918335397775,0.4934516265314746
2014-05,336,600869,16,0.10895883777239701,0.3572253656617085,0.5863294314381265
2014-05,336,600398,23,0.11895161290322576,0.3262515274555039,0.6065318818040438
2014-05,336,601799,27,0.21015348288075564,0.2973886530883368,0.5425195540023299
2014-05,336,002126,46,0.21739130434782616,0.3866760112202899,0.5849941887994486
2014-05,336,002394,94,0.19298245614035092,0.38589695766058446,0.613640224222864
2014-05,336,600405,27,0.1807065217391305,0.4513754348264484,0.6135986733001653
2014-05,336,000973,21,0.09459459459459474,0.23677850294684288,0.5289672544080606
2014-05,336,600594,40,0.14341736694677887,0.5106893071482155,0.6056987788331075
2014-05,336,600885,31,0.22462787550744245,0.3920516540295762,0.6219452189601443
2014-05,336,002549,29,0.2145328719723184,0.419568008683997,0.5781632199243941
2014-05,336,000988,21,0.10389610389610393,0.31546420302067724,0.5613741097612064
2014-05,336,002284,55,0.23020257826887658,0.44491210436143974,0.529662789724709
2014-05,336,300073,28,0.237467018469657,0.29741577933822144,0.582627118644068
2014-05,336,000158,16,0.139240506329114,0.4014639143976567,0.5680902497985496
2014-05,336,600613,16,0.06591639871382637,0.27233715574816253,0.4657849338700404
2014-05,336,600763,29,0.18934911242603558,0.4305972634645445,0.527416554119236
2014-05,336,002158,59,0.19065190651906527,0.43923811570266785,0.589611405411171
2014-05,336,600767,31,0.2601726263871763,0.34067485784712165,0.47547245677523114
2014-05,336,600122,15,0.10679611650485454,0.32384984168836894,0.5635648754914804
2014-05,336,002577,32,0.1830181947912951,0.4061481471207446,0.5124572952253977
2014-05,336,600129,197,0.26294416243654817,0.4805286093412712,0.5633249398157121
2014-05,336,000638,36,0.25535714285714284,0.5112323242323333,0.5458612975391494
2014-05,336,300235,25,0.17853457172342613,0.32440529165605236,0.4683926251248293
2014-05,336,000663,106,0.24499229583975346,0.3620874764614972,0.49503214494447695
2014-05,336,601998,16,0.10344827586206895,0.3615816485189372,0.38583815028901797
2014-05,336,600794,19,0.13123359580052496,0.3126949747691116,0.4404472532814779
2014-05,336,600156,45,0.2289377289377289,0.4787218769260439,0.5608214849921016
2014-05,336,603003,16,0.13957176843774777,0.4223875359778704,0.6057244286665189
2014-05,336,600802,17,0.1598513011152417,0.37702473894630933,0.5874673629242826
2014-05,336,600661,24,0.19372693726937262,0.43625359402520186,0.5995597805282634
2014-05,336,600811,104,0.25478927203065127,0.4648465987262387,0.4232164449818623
2014-05,336,000897,29,0.1996497373029772,0.29501871204544367,0.585094549499444
2014-05,336,002076,23,0.2065573770491803,0.29748737413797866,0.6144448436938559
2014-05,336,600824,29,0.16500994035785288,0.33687441202234913,0.611764705882353
2014-05,336,000916,33,0.1866028708133971,0.4402982500608429,0.5927112535042053
2014-05,336,000530,58,0.24948875255623715,0.4788298229217356,0.5188679245283017
2014-05,336,300144,25,0.14971209213051828,0.4766662102746221,0.5801514154048719
2014-05,336,002489,38,0.2468085106382979,0.4504782873020797,0.5321188878235852
2014-06,356,000537,52,0.198581560283688,0.40869122704998584,0.5867153062775495
2014-06,356,002495,27,0.12145748987854266,0.36996984217282197,0.5366662717687471
2014-06,356,000923,16,0.13846153846153852,0.4540968115518235,0.5047549378200439
2014-06,356,300012,63,0.226923076923077,0.5035157564150806,0.375829383886256
2014-06,356,600376,21,0.0880503144654089,0.2990374693113133,0.5429250084832029
2014-06,356,000558,35,0.1536144578313252,0.26106478163182273,0.5179666958808062
2014-06,356,000029,24,0.10298102981029811,0.2840463425139569,0.4815668202764972
2014-06,356,600863,25,0.06410256410256421,0.4609508821894042,0.5022321428571433
2014-06,356,000759,20,0.09079283887468026,0.3282974416185826,0.4743623112962
2014-06,356,001696,40,0.16919191919191923,0.384206591791423,0.6019629225736094
2014-06,356,600246,19,0.15568862275449102,0.4161773429598932,0.5389123172134296
2014-06,356,600093,34,0.1865203761755485,0.5009941973872063,0.5137343532684283
2014-06,356,000090,23,0.0892857142857143,0.2814204056151373,0.5767599660729436
2014-06,356,002146,17,0.1547911547911549,0.4282898133854694,0.5553896685577783
2014-06,356,600602,26,0.17377567140600314,0.3524156061266792,0.4735204884980218
2014-06,356,600270,32,0.13173076923076932,0.41210323717691205,0.5305843755724683
2014-06,356,002703,103,0.25163398692810457,0.4537784088363057,0.5167844522968205
2014-06,356,002563,34,0.10204081632653061,0.3371445733859691,0.5265410958904113
2014-06,356,002022,42,0.17870905587668595,0.4599254803970334,0.5466363340916485
2014-06,356,600618,17,0.13037037037037036,0.37459423728690794,0.47686445291235685
2014-06,356,002432,31,0.13538461538461544,0.4109542511741095,0.5383946385634624
2014-06,356,600621,30,0.1512027491408935,0.37301146892670384,0.4202883730442781
2014-06,356,002304,32,0.13970064148253736,0.4548250572546256,0.5251890966176679
2014-06,356,600480,25,0.11202185792349728,0.4344032057348231,0.5288849868305534
2014-06,356,002449,71,0.20421607378129114,0.41767213350744736,0.5866123417975331
2014-06,356,600159,50,0.18575851393188858,0.4999033007417648,0.5681556527745795
2014-06,356,002060,24,0.11274509803921573,0.3592689015643706,0.44449358690844715
2014-06,356,600662,27,0.22666666666666668,0.4032510880350694,0.46787448636533463
2014-06,356,000514,23,0.1353711790393013,0.28137566466719516,0.4952969808590414
2014-06,356,000516,27,0.18456375838926165,0.4937133502434228,0.5414551607445005
2014-06,356,002075,34,0.11313868613138689,0.3819270492666793,0.5337383380342802
2014-06,356,600028,30,0.10074626865671643,0.4142026260506342,0.5049309664694286
2014-07,379,300286,87,0.23467492260061917,0.5536140573689938,0.3921292823205802
2014-07,379,002362,42,0.1834532374100719,0.49300622897968316,0.5451641526175685
2014-07,379,600545,25,0.10362047440699129,0.3778780410398498,0.49602679684994505
2014-07,379,002235,23,0.2129629629629629,0.44953717840449536,0.5275420934628742
2014-07,379,002651,102,0.23781388478581977,0.3980956571693088,0.5839792330209695
2014-07,379,000033,75,0.20822622107969158,0.4968473381185482,0.5566741034989388
2014-07,379,600398,66,0.15145631067961174,0.3592505037338072,0.5211271318238132
2014-07,379,002531,71,0.2152974504249291,0.4933752688014876,0.593031875463306
2014-07,379,300048,102,0.21606648199445977,0.4513871685577573,0.5899616285119667
2014-07,379,002543,151,0.20131291028446396,0.5536363489338858,0.5668338021279198
2014-07,379,600755,167,0.1936416184971098,0.4950410198734714,0.5696143863552092
2014-07,379,002293,138,0.2173076923076923,0.3941857249261652,0.5635437254084238
2014-07,379,000159,32,0.10576923076923073,0.4220070362001169,0.4756339674180879
2014-07,379,600279,26,0.08347245409015025,0.4238343594403831,0.4270749395648671
2014-07,379,002708,24,0.1373283395755306,0.4732197459599837,0.4498498370572322
2014-07,379,601929,62,0.19381107491856675,0.4673460159837626,0.4136434108527127
2014-07,379,002302,34,0.12267657992565062,0.4079583661048313,0.46182071234263333
2014-07,379,002722,49,0.20477433793360678,0.37906371860385407,0.15249940584647137
2014-07,379,002723,24,0.1823956442831216,0.33182828009458826,0.4282465891864578
2014-07,379,300373,20,0.1693472090823085,0.5107926455004232,0.5194606190622126
2014-07,379,002440,69,0.24444444444444446,0.48316692703695974,0.4101400933955963
2014-07,379,002172,76,0.181338028169014,0.41147957674349095,0.5725212790430185
2014-07,379,600130,71,0.1874999999999999,0.3356309124952746,0.5855839076178055
2014-07,379,000416,98,0.23831242873432157,0.4205239163151967,0.5751351351351354
2014-07,379,000652,143,0.2467248908296943,0.442792214446591,0.58942658205875
2014-07,379,000856,33,0.16315789473684206,0.3799747553688904,0.45195068400608
2014-07,379,300254,66,0.2334004024144869,0.34931029667967395,0.5617147080561714
2014-07,379,000877,32,0.101123595505618,0.5423754710810781,0.4196335808225425
2014-07,379,600158,33,0.17234468937875758,0.45339752834328867,0.5741059887979321
2014-07,379,002201,73,0.202127659574468,0.5529961470331274,0.5930807248764414
2014-07,379,000701,206,0.246141975308642,0.4298134545172613,0.5840559069983103
2014-07,379,600021,157,0.24884792626728114,0.5230604296479269,0.5184185149469623
2014-07,379,600679,36,0.10578279266572643,0.49408665798220747,0.5188354377543568
2014-07,379,600827,29,0.1116751269035533,0.4843094331866415,0.5504001513127561
2014-08,400,002636,35,0.20659340659340664,0.40959054560398045,0.5890841184958835
2014-08,400,000923,60,0.2222222222222222,0.5096448335137308,0.5435822407292779
2014-08,400,300300,108,0.2524807056229328,0.4989442454628676,0.5196021854319525
2014-08,400,300304,34,0.12796208530805675,0.5646263239886313,0.5794066317626531
2014-08,400,600566,111,0.24777636594663277,0.43336699885157426,0.5906274699778179
2014-08,400,002117,107,0.24624277456647403,0.6082897350928154,0.565612341313276
2014-08,400,002394,158,0.2587719298245613,0.43641918795557966,0.541464130753923
2014-08,400,000590,128,0.23857868020304562,0.6112730010380694,0.5966480320357059
2014-08,400,600594,104,0.18496801705756938,0.610081084363759,0.589658498308022
2014-08,400,600743,52,0.20866141732283472,0.46488063289757137,0.4347826086956528
2014-08,400,600425,27,0.10655737704918022,0.6089660869643465,0.5595549738219898
2014-08,400,000088,148,0.2573099415204678,0.4052028764458937,0.4978466838931956
2014-08,400,600272,51,0.1267942583732058,0.5679825918637111,0.536541318342023
2014-08,400,002560,152,0.2339449541284404,0.41254849811198296,0.5615063705040028
2014-08,400,002561,188,0.2598091198303286,0.31062563278523964,0.48370136698212407
2014-08,400,002703,147,0.25163398692810457,0.44722286392487576,0.48106467967429717
2014-08,400,002020,75,0.14117647058823524,0.5486318706589761,0.5811414392059555
2014-08,400,002026,25,0.13528748590755346,0.5080698115066558,0.5438931297709909
2014-08,400,300362,45,0.17816091954022972,0.5329513896366533,0.5160917881368161
2014-08,400,002715,32,0.1879770992366413,0.3358616512454198,0.4009926854754438
2014-08,400,002725,45,0.15497553017944543,0.4872256650207569,0.5016983309226244
2014-08,400,600483,147,0.21818181818181825,0.429616781092903,0.5997998443233626
2014-08,400,600638,65,0.13179723502304141,0.32467224458988914,0.5727834795734797
2014-08,400,002071,105,0.26320236586396284,0.3887715442545848,0.36862620707525384
2014-08,400,600018,186,0.2595419847328244,0.22162810650584566,0.3416346499350452
2014-08,400,300144,89,0.22552447552447552,0.49953157031083534,0.5949637919684003
2014-08,400,000919,70,0.2518579686209743,0.4963467489213614,0.5772529357435016
2014-09,421,300294,172,0.294468085106383,0.5052498213164882,0.5800620451020164
2014-09,421,600843,113,0.2835703001579779,0.42364396551496813,0.6124628717906988
2014-09,421,601636,183,0.24107142857142871,0.6471548348129922,0.6071721731992605
2014-09,421,000931,205,0.2855029585798816,0.42142220494380545,0.5485901373061596
2014-09,421,000551,188,0.2931228861330327,0.37446365505638485,0.5475188487294054
2014-09,421,600383,55,0.17168674698795172,0.29360087351794534,0.5865524781341116
2014-09,421,601766,181,0.27294685990338163,0.6272663775951758,0.5835566539317708
2014-09,421,601100,174,0.27840909090909094,0.5578267454459372,0.6065162907268171
2014-09,421,002674,178,0.2735042735042734,0.5155549356855524,0.6031594680960725
2014-09,421,603993,42,0.10454545454545461,0.5554691549723023,0.5461393596986824
2014-09,421,600739,200,0.2790697674418604,0.5468748132783596,0.47092739277309265
2014-09,421,600885,116,0.2765151515151515,0.6322407391849056,0.6064657407940992
2014-09,421,600432,44,0.19508196721311477,0.6116027216655586,0.4485398253885727
2014-09,421,000158,101,0.24778761061946897,0.3822169956885896,0.5875027470514981
2014-09,421,600763,114,0.2835560720511331,0.3859855271019693,0.5154613859996843
2014-09,421,002427,34,0.16004077471967382,0.42307500305937373,0.4841575362747999
2014-09,421,002432,96,0.2602018429135585,0.4643326522001466,0.47062133801185063
2014-09,421,600626,138,0.2764397905759163,0.4489705010514576,0.4378567225654602
2014-09,421,600635,200,0.2782369146005509,0.41065421231769755,0.5042887378857079
2014-09,421,601299,199,0.262081784386617,0.6457421691857576,0.5636052004514863
2014-09,421,002449,136,0.23350253807106602,0.4263644658409583,0.5681654128101894
2014-09,421,002594,106,0.2660069848661234,0.6057938010575734,0.5955060778455369
2014-09,421,600650,208,0.28407908428720086,0.30370476777387156,0.4201497239186192
2014-09,421,600802,102,0.28367670364500797,0.39102531049405886,0.6178006450622022
2014-09,421,002194,43,0.12078651685393249,0.603299581151073,0.5902575765589463
2014-09,421,002473,120,0.24464944649446507,0.5163641819950875,0.6167750491999657
2014-09,421,600680,42,0.1469428007889546,0.45595239405597543,0.552740886272751
2014-09,421,000916,118,0.28421052631578947,0.6549004196869774,0.5794071529903683
2014-09,421,601607,196,0.27428571428571424,0.5714057560394917,0.4768080561489169
2014-10,439,300156,31,0.15783132530120492,0.7108950953990583,0.6091514378807193
2014-10,439,002240,79,0.19860499265785614,0.7005279766157297,0.5693368717918854
2014-10,439,002518,41,0.14629049111807735,0.7034924024434185,0.6201345823987339
2014-10,439,603399,56,0.17040358744394624,0.5737356012091447,0.5388816393601082
2014-10,439,000977,49,0.1778265642151481,0.5215117362110179,0.6165048543689325
2014-10,439,000062,82,0.21067683508102963,0.44038440326898753,0.5790309769658455
2014-10,439,000603,30,0.15667074663402691,0.46760393011048335,0.5210526315789475
2014-10,439,601166,244,0.2883156297420333,0.7123242342742152,0.5008028545941123
2014-10,439,002555,63,0.19616519174041303,0.6397566127007065,0.6131630816693799
2014-10,439,600756,38,0.15401301518438182,0.3736994612510375,0.5021025807737084
2014-10,439,000159,92,0.17516629711751652,0.5757569441187458,0.5443155945120154
2014-10,439,000401,133,0.2143808255659121,0.6484191379840987,0.62234198922097
2014-10,439,000402,69,0.15327102803738313,0.598586725121079,0.6385193753614801
2014-10,439,601958,58,0.17004048582995945,0.4576735024894075,0.607586246352766
2014-10,439,600790,44,0.1777777777777778,0.6231740364674875,0.5879940954567819
2014-10,439,600149,57,0.19809244314013208,0.48925265364337717,0.6116504854368935
2014-10,439,600155,46,0.21546961325966862,0.45483342463729026,0.6277872024867687
2014-10,439,002190,30,0.19249959761789792,0.4360876877952997,0.40037885310831756
2014-10,439,002334,160,0.27819548872180455,0.6916057504398581,0.6139848240176417
2014-10,439,000510,44,0.22309417040358748,0.6588124969962057,0.6255857544517334
2014-10,439,000511,32,0.2276830491474423,0.33558801849804026,0.556958943299754
2014-10,439,600983,191,0.23630417007358961,0.5710177447995815,0.6008104061857538
2014-10,439,002619,47,0.16961130742049468,0.3600636495588746,0.5403508771929821
2014-10,439,600679,96,0.19389701207883026,0.6301721895082179,0.6278882011456691
2014-10,439,300141,41,0.19147084421235872,0.3569319221520035,0.5334233625928424
2014-11,459,002493,34,0.17341040462427748,0.7259181526976146,0.6772334293948128
2014-11,459,000726,219,0.24516129032258072,0.7340069876068904,0.6831772878284507
2014-11,459,600373,60,0.19611307420494706,0.6062482014355937,0.49656526005888135
2014-11,459,000559,50,0.17572692793931743,0.4543653545826166,0.6477183833116039
2014-11,459,000957,144,0.26894502228826156,0.7512526623881618,0.5498595505617979
2014-11,459,600390,63,0.17971530249110312,0.6442662881374467,0.5168689828380074
2014-11,459,600405,36,0.13367609254498714,0.6647742295058564,0.4765422977465825
2014-11,459,002543,231,0.20131291028446396,0.7415039718142068,0.5581543081543079
2014-11,459,002407,45,0.2718600953895072,0.6830436580543608,0.547079673293266
2014-11,459,600884,71,0.17535545023696686,0.7364086565757351,0.6343157181571821
2014-11,459,002552,48,0.1708369283865402,0.37229947927908796,0.6460875807609483
2014-11,459,002284,26,0.1489088575096278,0.41996636719590646,0.6149732620320859
2014-11,459,000156,112,0.22631578947368436,0.7053369907642607,0.4885563380281689
2014-11,459,600618,120,0.25222929936305727,0.7048080579896746,0.6512508579678583
2014-11,459,600285,54,0.19121813031161472,0.5973495574781896,0.4834494773519172
2014-11,459,300235,55,0.2376712328767122,0.5899811454024348,0.6851042196237924
2014-11,459,600961,57,0.1482587064676617,0.4036782163529802,0.589098532494759
2014-11,459,600152,36,0.25445544554455446,0.4835898176186737,0.4881555771235484
2014-11,459,600501,43,0.20550458715596331,0.38089172002902694,0.6635347369864895
2014-11,459,002192,49,0.2352590827873734,0.45986406079079,0.6240375341256478
2014-11,459,002607,31,0.19950124688279303,0.3644669315257007,0.551378446115288
2014-11,459,000509,47,0.19786910197869112,0.3331647105735038,0.472
2014-11,459,600661,62,0.2484157160963245,0.44270376251225857,0.5918381158635625
2014-11,459,300127,71,0.1784841075794621,0.594447260202646,0.6697321773316016
2014-11,459,002067,54,0.2290249433106576,0.6137903975771013,0.5859521722799553
2014-11,459,300130,102,0.20584926884139487,0.6932994085957268,0.5679928741092637
2014-11,459,600680,80,0.193293885601578,0.5104278109847776,0.6439551914512617
2014-11,459,600355,96,0.21138211382113825,0.5672536076170395,0.5496211083721361
2014-12,482,000922,34,0.27212806026365344,0.5282000358599747,0.8388661899897852
2014-12,482,600210,55,0.17597765363128492,0.7402177860155444,0.832833133253301
2014-12,482,000751,40,0.21097046413502107,0.7928789012935313,0.4334239130434761
2014-12,482,300031,35,0.23296703296703292,0.5011965451747361,0.7588560285992851
2014-12,482,300175,30,0.17127799736495386,0.5255275938325525,0.8436468646864683
2014-12,482,600385,40,0.2657295850066934,0.46970611797401673,0.4382871536523933
2014-12,482,000960,86,0.2446982055464927,0.4141226998590516,0.5940332326283982
2014-12,482,600074,87,0.2618025751072961,0.7322675887358082,0.8264408987300553
2014-12,482,002526,41,0.2751479289940828,0.5225999446695011,0.757936507936508
2014-12,482,000762,75,0.19529262086514,0.47703383242213104,0.7311320754716982
2014-12,482,002121,67,0.26234567901234573,0.59253416479401,0.8300720906282172
2014-12,482,603077,25,0.23163841807909602,0.6216152414551239,0.8354922279792746
2014-12,482,002674,239,0.2910101946246524,0.5152504109687625,0.6090937008176268
2014-12,482,000585,48,0.1540178571428572,0.33827033145674196,0.7682675606899059
2014-12,482,000050,44,0.2798013245033113,0.4974829256252756,0.729600493598643
2014-12,482,002272,45,0.19362745098039214,0.6330449258846608,0.8132045088566825
2014-12,482,002138,117,0.26805143422354094,0.6882028184698501,0.7988016927137886
2014-12,482,002277,37,0.23218997361477567,0.43965442301823476,0.5947675512892907
2014-12,482,300069,117,0.27127127127127126,0.777581259787375,0.8526229414346508
2014-12,482,600272,133,0.26262626262626265,0.689515299448944,0.8330106013958736
2014-12,482,002020,157,0.2833099579242636,0.653863727266454,0.7074331052140792
2014-12,482,002566,115,0.26595744680851063,0.74004380098012,0.5287699433865158
2014-12,482,002158,205,0.28555917480998916,0.5935734006112128,0.5477572876868926
2014-12,482,002026,107,0.27464788732394363,0.5448953414806584,0.8035960636438886
2014-12,482,002163,21,0.1923601637107777,0.5015474459974635,0.7730426164519328
2014-12,482,300088,164,0.23933649289099523,0.4970887294682125,0.5060673668172171
2014-12,482,601231,110,0.21640248104755344,0.7693803241382228,0.7867340868530633
2014-12,482,603126,34,0.24110320284697517,0.6293230263910866,0.5141187925998052
2014-12,482,002727,28,0.18582375478927204,0.5191990082221585,0.7653868656544632
2014-12,482,000416,201,0.2870864461045891,0.6332731527524746,0.6883213488718075
2014-12,482,000421,111,0.22638680659670163,0.7251840789482542,0.6785812672176306
2014-12,482,600157,47,0.20151133501259455,0.42842859689504653,0.7722269263336162
2014-12,482,600319,50,0.20809248554913284,0.5008449282087007,0.8284379530687856
2014-12,482,002473,181,0.28923611111111114,0.5231932417393326,0.6081507339025107
2014-12,482,600175,183,0.28428571428571436,0.7808970875819534,0.8252154567250576
2014-12,482,300134,95,0.25582228591902545,0.7417958837098527,0.8273633937350752
2015-01,502,600359,35,0.2075757575757574,0.5548383385681611,0.7362844572146894
2015-01,502,600540,54,0.17647058823529416,0.7216165372663449,0.8599301457304591
2015-01,502,600373,103,0.22614840989399299,0.750485370215513,0.8176911410473728
2015-01,502,002246,66,0.2230026338893767,0.3329582463228009,0.7125112917795848
2015-01,502,002379,88,0.20892494929006078,0.576025306469437,0.7858114471068325
2015-01,502,600715,47,0.22437971952535052,0.3295519363334218,0.8648156577150657
2015-01,502,000034,76,0.22586872586872586,0.7780439632143544,0.8671826837454619
2015-01,502,603399,119,0.22090059473237045,0.5844237192507299,0.8648083707892319
2015-01,502,601798,150,0.22776280323450127,0.7869383371272372,0.7038677835504291
2015-01,502,600579,21,0.22065727699530502,0.5542699407013896,0.6926462972553074
2015-01,502,002125,93,0.2464065708418891,0.4734213747884529,0.8099756031444838
2015-01,502,001696,41,0.2616940581542352,0.5696313410269398,0.8542939274164572
2015-01,502,002682,115,0.24315068493150682,0.6271617012090712,0.7591283013421852
2015-01,502,600418,118,0.2652616279069768,0.4771838672063158,0.7670595300653107
2015-01,502,000065,59,0.23153942428035046,0.7728252004324416,0.588942307692308
2015-01,502,002552,91,0.2864538395168249,0.37044394036929135,0.7317644121227258
2015-01,502,603099,41,0.23183391003460208,0.336545637373447,0.4657667517937492
2015-01,502,000099,34,0.20027816411682897,0.5333097297585522,0.7459535538353277
2015-01,502,601225,26,0.2364864864864865,0.6141072147842019,0.706605222734255
2015-01,502,002031,27,0.2518159806295399,0.7076525053224209,0.7756253813300793
2015-01,502,000833,46,0.21245421245421237,0.5295719046973969,0.6053268765133164
2015-01,502,002725,36,0.286855036855037,0.5623304715210367,0.7798559604428681
2015-01,502,600636,131,0.2393483709273183,0.6678040590147574,0.8481436110064079
2015-01,502,000420,127,0.24920127795527147,0.6451024108950041,0.846815834767642
2015-01,502,600148,29,0.25510667271901954,0.5510117021474966,0.7370629118801542
2015-01,502,002455,74,0.2465208747514911,0.6597347178681306,0.8218149038461536
2015-01,502,300388,38,0.27283105022831045,0.5386247966096175,0.8124054462934944
2015-01,502,002463,37,0.2772073921971253,0.5518206674836017,0.7002583979328167
2015-01,502,000682,69,0.24314442413162707,0.6088900076977892,0.8063519525457246
2015-01,502,000518,32,0.16720257234726688,0.5663453847415206,0.7995198079231697
2015-01,502,601579,42,0.19367588932806334,0.34683452895342776,0.290594498669033
2015-01,502,002222,62,0.26251691474966166,0.4214798669359529,0.8264808154371931
2015-02,517,600033,33,0.19259259259259254,0.35512081660279743,0.5154639175257728
2015-02,517,000539,20,0.1558935361216729,0.5177173982246812,0.4978354978354976
2015-02,517,000007,63,0.28778280542986434,0.7230982471982991,0.7425515660809779
2015-02,517,601018,28,0.14555256064690025,0.5602488813355764,0.5028238294771361
2015-02,517,002367,40,0.1535483870967742,0.7283887228142063,0.7507788161993768
2015-02,517,601028,49,0.18775933609958506,0.6568803803526508,0.6196643484779084
2015-02,517,600058,34,0.2429347826086956,0.5451882426714998,0.5740181268882175
2015-02,517,600221,18,0.17771084337349397,0.311076380457621,0.5560975609756098
2015-02,517,600863,22,0.16607773851590113,0.4175110837631635,0.6122448979591831
2015-02,517,300317,61,0.2224409448818897,0.40508562201851955,0.6256607929515414
2015-02,517,002526,76,0.2781065088757396,0.48625192190105315,0.726120857699805
2015-02,517,000039,35,0.19558676028084265,0.6053538483486789,0.5240384615384615
2015-02,517,601106,35,0.2686804451510334,0.539933530035147,0.4997380827658463
2015-02,517,002263,113,0.18770226537216828,0.654447795388223,0.7910583941605848
2015-02,517,601117,25,0.1697312588401697,0.5024105141883493,0.5208654651214033
2015-02,517,600089,24,0.16753926701570676,0.7127612726634712,0.5633157774215705
2015-02,517,000980,78,0.28067885117493474,0.606994158580813,0.8027444253859347
2015-02,517,000791,26,0.18886198547215494,0.3990134032296343,0.3456619426201175
2015-02,517,002686,97,0.21743589743589742,0.639209287108109,0.8010598117143022
2015-02,517,601866,20,0.16402116402116396,0.35035861292431425,0.5134474327628361
2015-02,517,000088,23,0.13459119496855354,0.3707643682826069,0.46548042704626336
2015-02,517,600751,38,0.19069767441860475,0.46849736174287665,0.6069027341999107
2015-02,517,600896,32,0.216833095577746,0.45217347700736393,0.5735992402659068
2015-02,517,600897,38,0.19448373408769448,0.5801048403858668,0.6214605067064078
2015-02,517,600269,20,0.14201183431952658,0.35157856107510377,0.4211737629459154
2015-02,517,600900,27,0.1869918699186992,0.6382891021135924,0.767730928588838
2015-02,517,000157,34,0.20614035087719285,0.6105799063305262,0.5555555555555556
2015-02,517,002706,58,0.23167848699763605,0.5379626456240055,0.5414920368818108
2015-02,517,600115,18,0.17910447761194026,0.545656052583241,0.6440118199200415
2015-02,517,000825,32,0.19376391982182628,0.40442329757969686,0.38767843726521417
2015-02,517,600125,36,0.2145411203814065,0.6985048712314864,0.6029872764152687
2015-02,517,002166,81,0.21751412429378536,0.5435720861697964,0.6674684305472046
2015-02,517,600477,151,0.26347305389221554,0.5953765773146174,0.6362928348909658
2015-02,517,002441,48,0.2561436672967864,0.6651189393955355,0.7057824358511025
2015-02,517,600133,53,0.28428093645484953,0.7234066187667486,0.7670454545454545
2015-02,517,002729,44,0.20982735723771584,0.27678922863530586,0.4133464180569181
2015-02,517,600483,59,0.1727416798732171,0.4802276177927149,0.5421133231240428
2015-02,517,000852,62,0.2171232876712329,0.6448426845218537,0.616326530612245
2015-02,517,600310,45,0.2862523540489642,0.7320560526044384,0.8053408292340122
2015-02,517,601002,26,0.16249999999999998,0.311925020723927,0.4493708807669263
2015-02,517,002051,18,0.19909245604083947,0.5116949879659594,0.6104069379586391
2015-02,517,600495,30,0.2379446640316205,0.43960962209251897,0.5021065675340769
2015-02,517,002053,48,0.18483412322274873,0.4022782049235578,0.5365712074303407
2015-02,517,000877,25,0.12891113892365458,0.43535038489434824,0.47585155058464707
2015-02,517,300393,46,0.19884726224783866,0.3110854693223398,0.4072022160664817
2015-02,517,300116,119,0.27215189873417733,0.6453416700828407,0.7070658682634741
2015-02,517,600501,101,0.23362831858407074,0.3864352151530063,0.8145303248519765
2015-02,517,600320,18,0.14428857715430876,0.2764747844953643,0.42428013803247205
2015-02,517,603609,66,0.2466725820763087,0.6800180148509699,0.6469390200071887
2015-02,517,002330,116,0.22800495662949194,0.5715611929937541,0.6184316895715457
2015-02,517,300395,46,0.2338251986379115,0.38868699168917165,0.6377462841341177
2015-02,517,600004,38,0.14142857142857146,0.7223857054821393,0.5931721194879084
2015-02,517,600798,43,0.2869718309859155,0.6997105914778776,0.6206657420249653
2015-02,517,600801,36,0.20186915887850465,0.5890804372010464,0.5684095463654587
2015-02,517,600808,19,0.17669172932330834,0.2621953963121625,0.5420560747663553
2015-02,517,600809,29,0.2117400419287212,0.5033140740968396,0.6327683615819205
2015-02,517,600011,26,0.18638573743922215,0.6091339919512895,0.6007045300043262
2015-02,517,603167,71,0.2800899887514061,0.7347347970046186,0.7341184096802071
2015-02,517,002071,222,0.26320236586396284,0.3976127187493071,0.3444605293851284
2015-02,517,000898,22,0.14529914529914523,0.4313482113798698,0.5454545454545457
2015-02,517,000905,37,0.19223985890652562,0.5354535966886874,0.587974152814087
2015-02,517,600997,42,0.2553956834532374,0.7017427512018817,0.6398570151921358
2015-02,517,600523,106,0.2565891472868217,0.49412134137793196,0.5270988310308183
2015-02,517,000531,44,0.16859852476290837,0.4560011404568711,0.38912276709523286
2015-02,517,603188,51,0.19859710653222262,0.43378662294710657,0.5973106425266297
2015-03,539,000001,47,0.2037691401648999,0.6547305896138322,0.8304604305523638
2015-03,539,601009,42,0.21584699453551914,0.6622494254323352,0.8069528063701686
2015-03,539,600211,79,0.27263530601922104,0.746987540092655,0.33389028125870324
2015-03,539,300163,140,0.3165618448637316,0.6907448111047553,0.8886482975152916
2015-03,539,002105,81,0.33449883449883455,0.5921618556139261,0.71001694764071
2015-03,539,002510,166,0.3355371900826447,0.5241542405305785,0.8300587795927648
2015-03,539,600378,221,0.302461139896373,0.596184555085365,0.8599632343683111
2015-03,539,002655,137,0.32465419039869803,0.6068725920006918,0.8962264150943396
2015-03,539,000027,38,0.3222591362126245,0.7181517730492007,0.6849257258609047
2015-03,539,603688,36,0.18704156479217593,0.3696466896005491,0.4913557779799809
2015-03,539,600566,250,0.2985781990521327,0.7956861720460753,0.5718542791480189
2015-03,539,600390,143,0.33362989323843417,0.5021787990547759,0.6628567207544382
2015-03,539,000567,93,0.3436532507739938,0.7780376726161536,0.8500727802037851
2015-03,539,600395,34,0.2523255813953489,0.706816367649544,0.6941210710128058
2015-03,539,002670,90,0.26256281407035176,0.6145805146275741,0.852626967276649
2015-03,539,002265,102,0.3230983949755758,0.6294598679183665,0.74791798146292
2015-03,539,600088,101,0.31243830207305046,0.589497521579625,0.8869011522134623
2015-03,539,000596,35,0.21932612841703758,0.7062846267478715,0.6234855160259942
2015-03,539,603100,96,0.34682964094728796,0.8153502614414874,0.8955291250084636
2015-03,539,002700,160,0.3130081300813008,0.6190604404526068,0.886999478283553
2015-03,539,601179,39,0.271978021978022,0.6635504668700997,0.5843472157229763
2015-03,539,002423,117,0.27679882525697497,0.4408262462233805,0.8184882041405874
2015-03,539,000623,30,0.23337515683814314,0.6357734323855054,0.629301233591777
2015-03,539,600917,53,0.2632058287795993,0.3669974170248955,0.6170931916948329
2015-03,539,601939,34,0.15714285714285714,0.6153911199181238,0.5989110707803993
2015-03,539,002716,163,0.26960784313725494,0.8028997785343659,0.8963088057901091
2015-03,539,002723,184,0.3288186606471031,0.40028198368992635,0.5542792342855799
2015-03,539,600636,168,0.27218225419664266,0.7151702634132671,0.8726753834179387
2015-03,539,002730,54,0.21502347417840384,0.35060786783254705,0.4816059274575691
2015-03,539,603306,60,0.27253668763102723,0.3717247048351237,0.5612643314976982
2015-03,539,600638,204,0.33096590909090906,0.7681773346382814,0.8430379434852797
2015-03,539,601328,28,0.15714285714285714,0.7126791381205306,0.6279733587059947
2015-03,539,600795,37,0.2680722891566264,0.7414815729575472,0.6697952218430033
2015-03,539,300391,75,0.34587080948487325,0.39169851898858704,0.7167263572991673
2015-03,539,600317,84,0.3112582781456954,0.6391874705845557,0.729241877256318
2015-03,539,603606,50,0.22836095764272546,0.4596385525816517,0.5498894515369803
2015-03,539,000878,35,0.2425087108013938,0.772557127144786,0.6899047705218394
2015-03,539,300397,66,0.26365879450123375,0.41113183009851983,0.6274757830964349
2015-03,539,603006,91,0.32730455075845977,0.4860541148460663,0.8827648374997986
2015-03,539,300401,47,0.3080459770114943,0.39016952434336294,0.6919451585261351
2015-03,539,300402,49,0.2127114300358791,0.3617761036752016,0.4095235323223796
2015-03,539,002338,92,0.3192374350086655,0.6898618403400838,0.8760554247776381
2015-03,539,300403,40,0.23226544622425627,0.5699691940140656,0.6547418157273049
2015-03,539,300405,38,0.1982116244411326,0.5575384181621353,0.4299702000851425
2015-03,539,200018,39,0.21864951768488738,0.5351934287499872,0.7086614173228352
2015-03,539,200054,90,0.2171428571428572,0.39698527204333056,0.8301920028183898
2015-03,539,600990,62,0.29898128405591096,0.8193555166894929,0.86154698959577
2015-03,539,600816,59,0.3112449799196787,0.6727051429662754,0.7817451335445903
2015-03,539,002621,88,0.32199999999999995,0.8147089852704952,0.8438273921200748
2015-03,539,600339,185,0.3117469879518071,0.8030775873223018,0.8179365806484451
2015-03,539,601001,75,0.28553770086526575,0.7619562389649328,0.7088980340570354
2015-03,539,601006,38,0.16068376068376056,0.7642618198249489,0.5891549725442337
2015-04,560,601015,56,0.30835380835380843,0.5714253814683419,0.7895449620801734
2015-04,560,600373,161,0.42819843342036557,0.8854542384861113,1.0688102522657739
2015-04,560,601677,158,0.4011925042589438,0.6160229045774622,1.0009063325058127
2015-04,560,000559,151,0.4242718446601943,0.6072420976675573,0.9393431427329733
2015-04,560,300317,104,0.34925864909390447,0.4606968831055687,1.0541517745823288
2015-04,560,603399,177,0.41255605381165916,0.6264660980877121,1.055141031217586
2015-04,560,000960,164,0.38430851063829785,0.5553737461327155,0.787830438066465
2015-04,560,000962,175,0.316423589093215,0.9316186387237333,1.0161926386233266
2015-04,560,002669,177,0.3955488113302984,0.4154121886302374,0.7981245361692708
2015-04,560,000965,89,0.3767482517482518,0.8815075274002527,1.0178845812123047
2015-04,560,002535,160,0.4248366013071896,0.8065077382171861,0.9793123232107597
2015-04,560,000050,122,0.3952033368091763,0.51780560828731,0.7150381158820235
2015-04,560,300200,186,0.3643410852713178,0.7574025489114861,1.0751505424016077
2015-04,560,002277,115,0.41916167664670656,0.5909088640532305,0.8026947075347403
2015-04,560,002149,134,0.40017667844522964,0.7410053991301065,0.8387518171137259
2015-04,560,600272,211,0.4,0.8991702251070868,0.9597362344007581
2015-04,560,002715,192,0.4235159817351598,0.5043020959679402,0.5155046103321965
2015-04,560,300088,242,0.43386243386243384,0.5448005542401378,0.5296530301431006
2015-04,560,002031,85,0.4180790960451978,0.889125283272407,0.921770134228188
2015-04,560,002722,230,0.37970430107526887,0.3262040223538454,0.381592498238387
2015-04,560,002724,55,0.29655172413793096,0.5684891190833623,0.5981910702037042
2015-04,560,002729,87,0.38596491228070173,0.3830333768192715,0.8563334382580036
2015-04,560,600483,102,0.402745995423341,0.5727528396267392,0.9122730255961499
2015-04,560,000852,105,0.37266739846322716,0.818289446216892,1.0177142857142862
2015-04,560,002591,93,0.3907380607814761,0.823872666404961,1.0301582561958793
2015-04,560,601999,110,0.4110824742268041,0.8997806890770241,1.0198279087167976
2015-04,560,603009,124,0.35425268373245244,0.4701485446555126,0.7137824368448186
2015-04,560,600980,174,0.41464452958705833,0.7631543130787884,1.045188880969352
2015-04,560,000693,181,0.3596666666666667,0.7716071808798093,0.8951769558736872
2015-04,560,600679,217,0.3852504127682994,0.5845958603379515,0.6719303224725847
2015-05,580,000001,88,0.3763837638376384,0.8815727729761267,1.0907326540514317
2015-05,580,601628,50,0.17933390264731008,0.9226173150386429,0.6634454562349001
2015-05,580,600548,76,0.37743732590529244,0.9324764010158019,1.2621911218018809
2015-05,580,601038,70,0.3782684485764092,0.695758622550911,1.1872759856630828
2015-05,580,600717,86,0.30995260663507107,0.8045148212249594,0.8389064883257071
2015-05,580,601099,63,0.33668341708542715,0.9898834056572555,0.9386081560283681
2015-05,580,600720,89,0.2953586497890296,0.8225279256077133,1.134751773049645
2015-05,580,300322,142,0.3619233268356076,0.8249703285383634,1.2544084255278034
2015-05,580,000776,63,0.33937198067632846,0.7239593763773681,0.7476013816041962
2015-05,580,601818,64,0.35168195718654427,0.9477028262448236,0.8754534461910521
2015-05,580,000792,70,0.19915054270882504,0.925052740745634,1.1330608537693005
2015-05,580,600266,63,0.32582688247712877,0.9334920169962424,0.8172851103804598
2015-05,580,601166,78,0.3752039151712887,0.9778926312965054,1.2290268456375841
2015-05,580,600755,70,0.30404738400789744,0.8008933973165824,0.9393508647239992
2015-05,580,601901,63,0.29058240396530366,0.6847317408950098,0.6755260243632338
2015-05,580,600456,195,0.4542623588945115,0.9642131633184251,1.1969558599695582
2015-05,580,000825,95,0.4887005649717514,0.8335544398200466,1.160318228132108
2015-05,580,600633,143,0.4462940943321443,0.8010673409277441,1.2015335732961274
2015-05,580,601988,64,0.29268292682926844,0.9751362337478312,0.6060606060606065
2015-05,580,002319,180,0.2692307692307693,0.7242544822430426,1.2378094523630911
2015-05,580,600148,107,0.5055739680626694,0.7199764252714297,0.8651801893926784
2015-05,580,601998,76,0.272552783109405,0.7551251969868122,0.7055786605478275
2015-05,580,002194,202,0.5031328320802005,0.7280184478843063,0.9735524684899314
2015-05,580,600320,81,0.4799025578562729,0.9223721856574698,1.1831682335727143
2015-05,580,000507,74,0.43318649045521296,0.920656050516582,1.180076075787348
2015-05,580,601377,64,0.3410852713178295,0.7490921593872222,1.0875268304316716
2015-05,580,603167,134,0.4666666666666667,0.9954854405546149,1.0683927699071811
2015-05,580,600016,64,0.2324324324324325,0.6228847246763645,0.6950795683190043
2015-05,580,000905,100,0.4394124847001224,0.7653232809720982,1.0731621474974704
2015-05,580,600030,58,0.30195381882770866,0.6944514727942922,0.7737858547646935
2015-05,580,002633,165,0.4630041282946967,0.6174649547149226,0.8336026962417213
2015-06,601,002084,86,0.5005549389567148,0.7824091511207127,1.7768487065586622
2015-06,601,600837,81,0.4285714285714286,0.7693509143814509,1.37339488810077
2015-06,601,600369,76,0.38855160450997395,1.0424196698135053,1.6585176937599846
2015-06,601,601688,83,0.4253563390847712,0.7070837671870995,1.483167647738792
2015-06,601,000750,85,0.4084394904458599,0.8690446339134821,1.631383322559794
2015-06,601,600711,45,0.48770949720670387,0.8375804821506296,1.8227046585255542
2015-06,601,601800,74,0.47308934337997843,1.0860349708133266,1.6402066697980273
2015-06,601,601117,109,0.4768270944741533,1.0182896345740664,1.3846978085057529
2015-06,601,600756,200,0.43823783472502154,0.35540297630275186,0.7961558426577464
2015-06,601,601318,83,0.3304924242424242,0.8838037426920002,1.369888134971576
2015-06,601,000877,109,0.46502690238278244,0.9281569660651688,1.6092115652954595
2015-06,601,600801,120,0.4158686730506156,1.0331868991290536,1.5757831452378437
2015-06,601,603006,153,0.49184662847069194,0.5573055846589626,1.1457969645314328
2015-06,601,000510,206,0.4047085201793722,0.6921534404312087,0.771769691536612
2015-06,601,002337,54,0.496316758747698,0.8863556959137029,1.395914819643634
2015-06,601,300402,111,0.457243816254417,0.4744079481049543,0.9024439810560541
2015-06,601,600516,195,0.4558011049723757,0.6955378668550224,1.1313050037716872
2015-06,601,002622,20,0.3921951219512194,0.804063631659763,1.7548005908419484
2015-06,601,601579,141,0.4617414248021109,0.5895291700511013,1.0852025339964098
2015-06,601,600528,43,0.4991883116883117,0.5785541026504087,1.1368654587713272
2015-06,601,000712,87,0.4702813489845351,0.877589722264819,1.475409836065574
2015-06,601,601601,84,0.32207993791230116,1.0073458049563537,0.8050744083922912
2015-07,624,600834,21,0.43064985451018434,1.0637575784792053,1.2770782826307976
2015-07,624,600359,157,0.5055690072639225,0.9719464915266488,1.5179132620993085
2015-07,624,000006,29,0.5108853410740203,0.9072210567816,1.3369528333898884
2015-07,624,600200,22,0.4876494023904383,1.0593248730903073,0.9994820569737328
2015-07,624,601018,32,0.5828460038986354,0.7442483757734494,1.3429541595925298
2015-07,624,601618,49,0.5017964071856287,0.7763489923358029,1.5420289855072464
2015-07,624,002500,108,0.5687912087912088,0.9876766705690275,1.0600041814760597
2015-07,624,300016,27,0.47111643220592625,0.8218048990467621,1.0817920918367347
2015-07,624,000017,23,0.5313615502294748,0.9908216818774224,0.8170774442238058
2015-07,624,000563,123,0.5698663426488457,0.7370797807724214,1.5894909688013137
2015-07,624,600227,24,0.5956521739130435,0.9925781349494617,0.9646978568586208
2015-07,624,600863,23,0.5174311926605505,0.8097828661955178,1.2992256637168151
2015-07,624,600390,228,0.5782312925170068,0.592204912985349,1.1643847432043328
2015-07,624,601788,107,0.5270229007633588,0.6712782333941366,1.1616726646847126
2015-07,624,000046,86,0.5135520684736091,0.9557513938532567,1.3522177830567856
2015-07,624,002397,22,0.4326765188834154,1.028175186779735,0.8794037940379404
2015-07,624,600728,30,0.5307262569832403,1.0539610958928032,1.295043700124858
2015-07,624,000050,186,0.5870535714285714,0.5601291718397547,1.0088436423466502
2015-07,624,000976,48,0.5406162464985995,0.9445265782544513,0.8225454545454558
2015-07,624,000065,22,0.4904632152588555,0.8163980098923138,1.1160336703048852
2015-07,624,002277,179,0.5903908794788273,0.6536290421536021,1.1956909245911802
2015-07,624,601866,21,0.4708926261319535,0.7334476010508798,1.0306233483600187
2015-07,624,600428,20,0.43013468013468026,0.6615351557194649,1.087544732477961
2015-07,624,002283,42,0.5913385826771653,1.030159293869433,1.586925795053003
2015-07,624,002417,187,0.39400921658986177,0.8527053344412545,1.0697977821265496
2015-07,624,002559,42,0.4959254947613504,1.060775146482105,1.4572288901140846
2015-07,624,002700,245,0.5922141119221411,0.9422523738590649,1.6003765103955017
2015-07,624,601186,66,0.5348270823185581,0.8734994538231763,1.4001189060642099
2015-07,624,002152,51,0.5938375350140057,1.0798686914378277,0.9377716317661005
2015-07,624,002291,27,0.4886521537748958,0.7548529643521878,1.1890243902439022
2015-07,624,600458,37,0.59135039717564,0.9984440592663321,1.4079020589872007
2015-07,624,600917,138,0.5703399765533411,0.6038357842606211,1.435250529287227
2015-07,624,000825,139,0.5563002680965148,0.9221410536425136,1.482209250804292
2015-07,624,601225,148,0.5841584158415842,0.9182502611001516,1.4127414078165124
2015-07,624,002166,188,0.48656163113994433,0.6492202461062535,1.5816128816730142
2015-07,624,002729,20,0.38038528896672497,0.7998647351663617,1.15390318036919
2015-07,624,000852,169,0.5251350228500208,0.845925615785041,1.5867724867724868
2015-07,624,002593,37,0.5786163522012578,0.7376989172358144,1.3906111603188656
2015-07,624,601328,18,0.27345309381237515,0.9346240509853546,0.9847144006436037
2015-07,624,601336,94,0.4051565377532229,0.9449790673706526,0.8697978245448093
2015-07,624,603606,27,0.48631950573698146,1.0660651084948585,1.190680695726863
2015-07,624,600501,23,0.47714567576455114,1.106226682340881,1.2856087349150314
2015-07,624,600653,31,0.5,0.6882783271604613,1.2619388729703918
2015-07,624,600320,125,0.5186020293122886,0.9907953051535127,1.5478890025629406
2015-07,624,600321,33,0.5655806182121972,0.9884612040953343,1.424208490277919
2015-07,624,002607,196,0.5592705167173253,0.6050323153657804,1.338722623552345
2015-07,624,601390,37,0.49969078540507117,0.6139432952300394,0.903157633018399
2015-07,624,002067,23,0.433920704845815,0.9776251832058199,1.0735884399250737
2015-07,624,300405,123,0.5651367640241075,1.0069191027786237,1.3218390804597697
2015-07,624,000518,154,0.2514450867052024,0.577285123386022,0.7367518435945809
2015-07,624,200152,20,0.45471349353049906,1.0956967759327738,1.1456166419019318
2015-07,624,600021,36,0.5599206349206349,0.7875692537309624,1.1579493835171963
2015-07,624,601000,104,0.5965292841648591,1.0738728348585673,1.4351145038167943
2015-07,624,000533,20,0.4364232977850697,0.9530182889230161,1.0977878124963447
2015-07,624,002633,209,0.49507315616601977,0.6633845603607752,0.9415560197418278
2015-07,624,600688,20,0.38911564625850337,0.9380176039868517,1.2597665990624065
2015-08,645,600035,49,0.47653429602888087,0.6223397055715487,0.9453038674033147
2015-08,645,300428,52,0.5191514437242192,0.7005858332786287,1.0893098782138022
2015-08,645,300160,46,0.5959339263024142,1.047931438823294,0.8654761904761905
2015-08,645,000732,90,0.4854266030736619,0.8128668262198155,1.3972302737520128
2015-08,645,000936,42,0.46181556195965423,1.0028800941697689,0.946063553589059
2015-08,645,603969,18,0.4668803418803418,0.8563503688551595,0.6221049545587807
2015-08,645,600234,44,0.6145454545454545,0.9131469797641795,0.8097062579821203
2015-08,645,601106,35,0.422171602126044,0.6759563583948933,0.7354398179140449
2015-08,645,601872,43,0.5256257449344458,1.042858263255126,1.1724200716727222
2015-08,645,603268,52,0.5829584546176236,0.531840711870245,1.1720677399121884
2015-08,645,000997,21,0.43597678916827853,0.8057478890439435,0.7370762941793584
2015-08,645,600435,25,0.47894544123031857,0.7361676181523076,0.8675589404715235
2015-08,645,603519,33,0.47125256673511295,0.5640039570139146,0.5628493986108758
2015-08,645,300374,34,0.4517488411293721,0.7742935384021069,0.6036685060290208
2015-08,645,600958,51,0.5977327378907591,0.4431407090570218,0.6699862963515736
2015-08,645,300387,226,0.4926079243051449,0.7579830194769532,1.2627571948938396
2015-08,645,300115,26,0.4219703574542285,0.6993733294300382,0.8677445003975617
2015-08,645,002192,88,0.5741565881604074,0.8487224176734635,1.078556025429188
2015-08,645,002749,51,0.5561224489795918,0.6593438590581582,0.8933049444050153
2015-08,645,300129,57,0.5860621326616289,0.8962160881430503,0.9991961708502315
2015-08,645,600011,35,0.43286788399570353,0.47517217611670437,0.7010561160151324
2015-08,645,600012,27,0.4098712446351932,0.8072660711157582,0.7751136833402232
2015-08,645,600015,133,0.4165554072096128,0.7300299547527463,1.370223978919631
2015-08,645,603020,50,0.5146657571623465,0.7498697965302739,0.9489880529326158
2015-08,645,603889,27,0.3651115618661257,0.8409763139061159,0.7739515854074327
2015-08,645,000899,44,0.5123762376237624,0.69348362382618,0.8050109365679059
2015-08,645,600020,57,0.5979643765903309,0.6707678454066532,1.1563780414393077
2015-08,645,300416,46,0.6109660574412532,1.0258402902465311,1.0290556900726395
2015-09,665,000004,30,0.4622398877718027,0.9079483537394426,0.7398118475170162
2015-09,665,000006,30,0.4885777450257922,0.6500869847981564,0.7485553316335054
2015-09,665,000722,26,0.41512427287149656,0.642096609832715,0.582940470264414
2015-09,665,600038,46,0.5287102473498233,0.9278142847178366,0.7657493813541637
2015-09,665,300434,38,0.5558598028477547,0.7244967067816626,0.34860712777073755
2015-09,665,600843,32,0.5050749154180764,0.902012856116616,0.6958867965805621
2015-09,665,002096,30,0.5406602254428341,0.3988082845290414,0.4712332220051673
2015-09,665,000014,26,0.45192754296330706,0.8751289389836876,0.6971356633917796
2015-09,665,000548,26,0.5621546961325967,0.7640848497496912,0.6094052360523811
2015-09,665,000930,25,0.45370871683811587,0.9487720062674843,0.7425473291263001
2015-09,665,300440,46,0.5119617224880383,0.6330804879716511,0.37761915726456363
2015-09,665,300442,45,0.5239353891336269,0.6048906014043071,0.36001230811309776
2015-09,665,300024,34,0.4689418119322367,0.659788387857936,0.5233559049695856
2015-09,665,300444,43,0.496090973702914,0.8124359211849275,0.5169978815696559
2015-09,665,300445,39,0.46806435884934183,0.9162804218927179,0.43782530973151923
2015-09,665,300446,31,0.46757798808272,0.44314130991543,0.4111767378464335
2015-09,665,000027,31,0.4452789699570816,0.8057797541357703,0.7456143694679304
2015-09,665,300448,41,0.5082568807339449,0.808017120569579,0.4280155642023345
2015-09,665,000753,71,0.5971731448763251,0.7667111319150849,0.925302386400785
2015-09,665,300449,42,0.49734446130500753,0.7964437223611756,0.3916173479799864
2015-09,665,000958,30,0.4337349397590362,0.5792296400790822,0.679796404988995
2015-09,665,603703,38,0.4694391934467549,0.4915800510864987,0.41455568958584654
2015-09,665,002119,36,0.5409738717339667,0.8560791676218905,0.18896611642050334
2015-09,665,600396,30,0.4932975871313673,0.43814651882842004,0.5871438943116167
2015-09,665,600724,25,0.37568306010928965,0.878351380882697,0.7998041136141042
2015-09,665,600726,20,0.32291666666666663,0.34242588314125605,0.5009421655312362
2015-09,665,000584,35,0.5054319710294878,0.8900943915130994,0.2794715447154473
2015-09,665,002397,63,0.5164203612479474,0.9558732894443897,0.7209622973422714
2015-09,665,001914,27,0.5453857791225416,0.6281257318436017,0.5853463273443874
2015-09,665,600737,20,0.4263363754889178,0.7252057842026545,0.6789781471221915
2015-09,665,600023,30,0.39111747851002865,0.4618800069613796,0.7047456663824946
2015-09,665,603997,37,0.5184729064039408,0.46204067168456425,0.44987777461442546
2015-09,665,000600,178,0.5268895348837209,0.8575471814165702,0.3915171288743888
2015-09,665,600748,182,0.5975609756097562,0.9150722632042609,1.0245901639344266
2015-09,665,000096,26,0.3643542019176538,0.47609574797851995,0.5751049904018136
2015-09,665,002287,25,0.39508742714404665,0.5132921151800461,0.5802291651839728
2015-09,665,000151,26,0.40663436451733126,0.9371854193220274,0.6959641989794524
2015-09,665,601898,30,0.45679012345679004,0.33260530033392416,0.5941350654312731
2015-09,665,000616,52,0.48190644307149166,0.5280891694702051,0.38727395008220006
2015-09,665,600760,26,0.4881565396498456,0.6965712971859501,0.6922699664239634
2015-09,665,601918,24,0.3363711681855841,0.6330543125934962,0.7053401144310237
2015-09,665,000333,147,0.437466737626397,0.9189504960712991,1.0380023875845603
2015-09,665,002163,30,0.584313725490196,0.7282867529266102,0.3684894295500177
2015-09,665,000631,26,0.3931451612903226,0.4423642521998631,0.6213017751479288
2015-09,665,603567,49,0.43995468277945615,0.6480868604438701,0.30234668401065795
2015-09,665,000830,26,0.40826446280991735,0.5606502386999515,0.5282185177746536
2015-09,665,600127,32,0.5394495412844037,0.5804294776097945,0.6324580828851628
2015-09,665,600298,21,0.26620570440795155,0.507071720199069,0.6110835102298903
2015-09,665,000418,34,0.4543080939947781,0.5028955521758556,0.6819867909164935
2015-09,665,600959,37,0.4973339796412991,0.6417514096867456,0.2610195651187071
2015-09,665,300243,61,0.5441696113074205,0.8466685174344376,0.5353642948444827
2015-09,665,000661,35,0.4777559699051358,0.8642828033672229,0.7324467878881865
2015-09,665,002736,119,0.603267211201867,0.5984155190858295,0.654078549848943
2015-09,665,603315,38,0.5230460921843687,0.5561017190489201,0.3886955964908538
2015-09,665,002455,66,0.6049026676279741,0.7055732757791203,0.7652507977817022
2015-09,665,600500,31,0.4657873042044518,0.8316701929627527,0.6633201479060967
2015-09,665,300120,26,0.5314322747893714,0.6904944656058485,0.4485988938098251
2015-09,665,603166,26,0.5093648208469055,0.7327935452382007,0.6310176864021166
2015-09,665,300124,51,0.43294117647058816,0.5859582510028054,0.4517389826668177
2015-09,665,002205,30,0.499001996007984,0.9065060694906703,0.7444658358283607
2015-09,665,002475,34,0.4005305039787799,0.7199541762995173,0.690484850180455
2015-09,665,600017,26,0.3903448275862069,0.44128917675341506,0.6202692121257317
2015-09,665,600176,29,0.465587044534413,0.7896959207946238,0.3955919751342184
2015-09,665,600178,32,0.4800868935553947,0.8339631645754626,0.4911585365853658
2015-09,665,600343,36,0.5751743375174337,0.8878082364309784,0.6756386811357736
2015-09,665,300276,28,0.5665454545454546,0.568782848336688,0.5693490424418869
2015-09,665,600022,26,0.4601542416452442,0.5013513093073605,0.6104686303743403
2015-09,665,600679,30,0.4945328031809145,0.704446220351978,0.716408405858629
2015-09,665,600029,28,0.4237140366172625,0.44817302229249784,0.5176410777834264
2015-09,665,300424,38,0.4966344131257888,0.7065464701876462,0.3768582823037682
2015-10,682,000002,23,0.10408163265306136,0.2228933329503511,0.37755243783858905
2015-10,682,000538,32,0.11451187335092339,0.23194145683534415,0.4159668099973124
2015-10,682,000719,42,0.24314442413162707,0.5845915506273338,0.4480966427869083
2015-10,682,600036,20,0.0929853181076673,0.2210855009167656,0.4768996960486323
2015-10,682,603199,23,0.1324806949806948,0.6565854503857013,0.3270603504218039
2015-10,682,603669,38,0.25617283950617287,0.7391622351187319,0.41722148246782065
2015-10,682,000928,50,0.4290254237288136,0.6876479161888934,0.443809958885336
2015-10,682,600373,22,0.20091848450057415,0.3361466719323339,0.4835635760662413
2015-10,682,600383,20,0.14018691588785048,0.2967186945367652,0.5590622182146078
2015-10,682,000031,34,0.3403595784252944,0.7678533215567367,0.5268498518109209
2015-10,682,300451,37,0.5724275724275725,0.770879705537487,0.7652671755725191
2015-10,682,300455,41,0.4604927782497876,0.7096940973911199,0.504299154898459
2015-10,682,300461,38,0.34408602150537637,0.5365023275083084,0.47425149700598823
2015-10,682,300468,38,0.46490618485059065,0.8225502826166992,0.6628037003151368
2015-10,682,002681,22,0.3137417218543047,0.7073017927896939,0.6095689163706531
2015-10,682,300347,22,0.23770824867939855,0.5837903897513984,0.6065663528837468
2015-10,682,601186,23,0.242846094354215,0.40091262234995395,0.5090567477908579
2015-10,682,300072,22,0.19905213270142175,0.6980060010793895,0.48576237139987516
2015-10,682,002319,41,0.4257049891540131,0.7596853056001129,0.5013368983957218
2015-10,682,603599,49,0.4525993883792049,0.532505053889179,0.309711087581304
2015-10,682,601398,25,0.12937062937062926,0.21481285837429848,0.4134589502018842
2015-10,682,002753,44,0.37524752475247525,0.5544319759905901,0.4256893073301952
2015-10,682,002755,42,0.329747175901022,0.6118642213025963,0.35174684470459133
2015-10,682,600006,36,0.40740740740740744,0.8456324497532206,0.5890410958904111
2015-10,682,000690,71,0.5040485829959513,0.3936725187867469,0.36685773840541896
2015-10,682,000692,49,0.45750262329485836,0.4806832796273052,0.39815447710184554
2015-10,682,600016,24,0.11087420042643936,0.18617204567899096,0.3795546558704459
2015-10,682,600519,27,0.1374270694933858,0.27073731112990435,0.4369305759019505
2015-10,682,600827,22,0.19721329046087888,0.8653496316269925,0.6495455594970718
2015-10,682,603355,50,0.5061848958333333,0.6937213893822441,0.3400172840659598
2015-11,703,600834,26,0.25139099645928165,0.5996089911497596,0.5360239238056947
2015-11,703,000922,22,0.20869565217391306,0.5496923379467737,0.5792986744382818
2015-11,703,200613,21,0.13597733711048154,0.8146516457283995,0.6714789323484976
2015-11,703,600545,29,0.19939117199391176,0.6026992363336031,0.5714424477901896
2015-11,703,603198,27,0.2520786092214664,0.6017182952656592,0.4620343839541547
2015-11,703,002641,39,0.26728723404255317,0.8295619223757109,0.6054244073920364
2015-11,703,600843,22,0.20683856502242148,0.7754700251621001,0.6628888996748047
2015-11,703,000014,20,0.23628274839347507,0.7835322893521343,0.7953381984533278
2015-11,703,002372,39,0.2378167641325536,0.6948456729339195,0.4765712458020153
2015-11,703,000559,20,0.24703791469194303,0.7826131219151635,0.806601580660158
2015-11,703,600066,23,0.11726907630522077,0.7381405631210036,0.7294050343249427
2015-11,703,600386,36,0.3558139534883721,0.826325951800065,0.8056195807265942
2015-11,703,000755,34,0.2039691289966924,0.5514903478182884,0.5663018876729587
2015-11,703,600863,102,0.5174311926605505,0.4625279945125335,0.7662912308930012
2015-11,703,601098,40,0.18917066483893075,0.7722639686384232,0.607142857142857
2015-11,703,300185,64,0.434640522875817,0.6547655437267719,0.42785833135250767
2015-11,703,600871,27,0.2504743833017077,0.6360776756212704,0.6140733811454107
2015-11,703,000985,30,0.27008750994431185,0.5535368035120983,0.6211574033295161
2015-11,703,603099,24,0.24418145956607495,0.6282389680953173,0.6141274491851308
2015-11,703,600108,36,0.20788530465949817,0.6386519482295023,0.46926344473831855
2015-11,703,601888,60,0.2221812822402358,0.5199955817298632,0.3282687651331719
2015-11,703,000151,24,0.2524171270718233,0.5497750520374588,0.6963002189257785
2015-11,703,601918,30,0.28958509737510585,0.5789247299594762,0.5870706464676766
2015-11,703,002025,37,0.3056328233657859,0.7834445904505098,0.5926821687520487
2015-11,703,600618,23,0.24654190398698128,0.7206653735186842,0.5687668075297733
2015-11,703,603288,40,0.15090543259557343,0.42853674395826813,0.5157415078707539
2015-11,703,600287,22,0.19446704637917,0.6550044124006803,0.6504130761644541
2015-11,703,000629,65,0.48073394495412847,0.4677439614308124,0.2918942121956454
2015-11,703,002307,27,0.19194312796208524,0.6814694705032242,0.5337615661084345
2015-11,703,601985,48,0.2878625134264232,0.5165613842955497,0.3799821822829916
2015-11,703,600138,40,0.18118948824343017,0.5899743243904122,0.45915879305089913
2015-11,703,002179,35,0.24244657332350783,0.6425270206205608,0.5921445144182964
2015-11,703,601318,185,0.47380050505050497,0.8358364188416809,0.8013802687519875
2015-11,703,600148,26,0.21373337457469832,0.5724157353038435,0.6036503422195831
2015-11,703,600495,29,0.2383540372670807,0.7158451038076443,0.7011944366015634
2015-11,703,600796,36,0.27910958904109584,0.8284146868047838,0.7042721413859542
2015-11,703,002059,24,0.23361603700848121,0.5604185409731732,0.6321163925537685
2015-11,703,600655,39,0.22851432378414394,0.7490446256771329,0.5883720389613408
2015-11,703,600506,35,0.3011627906976744,0.7091304912432355,0.7583936800526664
2015-11,703,002066,27,0.2604973501834489,0.5488925889542476,0.5825896523405418
2015-11,703,600663,36,0.24344383968332517,0.8282701997530804,0.5914235612944369
2015-11,703,600009,40,0.18265139116202955,0.4850904796259647,0.4972182340272796
2015-11,703,600170,39,0.23250564334085777,0.6695234388271616,0.3759104636702789
2015-11,703,600018,39,0.16549295774647876,0.3685443004127362,0.38718806277334694
2015-11,703,600178,35,0.22770562770562774,0.8227344307082117,0.6082734511555642
2015-11,703,000524,28,0.20923231309583545,0.575530896737898,0.6894089464228131
2015-11,703,600820,30,0.267605633802817,0.5455803899247181,0.4914659808276829
2015-11,703,200418,36,0.19981412639405205,0.8117326471899184,0.5101394169835236
2015-11,703,600824,23,0.189127972819932,0.510402808422302,0.5253382860175111
2015-11,703,002628,35,0.2091836734693877,0.7341938361359999,0.7118183191500074
2015-11,703,000717,28,0.35053380782918153,0.7315386173382383,0.4917472965281731
2015-12,726,000539,111,0.4685777287761852,0.6045165749161605,0.26383667502088565
2015-12,726,600836,30,0.2477678571428572,0.36136023789059024,0.5174906042208731
2015-12,726,600692,36,0.2394840157038698,0.43562898339197603,0.49846737702525157
2015-12,726,600838,35,0.2317441158720579,0.2774675156699379,0.3959208158368326
2015-12,726,300015,95,0.36734693877551017,0.5648881677639067,0.3465330266184686
2015-12,726,002236,65,0.2398255813953487,0.6855092249799885,0.47614243073947965
2015-12,726,000930,53,0.29763246899661766,0.6658433973648348,0.5266641922683983
2015-12,726,000733,52,0.31386586284853046,0.6547337984088468,0.56851229673431
2015-12,726,600376,88,0.4339268978444236,0.38398908956930566,0.3177284846091009
2015-12,726,600703,95,0.3563084112149534,0.3732967283436881,0.3559953186509205
2015-12,726,600708,34,0.27884615384615385,0.3129438485313655,0.450963597430407
2015-12,726,002108,25,0.1912928759894459,0.49373486243792397,0.5187659658086072
2015-12,726,000029,36,0.19717362045760434,0.5763673306653393,0.3748842949706879
2015-12,726,600567,92,0.404040404040404,0.3068333487401116,0.23210831721470046
2015-12,726,002116,69,0.2625085675119945,0.4495819244681512,0.2789445341949379
2015-12,726,600868,36,0.2697841726618705,0.3599584394169636,0.38544152744630056
2015-12,726,603979,65,0.3477251624883936,0.5350776661473514,0.41163993338592336
2015-12,726,000777,40,0.26761332605133803,0.5186785654488393,0.49167019624452935
2015-12,726,600081,38,0.3337918386061439,0.5211805848194756,0.4842298761609905
2015-12,726,601118,57,0.1899641577060931,0.7187103732961126,0.38805766767503325
2015-12,726,603088,24,0.20158550396375996,0.5447280760038994,0.3953279424977534
2015-12,726,600418,42,0.18148148148148147,0.6398836932825581,0.411504424778761
2015-12,726,000791,23,0.23421774931381523,0.5939128513280633,0.43916300697494265
2015-12,726,600597,89,0.31644880174291934,0.39767673164704886,0.26855970973339627
2015-12,726,000801,54,0.2728395061728395,0.5255846630234935,0.5254237288135591
2015-12,726,000099,59,0.25326215895610915,0.6883478824266591,0.456129974308264
2015-12,726,601890,50,0.2543391188251002,0.5293180199649221,0.30060934326337163
2015-12,726,600611,37,0.26206896551724135,0.41755315314787766,0.4517554628038301
2015-12,726,600276,43,0.09730069052102941,0.6333450313874295,0.4220942785174523
2015-12,726,600613,29,0.2507412113511224,0.37707978021339583,0.47598627787307035
2015-12,726,600278,37,0.19818799546998866,0.49216401470299365,0.3684026341742755
2015-12,726,002023,55,0.2572859744990893,0.5305579299704063,0.3342527449099244
2015-12,726,002157,88,0.4423337856173677,0.49197611936264246,0.3620546497584541
2015-12,726,600115,87,0.3600802407221666,0.4018212013119997,0.1982815598149371
2015-12,726,603116,66,0.3203883495145631,0.5079822524811921,0.2899854227405248
2015-12,726,300226,39,0.30696864111498257,0.7228568216121145,0.5089760638297873
2015-12,726,002299,87,0.4213800904977375,0.4465003235273153,0.4969249692496931
2015-12,726,600285,57,0.19042871385842475,0.7269672384672363,0.46578279080505314
2015-12,726,600621,37,0.24801587301587302,0.5218330169761234,0.550433985659604
2015-12,726,603117,44,0.2882378285221887,0.4199126110563344,0.39901321745428203
2015-12,726,603568,28,0.21095484826054767,0.4662268137654887,0.5210140736456528
2015-12,726,600628,36,0.21561969439728368,0.4030058607709012,0.495086803585612
2015-12,726,000410,46,0.2728977805564238,0.6319753861884975,0.44771705701443076
2015-12,726,002037,107,0.460974332111053,0.517785794284735,0.28661170003926195
2015-12,726,000837,45,0.26448497854077246,0.5387378849009234,0.2852892516023192
2015-12,726,601968,49,0.288547664747281,0.44700171639882763,0.4221455198122326
2015-12,726,600481,124,0.4755989352262644,0.7139729216988301,0.3550431688623061
2015-12,726,000419,43,0.18367346938775508,0.6481398443250274,0.5371161607948076
2015-12,726,300380,20,0.1676012461059191,0.6608380855081033,0.5749613601236471
2015-12,726,603589,63,0.3697389451251998,0.5382316890375011,0.5726009730933821
2015-12,726,600307,89,0.41692789968652033,0.47180846685251565,0.16782278949315557
2015-12,726,600639,35,0.21887550200803219,0.37453533512555054,0.43399838542267316
2015-12,726,600963,74,0.35029940119760483,0.5428517168982755,0.313173444560306
2015-12,726,000425,27,0.18421052631578938,0.4843283309463169,0.31291691934505783
2015-12,726,000667,87,0.38541666666666663,0.4322650279880757,0.22128139994355087
2015-12,726,600648,41,0.23482628714943488,0.4870228210778248,0.40096416584055
2015-12,726,600149,46,0.24732905982905984,0.346555873902467,0.38032527345998846
2015-12,726,601368,45,0.25304259634888426,0.45454699098164486,0.4006108304945379
2015-12,726,600804,50,0.2569517775431186,0.7133227262842253,0.5584257902449234
2015-12,726,000885,32,0.2553045859000683,0.4214590277602316,0.5007275902211873
2015-12,726,603616,42,0.30264244426094133,0.5159752462627414,0.48436963242871867
2015-12,726,600662,32,0.270926517571885,0.36509666368758614,0.5128673782716775
2015-12,726,300267,89,0.42960489705063987,0.6141820345098123,0.49897312537182165
2015-12,726,002475,95,0.4005305039787799,0.6284168122147445,0.5620121422376408
2015-12,726,002765,48,0.3137813211845102,0.5325841711319453,0.48997493734335834
2015-12,726,000523,38,0.21370420624151965,0.3911833738749452,0.4486977450502852
2015-12,726,600521,88,0.253004005340454,0.4004838241338754,0.26295264623955433
2015-12,726,300413,26,0.2531387852052934,0.587042080925468,0.552215336231616
2015-12,726,600676,39,0.1894108873974647,0.35592471374548557,0.427948435328509
2015-12,726,000908,54,0.2905911740216487,0.6448027890724823,0.5064788732394375
2015-12,726,603025,25,0.2272441933458882,0.3244457358995713,0.4589606605148129
2016-01,746,600833,58,0.3955404750363548,0.5687588808248873,0.7386290237343073
2016-01,746,000721,68,0.4704641350210971,0.6099034667712384,0.6796983480967206
2016-01,746,000726,113,0.44972288202692,0.5898582761410177,0.7080075662042878
2016-01,746,000014,63,0.46056475170399214,0.5786510691260538,0.7300792008340207
2016-01,746,002242,66,0.4764150943396226,0.6108429617251258,0.4552044070745143
2016-01,746,002508,86,0.2667766776677668,0.6168132218526173,0.7478876841490663
2016-01,746,603223,45,0.4699352451433857,0.2920790047108564,0.7024431070901918
2016-01,746,000963,88,0.2532942898975109,0.5206339929547015,0.6382081097197377
2016-01,746,600723,66,0.3994515539305301,0.5542289219456917,0.7102610493667618
2016-01,746,300469,13,0.2894025818072651,0.5731259731904301,0.7683551508252704
2016-01,746,600098,107,0.4521575984990619,0.40677072087350113,0.5709745762711864
2016-01,746,000617,57,0.4706488156539651,0.4249940386807805,0.6885186526620788
2016-01,746,601933,82,0.37591240875912413,0.552485936176989,0.4546179932176342
2016-01,746,601939,241,0.3912037037037037,0.603550078478232,0.7388393257821897
2016-01,746,601988,230,0.4732142857142857,0.6352266278152483,0.7579456418125597
2016-01,746,601328,140,0.4530938123752495,0.32650006981400154,0.5716421408707659
2016-01,746,000429,96,0.36971046770601335,0.4545761687448124,0.6207861595216891
2016-01,746,002062,67,0.4317862165963432,0.4724888743845488,0.7203879802206163
2016-01,746,600664,107,0.36111111111111116,0.35665651740608323,0.5350817822899042
2016-01,746,603885,96,0.44720496894409945,0.5358061280553295,0.7382102431917511
2016-01,746,603018,107,0.42919389978213507,0.5517888453900801,0.5772462077012834
2016-01,746,300133,120,0.42954324586977644,0.6248897620639928,0.5883407848981617
2016-01,746,601002,64,0.46788263283108644,0.6381530483452729,0.7321940237413018
2016-02,762,300395,27,0.2999006951340616,0.42953302307682095,0.6683912760005888
2016-02,762,002749,20,0.27292340884573885,0.5239287260345542,0.6843091334894618
2016-02,762,603611,23,0.3608860075634792,0.5937500457399195,0.679497455007234
2016-02,762,600695,15,0.24352828379674019,0.5812085046581961,0.6382404013119815
2016-02,762,000510,97,0.35760171306209854,0.5328023616785986,0.5670237666546637
2016-02,762,300470,20,0.2654561175961955,0.40951305046760095,0.6274339771383523
2016-02,762,300438,24,0.2708520179372197,0.5329081213981234,0.6605181489506516
2016-02,762,300300,32,0.40773124712379205,0.5666571273138702,0.6207955929869166
2016-02,762,600061,21,0.30065359477124176,0.570978806066013,0.6716870855344496
2016-02,762,300481,20,0.23087919942816304,0.5139319942175016,0.6618936294564585
2016-02,762,600892,14,0.2657142857142858,0.5633947490096116,0.5475706253311228
2016-02,762,002771,21,0.2859531772575251,0.42435917467135503,0.6143260363418791
2016-02,762,300488,20,0.23007573025604033,0.48869069506453194,0.6418721270371919
2016-02,762,002255,123,0.4523396880415944,0.5963233859252329,0.391288825419493
2016-02,762,002151,80,0.42372442372442376,0.5124687080618289,0.4560210365017361
2016-02,762,603601,21,0.23774954627949174,0.2933738784881896,0.6081032628182147
2016-02,762,600076,125,0.4417229729729729,0.5942125818089796,0.6697644608235863
2016-03,785,000012,17,0.13928012519561817,0.4489943216701845,0.5355708292421674
2016-03,785,600207,47,0.2911585365853657,0.5242894363165735,0.4974929489188345
2016-03,785,002370,88,0.42085561497326196,0.27394071993067926,0.5581275720164608
2016-03,785,002506,65,0.4603682946357086,0.5418774992642824,0.4332029722330858
2016-03,785,002249,119,0.4176776429809359,0.4890904192829513,0.30423759507424825
2016-03,785,000756,112,0.358,0.4419524002757341,0.4144516129032258
2016-03,785,000567,38,0.2570224719101124,0.3928875672359953,0.5311355311355316
2016-03,785,000989,147,0.43426294820717126,0.33400214813982054,0.2760913558832031
2016-03,785,600893,118,0.448327415436367,0.4670468069818091,0.32399975038540024
2016-03,785,000100,21,0.07508532423208203,0.5807772627267448,0.5531237564663751
2016-03,785,000622,36,0.2747336377473365,0.4600245269611753,0.4201692524682653
2016-03,785,002157,147,0.4423337856173677,0.5031247839614288,0.5582291885458237
2016-03,785,600461,107,0.352,0.45761846129373185,0.5535535535535535
2016-03,785,600123,17,0.15673289183222971,0.5395359836109996,0.5594840313932703
2016-03,785,600285,116,0.37786640079760714,0.5713022696212976,0.5708040846063999
2016-03,785,600467,20,0.15591397849462363,0.5503621376341716,0.5102639296187684
2016-03,785,000828,116,0.41247484909456744,0.5470787328618704,0.4566594646061448
2016-03,785,600478,55,0.33333333333333337,0.5076799504582857,0.5438447543966035
2016-03,785,300097,91,0.44573082489146165,0.5905431283386043,0.4797500998873998
2016-03,785,603300,26,0.2568218298555378,0.49450930061169923,0.403631590461606
2016-03,785,002316,55,0.3536804308797128,0.4799490146150808,0.5037792174796748
2016-03,785,002750,35,0.28701716738197436,0.38992206231676857,0.5616928061822107
2016-03,785,300263,47,0.3861671469740634,0.5419174297662437,0.35519618239660694
2016-03,785,000888,26,0.19884009942004977,0.5313591965131972,0.5637929186466112
2016-03,785,002202,26,0.19066147859922167,0.46564007817618447,0.5543923532089212
2016-03,785,002342,106,0.35403726708074534,0.5561590349025677,0.594780567816613
2016-03,785,600816,52,0.4034869240348692,0.5591033357109775,0.4743872549019608
2016-03,785,002350,98,0.41463414634146345,0.5411887098992012,0.5606504369830596
2016-03,785,000709,17,0.13909774436090228,0.5041348293544122,0.471111692730485
2016-03,785,002487,58,0.44840116279069764,0.42697515578022116,0.5935929648241204
2016-03,785,600191,67,0.44462674323215756,0.3462886703208061,0.5785537400913403
2016-03,785,300145,85,0.37841043890865955,0.5398486098928124,0.5703735881841875
2016-03,785,002359,30,0.1766763848396501,0.4448822086147186,0.5699068812863612
2016-04,805,002057,110,0.4382183908045977,0.4581999476984843,0.4905225557411996
2016-04,805,002330,52,0.2734545454545454,0.5724496770077431,0.32388104152484654
2016-04,805,600085,38,0.11822289156626498,0.5076091562687974,0.3295079804775096
2016-04,805,600548,62,0.24610051993067594,0.5798724645894822,0.3948096149755374
2016-04,805,002166,63,0.2469018112488084,0.4751960191016303,0.4947862068965519
2016-04,805,600057,134,0.400974025974026,0.5694316063841298,0.4955348660459811
2016-04,805,000735,18,0.13816689466484267,0.5118727132002144,0.48221566146492373
2016-04,805,200054,35,0.18840579710144922,0.3738461339123257,0.4414110973231698
2016-04,805,000025,46,0.24194419441944193,0.5273626722773517,0.49118788572882865
2016-04,805,600892,57,0.3776315789473683,0.5861250395050499,0.5219712758388374
2016-04,805,002045,65,0.3802416488983653,0.5809550966405528,0.505201660431507
2016-04,805,601098,142,0.4197994987468672,0.5764268667944464,0.5237949435744904
2016-04,805,002224,40,0.23386651958080518,0.555388222809734,0.45916818457802044
2016-04,805,600641,50,0.27695351137487634,0.373581312759945,0.3942446628813313
2016-05,826,300150,72,0.29879518072289146,0.5487720261460349,0.4554166170457706
2016-05,826,002785,28,0.24486692015209133,0.3388880919976017,0.4130901287553649
2016-05,826,000561,44,0.29774872912127814,0.4431854418591446,0.47871299168925774
2016-05,826,000029,22,0.17102803738317762,0.23758943652837528,0.46480607428688697
2016-05,826,000959,37,0.30566801619433204,0.3649818733098205,0.4352331606217617
2016-05,826,002119,38,0.3038067349926794,0.4110464369622077,0.49970022735232483
2016-05,826,000048,56,0.2468326780253387,0.4608984184194502,0.476852280799284
2016-05,826,300329,39,0.2977382276603633,0.3957966795927123,0.37528779739063695
2016-05,826,600729,158,0.342687533729088,0.46884384492241316,0.3140862944162431
2016-05,826,600876,29,0.20460358056265993,0.36194724436810843,0.5089325927037981
2016-05,826,600736,47,0.13372093023255804,0.4633379642777827,0.4130921895006401
2016-05,826,002406,61,0.24694708276797828,0.48866542426963333,0.4903713053762642
2016-05,826,603999,45,0.2711457708458309,0.4620686016288135,0.3311489394703167
2016-05,826,600425,54,0.34082397003745313,0.5156094125195851,0.5067508328949675
2016-05,826,600604,59,0.3011583011583011,0.44328704229173216,0.48844604621581517
2016-05,826,601169,49,0.09198113207547176,0.5121136461769034,0.39700805523590327
2016-05,826,601177,36,0.2519823788546255,0.41347657464549803,0.508273335859543
2016-05,826,600276,143,0.21720025109855612,0.48144665440158496,0.516822598056855
2016-05,826,600622,74,0.3249630723781388,0.513511552585741,0.5079908675799085
2016-05,826,000419,143,0.3622448979591837,0.4183874435518515,0.5082711312844814
2016-05,826,000420,32,0.26794258373205737,0.3213145860454308,0.4983179142136249
2016-05,826,000666,86,0.3249892101855848,0.5123476038942841,0.4936469097774246
2016-05,826,300108,78,0.23741794310722109,0.5408882450405635,0.4592790054560402
2016-05,826,600151,85,0.30710659898477166,0.5514219148717904,0.4555600791790089
2016-05,826,600651,33,0.30834512022630844,0.3418475637451245,0.42227435485862447
2016-05,826,600652,32,0.31756756756756743,0.5110225697701108,0.49095806079261245
2016-05,826,000709,58,0.22426470588235303,0.49134927657098965,0.5051589889148864
2016-05,826,002336,36,0.30466237942122176,0.39193661892784326,0.4090201980598735
2016-05,826,000888,67,0.19884009942004977,0.49710021705609736,0.49642636792812517
2016-05,826,000520,50,0.2777314428690576,0.5454201619035327,0.2794797827593432
2016-05,826,600528,36,0.24879227053140096,0.46955869768884856,0.3447150935189208
2016-06,846,000040,107,0.30913173652694603,0.5233922971153352,0.4110116410522776
2016-06,846,000878,75,0.2271062271062272,0.5238271325773932,0.4487847222222221
2016-06,846,600693,55,0.24287652645861602,0.4697646668724812,0.44286789207782423
2016-06,846,600246,87,0.2344262295081967,0.40971066645733056,0.4841449988446847
2016-06,846,002468,63,0.2847436689314392,0.4898462715908999,0.4622036262203627
2016-06,846,002014,90,0.22333333333333327,0.4868573259156776,0.33441058787319183
2016-06,846,000597,59,0.24891774891774887,0.5047020726210415,0.3454231433506044
2016-06,846,601288,72,0.06557377049180335,0.5165769235977847,0.4857819905213272
2016-06,846,600383,82,0.29679420889348507,0.44266600127376604,0.23293172690763073
2016-06,846,002143,104,0.3258196721311475,0.4550249548463146,0.2962536242942163
2016-06,846,603099,53,0.24515824279641008,0.37407403841673453,0.5031126921610974
2016-06,846,600227,55,0.17147192716236725,0.42554937427726397,0.3476249228871076
2016-06,846,300315,54,0.2412177985948477,0.5390616539117394,0.40326134861172314
2016-06,846,002628,60,0.19898605830164762,0.40152267016323767,0.3536368260427266
2016-07,867,000012,99,0.2275280898876405,0.4145243825378502,0.47799696509863415
2016-07,867,002173,110,0.3014804845222072,0.5455845271355105,0.3216952265135159
2016-07,867,000798,30,0.1877394636015326,0.4837289961433439,0.47892950470068785
2016-07,867,002147,72,0.26402188782489733,0.40838614350931857,0.3765822784810127
2016-07,867,002015,57,0.13119834710743794,0.3467648301320369,0.3201000121966088
2016-07,867,600610,71,0.2703788748564868,0.48664877554714076,0.39401997665066785
2016-07,867,000036,88,0.1689587426326129,0.5407315215473177,0.5003613238907357
2016-07,867,600867,174,0.21310181531175998,0.31339042168868353,0.5086262751066044
2016-08,890,300149,48,0.13379164463246962,0.3494454128110011,0.34432589718719714
2016-08,890,002781,31,0.21470528661130228,0.3448219100696884,0.46656806484056085
2016-08,890,002091,50,0.19842164599774514,0.4043958670655566,0.46063229963753516
2016-08,890,002497,52,0.21006289308176096,0.4613015668078213,0.45881953098447936
2016-08,890,600366,26,0.13096200485044462,0.346789975365258,0.44814148681055155
2016-08,890,300014,17,0.1260426320667284,0.49707326168246135,0.41543630994806996
2016-08,890,603198,26,0.11088400613183458,0.4485775960688269,0.48559114075379134
2016-08,890,002097,54,0.19428007889546361,0.5163622351313069,0.4548976203652464
2016-08,890,002237,17,0.10277569392348085,0.3681172387347697,0.38512265892904274
2016-08,890,002646,26,0.12380038387715919,0.351316275791488,0.47352561343090893
2016-08,890,600699,54,0.20124405415294544,0.4856641215927003,0.3914028463549229
2016-08,890,600058,26,0.16420118343195278,0.40444600898004235,0.4816980078197736
2016-08,890,600563,31,0.1178247734138973,0.5050058762219898,0.46858202038924973
2016-08,890,600227,99,0.17147192716236725,0.41338488485016023,0.38647513292793984
2016-08,890,300315,98,0.2412177985948477,0.5307912448252494,0.376216995873232
2016-08,890,002664,31,0.21406250000000004,0.46336471465597256,0.4407346384958326
2016-08,890,300037,26,0.13349814585908526,0.41098435478606943,0.4085230896199872
2016-08,890,002263,31,0.16666666666666663,0.5401894040000487,0.4783803153368373
2016-08,890,000969,25,0.19947678221059506,0.5249971923689084,0.4300168634064079
2016-08,890,300048,25,0.14540816326530603,0.43971739803105064,0.4568419554543514
2016-08,890,600405,95,0.25510923185341783,0.5345493867135636,0.46766187583345686
2016-08,890,002407,36,0.13434492968171718,0.4013793488665036,0.45223008116360036
2016-08,890,002684,39,0.22043730477465417,0.3400760016778492,0.4223999999999997
2016-08,890,000795,15,0.0715137067938022,0.28678110916020516,0.3711217774258999
2016-08,890,600258,108,0.2373104812129202,0.38717982182145644,0.23927002365664102
2016-08,890,603996,24,0.15000000000000002,0.312778723038294,0.4568197107299023
2016-08,890,600891,21,0.10749185667752437,0.28426709317509596,0.467962562994961
2016-08,890,000606,111,0.25257731958762897,0.324888242297863,0.20568736915561814
2016-08,890,601886,89,0.1898428053204353,0.5112378402067712,0.4801194079356523
2016-08,890,300224,34,0.17900790797987065,0.32411558453092465,0.26917325357829636
2016-08,890,600460,17,0.0859916782246879,0.28831925354354915,0.48430493273542574
2016-08,890,002165,49,0.18110236220472442,0.4896072998228931,0.4413116763714372
2016-08,890,002577,23,0.15991902834008098,0.4038601009126819,0.48121731386707894
2016-08,890,300095,16,0.0893854748603351,0.2658833477763256,0.4646855795942421
2016-08,890,300097,32,0.1374509103891468,0.43070192282546865,0.4597119063695701
2016-08,890,002176,48,0.2168087697929355,0.46907820843219,0.47096854851672587
2016-08,890,002448,52,0.25053840631730084,0.42571574678299867,0.45001630493858435
2016-08,890,002733,28,0.21584699453551914,0.3343964745498302,0.4681488973576316
2016-08,890,000421,39,0.1238636363636364,0.424535584187481,0.45180264692459826
2016-08,890,000707,84,0.250308261405672,0.42291927778540056,0.4041048779816761
2016-08,890,002740,76,0.16129032258064513,0.5147584971731448,0.39312610961571476
2016-08,890,002600,33,0.1910299003322259,0.2333748270372588,0.37346565682945937
2016-08,890,000878,119,0.23757904245709127,0.5107721077175034,0.42914040616246485
2016-08,890,002463,26,0.10315789473684212,0.47342103446798695,0.46303211351755064
2016-08,890,600000,136,0.13781697905181922,0.3478656018177339,0.4152711033444975
2016-08,890,603609,21,0.1138996138996139,0.3598040820321521,0.41420449771753415
2016-08,890,002340,18,0.07426597582037997,0.3516793268463109,0.3624190379157262
2016-08,890,002341,30,0.1911487758945386,0.3754347314619307,0.4793488091649075
2016-08,890,600987,74,0.20783132530120485,0.4275648796420572,0.4829143357821661
2016-08,890,002625,80,0.1720743711265038,0.4014969987597631,0.4812218442585271
2016-08,890,300001,96,0.23226591001216057,0.5376582643529674,0.2452605528576769
2016-09,910,600035,131,0.21266968325791857,0.48165009886621984,0.38280949962214617
2016-09,910,600360,27,0.2356807511737089,0.3448678549665773,0.40775591673795264
2016-09,910,002782,25,0.20359915314043753,0.2857955312643369,0.37554309836762145
2016-09,910,002785,21,0.20039228506047724,0.5052376042480367,0.3998575571043393
2016-09,910,002787,32,0.18642117376294587,0.40026857317934483,0.40585517174524177
2016-09,910,002791,23,0.16951915240423798,0.2900191802954448,0.42486208864371283
2016-09,910,300161,31,0.13511586452762925,0.37174684627952354,0.33517375771354263
2016-09,910,002793,28,0.19728260869565217,0.23130186808071396,0.392610671604107
2016-09,910,002795,20,0.20621118012422368,0.24766833151922926,0.42783665835411516
2016-09,910,000733,48,0.18563432835820892,0.35203162873328364,0.4635877522439362
2016-09,910,002796,16,0.17598475222363408,0.24122879718857082,0.14988644965934825
2016-09,910,600702,49,0.18270868824531517,0.47859731281823664,0.44129514532867103
2016-09,910,600707,42,0.23089983022071303,0.2771413370611905,0.3343334762108867
2016-09,910,603696,31,0.10058231868713619,0.2976040751690941,0.45780324676361217
2016-09,910,002114,25,0.2055105348460292,0.4728186958557694,0.4438305291999729
2016-09,910,603701,29,0.17937438905180847,0.3768433706096368,0.39816572228148706
2016-09,910,300468,33,0.18740955137481907,0.4610059181628525,0.4645514410330967
2016-09,910,002537,64,0.22541277817659733,0.3358717501212933,0.27498705334023893
2016-09,910,300051,51,0.19419989642672186,0.2696933880779307,0.4551970408672617
2016-09,910,002137,27,0.18186968838526907,0.47899579724635993,0.46153846153846106
2016-09,910,600260,32,0.1895850284784376,0.4809667166340621,0.36869340232859094
2016-09,910,000799,44,0.1593567251461988,0.3736365843618626,0.3694139274302974
2016-09,910,002284,76,0.2305751765893037,0.3370534196520322,0.4403331062819975
2016-09,910,603101,36,0.2259414225941423,0.30192853521643975,0.13991302703724687
2016-09,910,603520,54,0.2350472193074501,0.3470956513211356,0.4438743622318721
2016-09,910,002151,34,0.12919218431029456,0.2365733465419408,0.3633906449433135
2016-09,910,603528,28,0.20811099252934895,0.25756254099306164,0.4094622838685159
2016-09,910,300354,16,0.08450704225352113,0.3273084166286364,0.4585023628395244
2016-09,910,300490,46,0.1890492045874953,0.24145429328878262,0.4518162829593889
2016-09,910,002155,40,0.16923076923076918,0.4781901226699304,0.4609289016068677
2016-09,910,603798,29,0.20679651885619554,0.2410403284198103,0.382775119617225
2016-09,910,300498,120,0.1992574257425742,0.503923876274878,0.30713146502620214
2016-09,910,603806,22,0.07692307692307698,0.2859743235899887,0.39464185449586875
2016-09,910,002032,40,0.10668498168498164,0.48128307541729304,0.4164952694364465
2016-09,910,300505,16,0.18956303049355538,0.30092476193190987,0.41312633412811195
2016-09,910,300509,16,0.15954922894424672,0.30936805978229587,0.3053688278888222
2016-09,910,300375,35,0.0954356846473029,0.38828538920601313,0.4621658359764388
2016-09,910,300376,110,0.2295514511873351,0.4552207674666563,0.4522912937012571
2016-09,910,002444,74,0.21221532091097306,0.4123808073393898,0.43654405072953073
2016-09,910,600192,33,0.10286844708209686,0.30567313643137656,0.4411134903640257
2016-09,910,002177,61,0.1969387755102041,0.3309402024515749,0.4310601548540803
2016-09,910,600785,110,0.2161471640265713,0.4686790273793681,0.3435373474853688
2016-09,910,300386,32,0.1854160174509194,0.4362831472777776,0.44174499434193215
2016-09,910,603866,57,0.15700934579439252,0.24505071517216748,0.44622425629290613
2016-09,910,600975,39,0.12417582417582418,0.3210367703730066,0.3822755126872106
2016-09,910,002604,30,0.128,0.431266734270851,0.44524669073405565
2016-09,910,300258,38,0.12148249828414548,0.3457414619748595,0.43486382485896774
2016-09,910,300395,41,0.1811023622047243,0.4300830981848141,0.3570453676912159
2016-09,910,603868,49,0.22940913160250676,0.36099142510229565,0.368970036126656
2016-09,910,600980,34,0.12678062678062674,0.22964273371911123,0.41725646123260424
2016-09,910,600006,20,0.1648484848484849,0.4451625892109203,0.39930404523705937
2016-09,910,002076,21,0.12225274725274737,0.3403849138843801,0.2155688622754488
2016-09,910,002077,33,0.13768461171986646,0.41384594446630996,0.41773488161664873
2016-09,910,603026,21,0.14479430016088246,0.3111100972712298,0.44698375951948965
2016-09,910,002772,71,0.2095150960658737,0.5014149385046601,0.28248661355622307
2016-09,910,603027,27,0.17256637168141575,0.3195955775021512,0.43447293447293384
2016-09,910,600531,16,0.1441543700340523,0.3247812146404725,0.45940992136226627
2016-09,910,002224,37,0.19286790557508793,0.46678572964107634,0.429936305732484
2016-09,910,002778,23,0.217939393939394,0.47866847651823213,0.4611890758749199
2016-10,926,000541,59,0.14663461538461542,0.4646026854496671,0.4599014778325129
2016-10,926,603198,62,0.1573837506387329,0.4222311784693453,0.4632196031298294
2016-10,926,600367,35,0.14731585518102364,0.430275474726857,0.4335679363885455
2016-10,926,002237,53,0.21830457614403598,0.29248850235874896,0.46506909076152014
2016-10,926,300439,48,0.1481154299175501,0.3342563758551753,0.46256305815981374
2016-10,926,600711,31,0.16479400749063666,0.349336308072037,0.44152122948684613
2016-10,926,000758,44,0.2224469160768453,0.4439027290104719,0.4605415413098815
2016-10,926,300036,52,0.18958428506167213,0.31245220515429467,0.4594628253559717
2016-10,926,000766,27,0.09264565425023885,0.40045574926708216,0.3385530574752854
2016-10,926,600870,42,0.17652173913043467,0.4857625532279496,0.2576284279644645
2016-10,926,603726,47,0.16306306306306306,0.40723882666580435,0.4456561864817622
2016-10,926,603993,58,0.13091922005571022,0.22596597860399376,0.2929427430093205
2016-10,926,002684,75,0.22043730477465417,0.2988079825942451,0.44885853658536584
2016-10,926,002410,24,0.08363970588235292,0.36056625085936134,0.33986928104575365
2016-10,926,600100,59,0.1847290640394088,0.47773764399861,0.426438188494492
2016-10,926,002553,54,0.1276429130775254,0.41210785711809944,0.45612155154112904
2016-10,926,000402,16,0.10091743119266061,0.47753937762264576,0.45990706541165205
2016-10,926,600468,57,0.1218795888399411,0.4220009789183692,0.4477124183006533
2016-10,926,600639,60,0.22038567493112937,0.3572118558137158,0.4222259191482283
2016-10,926,002056,55,0.12985074626865678,0.33678235715038635,0.44536988836832636
2016-10,926,600688,123,0.2153284671532848,0.501629935407274,0.40446841294298913
2016-10,926,603011,22,0.08734939759036142,0.3432484467537505,0.40093551620447565
2016-10,926,603618,21,0.11789772727272729,0.2661680410310572,0.3636585365853658
2016-10,926,600332,59,0.14078947368421058,0.475709580233576,0.4367942786101531
2016-10,926,603339,39,0.1654191616766466,0.2543915459355692,0.29511696166503604
2016-10,926,002222,35,0.1406143344709898,0.3201080563979455,0.4607360185453494
2016-10,926,603188,54,0.15105740181268879,0.5026445844336742,0.4326740606418424
2016-10,926,000536,50,0.12108108108108095,0.42737160176950933,0.46524390243902425
2016-11,948,300149,106,0.13698630136986312,0.31339854620671964,0.3981653487645699
2016-11,948,300007,53,0.13693620479479895,0.46281610037312726,0.4638861370390905
2016-11,948,300008,68,0.20450751252086818,0.5508170441657226,0.38829475534720237
2016-11,948,600199,83,0.1956331877729256,0.5544071290734652,0.3594110854503465
2016-11,948,002367,132,0.15345528455284552,0.45322585716301983,0.44797464440321555
2016-11,948,600845,46,0.15243902439024393,0.3892406162476622,0.4488232074438969
2016-11,948,603686,100,0.16336006753904608,0.46311194963377583,0.48094867807153935
2016-11,948,002108,76,0.2018348623853211,0.33600948187348645,0.47654199475065623
2016-11,948,600713,130,0.18518518518518512,0.5149577339826705,0.4090944362535886
2016-11,948,300041,63,0.10067114093959739,0.3755890446142316,0.47222309063056844
2016-11,948,000965,43,0.09265175718849838,0.4933417838659484,0.434164375770215
2016-11,948,600241,57,0.1311025781678552,0.30538061595154936,0.44333434390761545
2016-11,948,600879,61,0.1349480968858131,0.46922658452768334,0.4793140990745785
2016-11,948,000796,47,0.17910447761194037,0.5104755947510027,0.4124559341950647
2016-11,948,002007,55,0.10276442307692313,0.46503976085074855,0.4818138875767595
2016-11,948,002414,59,0.09181141439205953,0.42304825140757196,0.47242935635792815
2016-11,948,300484,85,0.20250440226961464,0.3805390859163119,0.45636578055132426
2016-11,948,300066,51,0.1639135959339263,0.321967738407788,0.480692890653194
2016-11,948,300067,78,0.14003294892915985,0.5478835886834184,0.4500871839581515
2016-11,948,600436,56,0.10017271157167529,0.4422513043968398,0.48033538612119303
2016-11,948,600435,48,0.09143968871595332,0.35691412224191876,0.452183665995239
2016-11,948,000620,58,0.13980789754535738,0.46311623678594815,0.42275784405897093
2016-11,948,600776,49,0.11518858307849145,0.49494795158507665,0.47236052597982836
2016-11,948,300101,74,0.15797665369649805,0.3179686072977153,0.38284162276162115
2016-11,948,300246,44,0.14119019836639446,0.5203885310373917,0.4814541881601555
2016-11,948,300521,25,0.16568819308545346,0.47956876802846693,0.44166769763701796
2016-11,948,002454,80,0.17420212765957444,0.5308263926578526,0.23610427939006426
2016-11,948,300397,73,0.15120643431635383,0.4484484676149742,0.4511638469966084
2016-11,948,002060,52,0.10144927536231885,0.4504857364630608,0.4767857142857141
2016-11,948,000886,95,0.18387096774193556,0.4393140040659596,0.47619047619047666
2016-11,948,002067,86,0.16365979381443296,0.3125683534797065,0.4514517413655781
2016-11,948,002341,88,0.2001862197392924,0.30835250647278056,0.4869343654876637
2016-11,948,002076,59,0.15796703296703296,0.40110599688253123,0.37639007698887966
2016-11,948,002077,71,0.15292996665078595,0.4790809533648027,0.4823125148113836
2016-11,948,600522,48,0.10630291627469435,0.3959085110474405,0.46978799742121163
2016-11,948,600530,67,0.16908713692946065,0.5080145809064626,0.44796012980992134
2016-11,948,600831,82,0.14949109414758277,0.42914029010196203,0.46259280411193604
2016-12,970,600035,191,0.21266968325791857,0.42273130808764314,0.3624425476034144
2016-12,970,601012,79,0.17551963048498853,0.4104273037543242,0.4788344964596812
2016-12,970,603919,83,0.21646815121698593,0.35520040709213374,0.40538595950251816
2016-12,970,002497,132,0.21006289308176096,0.33723818797975336,0.36179731569733503
2016-12,970,002369,84,0.19031993437243644,0.3504291078320552,0.5059188662143975
2016-12,970,002097,134,0.21400394477317564,0.45570739807489735,0.47400570109949786
2016-12,970,002237,97,0.22130532633158284,0.339272724776151,0.5207641433579213
2016-12,970,300161,91,0.15529247910863497,0.4291829040702122,0.5226017892468039
2016-12,970,600216,171,0.20254169976171565,0.49038347330954046,0.5035260930888574
2016-12,970,600851,164,0.17829457364341084,0.5212523021729996,0.483010140544387
2016-12,970,600560,158,0.20210896309314597,0.5065637799110874,0.5179852753346278
2016-12,970,002518,138,0.2107061503416856,0.5327267750397682,0.36828192061433934
2016-12,970,300316,81,0.2058823529411764,0.32247864519389885,0.5021692779327684
2016-12,970,002403,112,0.13892445582586432,0.4065227403801307,0.5093384415406719
2016-12,970,000592,67,0.19662243667068746,0.41859627979535047,0.24224343675417642
2016-12,970,600736,191,0.21578947368421053,0.409727831275301,0.3499552733587077
2016-12,970,603993,102,0.18537859007832902,0.3490429261494749,0.5237098834207454
2016-12,970,000100,206,0.1808873720136519,0.46139991979878003,0.4955795082959913
2016-12,970,600755,85,0.1968253968253969,0.495415949367092,0.5259990796785957
2016-12,970,000813,48,0.19407008086253374,0.44992012147248883,0.38138245197068693
2016-12,970,600458,77,0.20025756600128786,0.3952420374005629,0.5096853361381364
2016-12,970,603806,82,0.17936117936117946,0.42568228007256814,0.5048066621909238
2016-12,970,300389,109,0.19752498810090446,0.44569752436675597,0.49453170874926594
2016-12,970,603866,117,0.22241379310344833,0.26158096861168023,0.4711402207022751
2016-12,970,600512,46,0.13584905660377355,0.33721844931802364,0.48657489437099544
2016-12,970,600987,154,0.20783132530120485,0.3989478771394732,0.37131197979078273
2016-12,970,600516,53,0.21052631578947367,0.3700637117000454,0.5091723241369343
2016-12,970,200413,53,0.15373352855051237,0.29437267495286923,0.3435267857142856
2016-12,970,200613,186,0.20954907161803715,0.35472468259486745,0.4839320940266451
2017-01,988,600199,123,0.2427947598253275,0.4619354191227969,0.3549315123038943
2017-01,988,300011,159,0.24329813160032498,0.5047994893608575,0.5006563667575481
2017-01,988,600702,127,0.18270868824531517,0.4759322884089694,0.529469228264409
2017-01,988,002374,42,0.233256351039261,0.21691476290274767,0.5134339344865664
2017-01,988,000021,91,0.21042471042471045,0.32497337684542393,0.5403968816442237
2017-01,988,002108,116,0.25688073394495414,0.2783135619947562,0.4455497750281214
2017-01,988,600070,154,0.24159797083069112,0.4614713570793032,0.490630581253603
2017-01,988,601099,36,0.1681260945709282,0.32778114175326806,0.5349912061843013
2017-01,988,300322,129,0.20808383233532934,0.41318886149561723,0.5354963843792627
2017-01,988,000046,216,0.25732031943212075,0.4950967324981106,0.38190776486656663
2017-01,988,002684,137,0.23444347063978976,0.30168627006147886,0.5463611650485437
2017-01,988,601169,211,0.2406311637080868,0.4465230438082729,0.43989417863879593
2017-01,988,603520,132,0.23871983210912906,0.3462844158370297,0.5258306198855202
2017-01,988,002151,112,0.23019086176980907,0.3600613840346242,0.5113867943753816
2017-01,988,601216,40,0.182108626198083,0.22902118273297875,0.3421052631578956
2017-01,988,002166,246,0.2469018112488084,0.3722124062198819,0.3628160919540229
2017-01,988,002170,68,0.18878101402373249,0.43342349144060277,0.5481173994387276
2017-01,988,600477,31,0.1945701357466063,0.42220031876245034,0.5475409836065573
2017-01,988,002447,41,0.16212338593974174,0.4543020515105747,0.35003017501508626
2017-01,988,002056,117,0.23283582089552246,0.2832722354215559,0.43350266563750905
2017-01,988,603868,127,0.2504476275738585,0.29883694399978283,0.41724252787118005
2017-01,988,000888,229,0.22640000000000005,0.42383215638935173,0.36398890955445523
2017-01,988,002476,40,0.22416812609457093,0.2563844141001307,0.36041539401343786
2017-01,988,600993,117,0.15122199592668017,0.3044110954365818,0.5218387694854023
2017-01,988,603188,116,0.19939577039274925,0.5022322847208575,0.4741256347349804
2017-01,988,600532,187,0.23402007395668245,0.43187363508340865,0.46148467455030207
2017-02,1006,000004,36,0.22857773851590113,0.4853311060767388,0.35717733371947125
2017-02,1006,600843,19,0.11032990805840992,0.45275620974234937,0.4806858775899021
2017-02,1006,000731,37,0.2301166489925769,0.39339864627481563,0.5194335331817244
2017-02,1006,002505,167,0.25171624713958807,0.185219803806848,0.14219114219114215
2017-02,1006,000736,22,0.09136420525657074,0.4429631203678363,0.5032331685051348
2017-02,1006,600560,194,0.20813953488372094,0.4844975349155373,0.522715932444204
2017-02,1006,000757,37,0.20259740259740255,0.18960143010679872,0.21627188465499303
2017-02,1006,002811,45,0.23695345557122705,0.36573499545123034,0.33602500651211265
2017-02,1006,002264,25,0.10849909584086803,0.37374083061326585,0.5007874015748026
2017-02,1006,002141,31,0.19796954314720805,0.25059073098466317,0.5162342787980843
2017-02,1006,601877,94,0.21324296141814392,0.3694564667087469,0.4865651589789519
2017-02,1006,002147,22,0.08968253968253959,0.43170075519356954,0.5060456784594716
2017-02,1006,000813,84,0.23989218328840967,0.40425752793377256,0.4976351752822341
2017-02,1006,600288,20,0.08178694158075606,0.34876331628359125,0.42043698962701376
2017-02,1006,300513,105,0.2104951082122739,0.4819106165808049,0.5150831110199062
2017-02,1006,600137,19,0.14938637325433757,0.4596344255015236,0.39822280730623577
2017-02,1006,002319,55,0.18181818181818188,0.1425440851926429,0.3749089584850693
2017-02,1006,000678,20,0.12923289564616458,0.3676157686463177,0.4966749792186201
2017-02,1006,300259,115,0.23880597014925387,0.28117844638375394,0.5207328833172612
2017-02,1006,601390,32,0.10743801652892548,0.4618755000698418,0.46185879235282945
2017-02,1006,300262,91,0.2525410476935105,0.42738468968173543,0.5163278862760725
2017-02,1006,601500,23,0.11140065146579803,0.29266391158519184,0.3186075669297145
2017-02,1006,300132,51,0.1764176417641763,0.21990022677888063,0.5161628059154564
2017-02,1006,603025,36,0.213859910581222,0.4229233275864825,0.35392007500292877
2017-02,1006,002216,20,0.0734177215189874,0.46493957674390046,0.5223619846261356
2017-02,1006,600828,21,0.07981220657276988,0.3295212396069116,0.5273368606701943
2017-02,1006,000532,41,0.25170399221032136,0.4238594490498968,0.5166394604835154
2017-02,1006,300285,138,0.18912881608339538,0.32301258763899104,0.4117386489479519
2017-03,1029,002499,74,0.17118644067796618,0.2903500943831063,0.44439304737874924
2017-03,1029,601028,108,0.19690455717970767,0.3949170448477541,0.5066508514784377
2017-03,1029,000553,52,0.19252691576947434,0.3384845390682532,0.5115818649772322
2017-03,1029,002251,51,0.22527472527472525,0.40678848647274274,0.5261083743842361
2017-03,1029,000759,17,0.1417830290010741,0.37642615178316374,0.48041044776119407
2017-03,1029,002665,120,0.19735503560529,0.4125383769317006,0.4937481826112229
2017-03,1029,600865,31,0.2039573820395738,0.3629975989692391,0.3990593077092667
2017-03,1029,603421,53,0.22059376174370537,0.38353856650255114,0.49148967479276023
2017-03,1029,603988,33,0.11809609339919169,0.2968442549379188,0.47666058479048534
2017-03,1029,600877,17,0.13920163766632543,0.3521409817076308,0.4967748146721865
2017-03,1029,002269,28,0.18281535648994518,0.449647682724255,0.4764224473889321
2017-03,1029,000785,119,0.21549815498154978,0.28553950147774193,0.5229628861704332
2017-03,1029,600736,250,0.21578947368421053,0.3943037823381289,0.3472856099227827
2017-03,1029,600740,68,0.1625835189309578,0.3095322272302702,0.36709601873536324
2017-03,1029,002278,56,0.10275983558426316,0.33837716782051985,0.5015049780041675
2017-03,1029,600598,31,0.09825327510917037,0.4193532669301469,0.4410603496897909
2017-03,1029,002554,27,0.1284185493460167,0.36052833573844806,0.43939393939393967
2017-03,1029,002695,50,0.21855828220858897,0.28492921325833814,0.40831552887713135
2017-03,1029,002556,33,0.17674418604651154,0.4325711979181664,0.5111842434974361
2017-03,1029,002697,20,0.10863095238095233,0.2371090094740417,0.37227666925192143
2017-03,1029,600280,38,0.11622554660529338,0.3312835579776129,0.48466158838285056
2017-03,1029,601989,24,0.08397932816537468,0.43082650191692506,0.522438044206296
2017-03,1029,603313,52,0.21863468634686345,0.3898705641071121,0.46341246311118983
2017-03,1029,600497,34,0.22994652406417115,0.39394684626577536,0.43041144901610034
2017-03,1029,600976,74,0.12880794701986753,0.421848326695189,0.5299933642999332
2017-03,1029,600321,50,0.16024653312788906,0.3015671399140489,0.31818181818181784
2017-03,1029,000510,40,0.18985270049099834,0.35177499711778126,0.5310445580715851
2017-03,1029,000688,48,0.22027649769585245,0.4691679117096738,0.5306743909685084
2017-03,1029,600512,105,0.16117216117216115,0.32762610140107346,0.5216048692071872
2017-03,1029,000518,60,0.2190378710337768,0.2913872074437567,0.42104247104247094
2017-03,1029,600517,98,0.20447906523855885,0.45975962013980376,0.5365063718932618
2017-03,1029,300411,42,0.18430439952437583,0.3524862946829836,0.5244444444444456
2017-03,1029,200413,112,0.23133235724743784,0.28207178641915553,0.49326923076923046
2017-03,1029,600822,19,0.11777076761303884,0.40252921338265896,0.5226874611516076
2017-03,1029,002481,21,0.10232558139534886,0.2518489373909649,0.46786699960573014
2017-03,1029,002628,44,0.10580204778156987,0.3515110274380929,0.49736637596062566
2017-03,1029,601003,27,0.156498673740053,0.37405468887202437,0.4902667627974047
2017-03,1029,600355,71,0.1568627450980392,0.42550638200476576,0.5304779496652042
2017-04,1047,600035,53,0.11682242990654212,0.47325500826792277,0.388505747126438
2017-04,1047,000541,180,0.24278846153846156,0.4471212611576355,0.5056000000000002
2017-04,1047,603198,183,0.2641798671435871,0.32716465657866445,0.4019536903039077
2017-04,1047,600837,226,0.204225352112676,0.3178676858924001,0.5465176212872885
2017-04,1047,002237,174,0.2550637659414854,0.29174217377243905,0.46719203376417845
2017-04,1047,600705,152,0.18711656441717783,0.41860439516437464,0.5431877566256068
2017-04,1047,002515,99,0.2777777777777778,0.236762639402822,0.5625462620281273
2017-04,1047,603393,87,0.2654168722249629,0.36134868296643563,0.4611221799768573
2017-04,1047,601099,95,0.2644483362521891,0.4174003058524776,0.5485405376757251
2017-04,1047,002815,70,0.2626008064516129,0.4026157608151584,0.5009789525208027
2017-04,1047,300185,126,0.22429906542056066,0.46764863076568297,0.3508571428571428
2017-04,1047,601799,189,0.2766643630499884,0.44917036339958677,0.3365571627937885
2017-04,1047,002266,123,0.2823343848580442,0.2718963724444313,0.4330484330484329
2017-04,1047,300193,173,0.2779740871613663,0.4240295172886169,0.5670980195896188
2017-04,1047,300054,164,0.2571032571032571,0.4836422658645197,0.5524642289348171
2017-04,1047,600094,202,0.2773109243697479,0.3458527719153736,0.31917692696913486
2017-04,1047,002414,158,0.28287841191067,0.40853839626528354,0.5549961018711024
2017-04,1047,600105,142,0.284077892325315,0.37260096144719324,0.4747763182943078
2017-04,1047,000099,227,0.2616487455197132,0.4786887189914024,0.46920170702234726
2017-04,1047,002015,237,0.26859504132231404,0.2850089049977847,0.3242265316908565
2017-04,1047,002419,35,0.2166105499438833,0.3361034048438303,0.5304314329738055
2017-04,1047,002561,33,0.24343015214384522,0.24550005774310513,0.4638773624223097
2017-04,1047,000620,157,0.28175026680896464,0.3395633824964828,0.5131991415395972
2017-04,1047,600460,174,0.24410540915395285,0.20585077915027053,0.3701192168872361
2017-04,1047,600129,155,0.2657004830917874,0.3665746575137641,0.511144348335408
2017-04,1047,000409,81,0.25684678016284235,0.4121751132344138,0.570071623203669
2017-04,1047,300373,177,0.27695852534562215,0.31022020948827483,0.5414415811376578
2017-04,1047,603868,186,0.2504476275738585,0.2888875727070579,0.41510235885811436
2017-04,1047,002059,38,0.21696574225122356,0.3776369379969007,0.22029897718331828
2017-04,1047,600516,130,0.26526315789473676,0.2914704141171659,0.4541771331334571
2017-04,1047,600992,49,0.18222222222222217,0.4156213756533319,0.552619485294118
2017-04,1047,000906,28,0.21568627450980393,0.3179027946213723,0.5684479454971257
2017-04,1047,600998,130,0.20839160839160842,0.48185425839962254,0.39267015706806135
2017-04,1047,000708,44,0.2160804020100503,0.4790736760150887,0.5637282425603592
2017-04,1047,603658,89,0.2827623708537249,0.3026373617007015,0.457726646107503
2017-04,1047,300284,123,0.27938808373590984,0.42221554278052276,0.484279043441347
2017-04,1047,600195,138,0.17905405405405417,0.48515560563737153,0.5360506378565413
2017-05,1067,300427,31,0.3237294917967187,0.24925903662197377,0.3987624613269173
2017-05,1067,002097,231,0.3195266272189349,0.43941314713389235,0.5194740759116848
2017-05,1067,600699,231,0.31869740212221,0.33171041214030034,0.3899533054804619
2017-05,1067,002793,95,0.29807692307692313,0.3343402554670565,0.560761170661207
2017-05,1067,002240,212,0.30645161290322576,0.34398969197444557,0.5485451381087635
2017-05,1067,000021,170,0.31949806949806947,0.2790434799318058,0.49525122549019607
2017-05,1067,300579,33,0.2600459242250287,0.3202341003522263,0.5834434169969175
2017-05,1067,600711,172,0.31418092909535444,0.43468595910718866,0.5569729559995295
2017-05,1067,600389,113,0.3028764805414551,0.2981427107933309,0.5800024379162466
2017-05,1067,300035,143,0.2833957553058676,0.23364002491028008,0.5096525096525093
2017-05,1067,300457,235,0.30636108512628624,0.41236848757694217,0.32484463151575516
2017-05,1067,600868,105,0.3036565977742448,0.26875851064579115,0.4837674594186484
2017-05,1067,002001,198,0.285336856010568,0.4596895142492364,0.5199904574555041
2017-05,1067,002405,183,0.31555834378920955,0.3607907441721677,0.5605026272719443
2017-05,1067,600599,80,0.3181112146629388,0.29670366857129143,0.4265060240963854
2017-05,1067,603515,120,0.2846357115892789,0.24534124190594578,0.41736740723880844
2017-05,1067,002151,191,0.2662905500705218,0.4488715109190697,0.5672848311935328
2017-05,1067,603788,187,0.32319866722199087,0.4091022224677471,0.4574203770052033
2017-05,1067,002156,193,0.3088235294117646,0.2455668620123847,0.4333285669467452
2017-05,1067,000623,95,0.16127401415571285,0.3709917648593751,0.5720270398933636
2017-05,1067,002429,102,0.27518427518427524,0.4088325643845838,0.5955533794761093
2017-05,1067,300362,123,0.3184100418410042,0.3243448944163646,0.5822593275124083
2017-05,1067,600120,160,0.31842105263157894,0.42850441178101395,0.39327720876515804
2017-05,1067,000825,33,0.2279411764705883,0.3052331959756889,0.5564769996276615
2017-05,1067,603298,18,0.20664206642066418,0.35537422397993856,0.5958132045088553
2017-05,1067,002038,207,0.3229723166585722,0.43989203755555045,0.5577069988834693
2017-05,1067,300099,23,0.2765237020316026,0.27580479429566784,0.5327638529841517
2017-05,1067,600639,201,0.31955922865013775,0.23019256710902705,0.31708037751684115
2017-05,1067,002319,116,0.322943722943723,0.1246485500791029,0.45008276501357347
2017-05,1067,002182,177,0.2997275204359673,0.38024902359428125,0.5594405594405595
2017-05,1067,002048,202,0.22234392113910195,0.35186650990295515,0.5368130702312752
2017-05,1067,603866,214,0.3275862068965517,0.19870320912878625,0.4540992154932079
2017-05,1067,002068,61,0.3089064261555805,0.2968978122848662,0.5958345613518031
2017-05,1067,300411,80,0.2540626238604835,0.26760187111154116,0.567046374105198
2017-05,1067,200771,142,0.3173076923076924,0.4000376564621159,0.5863164879684278
2017-06,1089,603358,42,0.1871412169919633,0.31084612397685046,0.4086528809476012
2017-06,1089,603360,31,0.25,0.2892888222459039,0.5405405405405408
2017-06,1089,000719,76,0.26096737907761536,0.3038575820091372,0.49160993054122826
2017-06,1089,603038,47,0.23970783532536533,0.26723412030914295,0.3339517625231907
2017-06,1089,603039,40,0.1758448060075094,0.2551274501958457,0.39039589442815265
2017-06,1089,603668,39,0.31139549055453986,0.3099123742916825,0.3845606039025774
2017-06,1089,000925,133,0.24559471365638774,0.36765667854355444,0.5189712835889749
2017-06,1089,603929,47,0.263745704467354,0.2409908689368616,0.4459027427225305
2017-06,1089,300578,31,0.2906749902458057,0.2550920499555893,0.31934976402726806
2017-06,1089,000553,112,0.310956301456618,0.2667165105123133,0.4933110840851883
2017-06,1089,300580,48,0.2231182795698925,0.24160130031867583,0.40126861555433
2017-06,1089,603058,46,0.2248653500897667,0.198297120560634,0.5180790628592523
2017-06,1089,300584,43,0.20237184391736796,0.2540192510129926,0.4365526685982064
2017-06,1089,002110,73,0.14542483660130712,0.3106795135300513,0.5431699493677596
2017-06,1089,300586,50,0.2513761467889908,0.21570828182894228,0.45298335813827634
2017-06,1089,603218,60,0.32931034482758614,0.3603922466604977,0.3975399543683976
2017-06,1089,300589,38,0.2632135306553912,0.3480770331281252,0.5070603337612327
2017-06,1089,300591,38,0.31343283582089554,0.3159119803864088,0.4581740976645435
2017-06,1089,300592,34,0.23210290827740487,0.25318356494729266,0.5343555123290806
2017-06,1089,300593,40,0.22841225626740946,0.3209649920197782,0.4818394844756886
2017-06,1089,300320,101,0.20340681362725455,0.3746378243749992,0.5547498187092095
2017-06,1089,300596,39,0.21996685998343013,0.2853864465647333,0.49480519480519486
2017-06,1089,300597,37,0.21219887237314206,0.23440788103492533,0.3099304237824165
2017-06,1089,300598,34,0.18440523619806493,0.2977147449009003,0.4849733542009232
2017-06,1089,300599,38,0.2875,0.2852455804217282,0.36690720601687143
2017-06,1089,300600,28,0.2538093164997822,0.3870690916093477,0.39780973743237846
2017-06,1089,603228,54,0.15317387304507812,0.24723986889226762,0.44836539266869607
2017-06,1089,300602,34,0.19501335707925216,0.4072798934420796,0.3649635036496346
2017-06,1089,300603,25,0.18796433878157515,0.24927565739138408,0.3363957597173143
2017-06,1089,000782,72,0.23831775700934577,0.21948046863572865,0.33775720164609174
2017-06,1089,601128,30,0.25717703349282295,0.3818386252810473,0.4586883716986732
2017-06,1089,000789,47,0.2949790794979079,0.312450102101408,0.48705460138426054
2017-06,1089,601858,45,0.2255581216320246,0.2099129307141006,0.28623188405797134
2017-06,1089,603089,35,0.1986301369863014,0.24382193042064546,0.3660396542958815
2017-06,1089,002838,29,0.20741862225586682,0.320802576839959,0.5054858934169281
2017-06,1089,002840,40,0.150709219858156,0.1781344986188738,0.3489409141583047
2017-06,1089,002841,38,0.21495988673902777,0.23569893751329807,0.4252733900364522
2017-06,1089,600266,20,0.05529411764705894,0.3967716584857257,0.4374158815612382
2017-06,1089,002842,38,0.25721616420782556,0.3942990649710922,0.49516574585635365
2017-06,1089,601881,44,0.1688679245283018,0.30251514487964604,0.28791291291291243
2017-06,1089,300349,192,0.3219101123595506,0.35653506207081154,0.5432926829268293
2017-06,1089,000818,141,0.319194823867721,0.28386776925520524,0.38032893619430463
2017-06,1089,002034,41,0.2525328330206378,0.3000506128116533,0.48916611950098415
2017-06,1089,601258,20,0.10927152317880795,0.43279990712644417,0.36686390532544383
2017-06,1089,603579,42,0.17601501994836888,0.21641081796696937,0.5221085648744181
2017-06,1089,600137,102,0.23148539991536177,0.433927569510208,0.5000363551476974
2017-06,1089,601375,33,0.13740458015267187,0.40134821259350245,0.4491119255709052
2017-06,1089,603323,30,0.2664319248826291,0.3584171346113668,0.518037049073773
2017-06,1089,002752,95,0.3177278401997503,0.31770325654999304,0.4954224262430369
2017-06,1089,600331,86,0.314404432132964,0.2825384896532811,0.3919631093544144
2017-06,1089,300132,134,0.32493249324932494,0.2203971259375372,0.5730100203137538
2017-06,1089,300558,90,0.30634482758620696,0.4304197294408035,0.48680842171255423
2017-06,1089,603035,53,0.23136645962732927,0.22269179494424257,0.32170431798684557
2017-07,1110,601008,26,0.17475728155339798,0.26290953039014964,0.34498977024198674
2017-07,1110,002494,18,0.20891550232867595,0.2376649356112384,0.3920478242735994
2017-07,1110,002370,212,0.26521496370742603,0.4376859470049747,0.49644383746297516
2017-07,1110,601669,32,0.09180790960451979,0.4334551457630313,0.5138036809815953
2017-07,1110,300579,76,0.30367393800229625,0.31676675543422467,0.5729971799844478
2017-07,1110,300446,43,0.3102222222222223,0.40189090470399313,0.45679423310911665
2017-07,1110,002658,19,0.25629949604031677,0.3976844194345377,0.5186678717930888
2017-07,1110,300172,28,0.20764331210191078,0.3049469427113127,0.47934742759379156
2017-07,1110,000958,21,0.21176470588235297,0.4121737367672253,0.42009052159775023
2017-07,1110,600717,26,0.11093247588424426,0.2896439836492523,0.34636634084147927
2017-07,1110,603222,140,0.2913616398243045,0.3229003531423362,0.5578122032249144
2017-07,1110,603969,19,0.21609195402298842,0.3048727325108629,0.398569238630557
2017-07,1110,600722,33,0.2267593397046046,0.3681866456544262,0.42089160839160866
2017-07,1110,000965,18,0.19631093544137024,0.3587731509452177,0.5441640378548902
2017-07,1110,000778,20,0.1469465648854963,0.2640062767832936,0.4565432370069229
2017-07,1110,603444,64,0.2252558201885696,0.4153238366132438,0.523765472886657
2017-07,1110,300332,26,0.28230616302186884,0.41410016453685694,0.46691909127142295
2017-07,1110,002682,27,0.2410526315789474,0.34967860805687256,0.4762943571844095
2017-07,1110,300613,44,0.28555738605162007,0.40430907576653285,0.4961774846349874
2017-07,1110,300615,48,0.30922986478542036,0.29891370493406355,0.5005608075628906
2017-07,1110,300616,35,0.16918518518518522,0.25528580587705624,0.3352122512096587
2017-07,1110,000088,17,0.12150668286755772,0.36528274050963644,0.4805105424513551
2017-07,1110,603266,70,0.2995295347621536,0.2685990338500985,0.5397330652817337
2017-07,1110,000600,19,0.20259019426456992,0.2886872864077485,0.4353182751540044
2017-07,1110,002146,20,0.16628175519630484,0.3389165516000317,0.5116873630387144
2017-07,1110,002147,126,0.2133027522935781,0.3609087078280138,0.5418719211822658
2017-07,1110,603098,36,0.2778801843317972,0.4405104266522102,0.43117531082766675
2017-07,1110,300070,20,0.15557939914163088,0.4222527581466862,0.548355380765105
2017-07,1110,000151,29,0.1955307262569833,0.35027170554059844,0.5035338754641469
2017-07,1110,600116,31,0.1717670286278381,0.440053978405295,0.5022840239067876
2017-07,1110,600463,21,0.16211504938988963,0.26511619004024783,0.4651344285324075
2017-07,1110,603817,39,0.30661434977578483,0.2755152822805815,0.36325775104118474
2017-07,1110,600939,41,0.196629213483146,0.33432937302586613,0.310248817784063
2017-07,1110,600480,21,0.19153031761308947,0.424862465972064,0.5589519650655027
2017-07,1110,600135,25,0.13778322106552343,0.3922497486431937,0.4369474174034435
2017-07,1110,300107,18,0.2008928571428571,0.2683122540586752,0.4167979002624672
2017-07,1110,600496,25,0.10352941176470587,0.43893778162402813,0.5626654898499557
2017-07,1110,600970,28,0.15552325581395354,0.33492109383759344,0.4355998692383133
2017-07,1110,600155,21,0.18014464168310318,0.3162705745092958,0.41416477477668623
2017-07,1110,600319,84,0.2177814029363785,0.2910714163897074,0.41091492776885835
2017-07,1110,603615,51,0.23072861668426614,0.40515715324000384,0.46939215454475913
2017-07,1110,300407,20,0.2662473794549266,0.3881584277112655,0.5337401713413917
2017-07,1110,000897,59,0.3017857142857142,0.3605021146494276,0.5424560163775995
2017-07,1110,603900,102,0.2685881370091896,0.4388786350643467,0.3521393677354145
2017-07,1110,600195,201,0.2398648648648649,0.4403693983856371,0.5635413863130334
2017-08,1133,603665,56,0.2568247126436781,0.4396189790460627,0.3113180098923477
2017-08,1133,603040,70,0.16189989785495396,0.2444767060160382,0.490121295485807
2017-08,1133,000722,118,0.25354012137559,0.2872953870831994,0.5440341410080064
2017-08,1133,600208,61,0.1523605150214592,0.4149261417305429,0.46558197747183994
2017-08,1133,603686,53,0.14718211457848163,0.4569436006958614,0.5245230420768358
2017-08,1133,600858,119,0.26889106967615306,0.33819086898932876,0.564968173037337
2017-08,1133,000576,53,0.15313225058004631,0.43590864111169014,0.5393417006905588
2017-08,1133,000042,228,0.21487179487179486,0.4667286429395028,0.38148843026891655
2017-08,1133,603078,34,0.21915820029027577,0.34948108664123045,0.5203426124197005
2017-08,1133,603717,45,0.254298280687725,0.37139262789023064,0.42037091551368844
2017-08,1133,600415,176,0.2137203166226913,0.4563515940767484,0.5575550539864578
2017-08,1133,002832,71,0.18191056910569092,0.1439952705994473,0.5653084232565636
2017-08,1133,002011,35,0.17980513728963676,0.46707810903122515,0.561488213575689
2017-08,1133,603768,49,0.21087636932707343,0.47610474512782286,0.3422974140928463
2017-08,1133,300626,44,0.19454123112659694,0.21088359092315362,0.4857251617814996
2017-08,1133,002850,62,0.2563528847690586,0.4498248813253113,0.3767195767195767
2017-08,1133,002852,59,0.20234722784297854,0.4455945928916436,0.3020515716167888
2017-08,1133,000158,30,0.09394760614272812,0.2984425683233795,0.45883252612796294
2017-08,1133,002855,47,0.20697412823397088,0.44403670481515783,0.489920738937777
2017-08,1133,603538,38,0.2093750000000001,0.358952502172075,0.4362745098039218
2017-08,1133,603556,62,0.18236120871398454,0.2951660728272214,0.5533613357574234
2017-08,1133,601228,37,0.21642764015645377,0.2922009123787262,0.3967994774657084
2017-08,1133,002307,30,0.1673605328892589,0.31098351464934915,0.3264125914775015
2017-08,1133,603811,52,0.21129032258064528,0.4274379880384181,0.32655826558265605
2017-08,1133,603839,77,0.2195750160978751,0.293100915075045,0.30047492678569904
2017-08,1133,002459,58,0.27313266443701234,0.3776512673819067,0.4911548181518514
2017-08,1133,300255,38,0.15986394557823136,0.3648199200778179,0.553203661327231
2017-08,1133,601390,159,0.15748031496062997,0.4375046346249822,0.4502311998053052
2017-08,1133,600657,197,0.23654159869494296,0.43564116469211095,0.53974910100383
2017-08,1133,603903,46,0.2766949152542373,0.46783060465310583,0.5127942318533207
2017-08,1133,002352,70,0.20370370370370372,0.45693213536757793,0.4571869315957914
2017-08,1133,600021,131,0.14194722474977262,0.4551324160469258,0.473736544714164
2017-08,1133,600185,40,0.08972267536704726,0.340802264106903,0.47775866306217735
2017-08,1133,002219,214,0.2636534839924669,0.2959534512516835,0.56575682382134
2017-08,1133,600684,41,0.10773480662983426,0.4636214056371953,0.5389345678159333
2017-08,1133,603908,55,0.24052718286655683,0.45535784856833117,0.35619431117203537
2017-09,1154,600550,62,0.23145665773011614,0.23881749696667218,0.22516375545851544
2017-09,1154,600698,21,0.14918625678119346,0.3502345550700336,0.48964837331580663
2017-09,1154,603385,61,0.22318059299191373,0.45896195263371636,0.4665079200745417
2017-09,1154,002809,27,0.1688370004490345,0.41824100938451886,0.5066556469689566
2017-09,1154,000958,65,0.21586475942782835,0.4597705104360798,0.42050966566500253
2017-09,1154,600722,77,0.2267593397046046,0.46490945538411804,0.45179820179820196
2017-09,1154,300041,34,0.1424116424116424,0.4706348399249387,0.5309355598372938
2017-09,1154,603229,39,0.1842751842751844,0.37659928896222333,0.3264094955489609
2017-09,1154,600874,49,0.17323327079424633,0.4099453932435132,0.3721585194125928
2017-09,1154,002836,50,0.23691722169362517,0.42390698496434687,0.44345995790317716
2017-09,1154,002146,64,0.2013274336283185,0.4148196017045128,0.5365458363769173
2017-09,1154,000605,62,0.2226890756302522,0.3870415508076959,0.2724314956510366
2017-09,1154,300622,70,0.22522522522522526,0.48842416101143465,0.4252324115076686
2017-09,1154,603787,44,0.1955555555555556,0.4822266471902116,0.44718143060161036
2017-09,1154,603797,52,0.1969196919691969,0.4441368051230111,0.3729771384536346
2017-09,1154,000623,182,0.16127401415571285,0.4043808899918658,0.5560638848948724
2017-09,1154,002158,49,0.1896220371556694,0.4345264321977816,0.44590925518080693
2017-09,1154,002860,55,0.1633986928104575,0.4299886582031598,0.5305130862917854
2017-09,1154,300636,60,0.16236559139784956,0.4302657876688148,0.525236593059937
2017-09,1154,600771,77,0.14917695473251036,0.45618449143456935,0.5404635539133358
2017-09,1154,002865,46,0.21550741163055864,0.41081867100129726,0.4246638317434781
2017-09,1154,300374,19,0.18149717514124297,0.4185818597272711,0.5099530306419147
2017-09,1154,601000,64,0.17204301075268813,0.3879745395109313,0.22348484848484879
2017-09,1154,000856,51,0.1781030802073803,0.3687082809727025,0.34288273980412526
2017-09,1154,603833,59,0.14025529265255288,0.2875060338537684,0.26013299556681346
2017-09,1154,601992,63,0.23842195540308742,0.4040268470433719,0.36190476190476234
2017-09,1154,000429,43,0.08793103448275863,0.4214522811825708,0.547467394601153
2017-09,1154,601366,59,0.1470588235294118,0.4032839729523389,0.2959765724471606
2017-09,1154,000507,32,0.14538676607642131,0.30399077358900445,0.41446239633971954
2017-09,1154,600008,62,0.23684210526315796,0.377854671211159,0.35052641746353697
2017-09,1154,002342,63,0.2236084452975048,0.3751607717445541,0.2786561264822132
2017-09,1154,002346,23,0.13588709677419364,0.49044978181455307,0.4908524059259978
2017-09,1154,600528,102,0.16212438853948286,0.3620220884457994,0.5520698413766421
2017-09,1154,603906,57,0.20647002854424357,0.3129671928140993,0.3640330372448185
2017-10,1171,002092,17,0.12133605998636665,0.39516347436817073,0.5194494723540865
2017-10,1171,600546,19,0.18863049095607232,0.2428676490391962,0.5774140752864156
2017-10,1171,002234,22,0.12796208530805675,0.4646681082457957,0.593850825583602
2017-10,1171,600549,14,0.14670380687093776,0.4163792903767688,0.4991856677524434
2017-10,1171,601666,17,0.12584269662921344,0.2484085010281648,0.4791299235743679
2017-10,1171,002225,14,0.20032051282051277,0.29244925321225157,0.5555555555555555
2017-10,1171,600058,24,0.18843404808317088,0.4356909623723713,0.4890006089088048
2017-10,1171,000937,29,0.18696883852691215,0.3314565378917762,0.48284625158831
2017-10,1171,000751,18,0.1789638932496075,0.2810530383704498,0.5288018433179723
2017-10,1171,601699,16,0.12293853073463268,0.42790396826847776,0.5548188987368277
2017-10,1171,603696,52,0.11626637554585151,0.4857339231028446,0.580037838586129
2017-10,1171,600392,14,0.10053262316910783,0.4725705171132855,0.528437756026045
2017-10,1171,000576,91,0.1839016210173282,0.4086138141293178,0.5166421150939216
2017-10,1171,002125,20,0.17852348993288591,0.2595439810061729,0.5548239335814487
2017-10,1171,000969,18,0.1768007483629559,0.4630407305680558,0.5940828402366856
2017-10,1171,000062,88,0.20583190394511142,0.47278977663765576,0.5112285832114871
2017-10,1171,000983,23,0.16267123287671237,0.41107532729044854,0.4815110401702582
2017-10,1171,000795,19,0.17890520694259004,0.2840701672653774,0.586209056178368
2017-10,1171,603768,87,0.21087636932707343,0.46950319148872854,0.38894823583460264
2017-10,1171,600111,16,0.1407828282828283,0.3865980708134465,0.4914063863200139
2017-10,1171,000627,29,0.11595744680851061,0.3162340136168028,0.5491472929778239
2017-10,1171,603556,100,0.18236120871398454,0.2905397358801906,0.5647185810893686
2017-10,1171,600123,17,0.11886792452830186,0.35093747101152317,0.47211413748378694
2017-10,1171,002716,35,0.10499576629974594,0.375402497911583,0.5909586056644882
2017-10,1171,601229,60,0.1376811594202899,0.3460299494310995,0.5401062909405512
2017-10,1171,600291,20,0.13883944464222142,0.369781523125059,0.5573272589217917
2017-10,1171,002167,23,0.21629629629629632,0.4270278193043306,0.5661105631084616
2017-10,1171,000831,18,0.1547698465643763,0.24572835804091453,0.45460503893243875
2017-10,1171,601958,20,0.1460674157303371,0.27214999036638193,0.4870593030364784
2017-10,1171,002440,18,0.07547169811320742,0.35155933286280283,0.562962962962963
2017-10,1171,000655,24,0.2086247086247086,0.30954556232041186,0.4565639744657234
2017-10,1171,000657,22,0.17582417582417575,0.3208104435640875,0.56396484375
2017-10,1171,601991,100,0.1563981042654028,0.4620846408108954,0.44430748543254134
2017-10,1171,600961,28,0.17983651226158037,0.43976893546475243,0.5497709287796747
2017-10,1171,002182,22,0.1784810126582279,0.23351351855607727,0.4977741804937271
2017-10,1171,600792,19,0.1975088967971531,0.30160455810635933,0.5298500597921072
2017-10,1171,600497,25,0.1449704142011834,0.30928379385299437,0.4889589905362776
2017-10,1171,600506,41,0.14630960156760286,0.4040833592765014,0.5881320840790256
2017-10,1171,000683,25,0.13888888888888884,0.35496752265649695,0.4473100947007854
2017-10,1171,600326,16,0.11995104039167681,0.18982650098690712,0.4778972520908
2017-10,1171,600508,36,0.13048933500627358,0.4262101213302188,0.5576523872428769
2017-10,1171,300127,20,0.20473307649972494,0.38320617559567277,0.591658943466172
2017-10,1171,600007,108,0.1747831887925284,0.3725075389637501,0.5901678946732696
2017-10,1171,600997,17,0.21167883211678828,0.37904527738881816,0.5668522805480825
2017-10,1171,600348,28,0.1957671957671957,0.4488447979075499,0.575161180861893
2017-10,1171,600684,79,0.11748633879781423,0.46983127891535953,0.4982966973858789
2017-10,1171,600533,78,0.20503597122302153,0.23338512321039204,0.4197868663594471
2017-11,1193,000731,59,0.22448979591836737,0.4531702404378221,0.5832583258325832
2017-11,1193,600706,89,0.15916760404949393,0.28587322903830326,0.574804969661948
2017-11,1193,603385,100,0.22318059299191373,0.4033345167299768,0.4466300859302203
2017-11,1193,600219,44,0.14236111111111105,0.349429071735845,0.5325203252032519
2017-11,1193,300584,147,0.22953328232593728,0.29956173167314676,0.5122615465354959
2017-11,1193,002386,32,0.2248939179632249,0.44889911705964625,0.5301590044936052
2017-11,1193,002664,84,0.21083774525070076,0.4412713978823925,0.6151782992989939
2017-11,1193,000036,44,0.22116903633491314,0.3061525719757033,0.6157757658439785
2017-11,1193,603229,78,0.25225225225225234,0.3436596421799563,0.57757524374735
2017-11,1193,000782,176,0.23831775700934577,0.21144673583862003,0.5421572549916173
2017-11,1193,000060,51,0.23441734417344162,0.40978141465757906,0.6031746031746031
2017-11,1193,600888,42,0.23965517241379308,0.2657438253188191,0.46662609048488557
2017-11,1193,600103,45,0.23118279569892486,0.3047569721625304,0.5703991130820399
2017-11,1193,601880,115,0.15488215488215495,0.3592714819490998,0.33665008291874077
2017-11,1193,002147,209,0.23777777777777787,0.31582722076305314,0.5034529898413744
2017-11,1193,601886,114,0.21192893401015223,0.4512197903865196,0.5075567963034271
2017-11,1193,300070,103,0.16631355932203384,0.45850350577386617,0.47670122750566074
2017-11,1193,002419,181,0.24671052631578938,0.36007430888139746,0.5615920096852302
2017-11,1193,600755,30,0.1412742382271468,0.29137200830380994,0.5615550755939521
2017-11,1193,300078,30,0.20991253644314878,0.42046694261939305,0.6172094026310112
2017-11,1193,600280,202,0.2425968109339407,0.24332792982541657,0.5675644083866191
2017-11,1193,600125,33,0.23708487084870855,0.3873738044006681,0.5965411558669
2017-11,1193,300641,94,0.24712643678160917,0.42839721666206304,0.41179224738675957
2017-11,1193,600133,45,0.2064264849074975,0.30085093445160327,0.5429403202328963
2017-11,1193,600355,235,0.22156862745098027,0.2699221265278483,0.3822811301011509
2017-11,1193,300255,98,0.24572649572649574,0.3159387350089731,0.5013309671694766
2017-11,1193,600317,116,0.16010498687664043,0.3726740181617443,0.3756323042037333
2017-11,1193,002753,42,0.22189781021897803,0.1938447765237221,0.5914145734505012
2017-11,1193,600010,40,0.09999999999999998,0.2854589542102963,0.6119372990353696
2017-11,1193,002616,111,0.25529953917050685,0.3605681861328535,0.3514990400236306
2017-11,1193,600017,110,0.20990566037735847,0.3704567635240042,0.5900107797341
2017-11,1193,600020,74,0.15367965367965364,0.4763665934861392,0.6097247234370972
2017-11,1193,002216,207,0.23417721518987344,0.3340014569779784,0.44132535664979294
2017-11,1193,600190,115,0.20934959349593496,0.44879665990766743,0.4140774258421319
2017-11,1193,300284,60,0.23274336283185848,0.37946975052179277,0.6090745476934735
2017-12,1214,603039,165,0.27096370463078845,0.20914468748113,0.4896085681499427
2017-12,1214,600366,65,0.26696428571428554,0.3749390109744379,0.6071770334928228
2017-12,1214,600367,59,0.27362482369534546,0.3943689804829672,0.5983892935394093
2017-12,1214,000011,102,0.268735362997658,0.4567673602246761,0.588235294117647
2017-12,1214,603679,67,0.2255859375,0.21015311166299083,0.5389478911980442
2017-12,1214,600212,44,0.22881355932203395,0.43921181259791786,0.572664218686251
2017-12,1214,300021,122,0.26988265971316827,0.4511077569536323,0.4019758133197071
2017-12,1214,600848,31,0.26503126503126506,0.3027592332839776,0.5910351876186305
2017-12,1214,601678,60,0.19932998324958118,0.38096054499343884,0.562258756254467
2017-12,1214,600058,67,0.25536062378167634,0.2838987829978447,0.4748279920766314
2017-12,1214,000025,81,0.2703936109526527,0.3395385054032304,0.2614136641839854
2017-12,1214,000751,61,0.2637362637362637,0.22049141237350495,0.4597426310755586
2017-12,1214,002805,45,0.2024242424242424,0.21231643806869352,0.5869476148668422
2017-12,1214,300035,53,0.2494172494172494,0.24562393474343758,0.5439795750288255
2017-12,1214,300178,62,0.2034525277435265,0.32198034521978713,0.5159879584837276
2017-12,1214,002813,20,0.2437068389396302,0.40489831542546567,0.5928905127409001
2017-12,1214,600577,147,0.24278846153846156,0.19514860840571654,0.1904761904761904
2017-12,1214,603113,67,0.26745164003364164,0.27547360080685224,0.5907896685871097
2017-12,1214,000831,61,0.27018012008005343,0.2221271874161587,0.44972037360790496
2017-12,1214,600291,63,0.2539734025300032,0.3926092078467975,0.562291347697823
2017-12,1214,000655,67,0.2668997668997669,0.29830764032884216,0.5450376052742936
2017-12,1214,002877,32,0.2700381679389313,0.2887407018646135,0.591202582728007
2017-12,1214,300651,15,0.059370160041301134,0.3079929434743265,0.4875729414307322
2017-12,1214,002878,28,0.2407825432656132,0.32211570877814244,0.5710694082787104
2017-12,1214,600307,60,0.23691460055096414,0.4021360350765937,0.5357979692788342
2017-12,1214,002882,52,0.23763736263736268,0.3000656612299499,0.4240974336668116
2017-12,1214,603855,90,0.26912181303116145,0.4450318763698285,0.485219018815538
2017-12,1214,600971,57,0.13396226415094337,0.373645891646787,0.5793163079393505
2017-12,1214,300667,26,0.26295210166177907,0.3545380281535703,0.596736038880349
2017-12,1214,000507,92,0.1947809878844361,0.2509258426936974,0.4700374407299279
2017-12,1214,300669,32,0.2588315217391305,0.35187292819467136,0.5967022570617652
2017-12,1214,601388,54,0.26906779661016944,0.27591510132967656,0.5082417582417582
2017-12,1214,300398,18,0.1288272674754477,0.38958763608490476,0.5326347958960931
2017-12,1214,002761,76,0.22358346094946402,0.30999349566947776,0.5860012172854535
2017-12,1214,300681,29,0.21094856064181222,0.38298404153460475,0.5494094257981523
2017-12,1214,600022,62,0.17521367521367515,0.4360140524457857,0.5164662029742927
2017-12,1214,300685,28,0.22922044398554475,0.2446304980556917,0.5278268551236751
2017-12,1214,000708,62,0.22410865874363317,0.33033546044783924,0.5490650900964612
2017-12,1214,601000,124,0.2616487455197133,0.2772092000562639,0.31031468531468537
2017-12,1214,601001,51,0.19021739130434778,0.2800973187254178,0.5248868778280545
2017-12,1214,002632,57,0.2613496932515338,0.3096281900663267,0.5816080671069069
2018-01,1236,300435,38,0.08994708994708989,0.3731367927855226,0.5773222417094402
2018-01,1236,000552,99,0.23423423423423428,0.41999301735387773,0.6070693355525381
2018-01,1236,002378,76,0.2778390297684675,0.314923381949047,0.5366726296958853
2018-01,1236,603960,150,0.2699263228399196,0.4376372066248156,0.508710291318987
2018-01,1236,002662,42,0.24362606232294615,0.28216980498789246,0.6146960089518836
2018-01,1236,002664,127,0.2637807536592961,0.35770204793820104,0.593486487859392
2018-01,1236,603976,49,0.1918837675350702,0.4054622868268181,0.5837404484529627
2018-01,1236,603229,121,0.27477477477477474,0.3098909602962124,0.5582126025484374
2018-01,1236,000980,42,0.16988416988416988,0.43878064314325976,0.42992219048557095
2018-01,1236,603996,17,0.05041095890410974,0.33861448765283825,0.5093641552184006
2018-01,1236,000795,84,0.2736982643524699,0.21683568333056819,0.45016897985005455
2018-01,1236,000088,143,0.2794653705953828,0.21735015178965428,0.3704392121008134
2018-01,1236,300619,44,0.24637681159420288,0.42712077235420776,0.546641136970416
2018-01,1236,000612,81,0.27135678391959794,0.3196017952900958,0.6006725266945901
2018-01,1236,603535,59,0.26919242273180455,0.3275251629928981,0.47224129734298254
2018-01,1236,000822,74,0.27543186180422263,0.40391775138334507,0.6139924245773827
2018-01,1236,300637,138,0.22455573505654292,0.41591671781724204,0.4775993651602287
2018-01,1236,603127,37,0.19010416666666663,0.374990819291475,0.5872080331805276
2018-01,1236,603129,50,0.22408863473909935,0.3884481655961616,0.594478317852869
2018-01,1236,002881,48,0.2018348623853211,0.3243935149740293,0.575325732899023
2018-01,1236,601326,49,0.21611721611721602,0.45925176123474365,0.5509065550906554
2018-01,1236,300655,48,0.26136363636363635,0.27150009125252683,0.5910381184103811
2018-01,1236,600490,47,0.21953675730110778,0.3828357006112168,0.5048812235600393
2018-01,1236,002451,31,0.08599348534201956,0.4753263103635554,0.6085863289253116
2018-01,1236,002891,48,0.13766048502139794,0.300641025787395,0.4393197944702722
2018-01,1236,002340,76,0.20516129032258068,0.3477290480762916,0.6052057956148227
2018-01,1236,002068,76,0.2390289449112979,0.424882276857398,0.6116592264695954
2018-01,1236,600995,77,0.2679738562091504,0.2845953294359425,0.5746799431009962
2018-02,1251,603200,66,0.3079767564712097,0.36148416081124846,0.5976999211935837
2018-02,1251,300701,42,0.34587813620071683,0.4181385753906972,0.3222480020623874
2018-02,1251,600549,94,0.3147632311977716,0.45729732529324085,0.5673181324647125
2018-02,1251,600210,134,0.33999999999999997,0.3936726840816169,0.5552070263488081
2018-02,1251,300021,159,0.34419817470664926,0.4617806447490311,0.43141186299081036
2018-02,1251,600858,237,0.338567222767419,0.2978407537949814,0.5211495843662132
2018-02,1251,000758,116,0.3250591016548464,0.3642494471658006,0.5625573473111363
2018-02,1251,600071,141,0.3287912087912088,0.3283108683182,0.644092219020173
2018-02,1251,000778,161,0.34306569343065696,0.18869597823285342,0.3581680584551148
2018-02,1251,002135,91,0.3494117647058823,0.2361634723089162,0.6359281437125752
2018-02,1251,002417,48,0.34867975626269465,0.43096690421072026,0.6492118621426664
2018-02,1251,603536,110,0.32384052074857594,0.3611236449274127,0.6500932447636514
2018-02,1251,000828,204,0.3318014705882354,0.4672766541938442,0.6046980152380286
2018-02,1251,601949,63,0.321236559139785,0.46323761882694003,0.641745208090649
2018-02,1251,000657,102,0.3516483516483516,0.22547087738550017,0.6040888247282611
2018-02,1251,603136,36,0.2642526964560863,0.304313305667632,0.26559865092748847
2018-02,1251,600961,108,0.34059945504087197,0.33335986936946255,0.6145710563860802
2018-02,1251,601366,156,0.34789915966386553,0.3473534364758539,0.3844919786096257
2018-02,1251,300532,79,0.3160919540229885,0.36950519296881684,0.6026650514839492
2018-02,1251,002195,111,0.3355263157894737,0.45439467732492983,0.6400028492057839
2018-02,1251,002901,35,0.31714847039012073,0.4363816695621727,0.4131638302234979
2018-02,1251,603882,41,0.33495302883057987,0.3363240925133869,0.500447523057166
2018-02,1251,603896,28,0.2938530734632684,0.38896740516221373,0.6336899175095461
2018-02,1251,000709,134,0.31381733021077274,0.4237061111702753,0.5998573075023325
2018-02,1251,300284,118,0.3530973451327435,0.3095299994970109,0.619747899159664
2018-03,1273,600835,37,0.17998941238750665,0.4000557633776457,0.674301420064132
2018-03,1273,601015,34,0.31063122923588027,0.36661132735031543,0.6093038934771616
2018-03,1273,300570,69,0.28717424629535004,0.5010757175727335,0.5442061630818583
2018-03,1273,600368,232,0.3321678321678322,0.48619348583802474,0.6458183951502507
2018-03,1273,603937,36,0.2426260704091342,0.42037986320936593,0.6846473029045649
2018-03,1273,002652,90,0.3110871905274488,0.29351008068870255,0.6385621200857133
2018-03,1273,600558,100,0.3226788432267884,0.37291476649636013,0.6189027702335687
2018-03,1273,002660,85,0.21818181818181825,0.3262993424558032,0.6354997810066081
2018-03,1273,600228,65,0.18012422360248448,0.507401359105375,0.4908485856905159
2018-03,1273,601766,30,0.0888888888888889,0.3844627847082527,0.5213114754098369
2018-03,1273,002119,67,0.2569444444444444,0.4482386692039075,0.6463636363636363
2018-03,1273,603978,50,0.2837188000915961,0.42132081920183684,0.6811602689607938
2018-03,1273,600246,22,0.1070615034168565,0.4404551158178701,0.5812220566318929
2018-03,1273,603458,42,0.30079537237888654,0.4618193166051626,0.6523296064934547
2018-03,1273,600251,122,0.3190751445086706,0.4561240415286981,0.6638514859373752
2018-03,1273,603757,66,0.23108722612649857,0.4527125428708184,0.6775713737739052
2018-03,1273,600115,23,0.15452261306532655,0.5002224798346164,0.5787624637004243
2018-03,1273,601908,81,0.22597864768683285,0.4882150520815145,0.6556117170642315
2018-03,1273,601222,53,0.27368421052631586,0.4959762948482161,0.683910565541429
2018-03,1273,600295,39,0.2800875273522976,0.3401355053999782,0.6498673740053056
2018-03,1273,002185,67,0.264591439688716,0.4697290093522414,0.6698240866035181
2018-03,1273,600499,79,0.3058013765978368,0.37278442214611773,0.6259068394456396
2018-03,1273,002060,186,0.28099173553719015,0.45252013510961087,0.4347657311439774
2018-03,1273,600000,30,0.11745334796926454,0.4438178805025347,0.6529147982062792
2018-03,1273,600331,122,0.32773109243697485,0.31866452901934694,0.3103837471783297
2018-03,1273,600016,30,0.11344537815126055,0.5223710994324641,0.6452599388379213
2018-03,1273,600333,39,0.3068493150684932,0.3897895958401298,0.65406685124995
2018-03,1273,600522,64,0.28956965718453687,0.4983059577187194,0.6496277893337044
2018-03,1273,600345,37,0.2026831036983321,0.3998207860648264,0.6514999270004037
2018-03,1273,600822,50,0.3259162303664921,0.4004317580457309,0.5802014588398752
2018-03,1273,600823,22,0.14316702819956617,0.45554973708028046,0.5968778696051418
2018-04,1291,603916,52,0.2230392156862745,0.5001821592576468,0.574017550553224
2018-04,1291,601012,38,0.2001870907390083,0.562908543860116,0.6538743774297806
2018-04,1291,000012,61,0.24838709677419357,0.3792797786902235,0.6891205099491778
2018-04,1291,600208,51,0.20000000000000007,0.5537481516114849,0.5874216906679688
2018-04,1291,000731,157,0.24362244897959184,0.44010993114733743,0.6749407335099705
2018-04,1291,600383,43,0.17860746720484355,0.5394897492834014,0.5473036571087494
2018-04,1291,601699,27,0.134453781512605,0.5451715494198967,0.5814475025484198
2018-04,1291,603696,172,0.25600436681222705,0.34312672384429493,0.5299086168167825
2018-04,1291,300315,15,0.16261398176291797,0.5606569655745962,0.6785714285714287
2018-04,1291,600406,73,0.20355951056729704,0.512777160237696,0.6761525327262372
2018-04,1291,601818,43,0.13357400722021662,0.44078665005921625,0.6679035250463822
2018-04,1291,603996,72,0.2295890410958904,0.49958884344437776,0.698439785470502
2018-04,1291,000983,45,0.24497991967871502,0.5211300223981142,0.5847953216374273
2018-04,1291,600256,41,0.11660777385159016,0.4475166285082446,0.5501767327493475
2018-04,1291,603505,21,0.18381112984822934,0.5340302183224657,0.6708595387840672
2018-04,1291,002146,19,0.14449541284403677,0.4844203077713833,0.5545765867606475
2018-04,1291,000100,77,0.23492063492063486,0.5215220611902053,0.624732563115105
2018-04,1291,600606,43,0.12305025996533792,0.5499200815823925,0.539684019201193
2018-04,1291,601899,23,0.13554987212276226,0.5404089595882201,0.583339814886832
2018-04,1291,002429,82,0.22222222222222232,0.4142553232280654,0.6662848415425737
2018-04,1291,002302,41,0.23478795328826063,0.49389755455757356,0.6436573377202918
2018-04,1291,600352,32,0.17771084337349408,0.5236591265458421,0.6988466467321653
2018-04,1291,002594,87,0.25213483146067417,0.45590113204350213,0.6543774914053102
2018-04,1291,000425,32,0.13611111111111118,0.3854707823398593,0.6338284696644676
2018-04,1291,601328,44,0.10643564356435642,0.48849352502373583,0.6163594470046085
2018-04,1291,000671,25,0.1710182767624021,0.48522715243887377,0.642652215492509
2018-04,1291,000672,16,0.19835841313269487,0.4582117902127479,0.5301379811183732
2018-04,1291,300407,18,0.19878997407087295,0.4757507971964409,0.6239293120548198
2018-04,1291,600516,32,0.174061433447099,0.48819130640688563,0.6624764721699379
2018-04,1291,002911,26,0.2258392675483214,0.5457046808608025,0.44449509915659885
2018-04,1291,200418,17,0.10520583750816814,0.5621090438137964,0.6775058066821515
2018-04,1291,600997,49,0.24454148471615722,0.5334281729267765,0.6515754053227284
2018-04,1291,601001,47,0.1968190854870776,0.5530781688319216,0.5931260229132566
2018-04,1291,601002,64,0.282998944033791,0.3590682051842192,0.6331373372532553
2018-05,1313,603665,41,0.1958280119199659,0.48582214791894107,0.6746706383223263
2018-05,1313,600362,64,0.16226183159188678,0.524770510385911,0.4994895508047079
2018-05,1313,300155,15,0.18616144975288296,0.4687517849943554,0.6092436974789918
2018-05,1313,002095,17,0.1679982725113367,0.3522193516700587,0.641700404858299
2018-05,1313,300019,41,0.2524590163934427,0.5183779348800899,0.6355832351455983
2018-05,1313,601668,71,0.18918918918918914,0.37120381595352053,0.6505981495668569
2018-05,1313,000736,29,0.1628498727735369,0.3179271296067072,0.5425925189808006
2018-05,1313,300170,14,0.09102564102564104,0.5130341230781857,0.6430622009569376
2018-05,1313,603969,40,0.18151260504201683,0.5098873027949041,0.653142857142857
2018-05,1313,300420,14,0.135632183908046,0.47835586659341917,0.623676612127045
2018-05,1313,600577,20,0.20779220779220786,0.4543414331439744,0.5825885468387951
2018-05,1313,000576,17,0.0934922089825847,0.49393134292923097,0.4515352197471401
2018-05,1313,600728,22,0.2179203539823008,0.4131617653519514,0.5871148115149465
2018-05,1313,000055,28,0.16798732171156894,0.28253382885330397,0.4689603590127147
2018-05,1313,300051,23,0.216710182767624,0.47646160378210034,0.6390487149980825
2018-05,1313,600410,16,0.1623212783851976,0.5085750325516981,0.649814372531864
2018-05,1313,601128,74,0.22105263157894728,0.5181690711403967,0.5991813510610503
2018-05,1313,300058,23,0.24816176470588247,0.258302361966598,0.48298467174395115
2018-05,1313,000069,71,0.163978494623656,0.518772194695759,0.5680052609138669
2018-05,1313,002279,16,0.16538461538461546,0.4539151670137493,0.5648854961832065
2018-05,1313,000801,26,0.19905956112852663,0.3366456609582451,0.48878205128205104
2018-05,1313,601166,70,0.14261315115286088,0.38279836372488557,0.612659698025552
2018-05,1313,600609,54,0.23418803418803402,0.5062031775481863,0.6524087275869519
2018-05,1313,600460,17,0.18447837150127233,0.4083879879401587,0.5614326375711575
2018-05,1313,300226,15,0.13961988304093564,0.39790978306214203,0.5365680892509299
2018-05,1313,300085,24,0.17281672816728177,0.3674400273447469,0.6758672137262214
2018-05,1313,000402,74,0.24821973550356058,0.5307587030423809,0.6707256707256706
2018-05,1313,600462,14,0.18647540983606548,0.35182085970875343,0.6710408589322996
2018-05,1313,000630,71,0.12448132780082999,0.5330005525077149,0.57444364069614
2018-05,1313,300367,27,0.2013311148086523,0.5103337532506926,0.6613029161150157
2018-05,1313,600123,71,0.25296442687747034,0.45594061180288964,0.6386544738157556
2018-05,1313,002443,66,0.13370473537604455,0.520539678609899,0.6338422748284073
2018-05,1313,601288,51,0.10077519379844968,0.5516033455825966,0.6187757269950875
2018-05,1313,601988,62,0.12406015037593987,0.5428250923398944,0.5761556368473566
2018-05,1313,002319,69,0.15985576923076927,0.4964668610566333,0.6459116120951869
2018-05,1313,601998,45,0.08695652173913038,0.4748283658339615,0.6346300533943559
2018-05,1313,300251,30,0.12752293577981655,0.5158809584564961,0.6610597140454166
2018-05,1313,300113,25,0.18230958230958239,0.3847106614336704,0.5170076335877868
2018-05,1313,002190,21,0.18263350998777006,0.5480988321239716,0.657153519449825
2018-05,1313,600507,38,0.2599681020733652,0.47962536817345186,0.6244759039116066
2018-05,1313,002201,77,0.22905027932960897,0.3818307142603738,0.5084478808705615
2018-05,1313,600985,42,0.18965517241379304,0.47633695474463306,0.6034482758620693
2018-05,1313,000517,36,0.23003194888178902,0.21799666619996746,0.331858407079646
2018-05,1313,600015,70,0.14951768488745976,0.43745415958815176,0.6519823788546244
2018-05,1313,000898,63,0.25,0.5340750765490594,0.654706670790803
2018-05,1313,300133,43,0.19035532994923854,0.4078217108160704,0.6583272245737661
2018-05,1313,300271,18,0.18058350100603626,0.5396189915564154,0.6019183541077798
2018-05,1313,600018,96,0.17118644067796618,0.5375782146027611,0.6391733723482074
2018-05,1313,603889,59,0.22381930184804932,0.5102225642209243,0.672268907563025
2018-05,1313,002769,16,0.16521739130434776,0.42311297957298405,0.6457557103515311
2018-05,1313,600025,48,0.22424242424242413,0.25809380635639245,0.4575443406734636
2018-05,1313,300418,34,0.1507559395248379,0.5134049171789259,0.5385635112041015
2018-05,1313,002081,74,0.24712202609363,0.5521655666083398,0.6750614886216202
2018-05,1313,002356,40,0.15129358830146233,0.36841554592265896,0.5180264325409794
2018-05,1313,600031,71,0.156498673740053,0.5618592741996641,0.6406981213121427
2018-06,1333,601015,94,0.3205980066445182,0.3518850410072861,0.5462415411814912
2018-06,1333,002497,30,0.29499217527386534,0.44989297279228374,0.6999999999999997
2018-06,1333,000927,163,0.3280318091451293,0.38871225733030623,0.7054412277642131
2018-06,1333,600206,101,0.318739054290718,0.5246471789253034,0.7166405360709607
2018-06,1333,601636,66,0.29612756264236895,0.5307948619414944,0.46464646464646464
2018-06,1333,600699,135,0.3296478296478297,0.4971388875456996,0.6965048840048839
2018-06,1333,603696,214,0.32805676855895194,0.5239789061519099,0.612782471438673
2018-06,1333,000755,98,0.310126582278481,0.45248996082962,0.5628064008879847
2018-06,1333,601086,50,0.31355932203389825,0.49153664079282616,0.6646041856232938
2018-06,1333,600567,72,0.2863247863247863,0.5030863928760532,0.6931216931216935
2018-06,1333,002664,224,0.33136094674556216,0.28299074105761785,0.6969216702224925
2018-06,1333,600395,91,0.21224489795918378,0.539077880868945,0.6702568954224587
2018-06,1333,300732,70,0.19439868204283361,0.4575527326877788,0.5728216420257947
2018-06,1333,600725,115,0.28260869565217395,0.4017369806645348,0.645224694005182
2018-06,1333,300465,33,0.2760223048327137,0.43622110743639475,0.7177268535675198
2018-06,1333,300738,38,0.3020477815699659,0.4216591530369586,0.5107075088099756
2018-06,1333,002537,40,0.2802385008517888,0.435035314342942,0.7245916675485946
2018-06,1333,000786,65,0.31337698783910195,0.5157826476435302,0.6985655790476679
2018-06,1333,603993,52,0.30082417582417587,0.41766139566925475,0.6577400725711658
2018-06,1333,600893,43,0.29736467236467234,0.5473933406643338,0.6218332068713787
2018-06,1333,300065,33,0.22522522522522526,0.3944223097533909,0.5853145093014213
2018-06,1333,300353,29,0.3005817711700065,0.31463501316250697,0.5604148234424521
2018-06,1333,601908,141,0.32562277580071175,0.5026252278594787,0.7158988640029889
2018-06,1333,300078,25,0.3117903930131004,0.470108067538226,0.7248826291079815
2018-06,1333,300496,32,0.2948754652161466,0.5056985281930511,0.6903143585386579
2018-06,1333,002713,60,0.2336530078465564,0.47571956115071656,0.7164799999999997
2018-06,1333,601933,71,0.33052434456928836,0.517024134918909,0.7037358818418763
2018-06,1333,600133,185,0.2921129503407984,0.25820008952486573,0.511782864026502
2018-06,1333,300377,24,0.2833333333333333,0.4886848557337071,0.7117383716518705
2018-06,1333,300649,27,0.27939180016291065,0.4483852827428441,0.6614319936119248
2018-06,1333,300101,30,0.2871972318339101,0.5074351918810257,0.7075471698113209
2018-06,1333,000876,91,0.23664122137404586,0.5284722829132484,0.6925268463730012
2018-06,1333,603329,46,0.3173254525304765,0.5169038358786001,0.648787613204791
2018-06,1333,002338,32,0.3042836041358936,0.49012100066970443,0.7215012041744715
2018-06,1333,300675,27,0.29867533116720824,0.48088050730157866,0.6436229227836382
2018-06,1333,000519,35,0.2892307692307693,0.48208629948836557,0.7170140783586167
2018-06,1333,600516,74,0.27218045112781963,0.5484976426504004,0.7190250212568039
2018-06,1333,002208,20,0.3074162679425837,0.39556547794333746,0.6832314642572415
2018-06,1333,002474,32,0.3111566018423746,0.4500756179314266,0.6724675324675322
2018-06,1333,002920,62,0.30833770319874154,0.44173747033154853,0.661676706827309
2018-06,1333,002923,22,0.2540849673202614,0.3152300527172307,0.6531204644412191
2018-06,1333,600688,92,0.1688073394495413,0.5471708255504346,0.6849464714878747
2018-07,1355,002492,20,0.18670886075949378,0.42978387144712543,0.5556900726392251
2018-07,1355,300563,30,0.15046132008516677,0.43987984830828014,0.6801283260992642
2018-07,1355,300151,53,0.3198924731182796,0.29923745225611387,0.6893241367796064
2018-07,1355,603363,30,0.2764505119453925,0.4802668050650608,0.6182873730043541
2018-07,1355,600033,250,0.3154574132492114,0.5322951205174858,0.6775089898659694
2018-07,1355,300155,57,0.3113673805601319,0.4642189940272384,0.6938608776844074
2018-07,1355,601628,127,0.3277797899311844,0.5192363742114002,0.6430095971133615
2018-07,1355,603676,29,0.19737663960024998,0.4084337549360845,0.6096866928364005
2018-07,1355,603677,16,0.16877076411960135,0.21011829752315828,0.5992808629644429
2018-07,1355,002929,42,0.2478836553071413,0.3651468014163314,0.3313631850205686
2018-07,1355,600555,33,0.3162217659137577,0.3784616653759051,0.5914865533740307
2018-07,1355,300021,58,0.332824427480916,0.5153281370973538,0.6902879112237317
2018-07,1355,000936,43,0.308974358974359,0.314247157606588,0.6474164133738602
2018-07,1355,603056,17,0.15694239290989664,0.33899176591296787,0.5662652216432008
2018-07,1355,300711,32,0.2329345531315975,0.3773639531971307,0.6074796126401629
2018-07,1355,603059,40,0.3076518537996319,0.5032322186658958,0.2926270480422103
2018-07,1355,300553,33,0.2527689873417721,0.5131335923892506,0.6927948647535359
2018-07,1355,300719,32,0.19290865384615385,0.38556436200813304,0.5793553312973045
2018-07,1355,300041,56,0.24185463659147877,0.5281378775629784,0.6118018551411089
2018-07,1355,600242,141,0.31768292682926824,0.3097728790792286,0.46663851351351393
2018-07,1355,300605,47,0.3097463284379173,0.5231656667711325,0.6742096962216281
2018-07,1355,600248,132,0.33269961977186313,0.16677102054001902,0.3371462974111979
2018-07,1355,002402,51,0.27409638554216864,0.36872737325273736,0.5415929203539811
2018-07,1355,002683,18,0.16097560975609748,0.3746816947043124,0.6894961374380258
2018-07,1355,601858,18,0.1099290780141845,0.39829158274665016,0.4998529844163481
2018-07,1355,002693,22,0.18656716417910446,0.341857613683633,0.597095212479828
2018-07,1355,603099,29,0.18786367414796346,0.47057461274489915,0.6038228010962574
2018-07,1355,300213,64,0.3300492610837438,0.3998270384489597,0.6985074626865669
2018-07,1355,300631,48,0.31982789530297606,0.4335714092958336,0.6398268638495049
2018-07,1355,300085,66,0.30956733698964045,0.34657901634953475,0.6818351361432302
2018-07,1355,600466,87,0.26637554585152834,0.40333469050532517,0.5943835375505654
2018-07,1355,000631,119,0.2924791086350974,0.5362558970198955,0.6732117812061715
2018-07,1355,300369,58,0.3148575827559661,0.34490179782180924,0.4533270632494711
2018-07,1355,300512,18,0.10186915887850467,0.4295503463913816,0.6779661016949151
2018-07,1355,002174,101,0.26150712830957235,0.5464078149003256,0.6211678549091076
2018-07,1355,002176,55,0.26576955424726656,0.522292121600926,0.695224461329516
2018-07,1355,300378,47,0.3091849935316947,0.4780233412199625,0.6750598010827147
2018-07,1355,603648,25,0.1772315653298836,0.494513695931922,0.6304236200256734
2018-07,1355,601997,110,0.24833997343957503,0.5500523553654051,0.6815810276679842
2018-07,1355,600497,105,0.3327868852459016,0.38334748808298774,0.47159624413145546
2018-07,1355,300526,44,0.3119741100323624,0.36672717514637826,0.6940726577437858
2018-07,1355,002890,32,0.2243902439024391,0.47350391141834036,0.5750798722044731
2018-07,1355,300664,32,0.281449893390192,0.4081751424366559,0.635035918022396
2018-07,1355,601369,68,0.2987012987012987,0.43401827109435626,0.5568750000000002
2018-07,1355,002893,31,0.28285209192692984,0.418021831670715,0.6869254627089607
2018-07,1355,002461,21,0.13814432989690717,0.45231873379430343,0.5954074375127006
2018-07,1355,600657,113,0.32216014897579137,0.5304517318433944,0.6110251301827258
2018-07,1355,002901,35,0.17942386831275725,0.3331956582619397,0.6994245241257192
2018-07,1355,300133,85,0.24280879864636218,0.3766121382251316,0.6965649941364663
2018-07,1355,300550,31,0.2335025380710659,0.5064694704352669,0.6368153740562801
2018-07,1355,002076,44,0.3291814946619217,0.534530035870388,0.4069957502451781
2018-07,1355,603896,21,0.16232127838519772,0.5173753731183867,0.6811375329562034
2018-07,1355,002771,44,0.33067198935462405,0.4175139682336834,0.6795705748585328
2018-07,1355,600348,89,0.25988700564971745,0.5148239655605097,0.6146939067929166
2018-07,1355,000710,25,0.16030534351145032,0.44758521153976344,0.6192366412213738
2018-07,1355,002358,59,0.3159591617409995,0.5448136331396028,0.43540669856459513
2018-08,1378,300007,77,0.3057029177718833,0.45494926085102416,0.6624081527157256
2018-08,1378,300565,42,0.280473372781065,0.4877580583981975,0.6179662781849495
2018-08,1378,000014,24,0.2796762589928057,0.39888636094840857,0.5952888509912603
2018-08,1378,000020,23,0.18136908962597043,0.3269695483701813,0.5420340089920376
2018-08,1378,300589,40,0.2905027932960894,0.4329759299613494,0.5513114336643747
2018-08,1378,300599,56,0.23063829787234047,0.4292139888002635,0.6482549317147194
2018-08,1378,000062,33,0.13343799058084782,0.47958948013195735,0.6410486162668649
2018-08,1378,600884,25,0.17087062652563056,0.4808245177096004,0.6017699115044253
2018-08,1378,300615,26,0.18965517241379315,0.45565333880820463,0.5713218820014937
2018-08,1378,300062,23,0.1392757660167131,0.3655349035353947,0.6230590062111797
2018-08,1378,300624,57,0.33613827609733904,0.44821527559970165,0.24677816391543578
2018-08,1378,300077,35,0.23046092184368738,0.3970105265641088,0.5145367078017148
2018-08,1378,300634,36,0.3280770915462111,0.4594672676874872,0.4036337576932807
2018-08,1378,600929,23,0.25221595487510073,0.3147664307394133,0.35640270866058604
2018-08,1378,300643,32,0.2628318584070797,0.35133346152299083,0.523613154023955
2018-08,1378,300653,14,0.15703893881044084,0.43341099915320314,0.585872398615443
2018-08,1378,300107,24,0.19124218051831987,0.47138424874689977,0.6302306593182285
2018-08,1378,002596,17,0.18883248730964464,0.3783938004508249,0.5743873803359627
2018-08,1378,600983,18,0.13645621181262724,0.3762245409437045,0.6426202321724709
2018-08,1378,603335,43,0.26415094339622647,0.47307980049574677,0.5291350927619546
2018-08,1378,300689,23,0.19457804984696103,0.34178480369532566,0.5969247559098085
2018-08,1378,000532,59,0.32797427652733124,0.34034360673901487,0.5966933555162733
2018-08,1378,300693,27,0.29951219512195126,0.38336199898610773,0.5267885320321414
2018-08,1378,300157,24,0.1352201257861636,0.5046217777474055,0.6494280266920878
2018-08,1378,300705,30,0.27648578811369506,0.41640908299697615,0.5498344979771976
2018-08,1378,300706,22,0.21727272727272728,0.4684973779160728,0.6356570408523773
2018-08,1378,300715,56,0.2661812297734627,0.4135485920120019,0.6146233177634922
2018-08,1378,300717,58,0.3145580589254765,0.45044141755612765,0.6332844991581571
2018-08,1378,601088,129,0.3365122615803814,0.5221161899406983,0.6067568633638373
2018-08,1378,300723,50,0.2985658409387223,0.38309988735029316,0.6619192688499617
2018-08,1378,300729,24,0.22385141739980452,0.36108419691515015,0.6081269134428059
2018-08,1378,603477,23,0.2306501547987616,0.3518877849208603,0.5145286084137594
2018-08,1378,002137,61,0.3357731015553522,0.31581979869613575,0.347107438016529
2018-08,1378,603499,22,0.24379562043795622,0.2891104738722301,0.5111757041194747
2018-08,1378,000613,49,0.3201970443349753,0.395095412209533,0.4472588282275088
2018-08,1378,002702,21,0.20124481327800836,0.3078357318120242,0.49365079365079345
2018-08,1378,603528,76,0.31749241658240646,0.4784234112045171,0.6413922109437757
2018-08,1378,603535,32,0.264294790343075,0.4678747152934968,0.6656804733727811
2018-08,1378,300224,27,0.22715053763440862,0.48803525153837224,0.6394884092725819
2018-08,1378,300236,70,0.28615520282186946,0.44460312549281966,0.6569144597313614
2018-08,1378,002752,22,0.1364238410596027,0.23860216884373944,0.456714651942418
2018-08,1378,603615,31,0.1827094474153298,0.3451399466021307,0.6060233774439259
2018-08,1378,601500,28,0.17780938833570414,0.27956784203979484,0.5091267883571776
2018-08,1378,002758,25,0.18137254901960786,0.2188021121074039,0.4939993295340261
2018-08,1378,600518,34,0.15704989154013016,0.48810702581844173,0.6184644126728772
2018-08,1378,603633,58,0.3173483779971792,0.2628100747580361,0.6463576615894153
2018-08,1378,300278,26,0.32583065380493037,0.5208540720790449,0.5631943049057038
2018-08,1378,603655,55,0.32774140752864167,0.36930557055334046,0.6258074680951631
2018-08,1378,002779,14,0.08618127786032692,0.22156338229122835,0.5529201337584568
2018-08,1378,002787,14,0.11076923076923073,0.2762046165143909,0.6429925097012915
2018-08,1378,000726,20,0.07218934911242603,0.3997285402562496,0.5415778251599154
2018-08,1378,002796,24,0.20100925147182513,0.2723624277567406,0.5030181086519115
2018-08,1378,603683,20,0.21479150275373726,0.259903253409748,0.5000000000000002
2018-08,1378,002802,27,0.1984848484848485,0.29318792268923854,0.5993663841082284
2018-08,1378,002813,23,0.14834478450968158,0.2947176537000449,0.49137087621805686
2018-08,1378,600579,23,0.16912487708947888,0.2923587445523857,0.5053197763570736
2018-08,1378,002820,23,0.14823175319789306,0.2658739821742766,0.516987596085149
2018-08,1378,002264,26,0.22505307855626333,0.31290894840636846,0.5071521456436934
2018-08,1378,603712,55,0.3286060186786579,0.3342864380223112,0.28635023762257045
2018-08,1378,603722,17,0.2162379421221865,0.38992626329321545,0.4835630965005302
2018-08,1378,603725,54,0.3287234042553192,0.4201873461144634,0.5150651465798042
2018-08,1378,300333,33,0.26894639556377076,0.43886265434293475,0.5654326688729827
2018-08,1378,002830,32,0.2167138810198299,0.43806946709154887,0.5782156035846074
2018-08,1378,002847,17,0.211864406779661,0.3290157911372161,0.46493315914744343
2018-08,1378,603777,22,0.3110972568578553,0.33128502313256347,0.6120795063553899
2018-08,1378,002289,26,0.24304715840386937,0.47842227129528503,0.6090519649841684
2018-08,1378,002290,48,0.1660929432013769,0.4537516902147241,0.6296577422025941
2018-08,1378,601958,227,0.3370786516853933,0.2724168899218768,0.4881197513571434
2018-08,1378,603813,24,0.24017627616599335,0.3712152596417219,0.5365813513291088
2018-08,1378,603819,22,0.19391206313415998,0.28088737459589974,0.5761099365750528
2018-08,1378,002877,31,0.21786310517529228,0.2297901175087248,0.41016657852987837
2018-08,1378,603848,27,0.2722411278561011,0.4252799564052124,0.5743481324876674
2018-08,1378,002885,15,0.18844696969696972,0.3999431457477602,0.5082519964507543
2018-08,1378,002889,25,0.22341302555647158,0.3772764328899823,0.613763440860215
2018-08,1378,002903,25,0.28269109286165506,0.4232699059353742,0.5562150328387255
2018-08,1378,002908,23,0.24762726488352016,0.33680561079055266,0.6063484967028051
2018-08,1378,300412,23,0.2239316239316239,0.44594217854973306,0.4938223334375977
2018-08,1378,603897,37,0.2728608152772677,0.46194227638475993,0.42733593352552135
2018-08,1378,603029,67,0.32961992136304064,0.47032859667340504,0.6591720062924453
2018-08,1378,603036,55,0.29955668144395176,0.42621866829566857,0.6429244269636927
2018-08,1378,000927,21,0.09859154929577452,0.41299902929015847,0.4582743988684582
2018-08,1378,603928,24,0.17639902676399033,0.22698288249210127,0.48224495937405953
2018-08,1378,002382,28,0.17298105682951137,0.4848526993978537,0.6093898197913371
2018-08,1378,000952,27,0.23719676549865232,0.4652329804585411,0.6114758084123508
2018-08,1378,603958,64,0.33105022831050235,0.411626829149475,0.5881800164024056
2018-08,1378,603968,18,0.09836065573770492,0.348862972615542,0.5656217045345607
2018-08,1378,600738,15,0.07678571428571423,0.32173397779180357,0.4913928012519561
2018-08,1378,300504,38,0.3087639311043566,0.40453013129368437,0.381094315520545
2018-08,1378,300505,24,0.20083682008368198,0.3259383094611879,0.5285472018089317
2018-08,1378,300522,24,0.2116336633663366,0.32590900324009703,0.45630130371801036
2018-08,1378,603157,23,0.26498800959232616,0.3139894270002296,0.5731106099543715
2018-08,1378,300538,32,0.22403560830860525,0.4252568454668892,0.5358214928957376
2018-09,1397,002636,23,0.17718715393134,0.4132381069718091,0.5131540437709344
2018-09,1397,002782,21,0.16080777860882567,0.23678588307571977,0.4103173333942564
2018-09,1397,603919,29,0.09982014388489202,0.2658000152377459,0.4482758620689651
2018-09,1397,603198,28,0.1399548532731376,0.4674168816865296,0.47690432261465454
2018-09,1397,300701,23,0.24405850091407677,0.32096716015311944,0.4394326900720762
2018-09,1397,300434,41,0.20000000000000007,0.4437505669391218,0.5988962079401816
2018-09,1397,002646,28,0.07886676875957133,0.4116600589354166,0.44742354419773794
2018-09,1397,600847,25,0.13355874894336428,0.23624543258620478,0.4528085594191818
2018-09,1397,000019,22,0.12237330037082816,0.4245864623837475,0.4714589881374835
2018-09,1397,300300,25,0.13559322033898302,0.35890824291893,0.525369672368802
2018-09,1397,600559,30,0.11155063291139244,0.439335062626373,0.5106598984771573
2018-09,1397,601069,70,0.25182481751824815,0.5000075918648899,0.4931749101961869
2018-09,1397,300720,37,0.24192059095106178,0.44983736790274337,0.5857282234736322
2018-09,1397,603067,18,0.15175097276264582,0.2986945291737613,0.4291369754552653
2018-09,1397,300722,15,0.09778225806451624,0.3226342852677775,0.4690482683392423
2018-09,1397,600229,103,0.31211750305997554,0.4358097698273372,0.2519244226732001
2018-09,1397,002386,46,0.18371212121212133,0.487706533411171,0.6145710928319628
2018-09,1397,600231,15,0.11111111111111116,0.33649083109891303,0.592119275825346
2018-09,1397,002922,31,0.2550948699929726,0.4744189725145424,0.5741353854413672
2018-09,1397,603976,74,0.24778761061946897,0.4451586229704851,0.6018204319533712
2018-09,1397,600726,39,0.11683848797250873,0.44514188491617307,0.5431350258936466
2018-09,1397,603080,63,0.19722955145118737,0.492499005170393,0.45743141804285503
2018-09,1397,600403,14,0.05277777777777781,0.49899660754521424,0.6131479140328693
2018-09,1397,300192,36,0.20058139534883723,0.4661456712160267,0.5467717683510277
2018-09,1397,002132,28,0.11111111111111116,0.340652189660268,0.44498847926267304
2018-09,1397,300742,36,0.27900315095961026,0.4158604357371258,0.43584990731927226
2018-09,1397,300743,35,0.2595141700404858,0.44527884917842425,0.29098809360886774
2018-09,1397,300423,18,0.09778911564625858,0.38358326897019734,0.480392156862745
2018-09,1397,300611,74,0.3309196234612599,0.4117830127963198,0.6049039888474165
2018-09,1397,000597,18,0.08097928436911483,0.27756544016366574,0.5443247721623866
2018-09,1397,603259,32,0.24702627939142463,0.5082651013626907,0.5709107385591317
2018-09,1397,300560,42,0.20709060213843555,0.401710596278569,0.5965886070820843
2018-09,1397,300067,41,0.17920353982300874,0.1790043335087436,0.269503546099291
2018-09,1397,000151,78,0.2748457847840987,0.4829030982750295,0.5542597882708787
2018-09,1397,603278,48,0.21140684410646393,0.4723815144088651,0.5893124065769807
2018-09,1397,601918,14,0.07932011331444755,0.37661645110832803,0.4810996563573886
2018-09,1397,600117,15,0.13052208835341372,0.44715255055696557,0.6075663466967811
2018-09,1397,002861,49,0.3126293995859214,0.45543366283167847,0.5826568545633868
2018-09,1397,002163,15,0.12825278810408913,0.4490673234971073,0.6042173560421734
2018-09,1397,300638,21,0.13963039014373713,0.2727196492635429,0.5067859104102924
2018-09,1397,002864,69,0.327910523640061,0.3882705591477154,0.3332385347192279
2018-09,1397,002725,31,0.20967741935483886,0.24639640065540214,0.4198936632930622
2018-09,1397,300645,75,0.32820976491862575,0.47915920729181843,0.5820170734506656
2018-09,1397,300515,73,0.3231173380035026,0.33974669073492864,0.6068456490657806
2018-09,1397,002881,25,0.1747692307692308,0.4269081163798773,0.5200454471676675
2018-09,1397,600962,82,0.26854460093896715,0.4304824157761702,0.4789536981358991
2018-09,1397,600313,16,0.09893992932862195,0.35577888374683525,0.4900000000000002
2018-09,1397,000672,21,0.15316901408450712,0.4200505459999109,0.5777447519970275
2018-09,1397,002891,42,0.17322239031770048,0.3293862202915686,0.5634938554333452
2018-09,1397,600156,14,0.11374407582938373,0.2874988477725569,0.4466075007157166
2018-09,1397,300534,53,0.2788844621513943,0.44891715950555205,0.5143805309734513
2018-09,1397,002897,23,0.291970802919708,0.5050046059131346,0.5082675967623758
2018-09,1397,600507,27,0.11836734693877549,0.3321580335332937,0.5420054200542009
2018-09,1397,002753,44,0.21086780210867795,0.33944687093228665,0.5948494230227974
2018-09,1397,300671,17,0.23782505910165475,0.4611396258658928,0.5799546499299627
2018-09,1397,002898,22,0.22318692543411633,0.3225849788732839,0.43771043771043755
2018-09,1397,603901,22,0.1325301204819278,0.3173462009459282,0.5358948432760368
2018-09,1397,300272,46,0.2857142857142858,0.4600368012624775,0.5200999318646378
2018-09,1397,002768,37,0.10583524027459956,0.3660863940652611,0.5801567039352062
2018-09,1397,300414,89,0.32442067736185387,0.3680337719860891,0.5815482502651116
2018-09,1397,002480,31,0.2562814070351759,0.4878289713923599,0.5903128153380428
2018-09,1397,300686,22,0.2138024357239513,0.3817008296265038,0.37008184912868575
2018-09,1397,002919,25,0.24057084607543322,0.3319242355028142,0.5242431038349402
2018-09,1397,603659,39,0.21288743882544858,0.3332656245338823,0.23959881129271896
2018-09,1397,603909,29,0.08516242317822653,0.36511680420175663,0.5683869474658645
2018-10,1415,002231,21,0.2532051282051282,0.2759409219412927,0.5822328931572629
2018-10,1415,600540,22,0.25358851674641136,0.32337189763593066,0.6753452243958574
2018-10,1415,600546,166,0.37202380952380953,0.5265501458021439,0.6658004158004154
2018-10,1415,601628,187,0.3455269829771822,0.43872435659808495,0.6253198260554006
2018-10,1415,300139,27,0.2785433070866141,0.4209439447638207,0.6438081772122067
2018-10,1415,603918,93,0.370048309178744,0.36683561171886947,0.6263019382270497
2018-10,1415,002930,58,0.36085790884718494,0.531504825253372,0.31218697829716213
2018-10,1415,603045,41,0.3038961038961039,0.4395749761898719,0.5566798147830563
2018-10,1415,000928,30,0.2713178294573644,0.3482934268104532,0.6454935622317599
2018-10,1415,000736,131,0.3613231552162851,0.3389639405513591,0.663920899332835
2018-10,1415,000555,26,0.21614583333333337,0.3348335700423282,0.6139568088524007
2018-10,1415,002799,41,0.3447867298578199,0.24403229467889545,0.4214153193745035
2018-10,1415,002108,29,0.23373493975903614,0.34254844658251526,0.5864073777064956
2018-10,1415,000952,64,0.33243486073674755,0.47467857733776564,0.5623461433260392
2018-10,1415,300454,45,0.33493205435651474,0.24702706603353375,0.5328763490217681
2018-10,1415,600866,27,0.27217125382262997,0.41929900019848315,0.6270424836601312
2018-10,1415,300731,56,0.29719101123595515,0.44975524905496034,0.4338106880894169
2018-10,1415,002265,61,0.37280366692131395,0.5159791943245164,0.6500644154738972
2018-10,1415,600242,47,0.06891495601173026,0.5052800689939557,0.44126209129630983
2018-10,1415,300605,107,0.37583444592790394,0.5235895279279668,0.6400799365209983
2018-10,1415,300745,37,0.2774489211380561,0.5482677087237657,0.5475019414962464
2018-10,1415,300056,40,0.2678571428571429,0.43274008977206546,0.3645658732819306
2018-10,1415,000802,60,0.1554959785522788,0.4422286932558296,0.5923276983094927
2018-10,1415,000812,30,0.22590361445783136,0.45374464583806245,0.5084745762711856
2018-10,1415,002858,92,0.3286893704850361,0.502457221165315,0.5499687206756336
2018-10,1415,000626,43,0.30651340996168586,0.4742931305617843,0.6228818511160454
2018-10,1415,002161,47,0.32509752925877766,0.32336434360628963,0.4261804087385485
2018-10,1415,603800,59,0.31736954967834163,0.4668905569455537,0.4210526315789473
2018-10,1415,603808,64,0.33476394849785407,0.5108686242044211,0.6336921318346354
2018-10,1415,002580,27,0.22687609075043635,0.3037533496450773,0.5673758865248226
2018-10,1415,000848,62,0.2979310344827586,0.5121786773449328,0.5888002899601303
2018-10,1415,300519,67,0.37416107382550334,0.24703808503654934,0.3770308123249298
2018-10,1415,002888,82,0.3120488617434759,0.5334029892378571,0.5821065989847717
2018-10,1415,300390,18,0.21925133689839582,0.2658090736258968,0.6350072780203786
2018-10,1415,603156,69,0.3633633633633634,0.5085021203973485,0.6366144658763057
2018-10,1415,600812,25,0.1496598639455783,0.4231256425280086,0.634351145038168
2018-10,1415,002909,31,0.3512064343163539,0.31657327451724704,0.5136312257432161
2018-10,1415,600018,198,0.3627118644067797,0.3265592756034403,0.524484050453326
2018-10,1415,600679,20,0.26159999999999994,0.3096355611223182,0.6735803463552157
2018-10,1415,002218,29,0.2119205298013246,0.3980458932306818,0.6449035042154475
2018-10,1415,002917,60,0.27810650887573973,0.5162957824513552,0.6556318126766247
2018-11,1437,600536,16,0.17183770883054894,0.5916555006934391,0.5947940317872197
2018-11,1437,002637,70,0.28827751196172247,0.6126657970630954,0.6133169180260593
2018-11,1437,603196,15,0.032901296111665035,0.5690840128711996,0.5327245053272455
2018-11,1437,603666,51,0.3043076923076923,0.5042810847821522,0.5386101367495297
2018-11,1437,600039,29,0.11827956989247324,0.6230637764068988,0.5540488182874861
2018-11,1437,300164,18,0.2415048543689321,0.578444492089275,0.6574776016540316
2018-11,1437,603693,41,0.23646960865945044,0.5074232213478479,0.3199697428139184
2018-11,1437,300312,16,0.20531400966183566,0.5084264100282071,0.536962713619886
2018-11,1437,002661,81,0.1862582781456954,0.5820716009960735,0.6150937373390134
2018-11,1437,600569,55,0.20498614958448746,0.47056664901320766,0.5470859469114779
2018-11,1437,600231,55,0.1876923076923076,0.43301918088868785,0.6285216381063026
2018-11,1437,601789,67,0.2603550295857988,0.6178452200680968,0.6594596545687527
2018-11,1437,600722,20,0.1394052044609665,0.5162252210276245,0.5471032745591938
2018-11,1437,600579,82,0.2625368731563422,0.2869202876104467,0.5577862181226261
2018-11,1437,601808,17,0.11637931034482762,0.5331773705600421,0.5063639490884072
2018-11,1437,600085,89,0.23636936653009766,0.41216418778536584,0.6467444171962912
2018-11,1437,002268,16,0.10380267214799588,0.3900908995711084,0.5796025582457742
2018-11,1437,002135,29,0.12451361867704269,0.5684069771095035,0.6493701710609378
2018-11,1437,300747,39,0.26202914489964246,0.5232430381410889,0.6543182544953625
2018-11,1437,002278,42,0.2710526315789473,0.641209438385392,0.5363049299102222
2018-11,1437,002554,28,0.14506172839506182,0.45473786590211857,0.5672840305659891
2018-11,1437,600458,43,0.24242424242424243,0.5205872126557203,0.6638258716822403
2018-11,1437,600117,55,0.2931726907630523,0.3632987552963204,0.5771777629485138
2018-11,1437,600282,62,0.2815884476534296,0.6180753878389893,0.6208415546276328
2018-11,1437,002302,29,0.12651646447140374,0.47518466411284743,0.5588318611418712
2018-11,1437,000635,25,0.1400220507166483,0.4936549077182385,0.515633187772926
2018-11,1437,002307,28,0.17447495961227788,0.46782892186563463,0.5844155844155847
2018-11,1437,600305,16,0.08831521739130443,0.4597867045842583,0.5859374999999999
2018-11,1437,600789,36,0.2966781214203895,0.5587763193392279,0.6364937782182576
2018-11,1437,000860,28,0.2859784283513097,0.6073198593003474,0.6549472692539189
2018-11,1437,601330,45,0.297902097902098,0.43653439991281157,0.457747661229122
2018-11,1437,600967,18,0.1275109170305676,0.6260806511479902,0.5888661401969384
2018-11,1437,000868,49,0.2957746478873239,0.5762260242909664,0.6508348794063078
2018-11,1437,600326,26,0.1426024955436721,0.5705163974851574,0.6153846153846156
2018-11,1437,002338,29,0.1696352841391009,0.42066306795020847,0.6504183737715687
2018-11,1437,300546,24,0.16640085061137688,0.509231164747707,0.653635652853792
2018-11,1437,002618,33,0.2695906432748538,0.4886649402366441,0.6359254029312947
2018-11,1437,600338,32,0.1318090114324142,0.539369677241637,0.6629807692307687
2018-11,1437,002774,20,0.15879265091863515,0.5249571700198078,0.5256830601092894
2018-11,1437,002083,54,0.11286681715575608,0.3467361624706482,0.6309523809523815
2018-11,1437,300559,18,0.15454545454545454,0.4963001907070141,0.6101254868022497
2018-11,1437,002225,53,0.21063829787234045,0.3294670821319621,0.6649265418748607
2018-11,1437,601007,81,0.24447513812154698,0.3936254404835059,0.6292098962490021
2018-12,1457,000001,25,0.1363088057901085,0.48274455015756845,0.599006828057107
2018-12,1457,603917,26,0.16296863045141552,0.3261594323870038,0.5505502003114011
2018-12,1457,002233,48,0.17431192660550465,0.5572068918238523,0.583986287952987
2018-12,1457,002786,13,0.148905109489051,0.4608387144884596,0.65037003812514
2018-12,1457,300581,20,0.11441647597254001,0.5414261721468284,0.6415525114155248
2018-12,1457,000557,45,0.1847290640394088,0.388079926409023,0.5911199469847581
2018-12,1457,002808,19,0.08324324324324317,0.4385843760265178,0.5795971410006497
2018-12,1457,601717,37,0.16777041942604864,0.5563228898867624,0.5987290406553866
2018-12,1457,002523,49,0.1143790849673203,0.6064775398657272,0.6060606060606066
2018-12,1457,000760,17,0.2181372549019608,0.4171292031208011,0.43530834340991575
2018-12,1457,002526,26,0.1964285714285715,0.24146966539180031,0.35092914784926327
2018-12,1457,601101,37,0.16143497757847525,0.5107323527569115,0.6297764388774381
2018-12,1457,603713,47,0.23395762972060186,0.429641330262538,0.380082284607938
2018-12,1457,000046,60,0.2752613240418118,0.3278691097454807,0.6540993417115498
2018-12,1457,300046,56,0.24667133847231948,0.46420038771076966,0.6018782014797952
2018-12,1457,600583,36,0.1816367265469062,0.5905350695285968,0.5508474576271184
2018-12,1457,600248,62,0.2165450121654502,0.6164431110190869,0.46508379888268175
2018-12,1457,600408,32,0.23548387096774193,0.4474674223991529,0.5227225130890053
2018-12,1457,600588,39,0.22386144964720978,0.5135975056460923,0.6038820992092019
2018-12,1457,000593,16,0.219753086419753,0.31317607258381613,0.5327746183777311
2018-12,1457,600256,41,0.23510971786833856,0.5859773219761975,0.6335288669342394
2018-12,1457,000597,78,0.2191011235955056,0.29391924692250504,0.6283153466252055
2018-12,1457,603259,30,0.16656959813628425,0.5709113860238034,0.5708614529575231
2018-12,1457,300339,70,0.27265029635901783,0.5923593216822889,0.6106351323619944
2018-12,1457,002143,19,0.22589531680440766,0.405826038643504,0.5772699939867708
2018-12,1457,002692,15,0.16666666666666663,0.47584325143891415,0.5989637305699483
2018-12,1457,600106,52,0.18253968253968256,0.44610275049317216,0.6504164625183733
2018-12,1457,603105,51,0.2693823915900132,0.5979972035930704,0.41347075743048883
2018-12,1457,600903,15,0.1810699588477367,0.3252525159480579,0.5189189189189187
2018-12,1457,600917,38,0.12482468443197747,0.5528668171534564,0.5835082655471002
2018-12,1457,002297,16,0.11607142857142849,0.3705029231268447,0.5478589420654908
2018-12,1457,600123,39,0.12048192771084343,0.5491222905389451,0.6316489361702128
2018-12,1457,601225,34,0.10756972111553764,0.5720052742213368,0.6202393906420021
2018-12,1457,600125,91,0.2269230769230769,0.5257695164476647,0.6531684174855978
2018-12,1457,000407,53,0.19693094629156005,0.570481393394569,0.6418984633339816
2018-12,1457,600636,24,0.12611012433392543,0.5380980600041466,0.6348122866894199
2018-12,1457,000425,81,0.2584269662921348,0.5419347011129952,0.6522940851299064
2018-12,1457,600793,30,0.18833727344365636,0.32520409314554943,0.5182228620035334
2018-12,1457,002888,19,0.17926689576174115,0.4780164299639397,0.6267864226790495
2018-12,1457,600801,49,0.17681728880157166,0.5463915763824134,0.5320281782437746
2018-12,1457,002468,25,0.11156069364161858,0.3930063635862832,0.5863697104677066
2018-12,1457,600808,38,0.18296529968454256,0.5111551802387311,0.649022622446738
2018-12,1457,300540,16,0.22049405306495884,0.5393561278346511,0.5827826725403819
2018-12,1457,300542,30,0.18576598311218329,0.3217481925299977,0.525323087670276
2018-12,1457,600812,67,0.1629464285714286,0.4865629662216502,0.645152102084995
2018-12,1457,600015,39,0.10396975425330812,0.5798810766044556,0.6146926536731628
2018-12,1457,000520,47,0.16666666666666674,0.6055609460204027,0.6535527900441589
2018-12,1457,600990,36,0.15714899098325463,0.4455820577145413,0.5694484830861685
2018-12,1457,300411,18,0.1618303571428572,0.24503157932029032,0.4535637149028077
2018-12,1457,200054,31,0.14578313253012054,0.2516301381667768,0.623034029167858
2018-12,1457,002478,27,0.1435294117647059,0.32784818898612367,0.5041224970553592
2018-12,1457,002215,52,0.13858267716535433,0.47448977794846264,0.6142011834319528
2018-12,1457,600997,40,0.15638766519823788,0.5823480678837111,0.5781267157131875
2018-12,1457,600822,25,0.2218181818181818,0.48071604319716077,0.5808184143222502
2018-12,1457,002628,50,0.22423146473779387,0.48021327153097554,0.48305084745762766
2018-12,1457,603657,41,0.21853448275862075,0.5092782238618817,0.46026359403362005
2018-12,1457,601003,52,0.24639999999999995,0.5552805771138712,0.5727282896454005
2018-12,1457,002490,48,0.13569937369519836,0.5990687592750388,0.6497434017595312
2019-01,1479,000006,31,0.14115308151093442,0.43038190961251455,0.5806451612903235
2019-01,1479,002931,24,0.2181580666231221,0.41481256327704613,0.5439114391143912
2019-01,1479,600039,31,0.10439560439560447,0.48878868885234367,0.567388422448078
2019-01,1479,600050,61,0.11320754716981118,0.5504847887863137,0.6173818436629847
2019-01,1479,603677,38,0.18268525311812178,0.4841933937822284,0.6260176858137732
2019-01,1479,000017,27,0.217564870259481,0.38574723677675793,0.617116002968093
2019-01,1479,603689,59,0.15767045454545459,0.5557548914094639,0.6084183673469389
2019-01,1479,300448,18,0.08457711442786076,0.5414172291789405,0.6037649219467407
2019-01,1479,002112,17,0.1663619744058501,0.40381078934330045,0.41207927021075774
2019-01,1479,000953,14,0.15897435897435896,0.35579531534532666,0.5603503800077299
2019-01,1479,600720,77,0.17553191489361686,0.568134458207539,0.5957548011177838
2019-01,1479,600724,91,0.21771217712177116,0.5444618255255733,0.4324712643678152
2019-01,1479,002532,29,0.11778290993071594,0.26431376105678545,0.5236377689037747
2019-01,1479,002401,76,0.2004860267314703,0.5097339942219761,0.6283219867459799
2019-01,1479,601838,72,0.19017432646592702,0.4295546511921915,0.6093126905934786
2019-01,1479,000789,71,0.2268326417704012,0.5423529744383436,0.6179890327424966
2019-01,1479,603499,23,0.18871252204585542,0.504014225202155,0.6251650541377576
2019-01,1479,600742,14,0.06482982171799034,0.37827724178925926,0.5604223472762072
2019-01,1479,600259,33,0.19991856677524433,0.362799884391644,0.5758503266155207
2019-01,1479,600603,27,0.14835164835164838,0.22449256973146367,0.5030030030030034
2019-01,1479,000606,19,0.1929012345679012,0.40074118242200557,0.5267260122246379
2019-01,1479,600756,85,0.22651637144390757,0.4329161310455913,0.6218280160399551
2019-01,1479,300626,23,0.2185145317545748,0.47954042218819415,0.6183799051750222
2019-01,1479,603787,23,0.17830290010741134,0.535411450970703,0.623738763529627
2019-01,1479,000159,34,0.15486725663716805,0.5179810958537692,0.6051719541455608
2019-01,1479,300499,19,0.15488721804511285,0.5366803959487131,0.5983460353494403
2019-01,1479,000629,33,0.17827298050139273,0.3448604603472326,0.5505130228887132
2019-01,1479,600626,42,0.1832740213523132,0.5719510924987491,0.614678899082569
2019-01,1479,300509,22,0.22222222222222232,0.39122762501041874,0.5985533453887888
2019-01,1479,000416,13,0.1328671328671328,0.2603488285121197,0.4736619519759408
2019-01,1479,600299,56,0.18189806678383125,0.573801500581659,0.6070549630844956
2019-01,1479,300514,21,0.2418682235195997,0.45035605515233995,0.566476432043965
2019-01,1479,002878,18,0.07968970380818041,0.5902551704696062,0.6003775959723096
2019-01,1479,300103,31,0.17307692307692313,0.32496405612418655,0.5981537623054125
2019-01,1479,000662,34,0.25609756097560976,0.35214585717796537,0.5153237765694515
2019-01,1479,000672,71,0.14938488576449915,0.5324807200043201,0.6106110346288258
2019-01,1479,000502,19,0.15295629820051415,0.5395890166305387,0.6305296913031712
2019-01,1479,603320,22,0.14648295866569971,0.33666176946601667,0.590570487821965
2019-01,1479,000505,26,0.12854757929883143,0.37121267603589775,0.6107540617141027
2019-01,1479,601377,14,0.1066666666666668,0.5594241085305324,0.5101143359718575
2019-01,1479,300538,20,0.13114754098360648,0.4494765481000265,0.5191923674284447
2019-01,1479,002760,23,0.1668789808917197,0.49103824512515987,0.583074861893663
2019-01,1479,300543,17,0.20434227330779053,0.5639567557441609,0.556583560576548
2019-01,1479,600333,33,0.26113671274961603,0.31701489640684927,0.5187037842540234
2019-01,1479,002476,33,0.1960396039603961,0.24039095557601256,0.49956408020924165
2019-01,1479,600338,74,0.1874999999999999,0.49030488381174475,0.6126819126819124
2019-01,1479,300137,21,0.11390887290167873,0.56216451428873,0.573973910276806
2019-01,1479,601600,60,0.1315068493150685,0.5080549557773666,0.6178160919540234
2019-01,1479,300690,23,0.2543103448275862,0.3536136630034704,0.601525324294375
2019-01,1479,000918,18,0.2013071895424836,0.5477608773409006,0.6026754930354431
2019-01,1479,603192,44,0.17164179104477617,0.40588059438516244,0.5245509522520074
2019-02,1494,002935,53,0.2543035993740219,0.6638095332537494,0.6092607636068239
2019-02,1494,300703,38,0.17489711934156393,0.708055617618204,0.6272704232491338
2019-02,1494,002504,18,0.2396088019559902,0.6249031444928699,0.629166666666667
2019-02,1494,600701,22,0.21875,0.5919090581290128,0.623289753724536
2019-02,1494,002800,73,0.2666034155597722,0.6480662678612312,0.5626056633433472
2019-02,1494,601068,56,0.2687224669603523,0.6213635803906671,0.4825746799431008
2019-02,1494,000959,86,0.20047169811320753,0.523444181247525,0.6644101426862362
2019-02,1494,600231,112,0.27384615384615385,0.4474744635011196,0.546554084892743
2019-02,1494,600866,106,0.27217125382262997,0.49227059615153385,0.5673783936651585
2019-02,1494,002923,41,0.2682634730538922,0.3620418369507987,0.5082214779256058
2019-02,1494,300046,93,0.26348983882270494,0.4343329949923732,0.5633992448026635
2019-02,1494,600085,146,0.27261266939804607,0.46366137858538037,0.594498783594106
2019-02,1494,002827,82,0.20213799805636523,0.6575838048606629,0.5776867663729107
2019-02,1494,600251,104,0.21988527724665397,0.5762558422745456,0.660749506903353
2019-02,1494,300056,119,0.2678571428571429,0.4646502790899778,0.4302541990821554
2019-02,1494,002687,26,0.22997416020671835,0.44832571011574196,0.5496575342465754
2019-02,1494,601139,89,0.15264187866927592,0.6659116643392656,0.6662724226296074
2019-02,1494,002278,99,0.2710526315789473,0.515903784850749,0.4334970431993586
2019-02,1494,002554,85,0.27160493827160503,0.3766477853539624,0.4940536504719749
2019-02,1494,000608,20,0.2065573770491803,0.487255220456333,0.6507758758598627
2019-02,1494,600449,95,0.21489971346704873,0.7026512856289098,0.631578947368421
2019-02,1494,600903,52,0.27278071722516173,0.4815058907566358,0.5118560362615431
2019-02,1494,603278,145,0.2730038022813688,0.4904008385945962,0.5398484614195145
2019-02,1494,603790,46,0.22278911564625847,0.5757686358035294,0.43785803237858006
2019-02,1494,002857,36,0.22137404580152675,0.36678471610624136,0.6042589570218391
2019-02,1494,000819,94,0.2183908045977011,0.41076530234344083,0.6317102053940442
2019-02,1494,600463,17,0.22822085889570554,0.5857481209129889,0.6377968648381961
2019-02,1494,300505,41,0.20843471208434716,0.638805443133258,0.633485291641462
2019-02,1494,603297,50,0.19033149171270725,0.5101321014735661,0.47276346895607807
2019-02,1494,002723,26,0.22206303724928378,0.4864416024831724,0.5555555555555557
2019-02,1494,603128,64,0.21212121212121204,0.5544398623003247,0.6180344478216819
2019-02,1494,300240,44,0.2040557667934093,0.2151734192489049,0.45149796052323116
2019-02,1494,300104,58,0.23717948717948723,0.5902615143162061,0.5257548845470695
2019-02,1494,002188,15,0.1253333333333334,0.6532095733707152,0.6414096916299562
2019-02,1494,002338,86,0.25607902735562316,0.5128993668881583,0.6579813781177498
2019-02,1494,000691,26,0.21798365122615804,0.43838686531592047,0.5712966703214264
2019-02,1494,600817,26,0.16590563165905625,0.6001782842332724,0.5561181806173221
2019-02,1494,300135,53,0.19354838709677424,0.5862894259881669,0.6614509246088187
2019-02,1494,603639,82,0.19875292283710055,0.689046538096194,0.6169442791988895
2019-02,1494,603657,78,0.2642241379310345,0.4643873792790145,0.34544573097173514
2019-02,1494,300144,117,0.2145850796311819,0.595763875772627,0.6532098665150408
2019-02,1494,002225,110,0.2381930184804928,0.36624952845923586,0.6523895077254763
2019-03,1515,002228,113,0.32059447983014855,0.859768292432731,0.5923971153627409
2019-03,1515,002637,148,0.2975206611570248,0.5617361479801144,0.48718373826892564
2019-03,1515,603919,147,0.3201793721973094,0.632054579588866,0.5990929705215419
2019-03,1515,002795,92,0.29617486338797816,0.6202598206938384,0.6878566262155428
2019-03,1515,000019,140,0.3226205191594561,0.4523429753709349,0.5069681914962255
2019-03,1515,300164,96,0.2997572815533981,0.6082833472068366,0.5182188034948091
2019-03,1515,603058,64,0.229951690821256,0.7711814303094527,0.7206394361413043
2019-03,1515,300720,155,0.32409972299168976,0.40668342087125586,0.48523973932051734
2019-03,1515,603067,136,0.3151750972762646,0.28822297338581854,0.3933910856504123
2019-03,1515,601088,89,0.19778481012658222,0.8077020736936497,0.7287950799716317
2019-03,1515,600389,111,0.2869846402586903,0.7637812691569885,0.6793556037126385
2019-03,1515,002386,164,0.32765151515151525,0.7084904712757011,0.7139090309822015
2019-03,1515,002815,124,0.31414267834793486,0.7735564796538482,0.716562690200852
2019-03,1515,600236,113,0.1789772727272727,0.714728893565778,0.7244796210893679
2019-03,1515,300599,193,0.305531914893617,0.43582620124064936,0.5677162367223065
2019-03,1515,300736,57,0.2833448514167244,0.7390185443880023,0.6726592852604494
2019-03,1515,300191,120,0.30907278165503493,0.7451846754223675,0.7258776539836027
2019-03,1515,600740,112,0.2519230769230769,0.7027330278217729,0.6903814347736206
2019-03,1515,300748,53,0.3097112860892388,0.8563678220528598,0.49519343493552154
2019-03,1515,000985,116,0.3076429030186256,0.5980310806725228,0.7112834115486637
2019-03,1515,603098,19,0.19301712779973645,0.5698955728302932,0.598006644518272
2019-03,1515,600429,184,0.32863849765258213,0.6708880281903503,0.6909937888198754
2019-03,1515,603101,51,0.3076923076923076,0.8693466213633909,0.5448020571363983
2019-03,1515,002700,68,0.3240660295395308,0.502676119910796,0.6444983727976655
2019-03,1515,603535,169,0.32274459974587044,0.4853065817599973,0.46674094868156313
2019-03,1515,002858,192,0.3286893704850361,0.48459215080254187,0.4733588129496404
2019-03,1515,600282,140,0.29241877256317694,0.6208199592054565,0.5504978662873402
2019-03,1515,603800,159,0.31736954967834163,0.41803487461038225,0.43572874493927133
2019-03,1515,002715,35,0.19726858877086495,0.7768821821962061,0.6063977746870651
2019-03,1515,603559,89,0.2669447340980188,0.7037858452296771,0.6941151443655843
2019-03,1515,601228,182,0.32952380952380955,0.6879144513061336,0.6876960468642886
2019-03,1515,300643,58,0.3011472275334609,0.7666334218383534,0.6789672794849669
2019-03,1515,000650,94,0.310126582278481,0.8362510130507486,0.6464961936365409
2019-03,1515,000651,247,0.3075762149109569,0.8092063218242206,0.638446873264687
2019-03,1515,000848,162,0.3158620689655173,0.49329026762862166,0.5243445692883892
2019-03,1515,002880,164,0.3004132231404959,0.5568594106423939,0.7191139431253095
2019-03,1515,603901,140,0.3060240963855423,0.31547245347528796,0.4961721796908854
2019-03,1515,200054,89,0.28846153846153855,0.47478895157717177,0.6462426978226232
2019-03,1515,601566,176,0.22829268292682925,0.588043365260144,0.7327319188477621
2019-03,1515,600338,110,0.3120176405733186,0.6951798585794099,0.7026573426573423
2019-03,1515,600019,109,0.20432220039292737,0.8592063128061405,0.6234680299740885
2019-03,1515,002215,110,0.3039370078740157,0.7804609752489163,0.6182937062937066
2019-03,1515,000528,115,0.2898975109809664,0.8046860546091926,0.6324022885836375
2019-03,1515,002774,98,0.3157303370786517,0.8735520818345616,0.6579681052748964
2019-04,1536,002927,28,0.2752577319587628,0.25682930623469674,0.4860960350510176
2019-04,1536,002230,24,0.1793321062319222,0.6658609674991979,0.7432355291699957
2019-04,1536,002486,79,0.24242424242424243,0.9502219535055657,0.7936507936507942
2019-04,1536,300568,41,0.18865435356200522,0.773231443621097,0.7851491174680458
2019-04,1536,603920,119,0.2738990332975296,0.8715717062802377,0.7473305111518291
2019-04,1536,300018,29,0.2793053545586106,0.592290052071556,0.6652771988328469
2019-04,1536,603933,85,0.2982225148123765,0.8979931093149665,0.7606645711719805
2019-04,1536,300306,29,0.21389793702497295,0.6684072664938595,0.7091117041555467
2019-04,1536,603059,80,0.2489711934156379,0.8865430057616078,0.8040689960194601
2019-04,1536,601069,116,0.2568140520896427,0.7791640690948847,0.7293000791920454
2019-04,1536,603220,24,0.29738682370261327,0.41027313043226527,0.7764050387596905
2019-04,1536,603976,44,0.24769305488101023,0.8502202950593348,0.6860706860706863
2019-04,1536,300458,136,0.3239104829210836,0.8847512232396602,0.7637832581103657
2019-04,1536,300732,77,0.23772102161100195,0.9180389835818004,0.804926764314247
2019-04,1536,000058,33,0.3102595797280593,0.47132973832947744,0.7697680402896743
2019-04,1536,300606,71,0.3242857142857142,0.7690265344784598,0.8302446256486288
2019-04,1536,600251,146,0.31313131313131315,0.8388520059091559,0.779768177028451
2019-04,1536,300059,17,0.23289315726290516,0.7888327832790768,0.7034684904738646
2019-04,1536,600598,141,0.24609843937575027,0.9456538601953467,0.8014768531667142
2019-04,1536,300751,26,0.1530717604543108,0.43883854020742236,0.7279514699020049
2019-04,1536,603507,28,0.3090467516697024,0.7486942130781377,0.6585014709871263
2019-04,1536,000605,49,0.25282363162467425,0.9400876050605156,0.6759058532053275
2019-04,1536,300490,58,0.2246726395589249,0.6744476637697069,0.8078327248589445
2019-04,1536,600760,145,0.31496062992125984,0.855328516430952,0.7318866025235853
2019-04,1536,300496,18,0.23261205564142196,0.8534823148725263,0.7883296299874414
2019-04,1536,002023,32,0.17173913043478273,0.8203813865071928,0.661514683153014
2019-04,1536,601918,134,0.27616279069767435,0.9296000869361689,0.8267378028616152
2019-04,1536,300635,32,0.2528556593977155,0.5850254613207957,0.7933716604666888
2019-04,1536,002863,118,0.3088803088803088,0.7325291178173727,0.790672788152853
2019-04,1536,002575,32,0.30599999999999994,0.48281804854068944,0.710472213811019
2019-04,1536,601952,131,0.24408284023668636,0.9587342418248518,0.6782498210090048
2019-04,1536,002877,102,0.29744525547445255,0.7190564033714363,0.7726404433921652
2019-04,1536,002044,107,0.29962546816479396,0.9300540769921329,0.7800478704250677
2019-04,1536,000659,71,0.18581907090464544,0.7528741356238355,0.7281701607978835
2019-04,1536,002591,69,0.31441543700340524,0.817121570415467,0.7693923383904481
2019-04,1536,002879,30,0.21017565112053316,0.6809719938133447,0.7878245299910475
2019-04,1536,603603,36,0.3037383177570093,0.592210291273124,0.7915521978021978
2019-04,1536,002606,31,0.23905325443786984,0.6233697633460861,0.7441545238902066
2019-04,1536,300668,118,0.3230030554343082,0.9160537286687755,0.823602147294771
2019-04,1536,002751,33,0.2684227030417059,0.7843503812482924,0.8189880020865937
2019-04,1536,300539,27,0.23076923076923073,0.8513457132125624,0.722668313773934
2019-04,1536,300675,39,0.3060090309135116,0.7340674330315953,0.5531757279051787
2019-04,1536,600825,26,0.3191214470284238,0.3893067794471311,0.7832278481012656
2019-04,1536,300141,34,0.277179236043095,0.6923562808623904,0.7874882112543231
2019-04,1536,603031,116,0.28111273792093705,0.8717144202615457,0.5957769168808253
2019-04,1536,000918,75,0.2629674306393244,0.8843750984166318,0.7248655357881668
2019-05,1556,600837,22,0.20239880059970006,0.5816755382153447,0.5406273730942226
2019-05,1556,000009,19,0.1545988258317026,0.464623010491204,0.7290906437016484
2019-05,1556,002500,38,0.27522935779816515,0.70459880562263,0.8073196986006462
2019-05,1556,300016,15,0.10000000000000009,0.28767383131213065,0.48902255639097747
2019-05,1556,300017,21,0.24040920716112535,0.6501931941166734,0.7181001890359168
2019-05,1556,300582,26,0.26904985888993427,0.2644377568350191,0.5006156851089124
2019-05,1556,600222,17,0.1752380952380952,0.5688429724476027,0.6533010715520219
2019-05,1556,300586,32,0.285140562248996,0.553222531572792,0.6708376781369481
2019-05,1556,002518,33,0.30140597539543057,0.38494188459715567,0.6869440459110477
2019-05,1556,000031,17,0.158119658119658,0.5701125934209073,0.750521195274495
2019-05,1556,002526,42,0.262987012987013,0.4941587588192162,0.7809762202753445
2019-05,1556,001696,22,0.2515243902439024,0.7869079317239218,0.6014388489208632
2019-05,1556,000050,17,0.10424155283968362,0.33201240408370075,0.5425461898720898
2019-05,1556,300048,17,0.20402298850574707,0.48483618164901243,0.7460560911481157
2019-05,1556,300608,21,0.29792531120331944,0.6559156222481164,0.7888334373050532
2019-05,1556,300609,20,0.2309006590187942,0.5698421725514494,0.7267185200756776
2019-05,1556,000065,24,0.31753554502369674,0.7799681046793588,0.7032734952481522
2019-05,1556,002009,51,0.2723253757736517,0.7031371821785624,0.8090730487587064
2019-05,1556,002012,15,0.17350746268656725,0.35327258356075447,0.5758260042785835
2019-05,1556,600895,42,0.3062472695500218,0.5004456578228089,0.768889468876419
2019-05,1556,000100,39,0.2006079027355624,0.5627666368114603,0.54016620498615
2019-05,1556,002019,17,0.11570881226053653,0.5254899026453957,0.6352059468681457
2019-05,1556,600282,181,0.29241877256317694,0.6287489289418766,0.5374517374517376
2019-05,1556,002034,32,0.2728904847396768,0.43983271937540275,0.7067214177652913
2019-05,1556,002035,27,0.23904052936311004,0.5717383576260714,0.5270920166720116
2019-05,1556,002036,22,0.28032979976442873,0.48764171611975476,0.7695490277203142
2019-05,1556,600192,23,0.3138766519823788,0.4432516420282092,0.5373898208700596
2019-05,1556,300113,19,0.22636103151862463,0.6327403050272281,0.7845403070249513
2019-05,1556,300115,18,0.13465553235908156,0.7104653425658328,0.6775343861436572
2019-05,1556,300116,15,0.2341463414634145,0.38266717815440965,0.6620447221950976
2019-05,1556,002063,29,0.2594142259414226,0.4501618930466879,0.7346491228070173
2019-05,1556,600981,17,0.16470588235294115,0.7503300519522983,0.6700915791824886
2019-05,1556,300128,16,0.138655462184874,0.44833306708204157,0.6278996204133281
2019-05,1556,000518,16,0.21052631578947367,0.4194592243875137,0.6383426966292136
2019-05,1556,300134,19,0.16620689655172416,0.5698822364222098,0.7204685811008978
2019-05,1556,300684,25,0.3147540983606557,0.3693825205012628,0.692120885051268
2019-05,1556,300691,43,0.23131672597864783,0.6860676773467798,0.80637518845574
2019-05,1556,600356,35,0.2674418604651163,0.6101596259448451,0.6860232278734482
2019-05,1556,002095,17,0.09957870547682868,0.3460645389362761,0.4641338901367524
2019-05,1556,300170,18,0.1034717494894486,0.4530321709367378,0.6674102993121398
2019-05,1556,600386,39,0.2829076620825147,0.4772477506616454,0.6585214330089045
2019-05,1556,300181,43,0.30415430267062316,0.46328389829059013,0.7827363851114095
2019-05,1556,601099,18,0.10354223433242504,0.2997180839125652,0.5375552282768775
2019-05,1556,601108,15,0.08942202835332613,0.5604579397620104,0.5180240320427236
2019-05,1556,002130,25,0.227112676056338,0.4908830183229956,0.7424775302852673
2019-05,1556,002139,24,0.2093023255813954,0.47160405942380285,0.4927726675427069
2019-05,1556,300750,94,0.2960458922351977,0.7679569859336737,0.7976949040266231
2019-05,1556,300753,48,0.2723852520692249,0.23827000888820607,0.46281969600436845
2019-05,1556,300213,44,0.3105381165919282,0.49027660149937663,0.7200089860715891
2019-05,1556,002699,16,0.14208389715832204,0.3083706704588996,0.7656145063801207
2019-05,1556,600452,34,0.20086393088552912,0.6821119875506618,0.5843780135004825
2019-05,1556,601212,39,0.2941176470588235,0.7168916619860304,0.7698191933240609
2019-05,1556,601216,46,0.28620689655172415,0.6733053336339081,0.7787456445993037
2019-05,1556,300226,19,0.14816031537450725,0.4485714661003294,0.6671845896084689
2019-05,1556,300229,22,0.29100529100529093,0.6835075347426688,0.7187572455367492
2019-05,1556,002733,19,0.2063745019920319,0.526029774172515,0.5382492959155957
2019-05,1556,002181,37,0.27318718381112983,0.3113188286458232,0.6330058450441493
2019-05,1556,300250,18,0.12225705329153602,0.49683755624695625,0.5485387287962393
2019-05,1556,000671,33,0.29290322580645156,0.8404209576226367,0.8015748031496063
2019-05,1556,600501,36,0.31239242685025814,0.6239747255736107,0.6927326816829584
2019-05,1556,601377,37,0.2725925925925926,0.5626351445475963,0.6353166986564299
2019-05,1556,600505,19,0.15364583333333326,0.33761011081009873,0.5136476426799002
2019-05,1556,000686,22,0.26127049180327866,0.85246254849278,0.6755834584413816
2019-05,1556,600521,18,0.12642802741812642,0.6856431227973452,0.6994261119081779
2019-05,1556,002769,53,0.31391114348142757,0.5162435428432035,0.7240979911075685
2019-05,1556,002778,69,0.2987697715289982,0.6285538074529636,0.7432125963843715
2019-05,1556,600552,32,0.28403361344537825,0.4342044245157115,0.7267929959222844
2019-05,1556,002241,19,0.22601279317697232,0.7209486474816235,0.8087072844460661
2019-05,1556,002797,52,0.2721518987341772,0.6769329422068239,0.8116545265348596
2019-05,1556,000736,20,0.1681034482758621,0.34923928958957684,0.7763082231167341
2019-05,1556,000750,47,0.2951699463327371,0.6611565324027798,0.6898395721925141
2019-05,1556,601700,15,0.17621776504298003,0.47651688073134213,0.5707479752262984
2019-05,1556,600571,22,0.26027397260273977,0.4415551542053945,0.7249070631970261
2019-05,1556,600572,22,0.2968960863697706,0.4428867598616806,0.633523551600735
2019-05,1556,601811,41,0.23976109215017072,0.3525673072283175,0.7485604606525911
2019-05,1556,300332,41,0.27826086956521734,0.6140450308820476,0.8004895960832313
2019-05,1556,002840,18,0.22895357985837927,0.6707415717340459,0.7157287157287152
2019-05,1556,601881,20,0.1674975074775673,0.5475902917995664,0.582337790841494
2019-05,1556,300348,22,0.2073732718894009,0.5383052508770029,0.7685525349008081
2019-05,1556,002300,38,0.278816199376947,0.7141167491603982,0.7993670886075942
2019-05,1556,002302,24,0.2992805755395683,0.45034140331817346,0.7723555790029011
2019-05,1556,300369,18,0.17655468191565404,0.7766955018881867,0.5657568238213402
2019-05,1556,600622,29,0.30523255813953487,0.6365704283500597,0.6711473835813727
2019-05,1556,002870,21,0.2649186256781193,0.6745497522172998,0.7866081586218105
2019-05,1556,000839,28,0.294659300184162,0.623438214544261,0.6452323762092599
2019-05,1556,002876,44,0.3004275165176836,0.7560521295369826,0.7642347556871721
2019-05,1556,300380,36,0.30564908342686126,0.692668325417397,0.8121501706484638
2019-05,1556,601990,38,0.31798806479113384,0.5084536558885545,0.7782233189389264
2019-05,1556,000862,17,0.19872813990461047,0.4682997927360684,0.6334102268358325
2019-05,1556,600644,20,0.16078984485190406,0.4375867817049414,0.6663275686673445
2019-05,1556,603006,34,0.2522088353413654,0.4372480781849775,0.7597707139134965
2019-05,1556,002339,52,0.2267605633802816,0.6188479905845515,0.7909090909090907
2019-05,1556,603017,42,0.2859292701279157,0.24255751031742878,0.5948184209053774
2019-05,1556,002347,19,0.16261682242990638,0.57697712752976,0.7697121401752179
2019-05,1556,000915,20,0.17706476530005932,0.5090417483571201,0.6471196073366053
2019-05,1556,300423,15,0.13454075032341528,0.37767489479873007,0.4586404586404584
2019-05,1556,002367,24,0.26801152737752165,0.49750208438505605,0.7958921694480103
2019-05,1556,002942,55,0.31391054575297506,0.30721290477541646,0.5059010517060635
2019-05,1556,600705,32,0.2902255639097745,0.596464290417491,0.7077028885832184
2019-05,1556,600061,19,0.10793237971391423,0.4243685127633304,0.5405098506784765
2019-05,1556,600707,35,0.3132183908045977,0.4740583464075672,0.6845722079420867
2019-05,1556,600712,20,0.2031802120141344,0.5435633374760923,0.6693567529076675
2019-05,1556,603963,15,0.16030534351145032,0.35099619096355583,0.6380516035688453
2019-05,1556,600070,17,0.25322740814299904,0.7045560523176696,0.6045694200351505
2019-05,1556,002387,22,0.18980392156862746,0.32708077332576146,0.6276150627615066
2019-05,1556,600719,16,0.16610169491525428,0.7267892572702196,0.6977547495682216
2019-05,1556,300465,24,0.23991726990692863,0.40689408264104593,0.7194881889763782
2019-05,1556,002402,34,0.2459943449575871,0.695954068489888,0.8108470935696066
2019-05,1556,002405,21,0.22222222222222232,0.6044892168140129,0.7068622060374432
2019-05,1556,002411,103,0.2232142857142857,0.6550527431214386,0.41955519935884583
2019-05,1556,600751,17,0.1728723404255319,0.6328487517014463,0.666583758239025
2019-05,1556,600109,38,0.30292598967297757,0.8330919144576585,0.7935323383084578
2019-05,1556,600135,17,0.154816513761468,0.3392031525269316,0.6328405017921147
2019-05,1556,600783,43,0.3015873015873015,0.4238924892214162,0.6059965404574285
2019-05,1556,600151,22,0.2054574638844302,0.45085507590159135,0.8117062396466039
2019-05,1556,300545,23,0.30832282471626726,0.4476077625459897,0.672895496601423
2019-05,1556,600816,23,0.3148404993065187,0.4804028179512395,0.646542261251372
2019-05,1556,002488,23,0.23877745940783202,0.5261630262353401,0.7334494773519165
2019-05,1556,600830,30,0.2954545454545454,0.6430836907743444,0.7885624344176292
2019-06,1575,300006,29,0.24789207419898818,0.5619850060500733,0.5581284568767035
2019-06,1575,600199,24,0.23307291666666663,0.4109483357685054,0.6685752036996256
2019-06,1575,600839,63,0.24316939890710387,0.6324164751964202,0.6993006993006996
2019-06,1575,600203,20,0.15519765739385072,0.32445903284560584,0.4623944397428743
2019-06,1575,002505,27,0.1729957805907173,0.5233993816379793,0.45302013422818843
2019-06,1575,000021,19,0.12631578947368427,0.5299739518461641,0.5652135545358279
2019-06,1575,000023,78,0.3089793641940881,0.5741908336895144,0.6890962773315715
2019-06,1575,600226,29,0.3038277511961721,0.36798287805888696,0.5243053738684527
2019-06,1575,600862,15,0.108843537414966,0.35036001590137406,0.4570337364735843
2019-06,1575,002530,25,0.2111627906976744,0.513803852317489,0.5691659646166805
2019-06,1575,300043,33,0.19999999999999996,0.6439688115829206,0.6326322930800545
2019-06,1575,000046,31,0.18683001531393573,0.37562701609677146,0.6436142151455564
2019-06,1575,001896,19,0.20125786163522008,0.73572868167048,0.6059292649098473
2019-06,1575,002549,38,0.2877984084880636,0.5968086089359183,0.6243386243386243
2019-06,1575,000070,26,0.21341463414634154,0.751048282542871,0.5386582201190657
2019-06,1575,300067,32,0.22669104204753188,0.38269873162195944,0.5806337404850419
2019-06,1575,600268,15,0.13725490196078427,0.3007731146468518,0.4508118433619867
2019-06,1575,300079,19,0.14262295081967202,0.3350444920243575,0.48889191304051977
2019-06,1575,002567,16,0.17341482047364398,0.6225813179732229,0.49586776859504134
2019-06,1575,300085,23,0.22426470588235292,0.5269652116770788,0.5320427658632252
2019-06,1575,600287,25,0.19061166429587484,0.6168214901830433,0.607399495047582
2019-06,1575,603289,23,0.28087649402390436,0.6995760154433448,0.6008391608391608
2019-06,1575,002040,41,0.21412803532008828,0.45079994399837825,0.7293868921775898
2019-06,1575,600963,36,0.24009324009324018,0.6482778692000687,0.6293212925074075
2019-06,1575,600310,30,0.24631578947368415,0.4636430074086091,0.5402597402597403
2019-06,1575,002600,21,0.20801232665639457,0.5932832467058676,0.40501446480231434
2019-06,1575,300662,22,0.15780637940682707,0.4412578487564082,0.642993056070378
2019-06,1575,002605,23,0.12396694214876025,0.3358416771972181,0.5056046731922954
2019-06,1575,300118,15,0.08557213930348273,0.4887985387516668,0.5964826248801907
2019-06,1575,600322,24,0.2155963302752294,0.43860131637212096,0.5710808813942373
2019-06,1575,002609,30,0.17380660954712357,0.41113100912738804,0.5726058539357771
2019-06,1575,000514,33,0.18582375478927204,0.4477895886581761,0.5193334411907455
2019-06,1575,000517,30,0.1707317073170731,0.2767609350073058,0.47987616099071206
2019-06,1575,300129,53,0.29327902240325865,0.3721777700560042,0.6558381857186637
2019-06,1575,300130,25,0.15720524017467252,0.43787315213553646,0.6460194759562293
2019-06,1575,600331,26,0.18181818181818188,0.4224452733827917,0.6401091405184175
2019-06,1575,600336,25,0.19878296146044616,0.48835027888364957,0.5369127516778524
2019-06,1575,000523,22,0.20454545454545447,0.566457586354687,0.6292606187729417
2019-06,1575,300138,16,0.11836734693877538,0.5214033234617366,0.39948119325551185
2019-06,1575,300139,16,0.1657325860688551,0.479269969800802,0.6434772407320509
2019-06,1575,300686,16,0.13087674714104192,0.5397059431269687,0.6332498862084663
2019-06,1575,000529,37,0.18739635157545598,0.4333084133984866,0.6215529231211931
2019-06,1575,000531,30,0.22635135135135132,0.3486561728864856,0.47371982855853834
2019-06,1575,300690,19,0.15756302521008403,0.5057605746031575,0.5840886203423966
2019-06,1575,000536,33,0.19377162629757783,0.25772206753718135,0.45482278551223027
2019-06,1575,002639,24,0.2227674190382728,0.6342950727930899,0.5057573073516386
2019-06,1575,601018,17,0.134020618556701,0.430028491795727,0.5918719883625784
2019-06,1575,603369,16,0.20282258064516134,0.7541264668413266,0.6956696070569366
2019-06,1575,300158,28,0.18872549019607843,0.4183368940895274,0.559505988023952
2019-06,1575,002100,16,0.18867924528301883,0.4651517608859322,0.5467961654894047
2019-06,1575,300162,26,0.1583452211126961,0.4107816674457996,0.6370432591348174
2019-06,1575,600375,22,0.23285198555956677,0.42952328872257445,0.5886861873371145
2019-06,1575,601058,33,0.23241590214067287,0.6308116853386797,0.58307210031348
2019-06,1575,002657,31,0.16103484688489966,0.3871913470961558,0.5375451746754119
2019-06,1575,000563,30,0.21330275229357798,0.36804628919676,0.5730279898218829
2019-06,1575,300175,20,0.14592933947772657,0.42520435692037223,0.4936107083853126
2019-06,1575,000565,32,0.20062208398133752,0.5095643752694499,0.6514017159407615
2019-06,1575,002116,29,0.22666666666666668,0.6078482788685204,0.6557539682539683
2019-06,1575,002118,19,0.23488372093023246,0.5157518828870198,0.38995919632250386
2019-06,1575,002665,17,0.15404040404040398,0.5391385024226671,0.5546968415526845
2019-06,1575,000576,23,0.19461697722567284,0.34190727643063307,0.5626668492025464
2019-06,1575,002131,24,0.18316831683168322,0.29059570907539006,0.6353467561521248
2019-06,1575,002683,29,0.2901597981497057,0.7126257860675878,0.6296428455574663
2019-06,1575,300199,26,0.27827502034174123,0.406584958716879,0.5971194577802881
2019-06,1575,000599,33,0.23529411764705888,0.5698755124556036,0.7167943805874832
2019-06,1575,300759,31,0.12628205128205117,0.14311157354728282,0.4683109584764285
2019-06,1575,600446,27,0.30081691494473806,0.598009483109467,0.5820858074767917
2019-06,1575,603538,24,0.2066720911310007,0.7023971318576578,0.6652635901647763
2019-06,1575,000626,31,0.2084623323013416,0.3238721100528014,0.47510339123242395
2019-06,1575,002169,16,0.12713472485768496,0.6181512593380961,0.6592707744488416
2019-06,1575,603577,15,0.10660486674391667,0.3464921741535076,0.475725366274059
2019-06,1575,300236,20,0.1163291684618698,0.3467517501419734,0.5139047619047618
2019-06,1575,300241,20,0.1415384615384615,0.5643206070494621,0.5605926581158778
2019-06,1575,601311,19,0.22222222222222232,0.41847135334267815,0.572750340922822
2019-06,1575,002736,33,0.19541284403669734,0.3912991628637507,0.7295232634614407
2019-06,1575,601319,29,0.212378640776699,0.49341994298665565,0.6691391146531996
2019-06,1575,002189,21,0.1780520052886735,0.47036971707764846,0.5878290477490644
2019-06,1575,002746,21,0.23689320388349522,0.6404777223611153,0.5095599670661418
2019-06,1575,300255,17,0.10559006211180133,0.28664198299368737,0.45136565484518515
2019-06,1575,002195,26,0.10148514851485146,0.3470002579037698,0.45818815331010454
2019-06,1575,002750,18,0.18128654970760238,0.3118852497388185,0.3643386574799039
2019-06,1575,000682,21,0.12753036437246978,0.20568831014597977,0.43298675402364395
2019-06,1575,600512,25,0.1559322033898305,0.41238720158944703,0.529275945769937
2019-06,1575,601515,30,0.23809523809523803,0.45645254820134545,0.4753374704113623
2019-06,1575,601519,25,0.2844611528822055,0.5923381741613253,0.50923018000766
2019-06,1575,600530,15,0.14513556618819767,0.5324860352122226,0.5987116331943919
2019-06,1575,601608,24,0.24628450106157118,0.6213312243031281,0.726634251755808
2019-06,1575,601615,40,0.2865168539325843,0.34247669090157834,0.39839034205231394
2019-06,1575,000727,33,0.20425531914893613,0.3131591036910795,0.49835222249015354
2019-06,1575,600556,24,0.11823899371069191,0.3603278364737173,0.5518927089698643
2019-06,1575,002242,21,0.1154071470415935,0.6041782728912063,0.7452119960955479
2019-06,1575,002798,20,0.1914480077745383,0.5180714203450189,0.6014525239845783
2019-06,1575,300303,38,0.21739130434782605,0.35719144652960744,0.5127088662711583
2019-06,1575,300307,19,0.12058823529411755,0.44007139901078957,0.6789185905224789
2019-06,1575,002255,27,0.2045028142589118,0.4212147473736096,0.5347255181142229
2019-06,1575,600575,26,0.1678321678321678,0.5304658446305357,0.5664794007490636
2019-06,1575,603707,17,0.19003378378378377,0.4073082702990278,0.6413095811266246
2019-06,1575,601789,28,0.1182519280205655,0.32853187388276606,0.469406392694064
2019-06,1575,002265,23,0.2132540356839422,0.5173916629448193,0.6202771976457182
2019-06,1575,000783,33,0.1549079754601227,0.46489725780509855,0.6106245395760014
2019-06,1575,000785,42,0.2645654250238778,0.3627160758259363,0.3313339045986849
2019-06,1575,601860,35,0.26315789473684215,0.5224178926107483,0.7270180799592563
2019-06,1575,600602,17,0.09961190168175948,0.45755883369488637,0.5742163404923455
2019-06,1575,600604,20,0.15932203389830502,0.44978715942388925,0.5546813532651456
2019-06,1575,601890,21,0.21273291925465843,0.39997797105533534,0.5293276108726751
2019-06,1575,000810,20,0.12035995500562435,0.30204174634534525,0.43002436289106316
2019-06,1575,300353,20,0.1680497925311204,0.6109306610881771,0.5918851511649128
2019-06,1575,002851,23,0.15194346289752636,0.668344987855767,0.6142262730334848
2019-06,1575,600613,22,0.3040380047505937,0.4363528107409529,0.7242231809588443
2019-06,1575,600620,19,0.14177215189873416,0.3519703092891561,0.5079169237096441
2019-06,1575,600621,33,0.2815533980582524,0.6110749903651747,0.7098653076083
2019-06,1575,002303,29,0.25058548009367665,0.7273648380327356,0.7233524604416621
2019-06,1575,300370,19,0.16780045351473927,0.44265706783387226,0.5472603202486318
2019-06,1575,300378,23,0.16327868852459015,0.5106853836572248,0.6040018613308513
2019-06,1575,300379,32,0.2167138810198299,0.6246091817523276,0.6445688689809631
2019-06,1575,600640,16,0.1281317108088762,0.6537049129948722,0.5279235382308844
2019-06,1575,000859,31,0.22596964586846546,0.3592685306535669,0.45761316872427993
2019-06,1575,002321,37,0.2577197149643705,0.6516128881347156,0.4837462962167737
2019-06,1575,002322,25,0.1551383399209485,0.5173799944073822,0.6336952833389892
2019-06,1575,603000,24,0.17703109327983957,0.4462105126590966,0.38898332224767823
2019-06,1575,002328,15,0.15328467153284675,0.5579791525518737,0.6120390090796999
2019-06,1575,600651,30,0.17249417249417254,0.2665026112942628,0.47333034513670996
2019-06,1575,002330,31,0.17754172989377848,0.522144750429765,0.6077132839890925
2019-06,1575,300397,20,0.24942616679418517,0.6737714916813671,0.6294146907643843
2019-06,1575,603010,22,0.19999999999999996,0.5679678578339066,0.6816666255032237
2019-06,1575,600662,29,0.2674616695059626,0.6371028630781536,0.6454183266932267
2019-06,1575,603888,31,0.169709263015551,0.2962284524354889,0.41417109532145063
2019-06,1575,600020,18,0.171875,0.392903186006413,0.48466593647316525
2019-06,1575,603896,30,0.22703412073490814,0.406290771262632,0.5522479983576271
2019-06,1575,600026,15,0.1132075471698113,0.504095886803157,0.7179323548181237
2019-06,1575,002355,24,0.22157434402332354,0.5117036290921997,0.6108573620166663
2019-06,1575,000920,30,0.19790301441677582,0.4222982957298074,0.7331615752668386
2019-06,1575,000921,18,0.11957569913211175,0.5449232738287774,0.5094565184072583
2019-06,1575,000925,69,0.2868571428571428,0.39069969688292655,0.7308970099667773
2019-06,1575,600695,29,0.1475177304964539,0.29267703907049514,0.514806920355323
2019-06,1575,002368,20,0.11611479028697569,0.388394788075201,0.5472570570861376
2019-06,1575,002371,19,0.16885589187131167,0.5281046417724805,0.6831338081527504
2019-06,1575,000936,20,0.1284501061571124,0.42052181968080454,0.5371093749999994
2019-06,1575,300443,58,0.3007900677200902,0.7325823089673918,0.6823014383989995
2019-06,1575,002946,38,0.2185897435897436,0.41115705286665594,0.3148688046647225
2019-06,1575,002380,33,0.15881561238223418,0.37045508421875556,0.7239182592868368
2019-06,1575,600064,17,0.0825852782764811,0.3616465523561182,0.44688133874239294
2019-06,1575,603063,35,0.18571428571428572,0.3550764819517375,0.6885448067963825
2019-06,1575,603966,26,0.2376237623762376,0.45966780444787225,0.5481717011128777
2019-06,1575,000957,27,0.20067643742953767,0.38796582029416066,0.45090797168359514
2019-06,1575,002390,24,0.1545988258317026,0.22565105999559937,0.463565115891279
2019-06,1575,600728,49,0.183937823834197,0.44597185704635117,0.6334612222526719
2019-06,1575,603988,30,0.23954060705496305,0.6173899637026943,0.6103356103356108
2019-06,1575,600088,17,0.09756097560975607,0.5429034370543191,0.3951961351342156
2019-06,1575,603086,23,0.15864759427828357,0.45143583437814516,0.5973303670745274
2019-06,1575,000977,26,0.12814070351758788,0.584348859530622,0.556860902255639
2019-06,1575,600093,28,0.29548872180451136,0.6695140074925934,0.70242656449553
2019-06,1575,600738,40,0.22342995169082125,0.27282488481743844,0.5196338943017421
2019-06,1575,600748,19,0.26203208556149726,0.5919722892265147,0.6224406224406225
2019-06,1575,000996,33,0.19425901201602136,0.44268310125714283,0.409622886866059
2019-06,1575,002418,33,0.2957198443579766,0.35268230577682774,0.548856548856549
2019-06,1575,600756,19,0.11425339366515841,0.40925306966185726,0.4590747330960855
2019-06,1575,002429,33,0.12152777777777779,0.23767609978122875,0.3423854893768793
2019-06,1575,603118,15,0.1191294387170676,0.45988956963392214,0.5195638229634381
2019-06,1575,600776,33,0.3061371841155235,0.4926142545365335,0.6031004998350799
2019-06,1575,603131,43,0.2633037694013304,0.6343773117190665,0.7273152137401239
2019-06,1575,600792,24,0.17067307692307687,0.4664005461635191,0.5639866537509416
2019-06,1575,002458,25,0.24137931034482762,0.5083861688920791,0.4078341787885912
2019-06,1575,600156,33,0.2516025641025641,0.5060109867933454,0.6595744680851067
2019-06,1575,600797,26,0.1822262118491922,0.7559541074018598,0.5582833242407719
2019-06,1575,600158,25,0.16818558409279216,0.5656076552666732,0.7451312447078752
2019-06,1575,600166,24,0.11462450592885365,0.3425772434164682,0.49418774461125065
2019-06,1575,600175,29,0.27659574468085113,0.669197129486208,0.6247583700610837
2019-06,1575,002486,118,0.2683982683982684,0.7638638951464395,0.724172946395169
2019-06,1575,600191,20,0.2089093701996927,0.5517326319613476,0.5505540166204984
2019-07,1598,300563,16,0.10661268556005399,0.46320285677917783,0.5360415394013434
2019-07,1598,002503,33,0.23880597014925375,0.6307979312402346,0.458656330749354
2019-07,1598,600218,17,0.16924208977189115,0.3154904403008495,0.35782737091480443
2019-07,1598,600225,40,0.25060827250608275,0.5508122235812434,0.5219406674907293
2019-07,1598,600860,34,0.16260162601626016,0.4021865482674303,0.4647424187066132
2019-07,1598,002519,43,0.2315175097276264,0.5869621387614324,0.4341680129240711
2019-07,1598,600864,52,0.26108998732572875,0.6744379828332702,0.6008578212361815
2019-07,1598,600866,23,0.20281124497991976,0.5044448746265959,0.5449900652852686
2019-07,1598,001696,34,0.1334586466165414,0.3225162399019605,0.37560712358337833
2019-07,1598,600251,26,0.24577572964669736,0.5049123162961248,0.47567733990147787
2019-07,1598,002002,22,0.20314960629921264,0.37126396836120434,0.4474017743979725
2019-07,1598,002548,16,0.1503604531410917,0.5813359158801356,0.5571384169084126
2019-07,1598,600273,36,0.14553990610328627,0.5182613178581903,0.45332566609162345
2019-07,1598,000159,32,0.22533495736906217,0.26368870400620786,0.3145548249511286
2019-07,1598,002565,29,0.2895027624309393,0.5271183559010487,0.34022190986033435
2019-07,1598,000338,27,0.09468599033816427,0.563213529208017,0.5444273240883412
2019-07,1598,600284,41,0.19999999999999996,0.5211026372358694,0.6546966546966547
2019-07,1598,600928,43,0.17952522255192882,0.24592073047918478,0.1639431028779358
2019-07,1598,000409,28,0.21906354515050175,0.47107797842221893,0.6155632984901279
2019-07,1598,600292,19,0.2069444444444445,0.5923093994249222,0.5725277212038935
2019-07,1598,603300,23,0.17263843648208466,0.44050476454888077,0.5619431965278308
2019-07,1598,300099,23,0.15975422427035335,0.34355046471429773,0.46454437358123446
2019-07,1598,600303,17,0.19842829076620816,0.42192153115989656,0.5082192239445585
2019-07,1598,000420,34,0.15666666666666673,0.28916064655296075,0.5204216073781297
2019-07,1598,600309,27,0.12458514169006896,0.4618358835241797,0.6114596693126276
2019-07,1598,300110,25,0.19117647058823528,0.30217124318487404,0.3604528301886792
2019-07,1598,002601,31,0.14802354920100924,0.5885500893326584,0.4904632152588556
2019-07,1598,002056,23,0.14741641337386013,0.3888405194310262,0.486688113047425
2019-07,1598,000506,24,0.18826405867970664,0.4942177177652045,0.4647887323943663
2019-07,1598,300680,18,0.09150326797385633,0.6716113453006708,0.6371137977355589
2019-07,1598,600346,35,0.10758885686839592,0.5830847954616776,0.4999140450403988
2019-07,1598,600352,27,0.13760806916426516,0.3809609232622078,0.45157247483648605
2019-07,1598,002631,26,0.21283783783783783,0.3455656384007226,0.46140072997727416
2019-07,1598,300145,19,0.2322175732217574,0.46303470383704404,0.3945507332688156
2019-07,1598,601008,29,0.17805383022774324,0.22660386026256224,0.3812497043659238
2019-07,1598,603365,29,0.09238728750923875,0.3777476192117428,0.5238858455134795
2019-07,1598,300698,18,0.19003595274781715,0.3436153933536845,0.5240192993496962
2019-07,1598,002099,20,0.1740787801778907,0.4229994807835352,0.4989949154546527
2019-07,1598,600376,36,0.16883116883116878,0.5130559978689279,0.6539936362894672
2019-07,1598,300711,22,0.21371610845295053,0.3697664140815627,0.5667739064959958
2019-07,1598,603387,33,0.13316993464052296,0.5956747545334238,0.5705918242830994
2019-07,1598,600382,28,0.1307339449541285,0.5165037376507016,0.5395745662074127
2019-07,1598,300718,24,0.1316725978647687,0.5740036767708424,0.631755497577339
2019-07,1598,002112,43,0.25487256371814093,0.3384739585187294,0.28497894244267663
2019-07,1598,300174,22,0.15496254681647936,0.41365205762213875,0.4515170874575823
2019-07,1598,300183,18,0.18341200269723534,0.4934853406326988,0.6543456543456542
2019-07,1598,002674,26,0.18043303929430632,0.5378994175617878,0.5166306695464361
2019-07,1598,002130,31,0.1629629629629631,0.3270678880493578,0.4307568438003218
2019-07,1598,002678,31,0.12160413971539463,0.4086218536217357,0.6363091671659674
2019-07,1598,300194,21,0.17647058823529405,0.37240787161823846,0.33633329108040744
2019-07,1598,600422,20,0.18855534709193245,0.5585634728597352,0.5524904214559386
2019-07,1598,002702,19,0.16135084427767366,0.41920901316011433,0.5287356321839084
2019-07,1598,002703,20,0.14,0.21002675978057592,0.4877681595784719
2019-07,1598,600459,16,0.0972461273666092,0.3065703544236018,0.2979011509817205
2019-07,1598,600460,30,0.18244803695150114,0.413655814267052,0.48102778607708446
2019-07,1598,002161,41,0.20867526377491197,0.5924640912714383,0.4891110317743663
2019-07,1598,002167,17,0.19263803680981595,0.4790363846532761,0.5988239799941428
2019-07,1598,002723,26,0.2007125890736341,0.3146944359663101,0.5110865465895053
2019-07,1598,600478,34,0.25116279069767444,0.454602036930048,0.4204185746335167
2019-07,1598,000656,33,0.12541254125412538,0.6070966587467161,0.6483821263482276
2019-07,1598,002177,24,0.20239880059970006,0.42449991678950444,0.48880822746521485
2019-07,1598,002740,35,0.28160200250312895,0.5288169379570653,0.6387953239548245
2019-07,1598,603602,30,0.23346523459581692,0.4744911178440872,0.47621887580140154
2019-07,1598,002191,30,0.19890510948905127,0.5454944021500169,0.5546179090482884
2019-07,1598,000678,45,0.29613259668508296,0.38780165274163064,0.6376136098811467
2019-07,1598,600506,30,0.22346368715083798,0.5545456696063924,0.5799192152336987
2019-07,1598,601398,16,0.02777777777777779,0.588842914195903,0.5880177514792906
2019-07,1598,300267,24,0.23383084577114432,0.5461157621060015,0.5470085470085473
2019-07,1598,300268,15,0.12796208530805675,0.48586113302371164,0.6308555979046584
2019-07,1598,601555,26,0.08679706601466997,0.4519814852967127,0.46682325308279465
2019-07,1598,002215,19,0.11696869851729819,0.24953952137908583,0.39198775307790173
2019-07,1598,000708,24,0.1256117455138661,0.5256025678539412,0.6503164556962021
2019-07,1598,002772,18,0.12195121951219501,0.250796467236538,0.4977302204928665
2019-07,1598,002224,50,0.29467939972714874,0.4769658779588243,0.5881881239725752
2019-07,1598,600536,32,0.21238679520888104,0.4460482215778112,0.5106138841078601
2019-07,1598,002783,20,0.2334630350194553,0.345799384174462,0.4543737520910906
2019-07,1598,002232,33,0.17227722772277232,0.3865496330691495,0.4875657826849654
2019-07,1598,000723,22,0.22634836427939875,0.5197366376073571,0.3940633939222907
2019-07,1598,002235,25,0.22360248447204967,0.5993542924941594,0.45781694343994644
2019-07,1598,600548,31,0.0572625698324023,0.42075644541841134,0.6127585708086218
2019-07,1598,000733,39,0.14597629444791027,0.6496641355446668,0.5726534986985148
2019-07,1598,300302,32,0.2053264604810997,0.6520285314767507,0.5640636846095527
2019-07,1598,000736,35,0.20897832817337458,0.591214560407243,0.5247060631676017
2019-07,1598,002803,34,0.13054830287206265,0.46985311059497614,0.5442550852116546
2019-07,1598,600565,30,0.14074074074074072,0.5304399137653446,0.6173913043478259
2019-07,1598,300310,18,0.22443181818181823,0.428993260781452,0.5011539729640624
2019-07,1598,000758,23,0.16326530612244894,0.3600124700399022,0.4435215946843856
2019-07,1598,000759,31,0.10299869621903524,0.3409250473769807,0.4959769131062139
2019-07,1598,002261,18,0.17592592592592604,0.3530280999404239,0.5326743547501375
2019-07,1598,603712,19,0.19024814976055715,0.4699461401521596,0.5837525526722126
2019-07,1598,600580,37,0.1260162601626016,0.6599622020089073,0.6372945503380282
2019-07,1598,601865,41,0.27174887892376687,0.3206809628348902,0.2536041939711664
2019-07,1598,300342,22,0.11157024793388426,0.27626699786603026,0.44816393570841967
2019-07,1598,601881,24,0.14491449144914492,0.5911936745514622,0.6256673072816569
2019-07,1598,002846,27,0.1268571428571429,0.482457908012343,0.546918072554857
2019-07,1598,600609,28,0.1517857142857144,0.6089481079407988,0.4273972602739725
2019-07,1598,000811,28,0.2537091988130563,0.5607895757762897,0.5618926911702575
2019-07,1598,000815,18,0.17373737373737375,0.34002977857473005,0.43415600792649944
2019-07,1598,002300,30,0.1082568807339449,0.4421969760146099,0.5153374233128836
2019-07,1598,601949,15,0.07985480943738643,0.24599989518398,0.4228804902962204
2019-07,1598,601952,27,0.19203413940256053,0.48789124679891305,0.5145948666331153
2019-07,1598,600635,55,0.2788732394366197,0.38852711614844493,0.6221477413852441
2019-07,1598,000850,34,0.146095717884131,0.2688512359272468,0.366664284182689
2019-07,1598,601988,16,0.019607843137254832,0.4702802213365891,0.43526785714285826
2019-07,1598,002882,15,0.05981308411214947,0.2394451177714125,0.4569754668619549
2019-07,1598,002884,49,0.2751256281407035,0.6539243385272234,0.6268502072232088
2019-07,1598,300384,18,0.19636576787807725,0.5737668821926563,0.5971761438160634
2019-07,1598,002886,33,0.2333836858006042,0.42394499950592773,0.516382405745063
2019-07,1598,600648,22,0.10654761904761911,0.31729767764380784,0.47505781301618744
2019-07,1598,000877,35,0.1613832853025936,0.46430862659344835,0.5015893197711372
2019-07,1598,600006,17,0.11368015414258203,0.326614967474529,0.4475476839237056
2019-07,1598,600663,26,0.1474688187820984,0.6335903307660121,0.6450203843913805
2019-07,1598,000893,19,0.1383248730964467,0.6154208270030662,0.6354064642507343
2019-07,1598,603890,18,0.13377483443708604,0.3727186834586367,0.5270419426048566
2019-07,1598,603026,24,0.08457711442786053,0.5225948183796133,0.39024206319282073
2019-07,1598,600679,33,0.2126398946675444,0.4420229838466794,0.46889055472263824
2019-07,1598,300427,23,0.16162943495400794,0.421047250517117,0.3353018112639214
2019-07,1598,000922,22,0.1578947368421053,0.38195791578004346,0.5004699248120306
2019-07,1598,000928,34,0.15132924335378306,0.4583571251351826,0.36531690140845063
2019-07,1598,600058,32,0.18162393162393153,0.4331675955767073,0.43689320388349556
2019-07,1598,002378,23,0.2271062271062272,0.6350445792386885,0.533751962323391
2019-07,1598,600708,21,0.1349353049907579,0.4013494634242379,0.6079886885825382
2019-07,1598,000951,36,0.09940944881889757,0.6623049721053372,0.44871794871794884
2019-07,1598,600067,35,0.16938775510204085,0.268469377082285,0.4999999999999991
2019-07,1598,600712,31,0.12406015037593987,0.6160072469851607,0.44417026526835285
2019-07,1598,002385,29,0.18560606060606066,0.5800259446840487,0.5370682392586356
2019-07,1598,603970,25,0.1738219895287959,0.36604940808800646,0.46552835051546415
2019-07,1598,000962,32,0.19560439560439558,0.4677260938560977,0.5413711583924351
2019-07,1598,000966,15,0.08644400785854611,0.4071322478565267,0.3938609467455619
2019-07,1598,600725,19,0.10828025477707015,0.26786892827571723,0.5114144364308284
2019-07,1598,600081,17,0.14507299270073004,0.2107259838675891,0.33283833040831645
2019-07,1598,000969,20,0.15458937198067624,0.31237788135279954,0.3731796116504854
2019-07,1598,000970,20,0.14859437751004023,0.2938313944118142,0.45350779510022265
2019-07,1598,002398,23,0.1021775544388609,0.3840737184838132,0.4587155963302754
2019-07,1598,603085,20,0.16892502258355924,0.29618432737839345,0.48459214501510645
2019-07,1598,000976,25,0.11917098445595864,0.5153556572699778,0.6475300400534039
2019-07,1598,600736,22,0.17167919799498743,0.3375448466529502,0.47378996721542616
2019-07,1598,300471,33,0.24544666088464873,0.4037387314206571,0.422395163535604
2019-07,1598,603089,19,0.12030798845043311,0.5645550443802015,0.5514228362262367
2019-07,1598,603998,25,0.1268057784911717,0.3568257342483623,0.3243243243243244
2019-07,1598,600099,18,0.11944091486658204,0.26471449604084846,0.4508088040307612
2019-07,1598,000990,36,0.19742143432715542,0.3884417143373782,0.37445887445887416
2019-07,1598,000993,32,0.20903954802259883,0.3732698658107244,0.3791591436677845
2019-07,1598,600108,30,0.17539267015706805,0.3656709248600206,0.3286971331251774
2019-07,1598,002428,32,0.29580573951434885,0.5638095739648534,0.5168621700879769
2019-07,1598,002435,51,0.21372549019607845,0.36024413880621126,0.603932584269663
2019-07,1598,002437,41,0.23747276688453156,0.4545428200497966,0.463350785340314
2019-07,1598,600775,18,0.1587947882736156,0.3033285409362173,0.4560160221845634
2019-07,1598,002440,29,0.10600375234521586,0.28344272549036986,0.43798761585234675
2019-07,1598,600131,47,0.20025923525599476,0.2750265537961889,0.3703190013869626
2019-07,1598,600794,17,0.15952380952380962,0.28555362420631647,0.43299932506100425
2019-07,1598,600155,24,0.21461487820934821,0.38809789856912225,0.4062376536754281
2019-07,1598,002459,15,0.12175324675324672,0.28872565182316984,0.6453447050461981
2019-07,1598,603156,28,0.1608088589311507,0.5992831967939144,0.5486741492644097
2019-07,1598,002461,36,0.14193548387096777,0.4055500707718129,0.4853579175704986
2019-07,1598,002464,23,0.21116504854368934,0.633816153211091,0.5115606936416187
2019-07,1598,603166,34,0.18305084745762712,0.5651415888336256,0.5783232785521115
2019-07,1598,603167,31,0.12364130434782605,0.4921474186032789,0.4405529953917046
2019-07,1598,300540,25,0.2116244411326379,0.3230204876715468,0.3551769331585846
2019-07,1598,002476,19,0.11508553654743381,0.4856884794252065,0.6351236146632566
2019-07,1598,600188,24,0.08950617283950613,0.45185881905785763,0.5827505827505821
2019-07,1598,600831,31,0.1947368421052632,0.35116777734199395,0.38714101110261334
2019-08,1620,600202,67,0.17064220183486245,0.3783291752810757,0.5188725490196074
2019-08,1620,300018,25,0.1428571428571429,0.38614735182399906,0.5278214138073585
2019-08,1620,002506,42,0.13623188405797104,0.5049957908095101,0.4556471158507034
2019-08,1620,300025,21,0.15855572998430134,0.5099370222234391,0.6427730102641761
2019-08,1620,300029,17,0.19785276073619618,0.45379410520745966,0.5780178076193256
2019-08,1620,300042,27,0.16821808510638292,0.4344948923441025,0.4941701228578136
2019-08,1620,600871,55,0.2415094339622642,0.3069744579939592,0.4382871536523932
2019-08,1620,002532,48,0.1684782608695652,0.2291215806301042,0.4240680810260098
2019-08,1620,600259,20,0.13585103592971415,0.6008326560150418,0.6170976485239174
2019-08,1620,300066,26,0.17826086956521736,0.35303036645349123,0.5376020627417275
2019-08,1620,300069,29,0.183277591973244,0.48776941150932224,0.6041026885187286
2019-08,1620,002023,64,0.2673684210526316,0.5219564582161836,0.6460495117660559
2019-08,1620,300640,50,0.2596491228070176,0.6032267580166544,0.5032648510909382
2019-08,1620,300103,56,0.28456591639871376,0.5067294980108098,0.5570864908874552
2019-08,1620,600961,16,0.08773903262092253,0.368672846914474,0.6359875904860394
2019-08,1620,300106,23,0.18004866180048662,0.3571040724187447,0.5537021361350397
2019-08,1620,002591,34,0.16552511415525117,0.6085430984041438,0.5992392890462412
2019-08,1620,600313,17,0.12569832402234637,0.4913757593890651,0.4496559744161257
2019-08,1620,603318,36,0.14542548941270472,0.532776198721024,0.4626379137412232
2019-08,1620,002054,29,0.250828729281768,0.5347599455932579,0.5333227040816326
2019-08,1620,603336,23,0.11203319502074693,0.5181574396760036,0.471419984543607
2019-08,1620,002077,23,0.18307692307692314,0.44235895123331326,0.5088803264859441
2019-08,1620,600345,54,0.2801204819277108,0.37006005111716117,0.3742737319006952
2019-08,1620,002079,20,0.13414634146341464,0.45970996426472677,0.6480104940970702
2019-08,1620,600368,25,0.17263843648208466,0.32195742118458787,0.41437264560996817
2019-08,1620,002646,42,0.23295454545454541,0.5697793837155145,0.6421725239616609
2019-08,1620,300163,24,0.12077294685990325,0.4558177841491352,0.5898653998416468
2019-08,1620,600378,34,0.19004524886877827,0.26987720332163095,0.4841794158553546
2019-08,1620,300189,49,0.2857142857142858,0.544183569145467,0.4460748349229642
2019-08,1620,000586,19,0.14218381775333866,0.526751120109635,0.599094701340197
2019-08,1620,601116,27,0.16039907904834994,0.33059113745738306,0.4889907619642982
2019-08,1620,000589,26,0.1554878048780487,0.3389450067256385,0.38905194184697317
2019-08,1620,000590,50,0.2452972159518435,0.5110628470588751,0.6517148636333328
2019-08,1620,002140,31,0.19496021220159143,0.2693999733665794,0.39656230816451815
2019-08,1620,603508,21,0.14785553047404065,0.6425763227798759,0.6038743191082575
2019-08,1620,002695,28,0.13428357089272325,0.5037777965432342,0.5706883789785344
2019-08,1620,002149,23,0.21518987341772144,0.5695981767227718,0.646208180212857
2019-08,1620,603519,26,0.10679611650485443,0.3005743676421961,0.5176010430247717
2019-08,1620,000612,17,0.13272311212814647,0.41068449625629305,0.5245323936026022
2019-08,1620,300762,48,0.18210459987397598,0.6090977453867781,0.4891449298554435
2019-08,1620,300763,53,0.24877571008814892,0.48592492035346385,0.4403239803297651
2019-08,1620,300766,42,0.17364990689013038,0.5787159385941903,0.3788448393711556
2019-08,1620,300767,43,0.2285276073619631,0.4650471183426485,0.41540458675897984
2019-08,1620,002164,26,0.1995412844036697,0.28917044421085125,0.5113967304780026
2019-08,1620,600469,24,0.19047619047619047,0.4195416313466362,0.5482324745356498
2019-08,1620,002169,19,0.13721804511278202,0.5826846394931332,0.6575666097913109
2019-08,1620,000650,33,0.22965116279069764,0.27672386291565115,0.47276814605402073
2019-08,1620,000655,20,0.1188118811881187,0.43071603051943175,0.22620169651272407
2019-08,1620,300260,21,0.13037249283667618,0.3895026086389738,0.5363946756395663
2019-08,1620,603615,40,0.20779220779220775,0.5811082909122185,0.588107007851119
2019-08,1620,000686,86,0.2797131147540983,0.6069008880873724,0.5955143078112916
2019-08,1620,002760,49,0.188427299703264,0.45612963575195387,0.5838392893525117
2019-08,1620,603619,22,0.20337960168980085,0.5066494986748833,0.5758183641834593
2019-08,1620,002208,79,0.26753864447086806,0.5223098922627507,0.4405594405594404
2019-08,1620,600517,41,0.22922636103151872,0.26874703605111194,0.504540867810293
2019-08,1620,300282,26,0.12101910828025486,0.49082630076524947,0.5353728489483756
2019-08,1620,002231,21,0.16966580976863754,0.4077051183257965,0.5477881180258458
2019-08,1620,300292,33,0.25835866261398177,0.4777485912518277,0.539234413202934
2019-08,1620,601633,43,0.22753792298716458,0.634699259028792,0.5831715210355987
2019-08,1620,300299,36,0.22807017543859642,0.32496694328271847,0.44863731656184497
2019-08,1620,603696,24,0.1304812834224598,0.43247152521382,0.49584870848708473
2019-08,1620,600587,24,0.1404358353510896,0.46245876347398995,0.5915034368701223
2019-08,1620,002828,36,0.20075187969924813,0.3952203350864824,0.5531164770837486
2019-08,1620,603727,16,0.07507692307692315,0.49144213922751034,0.5525437864887406
2019-08,1620,002274,34,0.2674094707520891,0.5926942020991898,0.448925619834711
2019-08,1620,601858,27,0.1847133757961783,0.4421858038669092,0.6232664382444116
2019-08,1620,600598,24,0.12138728323699433,0.4351942435119636,0.49693016116653926
2019-08,1620,603777,27,0.14083457526080478,0.298547046038309,0.5121079793568878
2019-08,1620,600626,26,0.1574585635359117,0.4415234628322264,0.5395070948469005
2019-08,1620,002871,38,0.20736086175942547,0.43289011747679734,0.5905282567204736
2019-08,1620,601969,22,0.15986394557823125,0.4197839988337704,0.5880364988171678
2019-08,1620,601975,52,0.21574344023323622,0.309052450202228,0.3835492345321132
2019-08,1620,002315,32,0.14440433212996395,0.5893602438907288,0.650870178739417
2019-08,1620,600642,27,0.07990867579908667,0.558243951494819,0.6505847953216368
2019-08,1620,300387,26,0.10889110889110887,0.4679057379253406,0.5792338502618878
2019-08,1620,002888,50,0.28437499999999993,0.6415581119743778,0.5734126302038569
2019-08,1620,002329,37,0.20612244897959187,0.35484486545907223,0.6036484245439468
2019-08,1620,002893,20,0.1396011396011395,0.38451114218573684,0.5302051137960102
2019-08,1620,000885,28,0.13937282229965153,0.5501007958014743,0.6048669467787116
2019-08,1620,300399,22,0.17802197802197794,0.538553237321627,0.5819154107924162
2019-08,1620,002339,116,0.2267605633802816,0.43566207298811377,0.6353488372093024
2019-08,1620,300405,27,0.2332317073170731,0.4885722995949525,0.3471236075609835
2019-08,1620,000906,49,0.16860465116279066,0.4833600436633456,0.5874613713551393
2019-08,1620,603028,32,0.1964285714285714,0.3763171867322974,0.5359880749574103
2019-08,1620,603901,52,0.23945267958950966,0.583886583426139,0.6219546476761623
2019-08,1620,603906,20,0.11788079470198676,0.3701787295681982,0.46985645933014364
2019-08,1620,000923,30,0.2004048582995952,0.5276854369598578,0.6391270459859705
2019-08,1620,002373,63,0.23127035830618903,0.6438084469980487,0.4844549390003938
2019-08,1620,600059,23,0.1113801452784503,0.40577332731222016,0.5514905968434416
2019-08,1620,600710,41,0.211416490486258,0.48830350178999476,0.6567944250871078
2019-08,1620,002950,57,0.284751990202082,0.4880963094444436,0.4532989569905073
2019-08,1620,002951,51,0.2669603524229074,0.4194409666293439,0.3198942498347656
2019-08,1620,000958,39,0.2542372881355932,0.2914025133379724,0.5753758634701327
2019-08,1620,002958,47,0.24549918166939444,0.2912573473109868,0.4637062339880443
2019-08,1620,600073,30,0.18343815513626827,0.5081046540581281,0.5574092247301272
2019-08,1620,002397,41,0.20034843205574915,0.6320494745801746,0.6242447129909362
2019-08,1620,600111,16,0.09805579036348266,0.5154940773752619,0.5911435941530521
2019-08,1620,600758,36,0.24662813102119463,0.3280857690491338,0.38859494415049983
2019-08,1620,600163,63,0.25225225225225234,0.3710582513029987,0.33369175627240216
2019-08,1620,002467,28,0.16607142857142854,0.3054626914015927,0.48249237149552426
2019-08,1620,600191,25,0.11245674740484435,0.33713157015849243,0.43925417075564294
2019-09,1640,600359,28,0.17410071942446037,0.5220091679471253,0.5129179331306993
2019-09,1640,300008,17,0.18586387434554974,0.6293113989040746,0.5701754385964914
2019-09,1640,600198,64,0.2687453600593913,0.5113640086488165,0.44050632911392407
2019-09,1640,002639,89,0.2760563380281691,0.6447922863578776,0.46767050487156764
2019-09,1640,002641,29,0.09601873536299754,0.546215865856118,0.5667412378821775
2019-09,1640,600366,35,0.21916010498687666,0.4540287746125736,0.43610981852024194
2019-09,1640,600538,32,0.16964285714285698,0.6086232899623906,0.64453125
2019-09,1640,000720,75,0.18100358422939067,0.32917403766328285,0.4027777777777775
2019-09,1640,603663,30,0.11481481481481481,0.4674873686473292,0.5101822079314046
2019-09,1640,600371,22,0.24573055028462987,0.5441102905512725,0.6183317167798259
2019-09,1640,300435,61,0.23185185185185186,0.4069951641826701,0.36748983843973115
2019-09,1640,600853,65,0.1986301369863014,0.5070604833300756,0.6328963051251492
2019-09,1640,000921,83,0.2754919499105546,0.6649735908723289,0.5353397984214339
2019-09,1640,002114,74,0.2681678607983623,0.6202232107472123,0.5738855738855739
2019-09,1640,300179,33,0.17227722772277232,0.5172470654675124,0.6475349521707142
2019-09,1640,603977,31,0.14147909967845662,0.33967910368731946,0.4904458598726118
2019-09,1640,300184,35,0.2740174672489083,0.5510690428791499,0.5642237982663516
2019-09,1640,002395,27,0.15992532669570625,0.5144826413933125,0.6242774566473989
2019-09,1640,300004,18,0.12040816326530623,0.43455603823956473,0.55923777961889
2019-09,1640,300330,34,0.22739244951712023,0.6345830498027446,0.6410413852388557
2019-09,1640,000783,50,0.18777943368107297,0.6186515401801477,0.6499282639885219
2019-09,1640,600737,28,0.09354413702239794,0.5578250893642123,0.5957816916721027
2019-09,1640,000795,35,0.19181946403385042,0.5303140213078362,0.4862337662337661
2019-09,1640,300615,21,0.1882178584660985,0.66355486033219,0.5852187028657618
2019-09,1640,601162,32,0.15296803652968038,0.5241893074175871,0.5892027863777087
2019-09,1640,002554,75,0.22938144329896903,0.3051182497068524,0.180451127819549
2019-09,1640,000800,57,0.16508313539192399,0.34316311752132533,0.40531949703173936
2019-09,1640,002289,82,0.272189349112426,0.17152891829433162,0.5058139534883725
2019-09,1640,601899,24,0.1355421686746987,0.5966194487879828,0.5046120455778622
2019-09,1640,002852,77,0.21359890109890123,0.5746483943583505,0.6001226183738918
2019-09,1640,300631,32,0.15661317100166017,0.38616389670688767,0.4555515239477502
2019-09,1640,600281,32,0.11405295315682296,0.3090017361625292,0.49285095320623906
2019-09,1640,300224,34,0.19108280254777066,0.6228522582979076,0.5020332440080206
2019-09,1640,300771,48,0.20778178900922584,0.5396462976335727,0.5882352941176465
2019-09,1640,600617,84,0.2663656884875846,0.5920495858862254,0.6304806856291142
2019-09,1640,600288,35,0.100892857142857,0.4646155471111268,0.5934065934065936
2019-09,1640,300090,18,0.19270833333333326,0.5388763804036865,0.4896626768226331
2019-09,1640,002166,63,0.2806372549019608,0.43214644539667474,0.5075506445672193
2019-09,1640,601588,48,0.15428571428571425,0.40195506277088144,0.5737508964857756
2019-09,1640,000831,35,0.18754098360655735,0.5216501015650643,0.507881085395052
2019-09,1640,603299,21,0.1017441860465117,0.5229874180083751,0.6416382252559718
2019-09,1640,002868,22,0.13397435897435894,0.28815893379057467,0.48504831088229067
2019-09,1640,600127,27,0.20186915887850465,0.5746559299005987,0.4237715669458168
2019-09,1640,002443,81,0.18181818181818188,0.5846177911135589,0.6404692082111438
2019-09,1640,600489,24,0.14237288135593218,0.6196107421874509,0.5773195876288673
2019-09,1640,600311,24,0.262396694214876,0.4791116055506953,0.4406249999999999
2019-09,1640,002330,20,0.17902097902097902,0.44830356091274487,0.5503802281368821
2019-09,1640,300535,47,0.13473256601218686,0.6348917472465453,0.6298992161254202
2019-09,1640,600980,33,0.2080727686185333,0.5001142495182034,0.37933112753840637
2019-09,1640,600663,68,0.19809244314013208,0.5534113178720499,0.6288806846786373
2019-09,1640,603169,21,0.17631917631917626,0.6169403521904938,0.6440769856329625
2019-09,1640,600332,61,0.20129504504504514,0.6335842570277058,0.6287069988137601
2019-09,1640,600988,27,0.2043551088777219,0.5597382207477621,0.5339382306752748
2019-09,1640,600822,63,0.22924600152322938,0.6117799307689766,0.5498557890399671
2019-09,1640,600997,223,0.26356589147286824,0.635132989455595,0.5693760905756053
2019-09,1640,600526,61,0.16789667896678973,0.23512521024817143,0.35257318224740297
2019-09,1640,300140,65,0.26320064987814784,0.6145811671882699,0.6046253212028613
2019-09,1640,200771,77,0.18072289156626498,0.33354367670055285,0.6399999999999996
2019-09,1640,600531,33,0.17864476386036965,0.6412453534719919,0.569267022200174
2019-09,1640,600687,18,0.08675799086757985,0.46192483798208156,0.590909090909091
2019-10,1658,300696,59,0.25609756097560976,0.5108694658232954,0.6196768625675563
2019-10,1658,002093,47,0.17297850562947792,0.5160936115001176,0.632789110215161
2019-10,1658,300700,22,0.1644385026737969,0.322003079503986,0.5932732625568737
2019-10,1658,600206,52,0.24859663191659997,0.49673959955225616,0.6080750185914059
2019-10,1658,002237,34,0.24122236671001307,0.3826515936716421,0.47733227471218737
2019-10,1658,300165,61,0.26038338658146964,0.5399216949179365,0.6133603836949351
2019-10,1658,603697,56,0.1924643584521385,0.41696371869937815,0.42802824551873964
2019-10,1658,002952,44,0.2570093457943926,0.531211271086675,0.5822334924026117
2019-10,1658,000758,54,0.20000000000000007,0.3076582103836471,0.40037481897947025
2019-10,1658,600391,31,0.23364978902953593,0.4353392996154401,0.6325461647727278
2019-10,1658,002388,16,0.15873015873015872,0.3371388354773696,0.6125827814569533
2019-10,1658,000761,63,0.19436619718309855,0.3732769846188025,0.6327683615819211
2019-10,1658,000037,34,0.1363938789088489,0.46984386429324665,0.5644419930134216
2019-10,1658,600719,118,0.22521008403361342,0.5898525923777203,0.6122008388847767
2019-10,1658,300190,32,0.18573185731857322,0.33630872695200426,0.599376371405474
2019-10,1658,603727,27,0.20997229916897509,0.514940015883346,0.5502411257806942
2019-10,1658,002274,72,0.2674094707520891,0.5879373561410586,0.4561983471074381
2019-10,1658,600593,20,0.06951364175563468,0.5871084467666473,0.38924240834199897
2019-10,1658,601858,65,0.1985688729874775,0.5539237535056741,0.6386987461877329
2019-10,1658,603258,35,0.22462291072156548,0.46289190529822155,0.5910369517964452
2019-10,1658,002407,25,0.24645030425963488,0.34464829642162825,0.5381475873872692
2019-10,1658,300424,24,0.17554858934169282,0.3667224231646835,0.4851023951930762
2019-10,1658,300560,44,0.20020429009193041,0.5796350821530823,0.6303281780460197
2019-10,1658,002848,43,0.2561425061425062,0.5930554008613793,0.5979019698036712
2019-10,1658,002155,42,0.26525198938992045,0.5429531004338817,0.5004497505928538
2019-10,1658,600278,94,0.254071661237785,0.41825317333445006,0.5703754001358036
2019-10,1658,601200,57,0.1402251791197543,0.4907311816983166,0.6269163520259481
2019-10,1658,002428,21,0.2484143763213531,0.6190498694513322,0.631310304685576
2019-10,1658,000408,32,0.15209125475285168,0.28275887754696477,0.5512484897301652
2019-10,1658,300371,29,0.11988582302568984,0.6274076388263614,0.5363805970149252
2019-10,1658,002870,23,0.1761612620508326,0.24446944266927334,0.5454580798164952
2019-10,1658,002041,46,0.26065411298315166,0.5143008069307825,0.49358599995972374
2019-10,1658,601989,46,0.15508885298869146,0.6110220855039142,0.6187633084213603
2019-10,1658,601330,31,0.22676896845694805,0.5062880952922719,0.4920301723143647
2019-10,1658,002885,40,0.23735408560311289,0.4823950891160704,0.5683101242002259
2019-10,1658,002199,32,0.23401688781664653,0.5713206846718826,0.4331980070123638
2019-10,1658,002203,67,0.14818449460255145,0.5583309157133933,0.6130689053720476
2019-10,1658,603619,60,0.2638176638176638,0.5963239561569967,0.5364426613172852
2019-10,1658,300414,27,0.217741935483871,0.4681657639500338,0.5889570552147242
2019-10,1658,300554,46,0.19426594167078592,0.6114795731865218,0.5813385442110401
2019-10,1658,603187,20,0.12251941328731664,0.3825278120733454,0.5766276734018665
2019-10,1658,300691,18,0.1939942802669209,0.4412852936381872,0.5195395334747047
2019-10,1658,002923,43,0.16507633587786263,0.5340013245087506,0.6310026892047632
2019-10,1658,000536,26,0.21250000000000002,0.37270568246881836,0.5815237394184761
2019-11,1679,601615,17,0.16162489196197072,0.3801319499795512,0.5660743134087246
2019-11,1679,603042,24,0.199245283018868,0.4287006731831115,0.57498277888083
2019-11,1679,300019,21,0.1452784503631962,0.479058004486349,0.5830721003134792
2019-11,1679,300162,26,0.19190751445086707,0.410588634701958,0.5881990258338992
2019-11,1679,603936,19,0.1443148688046647,0.499302148452555,0.567849197986184
2019-11,1679,300023,33,0.20713463751438432,0.258074547691445,0.48869680851063824
2019-11,1679,600217,99,0.2439393939393939,0.39268818597551597,0.20454545454545436
2019-11,1679,300581,31,0.24006359300476943,0.5357151775619499,0.5855318653829377
2019-11,1679,002107,62,0.20412371134020613,0.5284362884114641,0.6082038800200444
2019-11,1679,603686,54,0.26593959731543626,0.4262249953934758,0.524748490945674
2019-11,1679,601698,34,0.21884984025559107,0.2846477218010799,0.27434554973822045
2019-11,1679,300417,24,0.18395016489556615,0.4257045796326097,0.5305552786362269
2019-11,1679,002949,62,0.26055743243243235,0.548568264731073,0.5625076677708254
2019-11,1679,002660,28,0.2172489082969432,0.4603782965202096,0.5852322672256406
2019-11,1679,600072,42,0.2605882352941177,0.3447100130383984,0.599305153445281
2019-11,1679,603977,70,0.19614147909967838,0.2482578947445985,0.4322270644764781
2019-11,1679,600078,37,0.19886363636363635,0.24781994202542362,0.6036036036036038
2019-11,1679,300191,32,0.23615694902823625,0.3858496106432383,0.5591501690004828
2019-11,1679,600095,40,0.2502639915522704,0.3156970024112782,0.30888575458392165
2019-11,1679,002835,19,0.19377990430622005,0.43099540117092816,0.589564281871974
2019-11,1679,600422,54,0.19189189189189182,0.47112590038223406,0.5977428859365024
2019-11,1679,002837,28,0.18404907975460116,0.3226508223829072,0.520557491289199
2019-11,1679,300752,24,0.2550744248985115,0.3364763768281466,0.5464787641797979
2019-11,1679,000089,31,0.13572854291417158,0.35211344507008596,0.6037000973709843
2019-11,1679,300354,28,0.2321557317952414,0.3449628401391334,0.6025069967282903
2019-11,1679,603797,49,0.26058631921824116,0.4303059741208419,0.5749975215624068
2019-11,1679,300363,18,0.15961395694135116,0.32905590027687964,0.5127201565557727
2019-11,1679,002574,72,0.22651006711409394,0.5635353628604609,0.5536912751677848
2019-11,1679,300776,68,0.230238726790451,0.5520640722017809,0.5345897494828772
2019-11,1679,002316,16,0.16263736263736261,0.3521616746363667,0.4421965317919073
2019-11,1679,002881,21,0.16120460584588114,0.33285538199591047,0.4554600329248218
2019-11,1679,600490,69,0.24812030075187974,0.5613040335067135,0.4954927331820691
2019-11,1679,300656,67,0.23800131492439192,0.5241823847579029,0.5950877845855317
2019-11,1679,603606,32,0.17433155080213902,0.5197377040324287,0.6005830903790076
2019-11,1679,300664,54,0.21331689272503074,0.4171770865208361,0.6058312020460357
2019-11,1679,002895,91,0.2502113271344041,0.563723804646383,0.5473121128073205
2019-11,1679,300119,20,0.18587105624142664,0.4359598361160378,0.5833126191068027
2019-11,1679,603327,26,0.1357779980178394,0.28820201961088804,0.5010922728942334
2019-11,1679,300537,16,0.2010261194029852,0.47199765037057245,0.5893473614992613
2019-11,1679,603168,43,0.20337078651685403,0.3370891435414681,0.532624814631735
2019-11,1679,000890,24,0.134453781512605,0.2798017036738693,0.5745669623996621
2019-11,1679,002903,26,0.188961038961039,0.248642543482293,0.44169783704667426
2019-11,1679,600671,43,0.2469453376205788,0.302265598476307,0.5933042524152324
2019-11,1679,002915,38,0.22063037249283668,0.22799128548324527,0.4119950169069229
2019-11,1679,002481,26,0.17067003792667512,0.3362452412037103,0.47876801097811994
2019-11,1679,300686,24,0.23259187620889754,0.40724878435744377,0.5521521308686926
2019-11,1679,300420,22,0.18181818181818177,0.35966950447268536,0.5699855699855699
2019-11,1679,600193,60,0.1476683937823834,0.3948878866764303,0.5892773892773898
2019-12,1701,000005,76,0.23592493297587125,0.5569138485770271,0.5541448230668418
2019-12,1701,002098,21,0.13684210526315788,0.46925012256590554,0.47232472324723246
2019-12,1701,300717,106,0.17695473251028815,0.5476024497410723,0.581975445965352
2019-12,1701,603956,50,0.21400992829564258,0.4911052267593152,0.5589708869329724
2019-12,1701,600069,29,0.1578947368421053,0.4764529360002021,0.5554532056005898
2019-12,1701,002957,44,0.19612003637465902,0.5003731502732979,0.4698959279178598
2019-12,1701,603706,25,0.09722222222222221,0.48893105084446203,0.4591344312523936
2019-12,1701,000766,34,0.15989159891598914,0.4263276091787228,0.5578812849777464
2019-12,1701,000045,31,0.14646464646464652,0.4344605559380041,0.5734406438631796
2019-12,1701,002537,18,0.19226118500604594,0.5074078383487265,0.49124553978922936
2019-12,1701,603236,38,0.20025773195876284,0.31702419713584357,0.4817981880252103
2019-12,1701,000058,28,0.1428571428571429,0.3972024297091437,0.44935334654960846
2019-12,1701,002134,19,0.12751677852348997,0.46656632676743864,0.5472806777808146
2019-12,1701,601858,108,0.1985688729874775,0.5335526138513795,0.5805188448360253
2019-12,1701,603256,44,0.21221102548903392,0.3760425804279953,0.3364781254113826
2019-12,1701,000068,35,0.18558951965065507,0.38748359218189676,0.47567567567567604
2019-12,1701,300622,23,0.13119143239625164,0.5147281578175689,0.5260294414823337
2019-12,1701,601177,80,0.22799295774647887,0.492678124972459,0.5714989530730387
2019-12,1701,002700,35,0.2025,0.510833043916382,0.5405158222059628
2019-12,1701,300499,42,0.18263810597519725,0.3271943544157789,0.5429051764353798
2019-12,1701,603118,33,0.15213675213675204,0.49677747407997763,0.5618884772489784
2019-12,1701,300775,46,0.19097586568730318,0.39774828362897474,0.5021985117766433
2019-12,1701,300368,35,0.16321839080459766,0.3984504475570273,0.47238095238095257
2019-12,1701,300778,87,0.255442025766326,0.5284856711852374,0.464073495593838
2019-12,1701,300093,26,0.1313035204567078,0.340728175777727,0.5713393693412423
2019-12,1701,600475,122,0.23208191126279865,0.5221847196352016,0.5694879832810865
2019-12,1701,300786,47,0.15526046986721143,0.464332612750512,0.5198392767453537
2019-12,1701,000863,107,0.2324093816631131,0.31090514945984077,0.5809892865283792
2019-12,1701,603317,42,0.16805324459234616,0.5184242374787457,0.5737045158067114
2019-12,1701,603000,32,0.16258570029382957,0.47301579741510524,0.5196497914569248
2019-12,1701,000505,105,0.25648854961832057,0.27268605128716855,0.3380668804397622
2019-12,1701,002758,23,0.07932960893854735,0.38109981492335926,0.5159931047692018
2019-12,1701,300270,32,0.1806981519507187,0.4285888934708644,0.5664259231478109
2019-12,1701,300682,28,0.14861111111111114,0.48112135731275113,0.5636974789915967
2020-01,1717,000007,21,0.10240963855421703,0.4858864513605222,0.5540838852097126
2020-01,1717,002786,26,0.1356673960612692,0.3975470335751625,0.46300028793550224
2020-01,1717,600696,30,0.16888888888888887,0.46393866264719535,0.5987901158617861
2020-01,1717,300163,121,0.2086330935251799,0.5702520408324175,0.5626116487701458
2020-01,1717,300710,174,0.2204081632653061,0.5175573190591131,0.5907360395692356
2020-01,1717,603687,61,0.20959902794653706,0.5682547469082961,0.49373040752351116
2020-01,1717,000966,106,0.24220183486238533,0.5860456757131443,0.5683754065355423
2020-01,1717,603081,19,0.23862238622386223,0.5303917366225154,0.44199321197161384
2020-01,1717,000595,41,0.20218579234972678,0.5833427935534499,0.5508055080550806
2020-01,1717,603998,43,0.16986301369863022,0.5045585665331955,0.597915582139025
2020-01,1717,300202,21,0.20155038759689914,0.4958878239129198,0.5650338470761622
2020-01,1717,002417,42,0.22987164527421244,0.5215230422249743,0.49439775910364137
2020-01,1717,300492,28,0.17942723553477502,0.42738426934820306,0.5054781406233383
2020-01,1717,600903,31,0.16212792906903095,0.5196812714840267,0.5286759499645974
2020-01,1717,603115,51,0.1747463359639232,0.46848809899059574,0.550156739811912
2020-01,1717,603121,27,0.24541884816753923,0.4269207436061461,0.4294254680176262
2020-01,1717,002443,158,0.18798151001540842,0.5762489598270071,0.5478080579785943
2020-01,1717,000657,114,0.2218370883882148,0.43680748150538273,0.5761811166921453
2020-01,1717,603322,34,0.2197424892703863,0.5146522797843256,0.507648938169517
2020-01,1717,603609,104,0.22892441860465118,0.5015462551167947,0.5786417571320374
2020-01,1717,603615,137,0.20779220779220775,0.5725677271500577,0.5670145283404953
2020-01,1717,002917,29,0.12140287769784175,0.45020322395978135,0.4781004906349607
2020-01,1717,000529,179,0.22590837282780407,0.47158797477888675,0.5909767464558475
2020-02,1737,002492,34,0.29230769230769227,0.3868325940489215,0.6273919317397586
2020-02,1737,603038,174,0.2860411899313501,0.5986100190755622,0.6234786241470547
2020-02,1737,600837,203,0.31221719457013575,0.5179263739154653,0.6037284463302336
2020-02,1737,000925,231,0.3177142857142857,0.4247666603563171,0.6657546739626085
2020-02,1737,600052,59,0.2561669829222011,0.6098947067962511,0.6272073830863428
2020-02,1737,002098,57,0.27443105756358765,0.5704156667605194,0.6300252476208973
2020-02,1737,000736,174,0.30185758513931893,0.4232762218726913,0.47392925377010264
2020-02,1737,002631,165,0.31837606837606836,0.5170394697569468,0.5569029597677762
2020-02,1737,600061,200,0.2923408845738943,0.6185511371527137,0.5563106796116505
2020-02,1737,600864,191,0.3191230207064556,0.5773224785545789,0.540902163921436
2020-02,1737,603970,164,0.320436507936508,0.43996974892552454,0.48633071911960024
2020-02,1737,000970,133,0.29023255813953486,0.49042789862638075,0.5795212481397547
2020-02,1737,300190,111,0.2878228782287824,0.34602192161867723,0.5932093775262732
2020-02,1737,002130,170,0.31362007168458783,0.33516683952818366,0.4844748723116286
2020-02,1737,002398,162,0.3029366306027821,0.6054926551362579,0.5656518436276515
2020-02,1737,600593,99,0.19462199691426052,0.6518742212503164,0.5076328262756875
2020-02,1737,600259,137,0.3076317859952794,0.4303286192780692,0.499490157936078
2020-02,1737,300066,143,0.3102189781021899,0.3821580443588363,0.5236551158338868
2020-02,1737,600462,19,0.130718954248366,0.5224630584504053,0.6775797762121838
2020-02,1737,002435,190,0.2941176470588235,0.5510514006414615,0.590818796945807
2020-02,1737,600626,143,0.25775978407557354,0.4638293498164339,0.4888315567927216
2020-02,1737,000409,167,0.3076923076923077,0.5495724892096548,0.6100024636610002
2020-02,1737,601233,201,0.28710304601425796,0.49631823376271916,0.6774738228235243
2020-02,1737,600531,130,0.3080082135523614,0.3930030951311235,0.47035365725679507
2020-02,1737,601988,155,0.10852713178294582,0.5654921126162474,0.6774193548387095
2020-02,1737,300110,164,0.29740518962075846,0.2970318487056937,0.3583985273815002
2020-02,1737,000877,174,0.2602089268755935,0.4347211197379253,0.6117482517482519
2020-02,1737,000673,19,0.25116279069767433,0.4460159703335436,0.5502302508053836
2020-02,1737,300255,179,0.305980528511822,0.35446246218851163,0.4322531818155558
2020-02,1737,000505,141,0.2854961832061069,0.3516442352806086,0.610684837379753
2020-02,1737,601377,218,0.2799999999999999,0.42276552241576626,0.5676034415255773
2020-02,1737,002750,63,0.30980392156862746,0.6526132611954606,0.5763554811871064
2020-02,1737,000682,183,0.3124999999999999,0.3087867155290042,0.48166974486376934
2020-02,1737,603166,173,0.30847457627118646,0.4820215346436523,0.5891118088446596
2020-02,1737,603167,170,0.26538461538461533,0.6607466718489191,0.6336405529953912
2020-02,1737,000517,192,0.3170731707317074,0.3085962906583919,0.4444263893402662
2020-02,1737,600518,103,0.28505747126436776,0.5739580520615363,0.6341282064899887
2020-02,1737,600336,187,0.31166347992351817,0.43073559699440434,0.5611380968272215
2020-02,1737,300553,124,0.20734251147267413,0.40180856497057216,0.6581408985563901
2020-02,1737,000532,35,0.2721145745577084,0.482769487514975,0.6381461675579321
2020-02,1737,300423,196,0.2928388746803069,0.4485163395639989,0.5150775775775778
2020-02,1737,600193,118,0.2273838630806846,0.5466453124415268,0.6729581098513142
2020-03,1759,601615,97,0.30000000000000004,0.6298414086343239,0.7381005016580227
2020-03,1759,300432,24,0.32440476190476186,0.4529504927579992,0.6085649887302783
2020-03,1759,002800,62,0.31126670910248255,0.5005320581454332,0.7138467447666601
2020-03,1759,600712,17,0.24641833810888258,0.5510238065873528,0.637526930861135
2020-03,1759,603963,118,0.2334322453016815,0.47295761351708354,0.7342270846323903
2020-03,1759,002666,18,0.22366288492706643,0.39536716695389845,0.6427287783219984
2020-03,1759,000766,92,0.3019354838709677,0.689316650414337,0.7262534510737845
2020-03,1759,300184,154,0.3220524017467249,0.5668508193979068,0.5974640017193211
2020-03,1759,002819,70,0.2899366643209008,0.3822498656592951,0.6560877116994142
2020-03,1759,002962,64,0.28548895899053617,0.43014598033753076,0.748294900941864
2020-03,1759,600078,117,0.32675044883303417,0.41279697718362934,0.7153820487153819
2020-03,1759,000058,86,0.3219741480611046,0.38568490114592235,0.500774651406867
2020-03,1759,002407,126,0.32251521298174446,0.6462863580735914,0.7474258667278926
2020-03,1759,603508,160,0.326561324303988,0.5416347230161872,0.5448937628512681
2020-03,1759,000607,87,0.2921960072595281,0.5210321781560826,0.6645453167954627
2020-03,1759,300214,73,0.23276836158192082,0.548498278324195,0.7246860604147825
2020-03,1759,600897,173,0.2856191744340878,0.6853061243496609,0.7250697742093358
2020-03,1759,600111,155,0.3212172442941674,0.33819214612916804,0.4731922447507834
2020-03,1759,300354,108,0.32444124008651765,0.36148026024859503,0.6367893388728005
2020-03,1759,002852,196,0.3221153846153847,0.5675441135419413,0.6136384523481299
2020-03,1759,600614,16,0.24161073825503365,0.5455687811394114,0.6565656565656569
2020-03,1759,600615,43,0.2826576576576577,0.3344027461780873,0.6625258799171847
2020-03,1759,603115,93,0.3239358761746821,0.43698272825293644,0.6378190774742497
2020-03,1759,002440,190,0.3235023041474654,0.33224065357345417,0.40088550472553003
2020-03,1759,300643,21,0.27951388888888895,0.3328786284047048,0.5755285622494878
2020-03,1759,300509,94,0.2947214076246335,0.4312668600281845,0.6814312199674609
2020-03,1759,300790,62,0.3214849921011058,0.4118308347245483,0.6454465075154732
2020-03,1759,600642,166,0.17880794701986757,0.6139160585514417,0.698517755231452
2020-03,1759,300795,48,0.3110151187904967,0.43374764835031626,0.652313063718359
2020-03,1759,300797,33,0.30940044411546996,0.4494876047830165,0.43737923766028464
2020-03,1759,600155,185,0.3215434083601286,0.6365267256193411,0.5888694029250399
2020-03,1759,300799,35,0.31451503196843966,0.5359651871964766,0.43041370060868667
2020-03,1759,603607,65,0.2986832986832987,0.46497897673387995,0.7231543624161076
2020-03,1759,002330,54,0.324390243902439,0.4331995361016744,0.7162417475109855
2020-03,1759,002751,94,0.3037475345167653,0.6519208591632955,0.6731589174378619
2020-03,1759,300535,166,0.30257086354647333,0.6949650014909727,0.6978043753963222
2020-03,1759,002758,81,0.17689161554192212,0.5651061988488846,0.7469407733724919
2020-03,1759,002215,180,0.32248062015503876,0.4168673018688097,0.47603441212617786
2020-03,1759,300277,46,0.2854122621564483,0.4490150859205137,0.7045521607339253
2020-03,1759,002772,179,0.32113821138211385,0.3347508331588439,0.5029563289350694
2020-03,1759,300004,42,0.28184281842818426,0.38286275574308903,0.6407019829797628
2020-04,1780,600360,18,0.23623011015911866,0.49622512649217165,0.5709736123748866
2020-04,1780,603366,25,0.1993185689948892,0.3828202735370987,0.5618448637316561
2020-04,1780,600546,17,0.20480225988700562,0.5693242709750644,0.690828055360075
2020-04,1780,600695,31,0.20685714285714285,0.3500941308654117,0.5544729583882961
2020-04,1780,000009,24,0.14092953523238372,0.43592485418789617,0.5206237424547285
2020-04,1780,603920,33,0.27129337539432175,0.4050426752962713,0.67269507352152
2020-04,1780,600699,29,0.1625976562500001,0.6276433918000399,0.628484815676934
2020-04,1780,300706,16,0.2993685419058554,0.570862729304962,0.557025175767695
2020-04,1780,300707,31,0.28649835345773866,0.4402931129840734,0.5343916273025795
2020-04,1780,000733,24,0.1971554683668465,0.6280826833661459,0.6830425859415086
2020-04,1780,300303,34,0.241635687732342,0.3292921984153615,0.5692156098902359
2020-04,1780,002373,26,0.15818725951261214,0.5702805067041551,0.5916817580009432
2020-04,1780,603938,22,0.1960985626283368,0.5155508044658013,0.5324007479861912
2020-04,1780,002510,22,0.23456790123456794,0.33133749075339486,0.5175846051758463
2020-04,1780,603688,22,0.1548575602629656,0.4115342793091829,0.583054175811482
2020-04,1780,601066,32,0.20961084905660388,0.5579942304017704,0.6827321934439496
2020-04,1780,300442,26,0.24365482233502533,0.5823190932743221,0.6790993676239581
2020-04,1780,600223,36,0.2541296060991105,0.37552171176467564,0.5996417375727722
2020-04,1780,300448,17,0.18883248730964464,0.4862029264192991,0.45867579640985334
2020-04,1780,300032,27,0.23965141612200425,0.47328520403379415,0.5867426942266569
2020-04,1780,300418,31,0.18070519098922633,0.5492174168820139,0.6189989785495402
2020-04,1780,688299,25,0.21730045967404932,0.3605424851168288,0.6341488699979262
2020-04,1780,688300,25,0.22870662460567825,0.2682247461558919,0.5785747994336948
2020-04,1780,300456,33,0.2441458733205374,0.3588172817973028,0.47955615687376985
2020-04,1780,300320,23,0.19931271477663237,0.3134581872605542,0.544764014716936
2020-04,1780,002261,24,0.30283623055809694,0.38806389291611565,0.48766480821229446
2020-04,1780,688001,36,0.31470777135517025,0.3045925486470535,0.459676983091802
2020-04,1780,688002,36,0.22368137782561892,0.3439372516886792,0.659117407484308
2020-04,1780,300188,21,0.09270588235294108,0.5007966977631455,0.6604278647450582
2020-04,1780,300331,17,0.15648286140089418,0.5457253194900431,0.6816696914700546
2020-04,1780,603722,36,0.29508679023242135,0.5727138720409684,0.6415060349486581
2020-04,1780,300336,23,0.24632352941176483,0.41430221989941673,0.530784656739344
2020-04,1780,300476,29,0.2594104308390024,0.6432705926513765,0.6995635943004362
2020-04,1780,002276,26,0.30555555555555547,0.5594576779830795,0.5484274761383195
2020-04,1780,603738,19,0.23318042813455664,0.5614756415822597,0.6001829826166515
2020-04,1780,688018,18,0.27137225917713725,0.6128307144034338,0.619184696814932
2020-04,1780,601878,33,0.24162895927601813,0.4123400471804672,0.5203269995581086
2020-04,1780,300627,31,0.2180616740088106,0.4271046931546501,0.5999493476160549
2020-04,1780,600114,31,0.25257731958762886,0.3598960904816568,0.5165742419976825
2020-04,1780,000818,20,0.2204081632653061,0.5207560056904665,0.6116513623362934
2020-04,1780,300223,37,0.27506957536583176,0.5925403454636994,0.6218009731032144
2020-04,1780,002428,29,0.17897727272727282,0.32779356825905287,0.5688924752874723
2020-04,1780,300771,27,0.26954083420960395,0.5547885400278632,0.6852831920600087
2020-04,1780,000823,42,0.30422333571939875,0.44752515071150967,0.6869455664800693
2020-04,1780,603118,22,0.2656137832017229,0.5043432589950653,0.6316410861865408
2020-04,1780,300230,23,0.14087759815242495,0.363285731861658,0.5190268759760005
2020-04,1780,300777,24,0.2676354029062088,0.4986986997568127,0.6702782364259109
2020-04,1780,300235,17,0.23076923076923073,0.49741109189148786,0.5015722064575507
2020-04,1780,600636,23,0.15132105684547648,0.33469471878738327,0.5560458958517209
2020-04,1780,603305,30,0.19960668633235001,0.5626038276343919,0.6719840478564307
2020-04,1780,300785,24,0.24985348700918153,0.5487315593357884,0.6738078783690395
2020-04,1780,002878,29,0.1615176151761517,0.495514953977536,0.489756104169701
2020-04,1780,600641,24,0.23662790697674407,0.47945389809927635,0.5642315029255799
2020-04,1780,603839,24,0.2983870967741936,0.5328378605217077,0.5462264150943398
2020-04,1780,002048,29,0.17993311036789295,0.569105501894369,0.6573837380788518
2020-04,1780,603598,27,0.3163455562461156,0.5960025095087902,0.5400499205808941
2020-04,1780,002184,16,0.22633297062023927,0.6457352224637156,0.6731549067315489
2020-04,1780,601999,35,0.30577427821522307,0.46040113485992606,0.6127972860803351
2020-04,1780,300252,25,0.3009068425391591,0.5252678063253216,0.6275602356302162
2020-04,1780,002888,68,0.322463768115942,0.34087303891097587,0.7041726645958026
2020-04,1780,002056,17,0.15086206896551724,0.40372631059140657,0.4814662403849195
2020-04,1780,300259,26,0.17659574468085104,0.316582526515266,0.5742045178528054
2020-04,1780,300806,40,0.3121019108280254,0.3335377657451901,0.4870731492102709
2020-04,1780,688088,19,0.24217054263565885,0.4632249007209799,0.4767693261758997
2020-04,1780,600327,19,0.2262996941896025,0.5516343285503591,0.39473684210526366
2020-04,1780,600330,28,0.23974082073434122,0.5066934612309182,0.6523894507237751
2020-04,1780,600515,21,0.22102425876010778,0.6128689512786251,0.6596035543403957
2020-04,1780,603626,37,0.32366771159874597,0.5122484459836784,0.6485577450371073
2020-04,1780,300134,26,0.30193615907901616,0.5215445353606909,0.6636387688508681
2020-04,1780,002079,35,0.2681281618887015,0.2990794870073642,0.6158752304549304
2020-04,1780,300687,23,0.20833333333333337,0.47043602418723257,0.5907546335081
2020-04,1780,603035,31,0.27355371900826453,0.5960363637858048,0.6698738655109042
2020-04,1780,002635,35,0.2895229186155285,0.4429106283848367,0.6717789048661613
2020-05,1798,300011,45,0.2671052631578946,0.5872783092739744,0.6234620631621892
2020-05,1798,600200,24,0.19544846050870146,0.22441944974345918,0.3440516803367933
2020-05,1798,600208,85,0.26165803108808283,0.3861104853210606,0.620543966200158
2020-05,1798,600210,16,0.07012195121951215,0.2688204165270006,0.33407572383073525
2020-05,1798,300578,21,0.22170439414114518,0.5540959094974403,0.4110734224408806
2020-05,1798,600222,24,0.20280811232449292,0.3813672139904049,0.4559084094316481
2020-05,1798,300030,22,0.2766143106457244,0.26669047730417544,0.39234522334858574
2020-05,1798,300031,39,0.2311025517573423,0.5972132540769313,0.6233734547820433
2020-05,1798,002518,41,0.22256331542594,0.5407420064063987,0.5555499214035795
2020-05,1798,300036,57,0.23295853829936763,0.4784516535159881,0.6426093440975259
2020-05,1798,600866,25,0.2153846153846154,0.3180151275849858,0.40981354268891057
2020-05,1798,300039,25,0.22319859402460462,0.4443601994430507,0.44046604148905927
2020-05,1798,300045,17,0.18274111675126903,0.562610337007352,0.5971366219813424
2020-05,1798,300603,29,0.22043010752688175,0.6088925069450704,0.4164506092818253
2020-05,1798,300051,23,0.24434389140271495,0.28287091379427104,0.38167560055588673
2020-05,1798,000063,38,0.20765832106038296,0.6117399715887739,0.5149299408330753
2020-05,1798,300059,18,0.1034870641169855,0.528107563631828,0.5126050420168072
2020-05,1798,002551,21,0.20858895705521474,0.43098170655491225,0.42001014229036776
2020-05,1798,300062,21,0.298876404494382,0.48353203533400047,0.5179856115107915
2020-05,1798,002555,24,0.1482597054886211,0.5489991987668671,0.5714835482008854
2020-05,1798,600267,21,0.27318295739348375,0.36275497540835455,0.39980267901187727
2020-05,1798,002562,27,0.19730185497470487,0.46247334217454233,0.4997476022211005
2020-05,1798,600909,51,0.23275862068965514,0.5280235193244442,0.4324748743718593
2020-05,1798,688039,48,0.2757488176563321,0.3768205571257563,0.6295115858385735
2020-05,1798,300086,24,0.2931034482758621,0.34801044671383924,0.5608465608465607
2020-05,1798,603301,21,0.13636363636363635,0.32195041147453685,0.6270986048711283
2020-05,1798,002585,15,0.08183632734530943,0.5216131838850545,0.4195804195804195
2020-05,1798,603309,22,0.25548589341692785,0.4889989353620543,0.5055542424958636
2020-05,1798,002594,30,0.12363455809334667,0.5098179091797614,0.5639498228145312
2020-05,1798,002605,34,0.18964232488822652,0.5948583467313142,0.4413216492583699
2020-05,1798,000518,25,0.26730769230769236,0.3978856913744847,0.4408543689320389
2020-05,1798,002632,14,0.12448132780082988,0.48752842436962646,0.5612512160443012
2020-05,1798,002087,26,0.24943310657596374,0.3701192855718169,0.4326617179215273
2020-05,1798,002637,19,0.2393231265108784,0.6008018231491928,0.521381578947368
2020-05,1798,300150,39,0.18518518518518523,0.49260411958482514,0.605604921394395
2020-05,1798,002093,33,0.24579439252336444,0.5323030868262073,0.5843419753537867
2020-05,1798,300155,32,0.2156573116691285,0.2995488611816636,0.4344059405940593
2020-05,1798,002644,25,0.2423924449108079,0.4038513634310231,0.4430358407228835
2020-05,1798,300160,19,0.17788461538461542,0.4475200108131011,0.4653264061441156
2020-05,1798,300168,18,0.13802083333333337,0.48056876261069,0.5001728708078833
2020-05,1798,603387,19,0.17089018843404813,0.5828870082571158,0.5300190582858381
2020-05,1798,000566,24,0.1889862327909887,0.2797852635252118,0.44768313517659786
2020-05,1798,002124,16,0.19257540603248258,0.46782693050627516,0.599922088040514
2020-05,1798,688166,21,0.15318895291078882,0.3258350238341673,0.4456844964939976
2020-05,1798,002684,51,0.23809523809523803,0.40951992413347377,0.6329625884732054
2020-05,1798,002139,47,0.311046511627907,0.5795833973119163,0.6082511865644395
2020-05,1798,002693,25,0.20922570016474473,0.35967352145726056,0.46525311534662794
2020-05,1798,000608,15,0.1028368794326241,0.48031304820812176,0.6256517205422312
2020-05,1798,002157,15,0.1912260967379078,0.5256935026625118,0.5313628899835796
2020-05,1798,002160,20,0.16666666666666674,0.38470553422038406,0.4094210873871893
2020-05,1798,300229,18,0.11697449428320139,0.34250241250891017,0.4967788117394418
2020-05,1798,601236,30,0.22343921139101874,0.5419921010143753,0.5589348283111423
2020-05,1798,000652,20,0.23076923076923073,0.3664121601437262,0.36150144369586146
2020-05,1798,002178,14,0.1390041493775933,0.3557464608491707,0.5027027027027028
2020-05,1798,600488,29,0.15999999999999992,0.37088970754999706,0.4752642706131075
2020-05,1798,300248,21,0.20130932896890352,0.5494070441624663,0.4836656767076795
2020-05,1798,603601,20,0.20924855491329486,0.3699556829635864,0.41649243121184243
2020-05,1798,603608,30,0.2671040299906279,0.42494675029580153,0.5020342062645651
2020-05,1798,300807,42,0.24496124031007738,0.4297566082370643,0.362866888730166
2020-05,1798,600512,23,0.2949061662198391,0.4603159113755012,0.5698082635700783
2020-05,1798,600513,25,0.23333333333333328,0.2766518500289563,0.3571321208477381
2020-05,1798,000700,27,0.23333333333333328,0.32936981835348533,0.36680710138548267
2020-05,1798,300273,20,0.15918958031837926,0.49647209431170686,0.519200181776869
2020-05,1798,002771,21,0.2006349206349206,0.5918190682605656,0.5685757347400154
2020-05,1798,002221,21,0.14730290456431538,0.39106662932297426,0.3973063973063976
2020-05,1798,002223,21,0.1589195979899497,0.4805094705855229,0.5296981499513147
2020-05,1798,300284,22,0.29450549450549446,0.6187434487997747,0.5705624424836246
2020-05,1798,000721,18,0.12227074235807867,0.40735777062212086,0.4674192909487031
2020-05,1798,002239,16,0.18888888888888888,0.29198517874918256,0.36574325547709563
2020-05,1798,000756,21,0.16400000000000003,0.4632160276850826,0.5894848645778018
2020-05,1798,300314,24,0.20186598812553003,0.5009858146573475,0.6070673512533976
2020-05,1798,300318,21,0.18965517241379304,0.5214658788002869,0.46756529064869357
2020-05,1798,300324,28,0.29614873837981415,0.5229347287555197,0.57300902012181
2020-05,1798,600587,25,0.24472891566265065,0.40230389410028033,0.5521317011397211
2020-05,1798,000790,25,0.1896243291592128,0.2656620656689438,0.4537549407114625
2020-05,1798,601872,19,0.22529644268774696,0.5648079287701026,0.6638755980861245
2020-05,1798,600603,25,0.20220588235294124,0.5922598577128464,0.5395210992489811
2020-05,1798,300363,18,0.2511045655375552,0.457216179710843,0.5420226813733106
2020-05,1798,002301,23,0.16126984126984123,0.4658034428648626,0.5930139242823154
2020-05,1798,300373,28,0.21968300774050853,0.6103708245261739,0.6089395584509593
2020-05,1798,300376,41,0.1956912028725314,0.5451079651769203,0.5947818396226415
2020-05,1798,002879,17,0.15214797136038194,0.5941316236208821,0.5188834154351402
2020-05,1798,601990,27,0.15411931818181812,0.3827636982740626,0.5559204019464333
2020-05,1798,300383,20,0.156436338126973,0.5959776084487464,0.4891361393933034
2020-05,1798,002326,26,0.24240121580547114,0.5570292890123462,0.6313362445414846
2020-05,1798,002328,20,0.13276231263383298,0.36154939350419235,0.42597821702299343
2020-05,1798,300394,17,0.1796349663784823,0.5742706940432503,0.46765611873424784
2020-05,1798,002335,18,0.16666666666666674,0.466674405671023,0.5155409444112378
2020-05,1798,300401,26,0.24871465295629824,0.5577454042518737,0.5486931428927316
2020-05,1798,603880,24,0.1777777777777777,0.39581079643155503,0.5386670652641015
2020-05,1798,600667,28,0.2152899824253076,0.5903752639641238,0.5954887218045112
2020-05,1798,300411,22,0.1802492809204218,0.41768832635525377,0.5684449871573541
2020-05,1798,603022,22,0.20407098121085598,0.411795992827875,0.5721845543244584
2020-05,1798,002349,24,0.23063973063973064,0.3873327535968918,0.39459899895239164
2020-05,1798,002365,28,0.2168256721595837,0.5380877570199267,0.5496267118581968
2020-05,1798,000930,22,0.19272237196765496,0.6115181584957573,0.5945578231292517
2020-05,1798,600056,25,0.1810261374636979,0.3397331837201394,0.41119188954845604
2020-05,1798,000949,29,0.2660332541567696,0.4038770364828522,0.4516461870368633
2020-05,1798,300447,22,0.24152191894127373,0.49312378566278103,0.5503863225382212
2020-05,1798,002950,23,0.1700648748841519,0.37552335268823445,0.41116207531104954
2020-05,1798,000953,19,0.2909090909090909,0.47610374932960425,0.6624168514412415
2020-05,1798,000955,21,0.22561576354679802,0.3175619723434107,0.4446724816145028
2020-05,1798,300455,25,0.23409512044471903,0.552097614085854,0.6505947994525739
2020-05,1798,603970,14,0.14587332053742796,0.5829128497523269,0.5308964316797227
2020-05,1798,603079,19,0.17139046348782916,0.5309950195800041,0.4303407998878161
2020-05,1798,603083,14,0.23270055113288424,0.594023643880704,0.537509104151494
2020-05,1798,002972,37,0.20868584320360972,0.3994117566515095,0.2504591751544499
2020-05,1798,600089,14,0.1373307543520309,0.5112525531959574,0.4971428571428571
2020-05,1798,603990,24,0.2207478890229192,0.5059244411335073,0.6274202540419184
2020-05,1798,600739,37,0.18770053475935833,0.5754216167482948,0.6621246930206764
2020-05,1798,300478,22,0.20687237026647964,0.43330744591827963,0.5699868363317243
2020-05,1798,603111,14,0.2258522727272727,0.58747570809261,0.4700585321927056
2020-05,1798,600118,22,0.16400911161731202,0.5286982078395076,0.5967282127785667
2020-05,1798,300499,23,0.14772727272727282,0.30878640540580593,0.43950606176477225
2020-05,1798,002436,24,0.24906507105459985,0.5101935185182199,0.5968976746843397
2020-05,1798,600789,25,0.2510121457489879,0.2849538933352761,0.3585483912275158
2020-05,1798,002458,19,0.15189873417721522,0.4819287437939661,0.4980968631053945
2020-05,1798,002463,17,0.20139458572600488,0.5227964449670924,0.5304829770387964
2020-05,1798,002467,24,0.14222873900293265,0.2971328961342543,0.4547742668526802
2020-05,1798,600168,18,0.17253521126760551,0.4358409795687648,0.5120262390670557
2020-05,1798,600172,15,0.12962962962962976,0.4890664042019724,0.5195344970906071
2020-05,1798,002483,49,0.2340862422997947,0.38228451292005156,0.43359017892124835
2020-05,1798,002486,17,0.15201900237529697,0.3022446953299125,0.41463414634146345
2020-05,1798,300562,29,0.20975353959098064,0.46269442311109693,0.6071278068749623
2020-06,1818,000004,30,0.16636363636363627,0.45280477830649185,0.42322732012513054
2020-06,1818,600203,21,0.12098298676748576,0.3658074819420025,0.5778894472361805
2020-06,1818,002503,26,0.1875,0.5204147161097972,0.45549738219895297
2020-06,1818,300018,28,0.14944356120826718,0.3874306850749208,0.4074766355140185
2020-06,1818,002505,17,0.12941176470588223,0.36703941071180507,0.2961500493583406
2020-06,1818,600853,27,0.20064724919093846,0.22469417090352278,0.33898305084745767
2020-06,1818,300586,70,0.2804347826086956,0.4585804615069583,0.5970088264138608
2020-06,1818,600237,30,0.18097447795823662,0.375701320563572,0.41703377386196755
2020-06,1818,002533,40,0.23658051689860837,0.47624276722925907,0.4269722814498932
2020-06,1818,300046,44,0.23187147199305247,0.5537739508295251,0.49153161143084356
2020-06,1818,002544,71,0.289913544668588,0.5211345562962195,0.6108997595996315
2020-06,1818,002545,22,0.09200603318250378,0.4904272690602706,0.5285841044492334
2020-06,1818,688015,21,0.09043805934997651,0.38926672212098123,0.417647957174205
2020-06,1818,600260,30,0.22101449275362306,0.4790822207726109,0.48910815939278945
2020-06,1818,002013,37,0.1443418013856813,0.5835675847336869,0.4884303435114509
2020-06,1818,600896,18,0.22545454545454546,0.542869349582359,0.4017521902377974
2020-06,1818,002556,32,0.16363636363636358,0.33774122732159856,0.5366742596810937
2020-06,1818,002021,93,0.21875,0.3979920370026841,0.5793991416309012
2020-06,1818,002023,33,0.1433100824350032,0.3946524240549988,0.4768437225636523
2020-06,1818,000400,26,0.1676056338028168,0.3480885949778059,0.4137541037683982
2020-06,1818,000401,29,0.21566335476329634,0.5811633026808973,0.5230430362588948
2020-06,1818,002028,27,0.16624811652435956,0.5811795352456125,0.4893716485631788
2020-06,1818,002041,20,0.11544461778471138,0.47858563544009247,0.5856850495476095
2020-06,1818,002588,36,0.22505307855626333,0.573448936962532,0.45392257622473436
2020-06,1818,300102,34,0.19413919413919412,0.5458319129076732,0.49291215537448396
2020-06,1818,600312,23,0.08970976253298146,0.23639589350493198,0.3492144010892929
2020-06,1818,000498,25,0.05647058823529416,0.2229235620609083,0.31824611032531896
2020-06,1818,300116,60,0.27722772277227725,0.5675275924632688,0.3700581395348836
2020-06,1818,600319,72,0.27943760984182786,0.38332146518855753,0.5724109362054675
2020-06,1818,002606,17,0.13087674714104192,0.26803500028935207,0.4356846473029049
2020-06,1818,002062,23,0.0894117647058823,0.21931186493371466,0.3268276853182516
2020-06,1818,002063,32,0.19967266775777426,0.4046440782571215,0.5153246753246755
2020-06,1818,002613,33,0.28935185185185197,0.5302256058466359,0.5261592077861362
2020-06,1818,000523,93,0.29750982961992134,0.47422884809971755,0.603167808219178
2020-06,1818,000525,39,0.2627027027027027,0.47636231919575606,0.4662004662004659
2020-06,1818,600998,42,0.16747967479674797,0.5927562975347421,0.5800421515623571
2020-06,1818,300698,21,0.13077679449360868,0.30986102192546805,0.37727966997819895
2020-06,1818,002645,30,0.21333333333333326,0.5831031391923596,0.280006170934897
2020-06,1818,300159,31,0.1920199501246882,0.44015156065922284,0.4904674444473186
2020-06,1818,300161,25,0.1665987780040733,0.41733056218071835,0.5506032002422897
2020-06,1818,000555,63,0.23864289821736628,0.5231929006425434,0.5968792686771041
2020-06,1818,600391,29,0.1880863039399625,0.4998094813132107,0.42253521126760607
2020-06,1818,300187,25,0.1738281249999999,0.2911699091491805,0.4363636363636367
2020-06,1818,002676,24,0.13296398891966754,0.29155252104873813,0.3534482758620692
2020-06,1818,600405,71,0.3029366306027821,0.5983424335747095,0.5668241178105028
2020-06,1818,300192,24,0.14897119341563791,0.5247018409039734,0.5909923627798531
2020-06,1818,601118,16,0.12177121771217714,0.48218091605372565,0.35714285714285654
2020-06,1818,601126,30,0.1472392638036809,0.46637113871428465,0.4589814617515448
2020-06,1818,300742,30,0.1374722838137472,0.46477261021924376,0.5074128210482355
2020-06,1818,002136,33,0.10416666666666674,0.40556534003745226,0.36615134255492254
2020-06,1818,002696,16,0.11271676300578037,0.45113702123177474,0.46225614927905
2020-06,1818,300757,34,0.1465320742429176,0.38080701705961134,0.603103135952534
2020-06,1818,300215,60,0.2056833558863328,0.5147556545427027,0.5010655439471905
2020-06,1818,002158,24,0.2608353033884948,0.5479242993270342,0.5893987341772151
2020-06,1818,603559,30,0.20134638922888615,0.47466528584186146,0.5648566021254913
2020-06,1818,000631,24,0.06521739130434778,0.5460423725334191,0.4395604395604399
2020-06,1818,600468,30,0.20080321285140568,0.4422166165360726,0.5998821449616973
2020-06,1818,600477,45,0.15053763440860213,0.34928679842079213,0.41732699418911773
2020-06,1818,600496,50,0.21407624633431088,0.568427639975576,0.540763774171606
2020-06,1818,002742,25,0.19464033850493656,0.5419393908694177,0.5874862788144896
2020-06,1818,600498,26,0.18629882207067572,0.48374158643718357,0.4786597526924608
2020-06,1818,002194,27,0.15329168668909166,0.40409010679354435,0.5069548872180446
2020-06,1818,600510,26,0.10212765957446801,0.3066075977973568,0.40555764175741627
2020-06,1818,300811,54,0.26406533575317603,0.4467939096686427,0.4270438850523499
2020-06,1818,300812,48,0.273716275021758,0.41458005198043435,0.35046085668209415
2020-06,1818,002761,101,0.25536062378167645,0.4212747437365673,0.1828358208955225
2020-06,1818,603618,26,0.18906250000000002,0.3529613136501135,0.3835973904939421
2020-06,1818,002768,21,0.1427364864864864,0.4783225467000652,0.37390976907967677
2020-06,1818,002218,37,0.1370967741935485,0.5766763345075228,0.4880736323567541
2020-06,1818,000713,33,0.19638554216867476,0.47245527240399054,0.4372837370242212
2020-06,1818,601616,26,0.12422360248447217,0.39388795613525124,0.4293381037567085
2020-06,1818,002233,29,0.13855421686746994,0.5350556135357857,0.5660171586447578
2020-06,1818,600550,20,0.1428571428571428,0.20993407949295553,0.28741080784392026
2020-06,1818,600560,26,0.1452404317958782,0.33769314958318863,0.381625441696113
2020-06,1818,300310,30,0.11056910569105705,0.2616148526003119,0.35521769177608864
2020-06,1818,002259,37,0.12133891213389125,0.29820058064290533,0.602316602316602
2020-06,1818,601789,21,0.12715517241379304,0.45196726617239175,0.49000000000000027
2020-06,1818,300325,39,0.2331460674157304,0.544477780450432,0.37818037818037825
2020-06,1818,002825,32,0.16299559471365632,0.38162451344354087,0.41121541995405947
2020-06,1818,002270,24,0.13276231263383298,0.5481774159837731,0.5894838983564802
2020-06,1818,300332,31,0.17561983471074372,0.5159016573851644,0.6064814814814812
2020-06,1818,002837,29,0.21295143212951417,0.5405799115551767,0.5554585152838429
2020-06,1818,002838,25,0.2120361708762083,0.4644979345848539,0.3851548502687485
2020-06,1818,601952,26,0.1344148319814601,0.33147957882066337,0.4102619323229331
2020-06,1818,603815,24,0.19938244375827097,0.3247143999689181,0.35482104370561424
2020-06,1818,002886,27,0.22531512605042014,0.5158717279660578,0.49844138669353566
2020-06,1818,000889,30,0.23172242874845106,0.5873543923947837,0.46062869592281336
2020-06,1818,603018,22,0.13149847094801226,0.5026577587143266,0.4979546884833225
2020-06,1818,002364,30,0.1343843843843845,0.3234470202361621,0.43543141381289474
2020-06,1818,000925,54,0.2617142857142857,0.45789875367964167,0.5845454545454538
2020-06,1818,002929,55,0.24280421772584793,0.5465703821201161,0.5084193089775529
2020-06,1818,603042,43,0.20013477088948795,0.5139929340779238,0.5939677496028124
2020-06,1818,603050,62,0.2211895910780668,0.5282742139745689,0.5291276346604213
2020-06,1818,002953,20,0.1071428571428571,0.464100997170266,0.3222433460076044
2020-06,1818,600724,23,0.1882022471910112,0.3612995896304431,0.3743500866551123
2020-06,1818,002971,47,0.2885085574572126,0.5204556722212664,0.3781372002230893
2020-06,1818,000975,27,0.15477293790546798,0.5077119177865763,0.5828460936420976
2020-06,1818,002973,27,0.1784037558685445,0.45076040183960797,0.47288853053819774
2020-06,1818,600108,22,0.14484679665738165,0.29756560927968473,0.39867109634551523
2020-06,1818,603105,33,0.15306122448979598,0.44087908643657786,0.48812372337321236
2020-06,1818,600133,23,0.14335664335664322,0.3649551398078282,0.4946262823644354
2020-06,1818,002452,23,0.10730948678071528,0.27866407740085214,0.356807511737089
2020-06,1818,600801,33,0.20111214087117701,0.5853372501235125,0.5579318448883673
2020-06,1818,600802,26,0.1304347826086958,0.3748446234752401,0.40552809442146703
2020-06,1818,600191,25,0.10383386581469645,0.4168830002522605,0.3764995386035063
2020-06,1818,300560,21,0.1282435129740519,0.36438732897644205,0.5158520335864304
2020-07,1841,603195,56,0.20641669887901037,0.467369031484525,0.6424267375276018
2020-07,1841,600692,37,0.19706242350061198,0.39904589432495974,0.6419413383291374
2020-07,1841,600855,29,0.21036269430051813,0.5811989090731818,0.620963426623029
2020-07,1841,300553,228,0.20734251147267413,0.38556945163046463,0.6681310635182132
2020-07,1841,601700,92,0.316931982633864,0.4959134449032053,0.4458947747217246
2020-07,1841,002660,60,0.25929368029739774,0.6926061620367022,0.5132591958939261
2020-07,1841,600227,65,0.20543806646525686,0.5353922967877592,0.6327138601220035
2020-07,1841,603066,65,0.25818521983161835,0.526072303730276,0.5119231960359238
2020-07,1841,300731,94,0.24990505127231288,0.4367497689949353,0.6608468759449676
2020-07,1841,300189,37,0.15032679738562094,0.6011613587449947,0.5672414234838973
2020-07,1841,300194,68,0.3205317577548006,0.5460721629499868,0.5600462286277577
2020-07,1841,600251,46,0.1953010279001467,0.679066551542891,0.664922410682064
2020-07,1841,603728,79,0.2740484429065744,0.6995396074833578,0.696517412935323
2020-07,1841,600593,203,0.24080615001038863,0.6818101146006437,0.5680141335958914
2020-07,1841,000063,81,0.260650480989464,0.695730317787897,0.5990352337805346
2020-07,1841,002976,39,0.14752758479771144,0.49292232912113065,0.2849655739389594
2020-07,1841,002139,90,0.311046511627907,0.5709142894251152,0.5925769192472369
2020-07,1841,002407,208,0.32251521298174446,0.5647759144624916,0.6522315042122182
2020-07,1841,600259,241,0.3220561237870443,0.4607098300816795,0.5178226269502545
2020-07,1841,300342,53,0.2959783099864437,0.6853331877786699,0.6395360267374426
2020-07,1841,300066,247,0.31272727272727274,0.3794045514926304,0.5492049849591748
2020-07,1841,000607,169,0.2921960072595281,0.5446938989269156,0.6336152620376867
2020-07,1841,300214,155,0.2562979189485214,0.5569990272095767,0.7009590235396685
2020-07,1841,601179,35,0.270967741935484,0.5872348681270566,0.684359119141728
2020-07,1841,000158,53,0.30236220472440944,0.6689908430163449,0.6373747298093928
2020-07,1841,603556,167,0.2603550295857988,0.659696056072384,0.6149330157226657
2020-07,1841,002574,234,0.3070469798657718,0.7017383813334075,0.640165203923593
2020-07,1841,300504,57,0.2391759776536313,0.6497235046016309,0.5914455024311183
2020-07,1841,300644,50,0.2775011317338162,0.6170371085966557,0.5847184234518549
2020-07,1841,601258,123,0.23972602739726023,0.676731272359982,0.6263157894736845
2020-07,1841,600488,72,0.25698324022346364,0.6735102706053381,0.6783982091779628
2020-07,1841,300383,63,0.23111831442463537,0.6769671790934089,0.6255475844163635
2020-07,1841,600642,248,0.19480519480519476,0.6339105216542381,0.6860144312393887
2020-07,1841,600313,38,0.22048997772828516,0.4879052228746655,0.5692130011549252
2020-07,1841,002188,65,0.29447852760736193,0.5272100552993685,0.6487134515907024
2020-07,1841,300799,117,0.31886818119983684,0.3843547528134788,0.46135912751351565
2020-07,1841,600654,83,0.319634703196347,0.6460827718502604,0.6021759298304795
2020-07,1841,300538,23,0.27921239509360885,0.5241256157448361,0.5678810337359833
2020-07,1841,300265,38,0.2737471952131637,0.46591842255238225,0.5071089661683201
2020-07,1841,600512,66,0.3109919571045576,0.3976587172600959,0.5015359168241965
2020-07,1841,300542,181,0.27908636688079946,0.41895637180870904,0.6794235045941776
2020-07,1841,300407,86,0.29354207436399227,0.6414792817706978,0.6638924762041422
2020-07,1841,300134,87,0.31868131868131866,0.4373400848283287,0.5738674780256929
2020-07,1841,002075,36,0.31046931407942235,0.6699254276027861,0.5568767340467696
2020-07,1841,600522,38,0.21032357473035446,0.5631846503659067,0.6399749029449828
2020-07,1841,002350,86,0.3076923076923077,0.698524635425678,0.6097560975609757
2020-07,1841,002480,25,0.20175438596491224,0.67066990253791,0.6287481850893248
2020-07,1841,002484,90,0.2767857142857143,0.5762446254841388,0.7031605562579011
2020-07,1841,603031,79,0.24667729930887816,0.6511165928673774,0.6829908068447555
2020-07,1841,002629,58,0.19384615384615378,0.3765658946649846,0.6570617769046061
2020-07,1841,600829,70,0.23428571428571432,0.6617033241548939,0.6108706108706109
2020-08,1862,600538,56,0.31085714285714283,0.7020782065550705,0.5727731864095504
2020-08,1862,600198,28,0.1989319092122831,0.47911999156151125,0.48734416320362733
2020-08,1862,600361,52,0.21863117870722426,0.5671756230866616,0.49058932428262864
2020-08,1862,002498,33,0.22902097902097895,0.3419056104545881,0.37763989977329676
2020-08,1862,300161,69,0.2521929824561403,0.5698239643131912,0.7051839886931502
2020-08,1862,002103,35,0.2592592592592593,0.3968491925370877,0.6010272429639864
2020-08,1862,300026,61,0.20757825370675465,0.7006218973808216,0.6267092069279855
2020-08,1862,002107,18,0.1624758220502901,0.430376411086493,0.5743944636678201
2020-08,1862,600712,18,0.21903520208604954,0.46061462908625217,0.5233241865934932
2020-08,1862,000564,18,0.24817518248175185,0.27376507502934966,0.40924592648730596
2020-08,1862,000756,85,0.2749349522983522,0.6324534206166056,0.6299608158344217
2020-08,1862,688299,34,0.2663316582914572,0.7008446379636956,0.7064548607226763
2020-08,1862,000034,96,0.2436495593571799,0.6742981667431586,0.5325727513227514
2020-08,1862,601789,65,0.2151162790697675,0.5228228008683807,0.6018518518518521
2020-08,1862,300463,33,0.21448013064779536,0.6176559989658217,0.605251747872744
2020-08,1862,002397,50,0.237956204379562,0.6709188679934666,0.49316696375519925
2020-08,1862,002400,17,0.23040604343720483,0.4245416854729475,0.34715525554484106
2020-08,1862,600410,59,0.24362774155305278,0.5087853247205124,0.6753598497258803
2020-08,1862,000061,56,0.21900347624565475,0.6969598204336658,0.501179245283019
2020-08,1862,300485,20,0.2903366856143419,0.39486953942548864,0.5623134448117595
2020-08,1862,600268,38,0.2650602409638554,0.37141901336898675,0.5389739823751576
2020-08,1862,603109,35,0.3076639646278556,0.4351248521993149,0.5683971201212583
2020-08,1862,603530,45,0.27062600321027286,0.6294512370247743,0.7116694189136142
2020-08,1862,002158,68,0.31080088170462883,0.5722359782014784,0.6668256701414742
2020-08,1862,600459,17,0.22884326489734597,0.6459387777292888,0.5333559092448351
2020-08,1862,000401,73,0.21566335476329634,0.697073366577651,0.6758967904342349
2020-08,1862,603577,58,0.20486985726280427,0.5184036894763818,0.44053366854269627
2020-08,1862,002880,18,0.21740890688259118,0.5960356492541049,0.6186901371990691
2020-08,1862,002046,21,0.19006685768863418,0.2914270430344965,0.3575025176233633
2020-08,1862,300655,36,0.3161843515541265,0.5366243548067546,0.6788309381559826
2020-08,1862,002183,26,0.22273425499231958,0.5167883268177174,0.6264108352144472
2020-08,1862,002329,52,0.2824427480916031,0.5289835994868683,0.5807379997944292
2020-08,1862,002603,39,0.24150110375275935,0.5100891515942015,0.3819550713105225
2020-08,1862,300260,19,0.24388379204892963,0.5649402191014219,0.6405132519983173
2020-08,1862,688389,22,0.23191943851083308,0.44405593275931277,0.6306067525689121
2020-08,1862,002065,96,0.294979079497908,0.6738625855405067,0.48291707879986806
2020-08,1862,002204,30,0.218568665377176,0.6867333891885059,0.38196286472148505
2020-08,1862,603023,69,0.2795341098169717,0.541118024461308,0.365095805282237
2020-08,1862,002351,19,0.11857923497267764,0.3911677064725908,0.30136600478805814
2020-08,1862,300688,78,0.2543906333155934,0.6524030628103038,0.6590552746063644
2020-08,1862,300002,38,0.29032258064516137,0.5261868278316092,0.624937255295653
2020-08,1862,600830,61,0.29917550058892817,0.693246581024095,0.5278482201559127
2020-08,1862,688268,23,0.31366075113495673,0.455958612784312,0.5971170225836551
2020-09,1884,600197,23,0.23251326579835985,0.5522907039246073,0.591062643117872
2020-09,1884,300565,21,0.23950056753688997,0.4191285034404715,0.6542235905329996
2020-09,1884,600836,102,0.29103214890016915,0.2621607913250606,0.6318435754189943
2020-09,1884,000006,28,0.2489146164978292,0.5199098170897133,0.5653710247349821
2020-09,1884,600834,34,0.22510121457489873,0.20693861184602344,0.4019607843137252
2020-09,1884,000011,19,0.18121212121212127,0.560182098189695,0.5150200803212849
2020-09,1884,000014,33,0.22565091610414656,0.5128376607580118,0.6505762122200485
2020-09,1884,300575,25,0.23715693173821262,0.5324028296213692,0.6810232494341956
2020-09,1884,002515,80,0.2825,0.5755162320987546,0.5491990846681924
2020-09,1884,600223,20,0.23979591836734693,0.4945192900167376,0.5781517843228923
2020-09,1884,600859,18,0.19619123189843268,0.4166598667796,0.6769066585356558
2020-09,1884,000030,27,0.24186046511627912,0.5504377736264017,0.5360764995653435
2020-09,1884,000032,39,0.3021531944934698,0.5825545186580204,0.6927989429641047
2020-09,1884,002524,21,0.2523985239852399,0.45562187167063045,0.6472491909385106
2020-09,1884,000037,28,0.2378902045209902,0.5840990148651098,0.6904853620955317
2020-09,1884,603229,27,0.29456824512534807,0.3961145955634914,0.4901475681811567
2020-09,1884,000049,44,0.21376198533558943,0.35436917176661814,0.6428397260172755
2020-09,1884,688006,34,0.25482187429090075,0.5059255252781429,0.5617728236849809
2020-09,1884,600880,74,0.275092936802974,0.5757983549483374,0.6543219604444094
2020-09,1884,603239,46,0.23614457831325308,0.5220055530336672,0.6711543256045874
2020-09,1884,002545,88,0.24750000000000005,0.5335347807479854,0.6854480922803906
2020-09,1884,600884,28,0.2247557003257329,0.43867326661112704,0.6080827067669177
2020-09,1884,000066,37,0.2938496583143507,0.49311574768908234,0.6871362632952029
2020-09,1884,002548,25,0.23835616438356155,0.274992080980146,0.5537640386967639
2020-09,1884,300618,23,0.21598300809770343,0.5221343628811862,0.5039314427069528
2020-09,1884,600895,33,0.18492834026814609,0.3261446095047311,0.44978783592645016
2020-09,1884,000153,29,0.2195121951219512,0.3647711993739499,0.509881422924901
2020-09,1884,603283,27,0.11911262798634814,0.5359949195811411,0.5963855421686743
2020-09,1884,300638,24,0.20782173715325136,0.5515424291746828,0.6454724409448819
2020-09,1884,002577,38,0.24768518518518523,0.3330323176089714,0.6673566549368659
2020-09,1884,002583,48,0.2576064908722109,0.4876743848170264,0.5671321160042964
2020-09,1884,000417,48,0.26331811263318117,0.3841332267861018,0.5381431105854526
2020-09,1884,000426,32,0.21688159437280186,0.30872443858655496,0.4646888947230246
2020-09,1884,603318,22,0.25266214908034856,0.3607599998222622,0.6730185241421196
2020-09,1884,300663,18,0.18927169646750985,0.5483916865934778,0.6035447761194029
2020-09,1884,600318,26,0.1998394863563403,0.31226194677045976,0.5681687879830293
2020-09,1884,300121,36,0.2184466019417476,0.6107150053055944,0.6945743685687545
2020-09,1884,300676,40,0.25956094742923175,0.5867224369788853,0.6713495700667746
2020-09,1884,600993,19,0.23788721207307384,0.5877227691391244,0.46885913853317784
2020-09,1884,000526,14,0.17721518987341778,0.48411339208542487,0.539342462694898
2020-09,1884,688108,28,0.22771562612775176,0.3235490085397274,0.5600987248046069
2020-09,1884,000531,26,0.21764705882352942,0.42012157052090365,0.554517133956386
2020-09,1884,603353,18,0.21211515393842473,0.2163043481385644,0.4480712166172111
2020-09,1884,300148,14,0.2629921259842519,0.5528209296174216,0.4999714628160493
2020-09,1884,002640,31,0.26007326007326004,0.35818346989551725,0.6450592885375496
2020-09,1884,688126,28,0.2593406593406593,0.41840535855092026,0.4274656294527669
2020-09,1884,600375,44,0.21393034825870638,0.38713156152695083,0.6081275819002789
2020-09,1884,601038,41,0.27091327705295465,0.3923510594474825,0.5468127490039838
2020-09,1884,000557,77,0.19059405940594054,0.6221496746607958,0.5849089332176929
2020-09,1884,002106,29,0.22654754307594138,0.5043042957300053,0.6626360338573154
2020-09,1884,600380,41,0.23239074550128536,0.5193926110388771,0.6600639378173389
2020-09,1884,300171,17,0.19618665328650275,0.3975717588489338,0.5233473242392437
2020-09,1884,688138,38,0.29387755102040813,0.35265310388618465,0.5866544247745296
2020-09,1884,603392,18,0.24550111651123074,0.3011179459608016,0.4843786430403357
2020-09,1884,000567,30,0.2681159420289855,0.22191072793470507,0.5317201660788426
2020-09,1884,600391,29,0.27019867549668874,0.5953184085410174,0.5340950609492808
2020-09,1884,300183,15,0.15488215488215484,0.4186023387248429,0.5679201841903302
2020-09,1884,601116,75,0.2571793235481812,0.5675523620272638,0.5123099896619063
2020-09,1884,603456,22,0.213257348530294,0.5379880594947656,0.6908670861187571
2020-09,1884,300192,19,0.2909718228867165,0.6342156168228771,0.6630673865226958
2020-09,1884,000592,27,0.16032608695652184,0.30072601446357844,0.5842322449866066
2020-09,1884,600415,25,0.1558219178082192,0.2486841876964072,0.3456495828367098
2020-09,1884,000603,21,0.2799167533818938,0.5595435949266987,0.5710081972955929
2020-09,1884,688181,32,0.27105485232067517,0.45230932662551765,0.6291753786526592
2020-09,1884,002699,29,0.21092757306226173,0.42622341578283196,0.6314940881404517
2020-09,1884,002152,57,0.2599451303155007,0.5157047333027107,0.5804382683057188
2020-09,1884,000620,44,0.24885844748858443,0.40350501298596203,0.6268656716417909
2020-09,1884,300767,17,0.20216350416740558,0.4920975832250082,0.5775201821569033
2020-09,1884,688198,24,0.2571979611516738,0.262125785923472,0.513073893335543
2020-09,1884,000636,27,0.2615518744551002,0.630660225756007,0.6423014524597284
2020-09,1884,000655,39,0.2899484536082474,0.5500839733960162,0.5972144846796659
2020-09,1884,603588,22,0.1875,0.5646990757663994,0.5552849488553335
2020-09,1884,300246,18,0.15538160469667328,0.5188047676775986,0.3026997545677674
2020-09,1884,002740,32,0.23035230352303526,0.3243293148398356,0.4605217391304346
2020-09,1884,000679,33,0.12121212121212122,0.3842622902642063,0.5698324022346368
2020-09,1884,600503,60,0.2876984126984128,0.5649848994569117,0.5678837291740517
2020-09,1884,000691,34,0.1929460580912863,0.3960773840455412,0.590278905159258
2020-09,1884,601519,32,0.2330578512396695,0.6284032313284209,0.6584271639690362
2020-09,1884,002208,21,0.22754946727549463,0.293283344338014,0.46872246696035247
2020-09,1884,603630,40,0.23274559193954658,0.473997780460935,0.5986539142755931
2020-09,1884,600531,31,0.24629629629629635,0.4682164677374261,0.5755102040816323
2020-09,1884,600532,21,0.15663801337153782,0.2399940074976158,0.6023053757485544
2020-09,1884,601606,15,0.17264851485148525,0.3673040699048883,0.5762717254758533
2020-09,1884,601609,38,0.30355731225296445,0.20047814137409717,0.34006376195536736
2020-09,1884,002232,28,0.2449826989619377,0.5185665188027678,0.6518359689091396
2020-09,1884,688278,34,0.2616088947024199,0.35775005551961697,0.5138014845956776
2020-09,1884,002236,26,0.1723809523809524,0.5795561647795128,0.47571684333172454
2020-09,1884,002239,26,0.2067594433399602,0.41487582721113886,0.6668734491315136
2020-09,1884,600559,51,0.23193010325655283,0.5655281175682983,0.5441738409833803
2020-09,1884,688288,41,0.30172570390554043,0.3578684765223957,0.5992822966507175
2020-09,1884,002246,108,0.24511930585683306,0.6177773248076552,0.556468702455988
2020-09,1884,601696,42,0.24142083082480437,0.35234529609923565,0.5921591574019898
2020-09,1884,002258,29,0.21109693877551028,0.4155485417786014,0.5995655322230269
2020-09,1884,600584,29,0.2570781426953568,0.4749137044245929,0.5190455234462862
2020-09,1884,603722,34,0.25685666587169087,0.4336833930383494,0.6896874694004399
2020-09,1884,002829,28,0.253385865550357,0.4577421382923671,0.6433695610916412
2020-09,1884,300334,14,0.23699421965317924,0.6014834316430182,0.4938214035905805
2020-09,1884,688318,45,0.25939572586588056,0.3933426309387997,0.4238829576907871
2020-09,1884,000807,22,0.2264808362369337,0.4259118651333943,0.6633499170812603
2020-09,1884,600609,35,0.21118012422360255,0.4208926981697793,0.6734387747045977
2020-09,1884,002297,35,0.24342105263157887,0.3868735000514219,0.5028983236722547
2020-09,1884,000829,43,0.27471264367816095,0.4661969259775104,0.580938482263134
2020-09,1884,000831,36,0.2793857058476078,0.4655320471341988,0.5463718467767049
2020-09,1884,300374,17,0.20744956026901185,0.309335053626426,0.5040777566752312
2020-09,1884,600645,31,0.29398080837452745,0.447430268729358,0.6392473578866207
2020-09,1884,300390,22,0.19168026101141922,0.37808794334859924,0.5913705583756345
2020-09,1884,600658,53,0.21898928024502307,0.283697016438007,0.5140758873929011
2020-09,1884,603880,42,0.24439461883408076,0.5072925006984408,0.5045949625595644
2020-09,1884,002338,32,0.28783282777216046,0.3124506216208978,0.6272041388230222
2020-09,1884,002909,25,0.27874564459930307,0.42704185465011607,0.5848287112561172
2020-09,1884,603020,52,0.2712392829306314,0.5329883307667778,0.661554354736173
2020-09,1884,603898,31,0.2773575390821986,0.6319091039091733,0.6223934403053649
2020-09,1884,000910,28,0.27285851780558235,0.487459519480012,0.6846049046321518
2020-09,1884,600682,23,0.21382289416846656,0.3447938112776871,0.5375139977603586
2020-09,1884,600051,45,0.2538860103626942,0.41216483329030834,0.4870463098311204
2020-09,1884,603060,31,0.24356913183279738,0.6345836592004966,0.6314232902033273
2020-09,1884,600071,34,0.29527836504580685,0.6076427763632896,0.47553220901299487
2020-09,1884,600723,19,0.1483622350674375,0.4645346000840212,0.4913363399003083
2020-09,1884,603078,45,0.27905039566847156,0.3493905528188392,0.6054962525550757
2020-09,1884,603988,29,0.2720848056537103,0.40695353573210297,0.6032212317666128
2020-09,1884,002401,72,0.27207325049051656,0.4423837452951268,0.6217985202048947
2020-09,1884,000976,23,0.1837837837837838,0.4290877652389285,0.6106980437450374
2020-09,1884,002973,93,0.29197572488199597,0.5227476343092308,0.6822847842803494
2020-09,1884,002980,42,0.2832234743780565,0.20458985436462182,0.3807026743576295
2020-09,1884,002409,35,0.3004085205719288,0.49272360402094584,0.6099102039450006
2020-09,1884,002981,52,0.2791530944625408,0.19569937248496902,0.430275549354726
2020-09,1884,002983,41,0.30175913396481724,0.18972770218003995,0.3569162436548222
2020-09,1884,002987,40,0.26285160038797295,0.2842420899905865,0.5120910384068282
2020-09,1884,600112,32,0.19191919191919182,0.2515208649809503,0.595533498759305
2020-09,1884,002425,20,0.18635607321131453,0.39556015333541156,0.49338454972257767
2020-09,1884,300496,22,0.16264361758195434,0.61098464965777,0.606926882902695
2020-09,1884,603113,45,0.21706016755521718,0.5993670613086318,0.6787790697674415
2020-09,1884,002429,25,0.24262734584450396,0.5774088980049166,0.5575632421269995
2020-09,1884,002457,28,0.3040152963671129,0.43115591181482843,0.4392811762570339
2020-09,1884,002461,40,0.26356589147286813,0.6189925819469514,0.6180406578812951
2020-09,1884,600802,92,0.26116838487972516,0.5903172126193611,0.6207520678700846
2020-09,1884,600804,53,0.25172754195459035,0.5348248103184658,0.6722839727500897
2020-09,1884,600812,23,0.2025862068965517,0.3118198495678843,0.5259781911481721
2020-09,1884,600814,48,0.24641833810888258,0.3938563846789785,0.4580312325711098
2020-09,1884,002481,58,0.2692111959287532,0.5067588434820975,0.655337227827934
2020-09,1884,600827,18,0.22235225277940318,0.4036505300175277,0.581113801452784
2020-10,1900,300426,27,0.19919919919919926,0.2797382076347819,0.42326518859775425
2020-10,1900,300835,44,0.19829012686155534,0.43151790713145394,0.6651347068145804
2020-10,1900,601020,21,0.20858164481525632,0.4595942564490557,0.45142984665412683
2020-10,1900,600371,20,0.1747772446881426,0.30983115711219167,0.555498981670061
2020-10,1900,300161,107,0.26790935672514615,0.48849329833058824,0.6598484712793968
2020-10,1900,000551,71,0.2950108459869849,0.30261494412236856,0.6491422049434674
2020-10,1900,300440,107,0.2627345844504021,0.47329425396270725,0.4914495236377844
2020-10,1900,601066,28,0.23416245627671983,0.46225341286764915,0.6205750169303701
2020-10,1900,600711,24,0.18196721311475406,0.34336396311949646,0.6404819277108439
2020-10,1900,002517,15,0.1619718309859155,0.34612047323680567,0.3540802213001386
2020-10,1900,300449,23,0.19505094614264917,0.5290698795880455,0.6319302799925829
2020-10,1900,600070,42,0.27450980392156865,0.4092844462807322,0.6380520750022218
2020-10,1900,000566,21,0.19161676646706582,0.2917330491348129,0.6111936602278358
2020-10,1900,300592,18,0.2176271186440678,0.3623090387248625,0.5323846908734051
2020-10,1900,002256,48,0.2551724137931034,0.5411286681376808,0.6394984326018812
2020-10,1900,601788,22,0.2341597796143251,0.3403413524606859,0.6111552879700105
2020-10,1900,002960,16,0.18277310924369738,0.49323302330276636,0.6066518847006648
2020-10,1900,600075,24,0.16619318181818177,0.38802988087935286,0.4837451235370614
2020-10,1900,002124,26,0.16213921901528017,0.36825865153648857,0.6662946428571429
2020-10,1900,601108,22,0.14918414918414924,0.3464654623621117,0.6259922885007937
2020-10,1900,002532,71,0.30186335403726716,0.5105036513554859,0.5949005757414481
2020-10,1900,300464,22,0.2013636363636363,0.5553697577512487,0.5355439755622212
2020-10,1900,000779,118,0.20308483290488422,0.5792219425430963,0.5775835154542616
2020-10,1900,001696,24,0.10419485791610283,0.34556895193793813,0.6045310482450992
2020-10,1900,002536,84,0.26567164179104485,0.5063553143417098,0.6561980033277869
2020-10,1900,300741,21,0.16211101766190072,0.30705980291404417,0.559796437659033
2020-10,1900,603991,19,0.16028649049147947,0.2546822663207132,0.6279230442176873
2020-10,1900,300054,42,0.24882873503383662,0.45050474415909136,0.66681338028169
2020-10,1900,002135,111,0.2711306256860593,0.5833474238221138,0.47020703426709126
2020-10,1900,002683,22,0.15655940594059403,0.4858329637181291,0.660509236145781
2020-10,1900,600739,20,0.24828085414404633,0.46561437289170027,0.5673801883988525
2020-10,1900,600095,16,0.2949253731343283,0.4274910386909013,0.5131394806406471
2020-10,1900,300059,29,0.15459882583170248,0.4958179484461951,0.5240071132187316
2020-10,1900,000796,20,0.29069103369503146,0.37760996520027873,0.43282129905357164
2020-10,1900,603506,66,0.3033766233766234,0.5840363438706085,0.514907848857895
2020-10,1900,000987,20,0.17342342342342354,0.2959219578012381,0.40538657998606886
2020-10,1900,002985,23,0.21636815269969933,0.4872151794209663,0.6352597602213341
2020-10,1900,300065,17,0.1082995951417004,0.4337121416147756,0.5767704383102568
2020-10,1900,002414,25,0.14771953710006802,0.41505823867527053,0.5532182103610676
2020-10,1900,300213,25,0.2023681377825618,0.4631088957482703,0.5338113733691863
2020-10,1900,000612,46,0.2694369973190348,0.21924402921539332,0.5878962536023054
2020-10,1900,002702,22,0.2286902286902286,0.39579460541882067,0.6314811948614769
2020-10,1900,300492,44,0.17547568710359407,0.44449554652154294,0.537855631319069
2020-10,1900,300494,68,0.25,0.44051979714680617,0.6346873154406457
2020-10,1900,002294,28,0.2175035868005739,0.454959857603442,0.6455212922173282
2020-10,1900,688196,26,0.22340785907859073,0.5627913967025872,0.49273943547071253
2020-10,1900,300364,33,0.2932489451476793,0.35489939693262423,0.5886069950396516
2020-10,1900,600620,22,0.18698224852071,0.2862677629734691,0.6223144169506595
2020-10,1900,000403,51,0.23705552089831572,0.46668518736389414,0.5062628378106251
2020-10,1900,002866,42,0.2485741444866919,0.3595040294829903,0.6576999310374756
2020-10,1900,002582,36,0.2027397260273972,0.47484369203321525,0.6313131313131313
2020-10,1900,300238,15,0.1589147286821705,0.5809072977833744,0.5254519810232081
2020-10,1900,300511,24,0.20527201346045987,0.36844340599803566,0.5246771217712177
2020-10,1900,002314,41,0.2275711159737419,0.45679618352978907,0.47108512020792725
2020-10,1900,002177,22,0.1644295302013422,0.40953023516817605,0.6083983518891906
2020-10,1900,300241,31,0.2725321888412017,0.39066381095625474,0.6377809895753251
2020-10,1900,300378,14,0.22579517651170922,0.46559353859265173,0.5736597720557197
2020-10,1900,002445,15,0.11374407582938373,0.38892828059451673,0.6581352833638023
2020-10,1900,300521,46,0.2041745730550285,0.24323972489665022,0.5259984682820316
2020-10,1900,600313,14,0.1816367265469062,0.27221989403978303,0.4808242701774472
2020-10,1900,000504,28,0.19269102990033227,0.2701490226153569,0.5113437366229521
2020-10,1900,000505,18,0.22110091743119265,0.4891659203250205,0.5654150777354069
2020-10,1900,002059,28,0.26307448494453234,0.38313300946002526,0.5448354143019299
2020-10,1900,601377,29,0.13217623497997333,0.4787625336477146,0.5422535211267604
2020-10,1900,000683,29,0.25652173913043474,0.4299291135446954,0.5081874647092035
2020-10,1900,600662,49,0.23903966597077242,0.25167623742084533,0.44888745565946536
2020-10,1900,600986,73,0.24437299035369764,0.5149118916807706,0.6703746595116542
2020-10,1900,002069,18,0.184652278177458,0.3220550212585466,0.48387096774193594
2020-10,1900,600515,16,0.28437500000000004,0.5387829378137349,0.4482551143200966
2020-10,1900,000893,15,0.15011286681715563,0.32866500347139904,0.6015712682379348
2020-10,1900,000524,14,0.22451081359423275,0.2949742404338185,0.3298515667949421
2020-10,1900,000908,22,0.17936117936117946,0.37713464352279036,0.4928404928404934
2020-10,1900,002626,15,0.15750528541226227,0.46733598577366886,0.5908058031812622
2020-10,1900,600685,15,0.16500664010624178,0.3376716504696168,0.45351122142930994
2020-11,1921,300287,15,0.1942078364565587,0.4411059266932138,0.5260752841720453
2020-11,1921,300566,59,0.2655836796373252,0.4298411880736508,0.6165966430293516
2020-11,1921,300009,78,0.2919847328244275,0.4181187605770702,0.6233461548953814
2020-11,1921,300837,39,0.23243323884827682,0.3234170370347702,0.48570514614738686
2020-11,1921,300293,42,0.2857142857142857,0.47576774446391795,0.43165681573175724
2020-11,1921,300434,22,0.18948412698412698,0.3785018699993238,0.46385906547708977
2020-11,1921,300016,80,0.21940298507462686,0.543751372760347,0.5674418604651162
2020-11,1921,002097,32,0.15102974828375293,0.44864061602821237,0.5918634352999812
2020-11,1921,300841,37,0.19655432038619958,0.3879500295039388,0.29745606394870727
2020-11,1921,601028,25,0.15483870967741942,0.5251973692738482,0.6258102533883326
2020-11,1921,002506,26,0.18203883495145634,0.3854677388745555,0.5822711471610662
2020-11,1921,300842,41,0.24713150926743155,0.490854877598089,0.5233982209617122
2020-11,1921,002797,40,0.1970865467009426,0.42834119999033554,0.5183468083903436
2020-11,1921,300846,25,0.22155688622754488,0.33817592568213456,0.24063745019920343
2020-11,1921,603212,20,0.1954137587238285,0.47646831211570767,0.6096172374529212
2020-11,1921,300307,25,0.1445012787723785,0.47516819294368257,0.5061460592913963
2020-11,1921,300171,54,0.284688995215311,0.3902585553284457,0.6273710549681166
2020-11,1921,603966,33,0.15610510046367854,0.4425337575016928,0.6245982429826441
2020-11,1921,600862,32,0.18214004720692378,0.45589619462345127,0.5898576370621906
2020-11,1921,002259,21,0.11497326203208558,0.3514402932113172,0.5377906976744194
2020-11,1921,300320,14,0.17741935483870974,0.5492748957740669,0.5932835820895522
2020-11,1921,601798,34,0.15304948216340608,0.3865521971720629,0.5039863325740317
2020-11,1921,000576,37,0.22927557879014193,0.5049247976748471,0.4988766749578749
2020-11,1921,002264,114,0.22570016474464583,0.5439594907168802,0.4490556861473615
2020-11,1921,300189,16,0.141156462585034,0.36641725971592654,0.4458333333333333
2020-11,1921,603087,41,0.23066037735849054,0.5220984720449385,0.5307907699225379
2020-11,1921,002681,38,0.20415224913494823,0.5211527666411864,0.5600497822028627
2020-11,1921,603728,17,0.143329658213892,0.4662578938006024,0.5013337298894902
2020-11,1921,300197,15,0.15844155844155838,0.2676813633390706,0.3904071388733964
2020-11,1921,300199,27,0.2036637931034483,0.45451900715732463,0.5317303425182554
2020-11,1921,300341,15,0.1934272300469484,0.4918580578533389,0.4810776138550345
2020-11,1921,300063,15,0.23076923076923073,0.42894920730139696,0.47298919567827147
2020-11,1921,002845,24,0.1515023275497248,0.5281187320063055,0.47671232876712366
2020-11,1921,002286,30,0.2838235294117647,0.4284003600602176,0.362410986775178
2020-11,1921,002287,31,0.14939271255060715,0.28911649655792165,0.3648923003761713
2020-11,1921,601882,21,0.14520098441345364,0.27943357949514014,0.33907083015993916
2020-11,1921,002151,21,0.1535153019023987,0.4888646120562717,0.5891594658287514
2020-11,1921,300354,21,0.1909385113268608,0.33724722595481765,0.44585410058903496
2020-11,1921,002417,22,0.1709129511677283,0.31892769800847726,0.3951095509018276
2020-11,1921,603108,70,0.23797468354430384,0.3091339038848298,0.6165412235879024
2020-11,1921,300077,24,0.14230396902226528,0.4876750274667493,0.5398886827458255
2020-11,1921,300358,27,0.2509986684420772,0.5149694188518709,0.4055861845305661
2020-11,1921,600764,31,0.1791085589280832,0.34610010534971086,0.5097465748562504
2020-11,1921,300080,25,0.2325905292479109,0.5161987041096511,0.45828988529718484
2020-11,1921,300083,34,0.27314814814814825,0.5460549628688676,0.5136154168412236
2020-11,1921,600918,55,0.25715990453460635,0.2779365753741475,0.6201378084018669
2020-11,1921,300085,40,0.2780389523169913,0.5089399162455447,0.5925126283200262
2020-11,1921,002030,31,0.2031793343268753,0.4406686135844847,0.5840922890103215
2020-11,1921,002298,33,0.22350041084634353,0.3595179227603677,0.4719129030922715
2020-11,1921,000828,34,0.2475675675675676,0.3312221507741044,0.3487140161643476
2020-11,1921,300231,20,0.17727717923604314,0.4970936592269295,0.4603677869372227
2020-11,1921,603809,20,0.16000000000000003,0.4856433168984584,0.6002206693637369
2020-11,1921,300095,20,0.17043740573152333,0.5364737528352264,0.5431785309205941
2020-11,1921,300512,32,0.21083172147001927,0.4401410793848705,0.45651476251604617
2020-11,1921,000416,20,0.09800918836140893,0.4694679095321077,0.5114345114345121
2020-11,1921,002041,26,0.1727557411273487,0.33426715289879344,0.5055555555555556
2020-11,1921,300099,19,0.18022528160200257,0.34350683591422204,0.4543650793650794
2020-11,1921,603819,24,0.1642611683848798,0.45012648675467615,0.5662763921772127
2020-11,1921,300380,14,0.18087557603686644,0.42399018783498976,0.5041411595246676
2020-11,1921,000421,33,0.1703125000000001,0.24189110125850616,0.3505843071786309
2020-11,1921,300791,27,0.21005615109749876,0.5406473906219186,0.5831357573344431
2020-11,1921,300386,25,0.27462887989203777,0.39599187544148956,0.46994637881377777
2020-11,1921,600496,24,0.10735586481113324,0.493417386871399,0.537062937062937
2020-11,1921,300111,19,0.18453865336658348,0.3752858257770569,0.3818653256855502
2020-11,1921,300254,23,0.20842105263157895,0.3249826209550951,0.40640394088669973
2020-11,1921,300663,55,0.29088530309638017,0.5309594207400185,0.5940101176808266
2020-11,1921,002190,64,0.27878415719987726,0.5130171860225373,0.5703315227570709
2020-11,1921,300120,26,0.2126200274348422,0.28002961408469235,0.4036090225563913
2020-11,1921,002610,27,0.18473895582329336,0.3098625476905428,0.4175824175824174
2020-11,1921,600511,30,0.16821994408201302,0.5186099139477965,0.5672454384932316
2020-11,1921,600330,88,0.24500434404865334,0.537597876767161,0.5546971961196527
2020-11,1921,300267,35,0.2179930795847752,0.5318485319129733,0.4383116883116888
2020-11,1921,300411,21,0.23178807947019864,0.4892829280232988,0.4600120264582079
2020-11,1921,300276,15,0.1907051282051283,0.40562100907431686,0.44843355402361595
2020-11,1921,002772,85,0.2576064908722109,0.47794865405336684,0.5982932996207332
2020-11,1921,300824,17,0.24058219178082196,0.4930231479537654,0.4285125669550888
2020-12,1944,600836,162,0.30964467005076146,0.3278689447636461,0.5037074657186391
2020-12,1944,300011,39,0.25562130177514786,0.49883820649574645,0.5714285714285713
2020-12,1944,300018,30,0.16238159675236796,0.35813251908221677,0.4709567198177677
2020-12,1944,300022,35,0.24595469255663427,0.33309872928923945,0.40309485146623375
2020-12,1944,300040,30,0.1609589041095889,0.4431611737251743,0.5808059825508934
2020-12,1944,001696,68,0.18276762402088775,0.3851829835971364,0.5855508501358953
2020-12,1944,300610,42,0.2794985250737464,0.47314039038830946,0.4384077461000537
2020-12,1944,300611,27,0.2791956689868522,0.34607417363426884,0.5342099856174233
2020-12,1944,300057,36,0.29446064139941697,0.34914010422047287,0.5192462397308695
2020-12,1944,300066,41,0.3125,0.4169907784393554,0.5430503050932535
2020-12,1944,300067,27,0.28125,0.35060651738241433,0.3739644970414202
2020-12,1944,300625,36,0.271875,0.47126712906182106,0.5741897022371435
2020-12,1944,002023,159,0.2996371176775531,0.3958714005448938,0.5594514397483913
2020-12,1944,300092,33,0.3142857142857143,0.33392844426692253,0.4169717854835238
2020-12,1944,300641,26,0.2562500000000001,0.34593357342901165,0.5157875300055395
2020-12,1944,300644,26,0.2518375241779498,0.4087503189591813,0.5897556076330768
2020-12,1944,300647,28,0.23870056497175152,0.413779235156968,0.5119570085087329
2020-12,1944,300102,20,0.2756005056890012,0.38520417396508355,0.3871887473864283
2020-12,1944,300103,27,0.23943661971830987,0.3292317734724481,0.5489459403047379
2020-12,1944,300654,40,0.273371104815864,0.3982784433518259,0.4806408544726302
2020-12,1944,300656,18,0.30003783579265986,0.45760805752568007,0.504669226741141
2020-12,1944,300108,25,0.2315369261477045,0.36874843398920754,0.35561372347387127
2020-12,1944,300110,30,0.1553030303030304,0.30465087151062725,0.4335723323492199
2020-12,1944,300112,27,0.20481927710843384,0.49151934944751424,0.6030614937978365
2020-12,1944,300670,21,0.23224568138195778,0.49395022326870847,0.5287058823529414
2020-12,1944,300127,25,0.19805194805194803,0.2954885012687095,0.46185341886174436
2020-12,1944,300135,29,0.28328611898017,0.36822269256232754,0.3652173913043477
2020-12,1944,300139,19,0.21660079051383396,0.3411389825430649,0.45436032040548496
2020-12,1944,002625,45,0.24946050927924046,0.40906472282056394,0.5134400483237691
2020-12,1944,002637,59,0.2601572739187419,0.47563178532801015,0.5330589143298173
2020-12,1944,300154,37,0.3119533527696794,0.38921960553549684,0.49556181902317936
2020-12,1944,300160,25,0.19523269012485822,0.3408680084130153,0.4528149515459159
2020-12,1944,000551,115,0.31344902386117146,0.23674404539128469,0.6069823662221316
2020-12,1944,300707,26,0.2607142857142857,0.38210520452199165,0.5186200696707495
2020-12,1944,300708,18,0.2363488182559088,0.3965256246543754,0.4282362143136489
2020-12,1944,601066,72,0.2992615623785464,0.4740416553988506,0.5440485829018944
2020-12,1944,300172,30,0.1761133603238867,0.2692708868166168,0.4103918978423601
2020-12,1944,300718,27,0.25380710659898476,0.38078353278955895,0.5617208651929427
2020-12,1944,300176,25,0.2980952380952381,0.36026968271606713,0.4037817608824106
2020-12,1944,300178,28,0.23246492985971945,0.4721222659645134,0.45268485096565325
2020-12,1944,300179,21,0.2366310160427808,0.3024486650058316,0.39406583217431623
2020-12,1944,300181,52,0.2939521800281295,0.42233579812363586,0.5382322595437353
2020-12,1944,300730,25,0.23083403538331915,0.4278456108460846,0.4781835383159889
2020-12,1944,300185,24,0.14663461538461542,0.3750034617423161,0.40433212996389895
2020-12,1944,300732,40,0.28559102674719594,0.3965120497111623,0.4464056364904044
2020-12,1944,300187,28,0.17560321715817684,0.36753820663694226,0.5852162900753185
2020-12,1944,002676,150,0.3120879120879121,0.3016378684175138,0.43356321839080464
2020-12,1944,300742,19,0.2930181418361738,0.5084431960215353,0.5410339760431047
2020-12,1944,300743,36,0.2888222055513878,0.3103270745584733,0.4856037005569715
2020-12,1944,300745,21,0.294160852001469,0.41019114771011306,0.44709565712388194
2020-12,1944,300200,34,0.24442609413707672,0.3223505289116656,0.4907616420031766
2020-12,1944,300210,27,0.23765996343692863,0.27661409759556804,0.3947689058565513
2020-12,1944,300217,25,0.13759213759213773,0.3044713803248932,0.4436450839328536
2020-12,1944,300218,20,0.2432659932659933,0.29059588357496,0.5863084588070139
2020-12,1944,300222,35,0.2602639296187683,0.30897300391692073,0.40481309956996386
2020-12,1944,300228,25,0.21542553191489355,0.39584415948973506,0.516378525932666
2020-12,1944,300230,27,0.215034965034965,0.2921295226793771,0.5074365704286958
2020-12,1944,300240,35,0.2743243243243243,0.30948956715518045,0.41560029698213735
2020-12,1944,300247,30,0.2267441860465116,0.2243962821134298,0.33039215686274515
2020-12,1944,300249,30,0.16216216216216217,0.5062717018102393,0.5747542744382969
2020-12,1944,300797,23,0.27945402298850575,0.3259589653812421,0.43162803456316
2020-12,1944,300802,29,0.25953878406708597,0.40668084233333496,0.4255688436877292
2020-12,1944,600503,120,0.3115079365079365,0.40886120307098495,0.5761440360090022
2020-12,1944,300265,30,0.23128742514970058,0.4079632160030024,0.5080789830704637
2020-12,1944,600512,169,0.3109919571045576,0.3115708528372917,0.41633179765233247
2020-12,1944,600513,171,0.30140186915887845,0.24692490940377854,0.3192333757887882
2020-12,1944,300269,21,0.3006993006993006,0.35432769287929194,0.4219162027541753
2020-12,1944,300272,32,0.20466786355475775,0.48289249337753276,0.6056862183785089
2020-12,1944,000701,52,0.26158445440956646,0.4867158104211167,0.5772699939867709
2020-12,1944,300817,25,0.23612040133779266,0.27798519782571096,0.4276374823740545
2020-12,1944,300821,18,0.2189566495224099,0.43045844356432256,0.4899328859060403
2020-12,1944,300278,36,0.29477020602218695,0.23241192519376996,0.365045971637837
2020-12,1944,601599,74,0.2637362637362637,0.21427648661792223,0.36311909996120517
2020-12,1944,300286,22,0.22521008403361353,0.487969430728383,0.4833984375
2020-12,1944,300297,22,0.23615635179153083,0.4172234703699387,0.47704081632653056
2020-12,1944,300304,26,0.18845500848896424,0.30890306289294805,0.47381664530218853
2020-12,1944,300332,35,0.2533112582781457,0.3353889947388919,0.5457399655257323
2020-12,1944,300333,33,0.3059185242121445,0.5021063048100359,0.47212047212047203
2020-12,1944,300337,23,0.2352048558421851,0.2719028510873005,0.3184968017057568
2020-12,1944,603738,183,0.30428134556574926,0.38680609305851926,0.40843968984957596
2020-12,1944,600606,85,0.3099850968703428,0.31080620968570594,0.40044868199663447
2020-12,1944,300355,29,0.15306122448979598,0.29152322944286974,0.4086077262120818
2020-12,1944,300359,45,0.3132530120481928,0.49253448790358134,0.45981507823613077
2020-12,1944,300364,77,0.31329113924050633,0.39221577619233566,0.5982370225269346
2020-12,1944,300368,28,0.2679288582903041,0.38196580637087113,0.394605687481677
2020-12,1944,688357,35,0.14184036603965444,0.5115245316637749,0.4378655253134732
2020-12,1944,300375,26,0.20818505338078286,0.2903123856221371,0.4649538151051773
2020-12,1944,300376,19,0.1497142857142857,0.36025098145308,0.4632471600797395
2020-12,1944,002315,34,0.24491392801251954,0.31321388416883544,0.4350781781101294
2020-12,1944,302132,53,0.23335297583971715,0.42020844433043714,0.5791288151101235
2020-12,1944,002333,44,0.11775362318840576,0.5089020254167375,0.5894519131334016
2020-12,1944,300399,34,0.26442307692307687,0.29447954114667285,0.44145516703206866
2020-12,1944,603020,112,0.3094310210444272,0.37309310532826123,0.5525813899019641
2020-12,1944,300412,28,0.20353982300884954,0.2831618160274601,0.38580725131701266
2020-12,1944,603023,151,0.3111480865224626,0.34875453462844663,0.42357899248200864
2020-12,1944,002919,32,0.2215789473684211,0.43304514261009613,0.5806217491230193
2020-12,1944,002367,58,0.2232415902140673,0.39447757685009693,0.567206013504905
2020-12,1944,300435,34,0.22818791946308725,0.5012716850953842,0.6073414905450498
2020-12,1944,000949,175,0.3016627078384798,0.30518292344221726,0.411619534946906
2020-12,1944,300447,22,0.25111358574610254,0.4383778640374255,0.5302597847408898
2020-12,1944,300459,29,0.30536130536130535,0.3698640634204749,0.433472209910469
2020-12,1944,300466,28,0.21820615796519405,0.27294664543701086,0.45559948300767905
2020-12,1944,300471,23,0.18463925523661762,0.3450534717502795,0.4992772590537952
2020-12,1944,300488,22,0.29417337754618655,0.4838420269349235,0.47222648457879396
2020-12,1944,002991,39,0.25752764699441577,0.39904288537419363,0.33082706766917214
2020-12,1944,600108,148,0.31376975169300225,0.5122565145730618,0.5873525031504184
2020-12,1944,002421,156,0.27252747252747245,0.5079845075998427,0.5447003397338439
2020-12,1944,002995,40,0.27644024075666396,0.35790514872057516,0.5385306000299276
2020-12,1944,300507,28,0.2945859872611466,0.3060991946609873,0.42886399229008554
2020-12,1944,300510,40,0.2780979827089338,0.4652873157456204,0.5526641244975781
2020-12,1944,300515,31,0.25835370823145887,0.28965371435979775,0.4875220136592076
2020-12,1944,605118,44,0.24901630129286112,0.3561658924140451,0.45454065748509276
2020-12,1944,300520,22,0.2590673575129534,0.4831662954975408,0.5144949045216185
2020-12,1944,300535,27,0.21132764920828273,0.3524885941671176,0.5328827306522476
2020-12,1944,300537,18,0.2996887505558026,0.4464672859263523,0.5129008124989122
2020-12,1944,300539,30,0.236784140969163,0.32492951531147335,0.46958855098390007
2020-12,1944,300540,19,0.19910083493898523,0.4027485379432237,0.4163255759560284
2020-12,1944,600172,20,0.21052631578947367,0.3774536864756046,0.5891572930112485
2020-12,1944,300543,38,0.3021739130434783,0.5088892291475291,0.5848555144178329
2020-12,1944,300547,25,0.21164021164021163,0.3845370876089002,0.5550774526678146
2020-12,1944,600823,29,0.27545909849749584,0.3338843282737485,0.5447314101595931
2020-12,1944,300556,34,0.2900703674745895,0.337874013684072,0.42229408407837166
2020-12,1944,300004,36,0.21650879566982406,0.44359268170002314,0.5004591368227731
2021-01,1964,601609,118,0.32094861660079055,0.2791097052146242,0.558332948297371
2021-01,1964,603050,208,0.3322368421052633,0.512338938187294,0.6023550724637682
2021-01,1964,688126,108,0.34549450549450544,0.317665673384785,0.42781089526096133
2021-01,1964,603931,47,0.3328088119590873,0.44228596823505384,0.5018608978832285
2021-01,1964,300444,34,0.3094098883572567,0.4301247976689925,0.5805958747135219
2021-01,1964,300713,19,0.2669573643410853,0.5023594972929277,0.5588621365508065
2021-01,1964,300171,97,0.34354066985645926,0.34995705903072416,0.5923527755739255
2021-01,1964,300719,33,0.34715525554484084,0.4210888518055498,0.4831237590999341
2021-01,1964,300863,32,0.31741096664782376,0.5008808836508898,0.5218036992034562
2021-01,1964,000576,80,0.3278566094100075,0.43015592485137977,0.5454545454545454
2021-01,1964,000779,182,0.28449014567266495,0.4963326105979914,0.5331121259865389
2021-01,1964,300048,59,0.232394366197183,0.3288405855740703,0.5839624725496056
2021-01,1964,600415,105,0.3321917808219178,0.27716669197759297,0.48697428911970037
2021-01,1964,603757,44,0.2126823793490461,0.49573951862796267,0.40726254738336654
2021-01,1964,300206,99,0.3249767873723306,0.5175603619905241,0.6128466988242387
2021-01,1964,300484,32,0.33735666867833436,0.47207739095949036,0.6008564139941692
2021-01,1964,002990,109,0.33009508061182313,0.2521457923658302,0.4678979771328057
2021-01,1964,300491,33,0.34992059290629973,0.4461800352963701,0.5222395064332419
2021-01,1964,603108,113,0.339873417721519,0.3328053659926745,0.6193895870736087
2021-01,1964,600118,188,0.35373101474796387,0.5198538954730325,0.6183028380380249
2021-01,1964,000401,175,0.33839859731151367,0.46613191560880074,0.5107314824300787
2021-01,1964,300100,33,0.30400890868596886,0.3526938946161802,0.5058755335406017
2021-01,1964,605123,43,0.25838073338980994,0.47502882247436334,0.6211612558654102
2021-01,1964,600488,195,0.27978339350180503,0.5150212366657844,0.5532249316493807
2021-01,1964,002603,141,0.3518763796909492,0.30952394097978275,0.4344870102047063
2021-01,1964,300667,34,0.22400284900284895,0.41033354321842624,0.6024663006101623
2021-01,1964,300259,210,0.3528368794326241,0.42714627434842034,0.6064286292607888
2021-01,1964,600166,20,0.2080745341614908,0.4371994046105519,0.619768477292965
2021-01,1964,300402,24,0.30355220667384275,0.391333155601024,0.4715253616553743
2021-01,1964,300126,33,0.34033149171270727,0.5145105676070794,0.5642423159399572
2021-01,1964,600983,49,0.28706624605678244,0.45370241744866746,0.5365729550947719
2021-01,1964,300675,33,0.22712238147739805,0.36130948443641453,0.4869825455303109
2021-01,1964,300542,33,0.29882932840418974,0.4053955893365666,0.5576281170233651
2021-01,1964,600988,71,0.22941176470588232,0.4985910147601921,0.4905029304366504
2021-01,1964,600336,17,0.32131147540983607,0.49214124169323686,0.6036363636363636
2021-01,1964,300681,26,0.27811550151975684,0.37579240738986497,0.5612430704487519
2021-01,1964,300819,17,0.2806409701169338,0.4875004558533493,0.5956333981384305
2021-01,1964,300141,34,0.3363486842105263,0.4410580727489205,0.5418539082572338
2021-01,1964,000531,106,0.29999999999999993,0.39604046838963747,0.6046892933267749
2021-01,1964,002223,187,0.345763641349054,0.3525952232375063,0.4582699852519973
2021-01,1964,300828,33,0.3356333169048792,0.3820958048665766,0.5899677521576234
2021-01,1964,002087,192,0.34194831013916505,0.4503610422475584,0.4661246612466124
2021-02,1979,600197,19,0.21660808435852386,0.3967922628168064,0.56239271478863
2021-02,1979,000721,172,0.36752136752136744,0.4908812130415542,0.5578415653333713
2021-02,1979,605333,59,0.3314285714285715,0.488435388891336,0.563977389516958
2021-02,1979,300843,48,0.3356516480193529,0.3686586696602972,0.5956491712707184
2021-02,1979,000551,150,0.35466377440347074,0.20038819001434297,0.5721903199343723
2021-02,1979,603380,61,0.33992805755395683,0.44754978116644745,0.6118848653667598
2021-02,1979,002517,94,0.3644366197183099,0.3551430017493495,0.5199894618981759
2021-02,1979,600573,27,0.28952772073921973,0.33188076471721456,0.505994083761482
2021-02,1979,603229,122,0.3655988857938719,0.4360740554978909,0.4953346999363822
2021-02,1979,300876,49,0.3242258652094717,0.3512155894119944,0.5704135154915831
2021-02,1979,600418,20,0.193702290076336,0.3489337803978704,0.5251834405290333
2021-02,1979,300880,48,0.3105864994466986,0.3886992863800856,0.4977336684496572
2021-02,1979,601878,100,0.3442815249266863,0.48515579388579627,0.5868638958115603
2021-02,1979,300067,62,0.35416666666666663,0.3193687888584214,0.43234714003944774
2021-02,1979,002285,57,0.3031423290203328,0.4204866578233035,0.5903962214641827
2021-02,1979,002702,101,0.36094674556213013,0.48275737801709684,0.5988435082768525
2021-02,1979,603111,195,0.3678977272727273,0.3084047981925363,0.40960748306856737
2021-02,1979,300359,80,0.3614457831325302,0.459520928578859,0.5164473684210528
2021-02,1979,000400,187,0.30388692579505305,0.48348569666945346,0.6118337211803798
2021-02,1979,600620,101,0.35976331360946734,0.28002033013521094,0.530803946263644
2021-02,1979,300644,61,0.3632495164410058,0.3547448108046474,0.6087490235464791
2021-02,1979,002314,120,0.3632385120350109,0.49835873953006743,0.5393826446458027
2021-02,1979,605116,40,0.30180180180180183,0.39623243000888103,0.3519523726142532
2021-02,1979,605118,79,0.3018549747048903,0.36943145492900387,0.5667710436800423
2021-02,1979,600789,206,0.3603431839847474,0.2597221847594735,0.3328674882479989
2021-02,1979,600686,32,0.28287841191067,0.4514121978070957,0.6030718974777773
2021-02,1979,000679,128,0.3560606060606061,0.35024511994571506,0.5794568283644003
2021-02,1979,002333,79,0.14855072463768104,0.45394159339947865,0.5844015295447443
2021-02,1979,300670,56,0.3675623800383877,0.4792366193485884,0.5473846153846155
2021-02,1979,605198,38,0.23857257417802735,0.3953741763350818,0.4458158479387802
2021-02,1979,300549,23,0.34285714285714286,0.5053890148881154,0.6105386613051854
2021-02,1979,601579,16,0.1457023060796645,0.37895042250029115,0.46378091872791505
2021-02,1979,600527,167,0.3650793650793651,0.469464020832954,0.5892816876706837
2021-02,1979,300689,48,0.3595828838547286,0.3705515770002221,0.5818328326726981
2021-02,1979,300283,55,0.36167146974063413,0.5079043977360259,0.5792835576324934
2021-03,2002,000923,19,0.2177759056444818,0.47311152098491144,0.4575807071483476
2021-03,2002,603198,35,0.2872340425531915,0.36567129785709696,0.5121768617606903
2021-03,2002,600203,55,0.2299898682877406,0.3132123478707956,0.5637498227201814
2021-03,2002,605358,24,0.2932422171602126,0.4542154966805586,0.5871658941408309
2021-03,2002,002240,16,0.15099457504520797,0.48596450021802895,0.5676201280285227
2021-03,2002,600059,35,0.13579212070410718,0.4168166159555285,0.5006511878564694
2021-03,2002,600559,18,0.18304431599229287,0.4835457202528813,0.5375365436593301
2021-03,2002,002245,27,0.20182291666666663,0.36550591124932197,0.5637245823919402
2021-03,2002,002108,94,0.33659491193737767,0.349065047623719,0.5635254703204193
2021-03,2002,600382,18,0.1562500000000001,0.2604028435790954,0.3858990404672509
2021-03,2002,300032,69,0.19932432432432423,0.27286531763799626,0.5884607196082607
2021-03,2002,002385,19,0.17871900826446274,0.38059425035967037,0.5316321105794792
2021-03,2002,300001,24,0.2072656503405773,0.42357117541028616,0.5270975891766
2021-03,2002,300861,16,0.13050624589086135,0.4484854472825551,0.5630018130018128
2021-03,2002,300727,35,0.27218683651804676,0.4862920093436943,0.48194361707266037
2021-03,2002,300459,87,0.34498834498834496,0.4596256386414461,0.504387908873327
2021-03,2002,688006,17,0.14888985633434904,0.45248650321314277,0.5347695534054622
2021-03,2002,600876,17,0.12004287245444789,0.4468753619335381,0.5780682643427734
2021-03,2002,300050,96,0.35352112676056335,0.3802122302086448,0.4013366365155267
2021-03,2002,600257,35,0.23175182481751833,0.45754076910301167,0.5455354054454713
2021-03,2002,002686,54,0.30969609261939224,0.3427203673366447,0.5901844979877696
2021-03,2002,300752,20,0.2129032258064516,0.47799015410688567,0.47368421052631593
2021-03,2002,603758,25,0.1741176470588236,0.3192839307544462,0.5541606886657106
2021-03,2002,002845,105,0.31358442657638597,0.47970351285330964,0.5381389647534461
2021-03,2002,300623,44,0.2723156532988358,0.4612135234185298,0.5805495306127577
2021-03,2002,002149,18,0.19040365575019036,0.32516190802121214,0.5319903532415948
2021-03,2002,002287,112,0.28336314847942745,0.4608695415112956,0.5298417798417796
2021-03,2002,601187,33,0.14131736526946104,0.2749539046800549,0.35921068179132704
2021-03,2002,002991,97,0.30165334501259167,0.4271536565638803,0.560646804447796
2021-03,2002,300221,22,0.1698795180722893,0.3838156249670794,0.4686398872445385
2021-03,2002,000816,40,0.2987654320987654,0.4463989582159705,0.29315248304528546
2021-03,2002,000625,34,0.32135728542914166,0.4886093607782649,0.5497382198952883
2021-03,2002,002582,138,0.33698630136986296,0.3927960392992394,0.5870632934853119
2021-03,2002,600300,53,0.3013698630136986,0.4775485964272824,0.5824786659359588
2021-03,2002,603306,21,0.14721219414360198,0.4137460557618649,0.5906623235613455
2021-03,2002,600303,62,0.3190184049079754,0.27907659474282687,0.5819719538442576
2021-03,2002,300243,22,0.2780847145488029,0.4131715455250868,0.5620561888910264
2021-03,2002,605123,81,0.2904514098995522,0.3540559414307129,0.5751212060394859
2021-03,2002,601995,38,0.2744599745870394,0.37732747659247806,0.4104903078677307
2021-03,2002,002738,16,0.16652994257588183,0.42944712555797027,0.5504022328024957
2021-03,2002,000869,48,0.26907630522088355,0.4502004820668111,0.5465724244771495
2021-03,2002,302132,111,0.34295816146140246,0.4106131903102007,0.5880238508055992
2021-03,2002,002750,46,0.20186335403726707,0.3090429443424953,0.49655636232299194
2021-03,2002,688386,47,0.3132417966022806,0.26206079423447554,0.46378726266733716
2021-03,2002,688599,28,0.2532956685499058,0.32639391337445284,0.5434348567902134
2021-03,2002,002342,16,0.11383928571428581,0.4083215445810732,0.4862754377662095
2021-03,2002,600988,109,0.3328431372549019,0.4815815046887852,0.5349826801005785
2021-03,2002,600679,67,0.27921195652173925,0.4296429868118776,0.3902140672782878
2021-03,2002,000712,20,0.1973045822102426,0.47160161503861286,0.5638372500876885
2021-03,2002,300828,71,0.3356333169048792,0.42349499800063456,0.5766648280084448
2021-04,2023,601011,29,0.20125786163522008,0.4932528138864668,0.48004669147151074
2021-04,2023,002367,137,0.29867482161060144,0.3556770139362214,0.5756106833951145
2021-04,2023,300019,61,0.23502036067481102,0.3321867652814947,0.5222843239512381
2021-04,2023,002506,63,0.32599118942731276,0.38197230700314555,0.5565402339595888
2021-04,2023,002651,39,0.25132743362831855,0.4454821722961529,0.514084240057626
2021-04,2023,002488,24,0.13147410358565736,0.4368140495318867,0.5490235153447589
2021-04,2023,300443,46,0.2851147174034695,0.3745222882864553,0.5042152556918573
2021-04,2023,000557,35,0.12158808933002485,0.31669971507213407,0.4302764614955779
2021-04,2023,300582,93,0.29469273743016766,0.4925835898078486,0.5720290699146642
2021-04,2023,300446,81,0.32636469221835074,0.3782578520303753,0.5483378746594006
2021-04,2023,600711,33,0.181091877496671,0.2935843484894737,0.392251002232518
2021-04,2023,000951,21,0.17527060782681103,0.35423669948645276,0.46664621467771117
2021-04,2023,300720,75,0.268471104608632,0.40767649534594647,0.5760450387051375
2021-04,2023,300034,52,0.32188160676532773,0.47606392893383515,0.4910350448247759
2021-04,2023,601766,27,0.08196721311475408,0.2770945675846675,0.3825961884214315
2021-04,2023,300999,34,0.1830952380952381,0.4709662859205273,0.41125979796654477
2021-04,2023,300461,36,0.2455189662359315,0.35236542310878316,0.47077723548311784
2021-04,2023,002263,31,0.13015873015873003,0.32405256559426937,0.38743350396466947
2021-04,2023,600875,17,0.16288832913518048,0.46487512152785754,0.46971396522714526
2021-04,2023,603725,27,0.15032679738562094,0.43461648851402257,0.558060076875623
2021-04,2023,000591,24,0.19311377245508987,0.38836484292051265,0.3754016944200994
2021-04,2023,600089,26,0.1680280046674446,0.40272365671476135,0.5100584036340039
2021-04,2023,603087,36,0.13358397912990105,0.38431664051055114,0.5134738546500702
2021-04,2023,603993,30,0.13011152416356886,0.4403507350576632,0.42761341222879706
2021-04,2023,002006,32,0.15299684542586744,0.3279977949455219,0.5069637883008357
2021-04,2023,603757,103,0.24284943335132225,0.47932687600213,0.4788423327864091
2021-04,2023,600428,59,0.26932084309133475,0.48140831422828606,0.5075705773175735
2021-04,2023,002010,15,0.08448275862068966,0.4932340679828643,0.48662492885600434
2021-04,2023,002553,21,0.14441416893732972,0.3055078006371363,0.38852510134081697
2021-04,2023,600104,69,0.25525394045534144,0.4899954047834688,0.45581395348837184
2021-04,2023,000157,16,0.13654223968565826,0.4184907263256097,0.43755590992182375
2021-04,2023,601908,35,0.25294748124330124,0.4232760957147826,0.47831881722096525
2021-04,2023,600908,36,0.1606498194945848,0.4209097853769217,0.44666984581147656
2021-04,2023,300082,28,0.20676691729323315,0.30504702078177554,0.35632931988285055
2021-04,2023,300224,33,0.22861710631494803,0.4148105847764328,0.49846376287728206
2021-04,2023,688196,149,0.29077306733167085,0.37205571236500246,0.5738401232994743
2021-04,2023,601218,24,0.2312775330396475,0.37113014659273674,0.43714103382259095
2021-04,2023,605068,47,0.2616441842708067,0.2378252789069734,0.553692957948277
2021-04,2023,002164,16,0.24282296650717694,0.3089541667782095,0.5353086419753087
2021-04,2023,000831,16,0.1158008658008658,0.47885456006477034,0.420422922464215
2021-04,2023,688567,42,0.3012600229095075,0.4733513338106852,0.5297287110562883
2021-04,2023,002041,48,0.2783405692233478,0.45100299534593047,0.47674748334042244
2021-04,2023,600531,32,0.12792792792792795,0.46294980808857067,0.5653875606228199
2021-04,2023,600793,16,0.19480519480519487,0.2995660371206455,0.3764802631578947
2021-04,2023,600496,20,0.18143459915611815,0.49655131337569164,0.5338450802512217
2021-04,2023,600313,36,0.15547024952015343,0.23162765971861826,0.33225158399010973
2021-04,2023,300403,98,0.2773613193403298,0.45788647392612,0.48892988929889286
2021-04,2023,300131,85,0.24464487034949256,0.4305549817502949,0.5471366400553361
2021-04,2023,300409,48,0.3048397234443746,0.4514557917417709,0.47587170382443694
2021-04,2023,000521,59,0.22598870056497167,0.46549781534437534,0.4790442426302752
2021-04,2023,600343,29,0.16651333946642122,0.3716741976578705,0.4772010671840894
2021-04,2023,002625,29,0.21600349803235686,0.4337359523559646,0.47109503586450724
2021-04,2023,600189,23,0.1770516717325228,0.4818171351003216,0.5057324175393696
2021-04,2023,000713,28,0.16859344894026973,0.3352149826106875,0.44064171122994666
2021-04,2023,600533,240,0.328042328042328,0.4695765121793723,0.5099354987996412
2021-04,2023,000536,31,0.09463722397476337,0.45888747761478027,0.4702194357366762
2021-05,2041,603915,31,0.17106227106227112,0.41131526953924186,0.5701801899396961
2021-05,2041,000541,74,0.19620253164556967,0.390698602780028,0.5428004535147385
2021-05,2041,002232,80,0.29115744069015104,0.482927774532,0.5754050189242041
2021-05,2041,600366,49,0.1955922865013774,0.42830874539877006,0.5385674931129476
2021-05,2041,601018,50,0.12041884816753923,0.50232922220713,0.49210770659238606
2021-05,2041,002096,27,0.15189873417721522,0.27470273996359684,0.40337586390217944
2021-05,2041,601618,35,0.15408805031446549,0.5003076111776006,0.5657727546311772
2021-05,2041,600552,33,0.26627218934911234,0.4824003160557106,0.5798918063069005
2021-05,2041,200771,43,0.1367924528301887,0.506818670397098,0.5509022978681835
2021-05,2041,002799,53,0.16635859519408513,0.5054850772834849,0.5779569892473118
2021-05,2041,603686,42,0.20773225620311586,0.49714342410412227,0.5338328260360574
2021-05,2041,300418,36,0.2707205331112037,0.463023358333199,0.5133972345066331
2021-05,2041,000570,50,0.14789915966386558,0.4698809433696561,0.5625320348539207
2021-05,2041,600235,35,0.18476499189627227,0.5098853363538984,0.5066079295154182
2021-05,2041,300187,29,0.14347826086956528,0.5065984564527146,0.5359573502722322
2021-05,2041,000589,51,0.21509433962264146,0.3815128568452909,0.5238578680203052
2021-05,2041,002132,105,0.2873239436619719,0.41801405348094905,0.5603562402214466
2021-05,2041,000981,69,0.251798561151079,0.5150249955163155,0.45967741935483847
2021-05,2041,002283,33,0.15332197614991483,0.4480868114738909,0.5531038540747278
2021-05,2041,605007,72,0.28331970564186426,0.4913326312173997,0.5035005274767429
2021-05,2041,300621,29,0.1797752808988764,0.41200146458240333,0.4523140756930273
2021-05,2041,605008,82,0.21344232515894634,0.5101929399071483,0.5333516584203774
2021-05,2041,002288,65,0.17493796526054595,0.47305020490253363,0.550478377344049
2021-05,2041,605018,26,0.19235924932975867,0.2564999137476223,0.3586826424370341
2021-05,2041,300762,75,0.26840039254170756,0.45972689236610387,0.5512351326623967
2021-05,2041,300218,31,0.12234580384226501,0.48059800527874763,0.49073881373569206
2021-05,2041,000812,20,0.12832929782082325,0.3804404583448293,0.4645042839657284
2021-05,2041,002998,21,0.20259481037924143,0.42326015582697896,0.48365427675772515
2021-05,2041,300899,31,0.27958797561488324,0.44206294180118927,0.459751529361037
2021-05,2041,300906,29,0.16423264155777617,0.2803954266320376,0.3018301473955594
2021-05,2041,603810,39,0.2502507522567704,0.4255463396411358,0.4355522773372674
2021-05,2041,300641,26,0.18316100443131456,0.39398385344461323,0.45125760315633734
2021-05,2041,603299,51,0.1705963938973647,0.4831921902919834,0.5769127756450317
2021-05,2041,601968,154,0.25595238095238093,0.4977307683735971,0.5120772946859906
2021-05,2041,600299,39,0.20347957639939496,0.4812154293494523,0.5812286133289877
2021-05,2041,601298,49,0.15514333895446875,0.43625121478813467,0.5122732123799367
2021-05,2041,002184,24,0.12362404741744293,0.36770976894340945,0.44056407344311965
2021-05,2041,000428,18,0.0911949685534591,0.33540164312531984,0.42983915696062064
2021-05,2041,600970,25,0.13368283093053734,0.4320739204440148,0.571598101265823
2021-05,2041,300802,29,0.1354988399071927,0.4704473109076236,0.5085934213191647
2021-05,2041,000881,30,0.19789315274642583,0.5003005679019045,0.4075830488330635
2021-05,2041,000680,31,0.14252873563218382,0.423409870166487,0.4274084124830397
2021-05,2041,600980,30,0.16990291262135926,0.3421847581675063,0.46786109804754494
2021-05,2041,002610,56,0.20068027210884354,0.45674870292565756,0.5133928571428571
2021-05,2041,002469,28,0.17481203007518809,0.5191078710117506,0.48646213903208085
2021-05,2041,000691,25,0.2126789366053169,0.39454572211262456,0.4399648934061888
2021-05,2041,603016,18,0.19723435225618635,0.49407867985286197,0.5523511629285464
2021-05,2041,603890,36,0.1708723864455659,0.47035219567213965,0.5505502335523712
2021-05,2041,002074,48,0.2409456740442656,0.47850769961450773,0.582453933291025
2021-05,2041,605255,29,0.16416040100250628,0.31627803443366015,0.3563471967136507
2021-05,2041,002080,46,0.27418655097613887,0.49889849739998804,0.5735593220338979
2021-06,2062,601008,115,0.22549019607843135,0.40716559221313375,0.5579628998490674
2021-06,2062,000921,52,0.21196358907672308,0.5139431926602259,0.5731930526842502
2021-06,2062,300697,18,0.1477162293488824,0.4838902596736958,0.2566096423017115
2021-06,2062,600362,33,0.2451298701298701,0.5367257973723499,0.5540819333922778
2021-06,2062,601016,58,0.18028169014084494,0.4644587008676137,0.4313578394598648
2021-06,2062,000722,19,0.16239316239316226,0.5196280431501762,0.5009451795841211
2021-06,2062,000919,21,0.1499999999999999,0.4181963953487684,0.4224698235840295
2021-06,2062,002236,57,0.2099737532808399,0.5288020437746623,0.5588923953985543
2021-06,2062,002366,19,0.13725490196078427,0.2777340347542643,0.37700282752120645
2021-06,2062,600054,44,0.1866295264623955,0.43423740574758024,0.4922320612611477
2021-06,2062,000027,16,0.1496311907270811,0.4640227353254751,0.46511627906976755
2021-06,2062,300417,24,0.1659891598915989,0.513918165391982,0.5549360139123924
2021-06,2062,601702,36,0.21263669501822602,0.4764662773192713,0.5065771060733277
2021-06,2062,600569,17,0.12111801242236031,0.42939236959831595,0.4729559748427677
2021-06,2062,000758,69,0.20454545454545459,0.5410154263534868,0.48800576546895913
2021-06,2062,603222,24,0.17516629711751663,0.4823828968604014,0.26897511207296254
2021-06,2062,600231,28,0.1351351351351351,0.3758491340317097,0.4322684614655424
2021-06,2062,002665,22,0.14342629482071712,0.3121915745259746,0.31509695290858736
2021-06,2062,002813,27,0.23451612903225805,0.3755914728871934,0.4992856605759834
2021-06,2062,600724,35,0.13414634146341464,0.41452072534693696,0.4232804232804236
2021-06,2062,600237,46,0.21889055472263863,0.5374591700857239,0.5734902309058616
2021-06,2062,000584,40,0.1939924906132665,0.3504968751772961,0.5188549880013712
2021-06,2062,600880,62,0.16589861751152069,0.5049046677469625,0.47457964381653567
2021-06,2062,603256,63,0.16616314199395776,0.3609942986097017,0.5488850771869634
2021-06,2062,000791,59,0.2611336032388665,0.49417155448210237,0.49921452260429394
2021-06,2062,002549,24,0.1727078891257997,0.39683119135817113,0.466654189281927
2021-06,2062,600259,56,0.19701568032372274,0.5056931998830654,0.5078455723937355
2021-06,2062,605005,18,0.12088569718731301,0.17753392288041114,0.3778553299492384
2021-06,2062,603099,47,0.1523178807947021,0.5264270050176864,0.507192193143654
2021-06,2062,605006,31,0.18467220683287167,0.30925552207335305,0.4730731225296444
2021-06,2062,000996,40,0.14456721915285453,0.4543032842136392,0.3958401039974016
2021-06,2062,002286,21,0.2195121951219512,0.38590094108980044,0.5003548616039745
2021-06,2062,000612,49,0.27112676056338025,0.49265384684823915,0.4864806428751608
2021-06,2062,002996,16,0.13938973647711506,0.2233454158302334,0.3536867929671526
2021-06,2062,003000,45,0.22943143812709033,0.4066069286225472,0.5563245666073429
2021-06,2062,600917,14,0.1879049676025918,0.3998379975403785,0.457382508942889
2021-06,2062,600282,30,0.1824104234527688,0.466046260391516,0.5611015490533561
2021-06,2062,601216,41,0.16414686825053992,0.4863719987569962,0.43718025380373443
2021-06,2062,000630,34,0.16725978647686834,0.5224380331869347,0.5194549658123865
2021-06,2062,000404,115,0.23821339950372222,0.3944568177537291,0.5242777806083456
2021-06,2062,002578,36,0.20308483290488433,0.38006029678122655,0.3721851542952462
2021-06,2062,600475,32,0.1355013550135501,0.4996381582252391,0.5369718309859157
2021-06,2062,603126,20,0.22021660649819486,0.32922798301547485,0.4712661418943253
2021-06,2062,600780,24,0.1253196930946292,0.40165235369293173,0.55956678700361
2021-06,2062,002173,20,0.22141119221411198,0.43171571539072473,0.5134957208689925
2021-06,2062,300239,21,0.16666666666666663,0.51636391692812,0.520090596426474
2021-06,2062,601985,65,0.14,0.5071132975009229,0.5078362751065131
2021-06,2062,600782,23,0.11392405063291144,0.4529185952204706,0.5435361824576361
2021-06,2062,003018,53,0.19500924214417736,0.5381433206574696,0.5554318934702053
2021-06,2062,600138,43,0.16416666666666668,0.4488001899425559,0.5244033147726979
2021-06,2062,603856,56,0.2606149341142021,0.4529433237289891,0.47847367895315196
2021-06,2062,003030,52,0.2662125340599456,0.3525664384693143,0.284201579487906
2021-06,2062,300931,17,0.18449711723254314,0.36348503371803836,0.3634654551151494
2021-06,2062,002056,79,0.2567567567567568,0.501323336523642,0.5661292199480221
2021-06,2062,000676,25,0.2272727272727273,0.5063860408129113,0.49530256977065484
2021-06,2062,003035,15,0.13302325581395347,0.29806269228068016,0.42595255212077593
2021-06,2062,601388,34,0.23677581863979857,0.3105478619552439,0.41094408997512727
2021-06,2062,603655,29,0.20446247464503042,0.3926906042126512,0.4633620689655172
2021-06,2062,002202,80,0.2728531855955678,0.5253423808910896,0.5076589343151842
2021-06,2062,600010,28,0.12280701754385959,0.39780064827119666,0.38043478260869595
2021-06,2062,603169,27,0.1203319502074689,0.40673466006200537,0.47970479704797075
2021-06,2062,603333,35,0.14330708661417313,0.3718958343760899,0.4898264086511097
2021-06,2062,600516,29,0.1466030989272944,0.39104485644313053,0.4369885433715223
2021-06,2062,605228,45,0.2300587741393787,0.25533295825174107,0.17791618521545505
2021-06,2062,000703,59,0.2510402219140083,0.522707734598801,0.5105363577158081
2021-06,2062,601577,65,0.1880952380952381,0.540431632444552,0.5123374255500182
2021-06,2062,600022,28,0.08928571428571419,0.47788006589610954,0.5405405405405397
2021-06,2062,300140,29,0.1517857142857142,0.5384501267851609,0.5363155363155363
2021-06,2062,000709,31,0.1446280991735538,0.5029095812222953,0.5725971370143154
2021-06,2062,600531,71,0.19718309859154937,0.4629873719617495,0.5637684122567628
2021-06,2062,000536,70,0.19999999999999996,0.517917113620532,0.5316091954022982
2021-07,2084,000721,67,0.23061224489795928,0.46762631220192885,0.5263965409024332
2021-07,2084,600540,52,0.21983471074380168,0.4979355006999352,0.5382801975752132
2021-07,2084,603689,141,0.2953367875647668,0.514591037162356,0.5300612000081331
2021-07,2084,002668,70,0.21555915721231766,0.33857288386740103,0.5159232681393933
2021-07,2084,601798,68,0.25373134328358216,0.38188960524459015,0.5185654342490698
2021-07,2084,600726,40,0.21739130434782594,0.4682966805581738,0.5514485514485519
2021-07,2084,300465,29,0.2847533632286996,0.4006005468010367,0.5172998200923007
2021-07,2084,603080,41,0.18524332810047095,0.46942424471028826,0.46434327155519706
2021-07,2084,603721,17,0.23329207920792072,0.31251806160116746,0.32082320858855623
2021-07,2084,002269,22,0.25714285714285723,0.49266762303250566,0.577378135352579
2021-07,2084,600249,63,0.26210350584307185,0.5080829039417631,0.5607966457023056
2021-07,2084,600733,20,0.17831149927219803,0.5162589163727715,0.573425605536332
2021-07,2084,000592,40,0.263013698630137,0.4601842951391091,0.5557422969187674
2021-07,2084,000981,112,0.251798561151079,0.525642475224901,0.5700879765395898
2021-07,2084,002004,36,0.22777777777777786,0.3912638787910728,0.5022980958634271
2021-07,2084,600097,135,0.298342541436464,0.49167572371666884,0.5737208144063265
2021-07,2084,000069,58,0.27251461988304104,0.49240162291096623,0.5939276443334541
2021-07,2084,002984,66,0.2691029900332226,0.41057719032141254,0.5651882364211132
2021-07,2084,002554,45,0.1876923076923076,0.40532853963283244,0.3571428571428571
2021-07,2084,603768,217,0.25785123966942136,0.3070249574694779,0.587916125021195
2021-07,2084,002698,74,0.1803030303030302,0.4832722857532317,0.5775303643724694
2021-07,2084,002287,194,0.28336314847942745,0.4455859123835333,0.5043966899637002
2021-07,2084,002152,30,0.24100418410041835,0.5851008523990779,0.5875032028990816
2021-07,2084,605050,73,0.20792079207920777,0.4972363205891981,0.5245601514258229
2021-07,2084,603112,68,0.24453441295546552,0.5529489054495739,0.52015247141161
2021-07,2084,002566,40,0.1842751842751844,0.4598125135707502,0.61082832022212
2021-07,2084,600916,49,0.27454659161976236,0.2595969231095589,0.32745504238984746
2021-07,2084,688196,210,0.29077306733167085,0.320488155217016,0.5456080975927589
2021-07,2084,300899,74,0.27958797561488324,0.48238184290383795,0.49055070107701687
2021-07,2084,600117,54,0.18594104308390025,0.4864295435492925,0.6094391244870042
2021-07,2084,605068,108,0.2616441842708067,0.21808719129165396,0.5994692364373214
2021-07,2084,002435,30,0.22690437601296598,0.44608410461292514,0.5599541021227767
2021-07,2084,002038,46,0.2315789473684211,0.5671804442335523,0.5919232896920524
2021-07,2084,600299,82,0.25794251134644475,0.45429810530606246,0.5792913656690744
2021-07,2084,600956,31,0.19789132197891313,0.3002689525219147,0.48964272618114635
2021-07,2084,002315,62,0.24041297935103245,0.495900850258087,0.5725928591152127
2021-07,2084,600143,79,0.1981651376146789,0.5806649291337636,0.5383505400709554
2021-07,2084,002318,81,0.2798353909465021,0.4483570330750589,0.5898855666297527
2021-07,2084,601991,78,0.19330855018587356,0.5158300769109856,0.584207459207459
2021-07,2084,603839,41,0.29141104294478526,0.5778757117242245,0.602547865603814
2021-07,2084,605123,163,0.2904514098995522,0.2885313341220268,0.5693739747453556
2021-07,2084,002595,88,0.2259454284346577,0.4788013743261304,0.6038050212952064
2021-07,2084,600792,67,0.235930735930736,0.5304530356856858,0.5342492833844028
2021-07,2084,300110,170,0.2954545454545454,0.2574282391560036,0.36708264073237906
2021-07,2084,002893,32,0.27002700270027,0.3278497494339234,0.40727654698242954
2021-07,2084,003036,31,0.2896244430299173,0.24209718492035753,0.40589844937671016
2021-07,2084,000883,40,0.21145374449339205,0.3636755298475295,0.493241151583944
2021-07,2084,003037,54,0.2611256544502618,0.2425792678763643,0.5611657931739743
2021-07,2084,300536,197,0.2866468842729971,0.2555909540738307,0.5818951621569345
2021-07,2084,600163,69,0.22201138519924102,0.48371876642773154,0.6117054751415987
2021-07,2084,000692,36,0.25396825396825395,0.4856376248492817,0.5392857142857138
2021-07,2084,600814,39,0.2285298398835517,0.3485812253632432,0.5169167570034804
2021-07,2084,002474,31,0.19166666666666665,0.4383416262401348,0.5911070062013455
2021-07,2084,603630,17,0.28744065602071645,0.4290848256775177,0.43095716055183036
2021-07,2084,000900,98,0.11590296495956875,0.5330589275780758,0.565480584674443
2021-07,2084,600177,85,0.22202797202797198,0.5060702394851067,0.5549959709911366
2021-07,2084,300819,56,0.2675070028011205,0.4872840487830458,0.5446087786259542
2021-07,2084,002348,30,0.17883211678832123,0.46485537488342804,0.5289521138048491
2021-07,2084,600679,149,0.27921195652173925,0.37097342787552523,0.4972662403855064
2021-07,2084,000908,35,0.1880108991825613,0.48324148588305754,0.5279254231744216
2021-07,2084,000528,66,0.2855543113101904,0.39668815509132405,0.43387025595763423
2021-07,2084,600684,32,0.20610687022900764,0.40829518615644733,0.587641357027464
2021-07,2084,600686,137,0.28287841191067,0.38707194635370995,0.5046108024514576
2021-07,2084,002490,20,0.21955719557195563,0.5159204153938124,0.5906212900672726
2021-08,2106,603196,27,0.24767441860465111,0.29503058988938025,0.6013137316233973
2021-08,2106,605337,21,0.2159870811465482,0.5295994566280743,0.6227146814404434
2021-08,2106,002499,110,0.24962852897474008,0.3390323301285801,0.6178489702517158
2021-08,2106,000929,33,0.30190311418685123,0.4481056802597546,0.551366994136014
2021-08,2106,300300,37,0.21405750798722045,0.3984221379188426,0.54751905428527
2021-08,2106,600212,88,0.2573221757322176,0.5845043866307907,0.5491246873883529
2021-08,2106,600707,69,0.298342541436464,0.5838268032366258,0.4524200518582544
2021-08,2106,002381,86,0.2375434530706837,0.6161610846623784,0.542084133356607
2021-08,2106,002658,56,0.24008810572687223,0.40828806946101104,0.5304185731231994
2021-08,2106,002383,47,0.21215880893300254,0.325709289071376,0.5104381902386887
2021-08,2106,000038,75,0.2932835820895522,0.5453355301963627,0.43505995397472624
2021-08,2106,002261,32,0.29261083743842364,0.46666406495483537,0.5250955414012741
2021-08,2106,300598,19,0.25639787542250114,0.45367831174750683,0.46812080536912765
2021-08,2106,601808,113,0.26435246995994666,0.6103485424010676,0.5392580392580393
2021-08,2106,002537,76,0.2951048951048951,0.6038750104940993,0.5811585599531103
2021-08,2106,000589,116,0.3037735849056603,0.33819672826059766,0.48541791468297796
2021-08,2106,002679,22,0.16784037558685438,0.49955813437747615,0.5338691159586683
2021-08,2106,300608,19,0.17917675544794198,0.4432232079035286,0.4063511638661941
2021-08,2106,000062,38,0.21757836508912098,0.5967934984134047,0.5550871438306324
2021-08,2106,600095,27,0.23076923076923084,0.5132732521321561,0.5688278045621358
2021-08,2106,600257,39,0.24701195219123506,0.3489794802848235,0.5402005402005402
2021-08,2106,603998,65,0.23639455782312924,0.4707065015743097,0.5173160173160171
2021-08,2106,300615,22,0.2222222222222222,0.6087322948828714,0.4974990380915733
2021-08,2106,300204,15,0.24278676988036596,0.4514025020702993,0.3818689847873333
2021-08,2106,600744,21,0.2564705882352941,0.3272982205159148,0.4120604256475499
2021-08,2106,000993,58,0.3027681660899654,0.531263820859828,0.5211738148984199
2021-08,2106,000100,98,0.27586206896551724,0.5744699552636575,0.4627343552341152
2021-08,2106,000150,31,0.28971962616822433,0.21656039345018163,0.39263531499556326
2021-08,2106,002846,100,0.2721893491124261,0.5561408790731707,0.384020618556701
2021-08,2106,600608,23,0.13682678311499274,0.409829283764031,0.6166902404526166
2021-08,2106,300355,84,0.17324561403508765,0.6096770555297862,0.58529072006161
2021-08,2106,000813,64,0.2538167938931297,0.3805059732561045,0.6167499321638918
2021-08,2106,000158,24,0.18548387096774188,0.3239084547435333,0.3819444444444446
2021-08,2106,600613,65,0.1923774954627948,0.5976512517191108,0.5155608755129958
2021-08,2106,603110,97,0.2889777270131355,0.39431245632642165,0.6230822500098526
2021-08,2106,600917,58,0.29913606911447077,0.401021557539388,0.47277661280375
2021-08,2106,603283,15,0.24955647545830872,0.609016863281817,0.6156552330694812
2021-08,2106,003003,98,0.300783604581073,0.39096979103593155,0.44184214242710296
2021-08,2106,002162,52,0.303425774877651,0.20812783184967515,0.32671838142962767
2021-08,2106,002033,91,0.29607250755287007,0.6138819147617736,0.5568245994082788
2021-08,2106,000650,40,0.18974918211559433,0.4820594821635775,0.3917910447761194
2021-08,2106,002728,43,0.2711370262390671,0.475892909810242,0.4210998877665543
2021-08,2106,000850,172,0.2784810126582279,0.5595386097919575,0.5978870605833957
2021-08,2106,002875,59,0.25396825396825407,0.465799877884606,0.4282409030358269
2021-08,2106,003020,31,0.22446863659927418,0.2954975527256282,0.5701771955827959
2021-08,2106,600308,106,0.1911421911421911,0.6111720624041844,0.6250000000000002
2021-08,2106,003028,53,0.29151014274981224,0.6119816348618652,0.5437870757099241
2021-08,2106,600798,64,0.25493716337522443,0.5323560113959857,0.5005419253128386
2021-08,2106,600505,68,0.24937965260545913,0.5466739955094901,0.6044126099836408
2021-08,2106,002752,158,0.27522935779816515,0.5689359461269976,0.5649404597064521
2021-08,2106,603615,62,0.2939655172413793,0.5438389452866929,0.5712858765436074
2021-08,2106,600327,23,0.19561551433389546,0.4555759848568258,0.39781271360218723
2021-08,2106,002900,26,0.24396039603960396,0.4504104490081812,0.606898571951666
2021-08,2106,002067,126,0.22811059907834097,0.6087692138493462,0.48916473806017224
2021-08,2106,000691,90,0.30061349693251527,0.2600416411897396,0.4049796357488667
2021-08,2106,300130,53,0.23152270703472833,0.513754961800425,0.629164683484055
2021-08,2106,603657,25,0.24113475177304966,0.5025248999832012,0.5755990085375925
2021-08,2106,600007,37,0.2056396148555707,0.42090832449789506,0.598615332657886
2021-08,2106,603020,24,0.18619791666666663,0.49762905530235985,0.574513381995134
2021-08,2106,603177,64,0.2532467532467533,0.41431129772413633,0.6185373543265712
2021-08,2106,603025,24,0.24448012846246492,0.41024743422273213,0.5505610457982915
2021-08,2106,300137,68,0.23008849557522115,0.47827682894835094,0.5990308903694729
2021-08,2106,600526,56,0.29340511440107664,0.3503942127614256,0.5213401519858529
2021-08,2106,000712,124,0.2566037735849057,0.46664572858917974,0.6221047666275596
2021-09,2126,300287,32,0.2747068676716917,0.5035065562394695,0.46275197195442636
2021-09,2126,000004,36,0.2019272886552781,0.516463600510386,0.6200016836434045
2021-09,2126,600200,47,0.30687830687830686,0.3254030297599888,0.4590351672472206
2021-09,2126,002232,165,0.29115744069015104,0.5622069697937202,0.6230066614497366
2021-09,2126,603919,71,0.2681265206812653,0.3558435755534323,0.6127613562727422
2021-09,2126,002235,76,0.3071786310517529,0.3320824994139479,0.4657869785082174
2021-09,2126,002646,47,0.2631359466221851,0.531105806411771,0.6566617023714055
2021-09,2126,600846,103,0.182033096926714,0.38325245382324535,0.54121819960861
2021-09,2126,605369,32,0.2282913165266106,0.491902315584742,0.6259502453209757
2021-09,2126,300706,16,0.21708860759493676,0.3842291325326842,0.43885859944770966
2021-09,2126,688126,38,0.24869898657901945,0.5847642543081775,0.6464911458821327
2021-09,2126,600375,22,0.2748312439729991,0.3913399748163307,0.5550672706375496
2021-09,2126,300438,22,0.2918687589158344,0.6347566988431468,0.6543280182232349
2021-09,2126,300581,18,0.2297117516629712,0.5649550479204162,0.6114130434782605
2021-09,2126,300582,16,0.20319883678662298,0.5060135324643255,0.6017257909875354
2021-09,2126,000026,98,0.3040166204986149,0.5913543047140882,0.6100979192166462
2021-09,2126,600055,27,0.27739307535641555,0.554899173318118,0.6088362068965526
2021-09,2126,002516,21,0.22504537205081676,0.41284697988711316,0.6146087778740847
2021-09,2126,000948,70,0.3048452220726783,0.43411652835520065,0.6091061367443277
2021-09,2126,600071,129,0.26741440377804016,0.5028289298685974,0.6546727363516925
2021-09,2126,300456,22,0.22573839662447248,0.46705851757310124,0.5520518358531316
2021-09,2126,600234,48,0.2891649413388544,0.3969184827138728,0.45006257822277923
2021-09,2126,300184,26,0.12145110410094628,0.3938016389903905,0.44933920704845876
2021-09,2126,601111,107,0.3077777777777777,0.47717871853356425,0.6455977757182579
2021-09,2126,688689,37,0.2765333333333334,0.4776697981451729,0.5642289987635375
2021-09,2126,000790,62,0.26917293233082706,0.5366003864571932,0.5931648553096766
2021-09,2126,000066,38,0.3086956521739129,0.5889012604690964,0.6307977736549163
2021-09,2126,300752,16,0.243139407244786,0.40103840327916007,0.3821067821067822
2021-09,2126,300345,21,0.17636986301369872,0.26435022918491063,0.48727203647416434
2021-09,2126,300484,21,0.24512195121951208,0.403278744954568,0.5957320687611143
2021-09,2126,600896,105,0.29433962264150937,0.35311601845315843,0.26617714547957705
2021-09,2126,300353,31,0.189767441860465,0.45624952316290573,0.540746182505116
2021-09,2126,603528,77,0.3031536113936928,0.5103760273550095,0.606898618641528
2021-09,2126,002703,157,0.2693498452012384,0.5089604895495146,0.6546886699409896
2021-09,2126,600906,36,0.21250840618695355,0.47551246376759565,0.33223684210526305
2021-09,2126,002426,44,0.22023809523809523,0.5499868821473278,0.5815861440291699
2021-09,2126,603112,110,0.25360000000000005,0.6026419126790913,0.6090330025736994
2021-09,2126,600771,15,0.18009621166566447,0.5374717778523741,0.5662969106365331
2021-09,2126,605080,18,0.18842941535954372,0.2576695413091478,0.6638669964908237
2021-09,2126,300236,33,0.2632444282060651,0.5537158985054841,0.6489565180430997
2021-09,2126,003016,34,0.28873239436619713,0.3295055146643984,0.48840537338236895
2021-09,2126,601279,47,0.2901234567901234,0.323082598880034,0.23996913580246906
2021-09,2126,605116,187,0.3085585585585586,0.37872886427903235,0.5327467267188566
2021-09,2126,688063,18,0.18045856251158754,0.4267142969577574,0.5812090988660229
2021-09,2126,300102,43,0.30393996247654786,0.603894248350413,0.5573757549441439
2021-09,2126,300241,22,0.24552160168598525,0.5428132692403912,0.4769230769230769
2021-09,2126,688366,36,0.2778034148592524,0.5423029702841013,0.6249148668896526
2021-09,2126,002591,82,0.3080229226361032,0.44799872768919075,0.43018469656992087
2021-09,2126,688221,40,0.228213977566868,0.4205752321549267,0.5745315136797413
2021-09,2126,300108,38,0.2796780684104627,0.40023611198772857,0.5471210340775559
2021-09,2126,002595,130,0.2259454284346577,0.537419752067745,0.6339152981849608
2021-09,2126,003029,77,0.3043184885290148,0.43805935800396917,0.6115881146282445
2021-09,2126,600650,123,0.1982335623159961,0.5533140459571266,0.6408233906664013
2021-09,2126,300663,31,0.19045390734674783,0.6245110179055341,0.5786149334536429
2021-09,2126,002329,70,0.2815198618307426,0.45649422126271144,0.6405181720043179
2021-09,2126,300117,17,0.2582417582417583,0.5752839006029423,0.6023348936890197
2021-09,2126,603326,112,0.25733207190160834,0.24504717059013137,0.6492652348165658
2021-09,2126,003040,60,0.30467675378266845,0.36915062306182994,0.6201532280668972
2021-09,2126,002342,140,0.3064798598949212,0.439108648928502,0.511551865077658
2021-09,2126,300269,19,0.1589041095890411,0.4342605464310403,0.6074766355140192
2021-09,2126,300680,22,0.25246710526315796,0.4953333362410817,0.6441258292317564
2021-09,2126,600992,21,0.2756218905472637,0.37533853609803525,0.6092153460574516
2021-09,2126,601566,25,0.1942496493688639,0.46695862070451705,0.5981210855949887
2021-09,2126,603893,21,0.26219588271990024,0.5234069672907102,0.665431131101067
2021-09,2126,688609,24,0.2140533506831489,0.4854488849307715,0.6115789473684211
2021-09,2126,002351,95,0.28542234332425065,0.5028334557236369,0.5833505029964793
2021-09,2126,300279,31,0.2731648616125151,0.4932611941097221,0.5061031782588669
2021-10,2142,000920,19,0.3094795539033457,0.34910887764302356,0.5715045188729398
2021-10,2142,300007,30,0.28984962406015036,0.4767419428214078,0.6582367404285212
2021-10,2142,600549,24,0.2885085574572126,0.4660663759322244,0.5984974958263772
2021-10,2142,300160,56,0.29324169530355104,0.6051234791040048,0.5425247902364603
2021-10,2142,600211,92,0.30868885414339964,0.5169175993170237,0.643080380498324
2021-10,2142,000551,16,0.2070815450643777,0.2837616383566469,0.49054675523760893
2021-10,2142,300708,31,0.24810606060606055,0.6032470786732719,0.5565373670810244
2021-10,2142,000935,20,0.2002868068833652,0.4798441395316437,0.6367560660131841
2021-10,2142,688135,46,0.3148509334076345,0.5425924915453093,0.5851197982345523
2021-10,2142,300029,25,0.2570281124497992,0.4538208507206979,0.6296227810650892
2021-10,2142,605499,38,0.24826789838337182,0.43143639412877405,0.6121771217712179
2021-10,2142,600225,35,0.18152866242038224,0.41078669346816127,0.6084070796460175
2021-10,2142,600860,38,0.2939759036144578,0.440152881176819,0.5922953451043339
2021-10,2142,600230,18,0.21565217391304348,0.33198002679185,0.6142098273572378
2021-10,2142,300036,37,0.30050825921219826,0.4947071012870505,0.5680123425044997
2021-10,2142,600392,20,0.2991623454327882,0.3884866198161024,0.552841210833776
2021-10,2142,600576,89,0.23488773747841107,0.27419591701359836,0.4480360592401805
2021-10,2142,300183,15,0.241768155164637,0.38877908826022806,0.5570530098831985
2021-10,2142,000962,18,0.16978066612510156,0.5479683473703535,0.6124734072332327
2021-10,2142,300458,40,0.2452757423833397,0.5940535077870948,0.5764867930643331
2021-10,2142,600237,126,0.2997275204359673,0.5455400565715725,0.6423179396092362
2021-10,2142,688003,30,0.29256126653654313,0.46304101778078915,0.6396023856858851
2021-10,2142,300602,41,0.24404494382022468,0.3351518062156015,0.6610006208387742
2021-10,2142,688682,26,0.24739791833466773,0.3948727089314225,0.5872899205757165
2021-10,2142,600586,23,0.23166666666666658,0.5235495371730754,0.572262773722628
2021-10,2142,000970,25,0.2902723735408561,0.5995970391874225,0.6291370244355097
2021-10,2142,002400,128,0.31353135313531344,0.48021278260789585,0.5347324046920823
2021-10,2142,603993,24,0.28532608695652184,0.517870526247725,0.6347826086956521
2021-10,2142,002686,194,0.30969609261939224,0.39974617026700066,0.5750864753921894
2021-10,2142,300748,26,0.2675879396984925,0.4728411886806564,0.5569645936897638
2021-10,2142,300340,30,0.3006993006993006,0.39286930208172866,0.49995287020454343
2021-10,2142,300479,51,0.30687534935718275,0.5540091068893359,0.5458891259091729
2021-10,2142,688699,24,0.2910400673046587,0.5263231008133272,0.5590303648222944
2021-10,2142,300208,25,0.2592592592592592,0.39352685867682247,0.5443400081732734
2021-10,2142,600444,23,0.2986918604651162,0.3675231869486149,0.568842021488261
2021-10,2142,300218,25,0.25263157894736854,0.5696288866022864,0.620077509688711
2021-10,2142,688037,15,0.2609326955927571,0.573907230107764,0.5149821770465266
2021-10,2142,002023,39,0.30030581039755366,0.431033621163693,0.6202735317779569
2021-10,2142,300631,18,0.22486033519553084,0.39887312388529617,0.467899332306112
2021-10,2142,688551,27,0.24329993008622697,0.35625406779102997,0.6450808867585379
2021-10,2142,600122,81,0.21556886227544902,0.5914963468509953,0.6060294621445701
2021-10,2142,688560,24,0.2691975841242451,0.47810750197174684,0.5903702046750924
2021-10,2142,002167,19,0.23069306930693068,0.4894650660725859,0.5344426954501164
2021-10,2142,002724,30,0.1701244813278009,0.5975229318947962,0.5555555555555558
2021-10,2142,002580,25,0.25643469971401334,0.36487472206390364,0.5585240447625769
2021-10,2142,600478,21,0.24477244772447737,0.36593883149574225,0.6569929321053759
2021-10,2142,300376,30,0.2113207547169812,0.5022419949001548,0.5925714285714287
2021-10,2142,600137,95,0.2914746543778801,0.6069939918105542,0.5843707913149162
2021-10,2142,300378,41,0.30327868852459006,0.5796845535533279,0.617622196509613
2021-10,2142,002319,73,0.26190476190476186,0.42648843299038836,0.6595345190442781
2021-10,2142,300655,22,0.19126406353408332,0.5023789921832303,0.5100270346608564
2021-10,2142,000425,118,0.2708018154311649,0.5730099355909831,0.6044934640522878
2021-10,2142,002184,15,0.24927198602213163,0.4813269423546142,0.6543367346938775
2021-10,2142,601999,98,0.3142857142857143,0.42398357959729877,0.42114826170892766
2021-10,2142,300116,32,0.247557003257329,0.5014675416702572,0.6144547972802821
2021-10,2142,300802,31,0.25453301402668493,0.46440280102105713,0.6337633202467751
2021-10,2142,002059,119,0.26475548060708254,0.6067712131254016,0.5930833872010346
2021-10,2142,300667,212,0.31447883315546066,0.29432915208611976,0.5325080371363698
2021-10,2142,688383,32,0.31174483565025335,0.5878894635681223,0.6458307763987617
2021-10,2142,600980,131,0.31290808638874934,0.5774810927378523,0.6461132356424923
2021-10,2142,300398,47,0.2810487580496779,0.505615442936572,0.6488593047732829
2021-10,2142,603166,33,0.29166666666666674,0.5976262902169667,0.6282884555865055
2021-10,2142,300403,217,0.3143669985775249,0.4571369073407975,0.49604393718355777
2021-10,2142,300127,36,0.3146300914380715,0.4689784754057068,0.5705197617758534
2021-10,2142,688595,35,0.23186237845923707,0.48325831945766395,0.6261790741546948
2021-10,2142,002908,73,0.28361344537815125,0.5358848627926179,0.6160573437024325
2021-10,2142,002346,37,0.28660714285714284,0.5481081881720907,0.6104382294648756
2021-10,2142,600993,28,0.2505694760820045,0.4340099801664586,0.5451555023923443
2021-10,2142,002349,24,0.2093397745571658,0.5328613444411229,0.6073030108904555
2021-10,2142,000906,64,0.25529865125240847,0.5817115678291925,0.539945836154367
2021-10,2142,300283,31,0.21689785624211855,0.3551276590432332,0.5395023261769604
2021-11,2164,300011,28,0.2088998763906056,0.5485114572505366,0.5518250116348649
2021-11,2164,000011,164,0.2586490939044481,0.5940741500167014,0.6050154647204112
2021-11,2164,300576,66,0.24641719745222934,0.47530061319950506,0.6283669449915393
2021-11,2164,603217,33,0.22506393861892582,0.4979465537662299,0.5917199148029819
2021-11,2164,300590,30,0.19823529411764707,0.4815765749124651,0.5260020099817737
2021-11,2164,688012,71,0.25129615082482326,0.6146983953507913,0.6227071029254427
2021-11,2164,600886,19,0.12704918032786883,0.6205739200071267,0.5936004463806686
2021-11,2164,600888,25,0.21864594894561595,0.48654209245727625,0.6246134817563385
2021-11,2164,300621,152,0.2791741472172353,0.6042235587242761,0.6123845141449809
2021-11,2164,600905,18,0.18431911966987624,0.6077992341113516,0.5544252288911494
2021-11,2164,002033,149,0.29607250755287007,0.596957327792771,0.5471776107292129
2021-11,2164,000408,32,0.24658545588778147,0.49123868594823605,0.6219131303877065
2021-11,2164,300648,17,0.23634924821946712,0.6010265425843906,0.48536789297658856
2021-11,2164,600958,23,0.1972543352601156,0.5768863558338391,0.5427225442636731
2021-11,2164,600961,29,0.22376237623762374,0.5141400304702523,0.516101145450616
2021-11,2164,300106,25,0.19826907946498828,0.4918919956639182,0.5664951513952107
2021-11,2164,600311,80,0.3012048192771085,0.4465864821003521,0.5729420186113094
2021-11,2164,603316,140,0.2738853503184714,0.5808981446746716,0.537003922873262
2021-11,2164,000506,32,0.10447761194029848,0.19944654250680427,0.3596491228070177
2021-11,2164,000510,33,0.2593144560357675,0.6073341920705942,0.62264538667032
2021-11,2164,600339,26,0.23303834808259583,0.6185206551044018,0.6174838112858455
2021-11,2164,600348,18,0.1931260229132571,0.5186388504216031,0.5022831050228311
2021-11,2164,601001,16,0.1540372670807455,0.5569973194635276,0.33913043478260857
2021-11,2164,002091,39,0.19946571682991987,0.5051923314078786,0.6155722446883625
2021-11,2164,300153,19,0.13958810068649885,0.405989784391625,0.35068788777987614
2021-11,2164,300157,35,0.30308219178082185,0.4274083009083328,0.5552526062550122
2021-11,2164,600367,19,0.2751322751322751,0.6181274135378866,0.5820666902321199
2021-11,2164,300159,16,0.297196261682243,0.6069840184048416,0.3615039668851327
2021-11,2164,300161,24,0.17194244604316555,0.5789002682887083,0.5006866559853512
2021-11,2164,601068,28,0.2530120481927711,0.5684083182712508,0.4850174216027874
2021-11,2164,002114,28,0.25711382113821146,0.5204207086390691,0.4812241277350679
2021-11,2164,601088,26,0.1864815932407966,0.6147264360871022,0.6243937924345294
2021-11,2164,600395,30,0.28258221680876994,0.5350710100637255,0.44059342626934367
2021-11,2164,601106,44,0.24885844748858443,0.4100271847497727,0.5481832543443921
2021-11,2164,002125,21,0.2703651685393258,0.5569720510024636,0.5882352941176467
2021-11,2164,002128,18,0.1216216216216216,0.5106700246972289,0.3829727648253168
2021-11,2164,603477,15,0.18567454798331018,0.5684172696918098,0.522013746981237
2021-11,2164,000593,28,0.15714285714285714,0.41259867028343644,0.5233690360272637
2021-11,2164,002140,33,0.22758620689655173,0.5552645635596822,0.5176143386897403
2021-11,2164,601139,19,0.1227064220183487,0.4385385941116,0.3859734723488402
2021-11,2164,600433,163,0.29357798165137616,0.3315956937333431,0.34975369458128003
2021-11,2164,000629,16,0.16708229426433918,0.5792964360199986,0.5872576177285317
2021-11,2164,000630,27,0.26546391752577314,0.5766737383130298,0.5402097902097902
2021-11,2164,000631,24,0.12173913043478268,0.5605380447225434,0.48567870485678655
2021-11,2164,601225,26,0.21875,0.6183378918013641,0.620637329286798
2021-11,2164,300792,15,0.1321315740568667,0.5330699488382451,0.5365261880900896
2021-11,2164,600497,31,0.23992673992673985,0.5001986415334139,0.4551315110881893
2021-11,2164,300255,25,0.2206060606060607,0.5394909026665194,0.6189024390243901
2021-11,2164,601388,24,0.20647773279352233,0.5835852286249963,0.5541871921182266
2021-11,2164,600508,24,0.20725388601036265,0.5192078568806184,0.397370980181751
2021-11,2164,300265,25,0.2618855761482676,0.5710333907820042,0.6118123587038433
2021-11,2164,300272,33,0.2662162162162163,0.5526054621592145,0.5679692548379417
2021-11,2164,300274,23,0.17810928871672294,0.5971587473035107,0.5617021276595747
2021-11,2164,002218,22,0.1424766977363514,0.5094106088363117,0.5640222190571147
2021-11,2164,603655,18,0.16612141039621953,0.5460525696277891,0.5708778804787663
2021-11,2164,688269,56,0.2384893344212613,0.24444751713933002,0.5496378380139743
2021-11,2164,601618,29,0.19164619164619168,0.3205230099981233,0.4538508557457215
2021-11,2164,600546,18,0.16271721958925756,0.5855086399370654,0.3016320601555158
2021-11,2164,601666,17,0.14960629921259827,0.5228418309096545,0.3697818435629742
2021-11,2164,300303,33,0.18225806451612903,0.4539424915726373,0.5670808761583827
2021-11,2164,000751,29,0.2319474835886215,0.3574012121422994,0.4463380930446798
2021-11,2164,688310,20,0.17605961807172787,0.34118646159649163,0.5210449927431061
2021-11,2164,300329,22,0.23756495916852272,0.42848437518796567,0.3209970749077961
2021-11,2164,300339,59,0.259313581695512,0.5833369075934597,0.35921148697980043
2021-11,2164,600596,23,0.23703344643722735,0.5758040518928023,0.42564685134136754
2021-11,2164,601865,22,0.21683389074693427,0.5474861783187512,0.45442086857899
2021-11,2164,601877,18,0.1738971261211788,0.5706983087833636,0.4792096065955728
2021-11,2164,300346,27,0.17640945700181876,0.6014216664321919,0.6209150326797391
2021-11,2164,002845,33,0.24989247311827956,0.5147306773231628,0.5191071148517961
2021-11,2164,600617,25,0.22677595628415304,0.5298652587225209,0.581506196377502
2021-11,2164,600618,15,0.13100436681222705,0.5382095637499292,0.46368616363315074
2021-11,2164,600623,36,0.24230769230769234,0.595778237459297,0.5136884021901444
2021-11,2164,000848,51,0.2792321116928448,0.515671022593274,0.48476662164190315
2021-11,2164,002892,45,0.2751141552511416,0.3667578560724366,0.6218413535486708
2021-11,2164,300400,46,0.26168990976210005,0.3606385015614482,0.6102664494121234
2021-11,2164,600010,28,0.23885350318471332,0.6169846744630901,0.5910072648733555
2021-11,2164,600058,41,0.2922940655447298,0.44067447386213976,0.5684713375796178
2021-11,2164,600075,34,0.22595078299776283,0.5601997877218025,0.47338077650662097
2021-11,2164,002961,20,0.12648556876061123,0.5810918984938274,0.53063886222587
2021-11,2164,603080,24,0.16545334215751162,0.6135229436056063,0.6004986472866164
2021-11,2164,300483,15,0.08591408591408589,0.5248376376843783,0.3636643335128065
2021-11,2164,600758,30,0.2433035714285715,0.5033902323165169,0.5576657458563536
2021-11,2164,300508,22,0.21559742427855944,0.5476864284302878,0.4102682686138424
2021-11,2164,300510,22,0.1583815028901734,0.6040701261782201,0.5900570497147514
2021-11,2164,600792,25,0.28046421663442933,0.4901448503843225,0.46301369863013686
2021-11,2164,002455,23,0.1827777777777777,0.4286868030706989,0.48858634455932054
2021-11,2164,600795,23,0.19615384615384623,0.5320320505626935,0.546031746031746
2021-11,2164,600157,31,0.15463917525773196,0.5056249355122532,0.5758582502768554
2021-11,2164,600160,21,0.2319134550371873,0.545195536365773,0.5276600369525051
2021-11,2164,605299,22,0.1227321237993595,0.3778243637060226,0.5406350810369622
2021-12,2187,688621,31,0.20768477196037882,0.5892312373581409,0.5203938721423801
2021-12,2187,688633,35,0.2289808056231415,0.38045589051269535,0.5174104604889141
2021-12,2187,603203,24,0.1672256827982751,0.45928478523421684,0.5903343149142563
2021-12,2187,600210,35,0.25406032482598606,0.5147970571538265,0.500878022423342
2021-12,2187,688636,31,0.21485305798252585,0.5757844633870433,0.5947995666305528
2021-12,2187,688660,24,0.22047781569965874,0.4241776372578473,0.5343295638126004
2021-12,2187,002518,45,0.29417177914110426,0.46203772953010047,0.43699862606922846
2021-12,2187,603218,46,0.2791122715404699,0.5906694783894875,0.5466829000453578
2021-12,2187,300040,20,0.19452054794520535,0.43468587990186064,0.43825377951418387
2021-12,2187,002539,29,0.15163934426229508,0.5159352592909185,0.3548482169171822
2021-12,2187,600251,71,0.28195121951219504,0.48680532243310937,0.5424425324258376
2021-12,2187,600884,36,0.21753159451465442,0.5409369862803644,0.49732481877804613
2021-12,2187,002004,25,0.1351791530944626,0.45627695358855286,0.49116661590009153
2021-12,2187,600256,28,0.21442495126705652,0.5288158911076383,0.5165711947626838
2021-12,2187,603260,31,0.24872005562227428,0.4987135563463846,0.3508059897713747
2021-12,2187,300062,62,0.23050847457627122,0.5599291941738076,0.5666666666666667
2021-12,2187,300073,17,0.19788703778951655,0.5378946240588008,0.5616733118157081
2021-12,2187,000155,41,0.23417290673927837,0.5542702859565346,0.5161963110213128
2021-12,2187,000166,35,0.1349353049907579,0.4280282700746263,0.42648709315376
2021-12,2187,300084,44,0.23444976076555024,0.5475097249567252,0.5235141640436958
2021-12,2187,000422,16,0.2424119789558884,0.5063049324897936,0.4555603263203093
2021-12,2187,300661,53,0.20638254624297048,0.5477507097324035,0.46275951946269017
2021-12,2187,688078,35,0.22321797876740657,0.45616605522358433,0.5842800406391429
2021-12,2187,300129,36,0.20574606116774785,0.4410622377583009,0.4261297120112383
2021-12,2187,600331,36,0.18604651162790697,0.3513702615093047,0.38290513833992085
2021-12,2187,600333,27,0.1361639824304538,0.32474709325220613,0.36537625054371475
2021-12,2187,002079,55,0.20257826887661134,0.4517438444757605,0.594745473700216
2021-12,2187,002080,20,0.1495433789954338,0.5653267978708562,0.5340845070422533
2021-12,2187,300688,21,0.26552686671318915,0.43428340463471327,0.41833166833166824
2021-12,2187,601011,59,0.19893428063943164,0.4584469098054884,0.5934199389099475
2021-12,2187,300160,101,0.29324169530355104,0.5533913498268004,0.57985036119711
2021-12,2187,300720,28,0.21811224489795922,0.60574383498861,0.432814710042433
2021-12,2187,603393,30,0.17545152967194977,0.4587158454285968,0.4483219235264651
2021-12,2187,300179,27,0.223293172690763,0.29706986059874696,0.42588726513569963
2021-12,2187,002119,86,0.26898047722342733,0.6036870486986794,0.5825176391108141
2021-12,2187,600397,48,0.2548476454293629,0.5350779023780065,0.5097815222047695
2021-12,2187,300736,34,0.21071428571428563,0.5311017268422904,0.5097665555026205
2021-12,2187,002676,39,0.162109375,0.34582166954729654,0.43531983651744166
2021-12,2187,002136,41,0.2844266399599399,0.5254941526374253,0.43591712971186536
2021-12,2187,603505,25,0.22631261315630657,0.5569936591538467,0.48738461538461536
2021-12,2187,600435,25,0.13673655423883313,0.4791696348612384,0.5864661654135335
2021-12,2187,002155,36,0.12485136741973835,0.43687071413272166,0.3574444131719672
2021-12,2187,600460,82,0.2602364475201845,0.5576456680012115,0.467339922647185
2021-12,2187,002165,17,0.1314623338257016,0.43772375826315,0.37333333333333335
2021-12,2187,600470,34,0.1421188630490957,0.3005149758073633,0.351581436091952
2021-12,2187,300780,47,0.2040490143846564,0.5915219747399462,0.5109495295124036
2021-12,2187,300252,63,0.29385964912280693,0.4233641713842094,0.5799080195458464
2021-12,2187,002748,15,0.15536277602523652,0.40229445910805633,0.48075909330521904
2021-12,2187,603612,54,0.2376146788990825,0.5925019097448657,0.48907826041214614
2021-12,2187,002200,30,0.12765957446808507,0.45515556769460525,0.4942693409742123
2021-12,2187,300263,44,0.2727272727272728,0.5836756097596459,0.4265321659687854
2021-12,2187,002202,23,0.1605145413870246,0.48770488056360123,0.5746818486269261
2021-12,2187,300268,23,0.21012416427889213,0.5287516990268427,0.5847730251399977
2021-12,2187,603630,19,0.19385547382085677,0.5216978839919572,0.4896540830832414
2021-12,2187,300821,34,0.23668639053254437,0.3319953107440284,0.33358778962789065
2021-12,2187,002774,50,0.17307692307692313,0.5483084048167741,0.49827875773631125
2021-12,2187,601608,31,0.14663951120162932,0.5330561390675495,0.5109756097560972
2021-12,2187,601619,34,0.15134099616858243,0.4231381686857093,0.5478129713423833
2021-12,2187,300839,43,0.20722891566265067,0.4036160952500978,0.5564482532881035
2021-12,2187,002248,27,0.14194722474977262,0.32678259630059936,0.41549546056670245
2021-12,2187,688296,38,0.13996461568704532,0.41486255822623785,0.584607133279699
2021-12,2187,300313,32,0.25149700598802394,0.3787126557094402,0.35931914987652563
2021-12,2187,601702,22,0.2417127071823204,0.4355739982515182,0.5021676300578034
2021-12,2187,601727,44,0.11730769230769234,0.5440004741705305,0.5528732367698563
2021-12,2187,603727,47,0.23393885688967664,0.5923079926380979,0.5671709262338754
2021-12,2187,300882,19,0.17120106171201066,0.36766498073815773,0.336159903089037
2021-12,2187,002283,19,0.17352614015572865,0.5414853222992172,0.4291897090646791
2021-12,2187,601882,41,0.2107453651153992,0.4788881376889161,0.3862300587741393
2021-12,2187,002286,30,0.1862940785096473,0.5190848882711998,0.4887464240168197
2021-12,2187,688333,52,0.16518936341659962,0.4177260066856175,0.5751071572988272
2021-12,2187,002288,65,0.2744739249771272,0.4313591768710077,0.5795657908418756
2021-12,2187,600612,165,0.2502526783909439,0.604463144789315,0.5751532419617273
2021-12,2187,000833,34,0.11050724637681153,0.5074477208970972,0.36454327715396945
2021-12,2187,000837,30,0.1843003412969283,0.3681440464224641,0.3997361477572561
2021-12,2187,300913,24,0.25036075036075034,0.5400506495055066,0.529672276350753
2021-12,2187,002312,35,0.25100401606425704,0.3247424430212324,0.36041358936484513
2021-12,2187,688360,29,0.11963696369636956,0.5163215341271142,0.5646518745218055
2021-12,2187,300926,15,0.14563106796116498,0.5351038461642668,0.4898200059014459
2021-12,2187,300927,48,0.20551601423487553,0.5769904637520036,0.5714686639420465
2021-12,2187,002335,29,0.27794840294840295,0.44852920879882174,0.5643885790393741
2021-12,2187,300946,29,0.2576095025983667,0.3398625931750526,0.3200142160844841
2021-12,2187,300410,68,0.2900763358778625,0.33192907540218786,0.5604933792853255
2021-12,2187,600673,22,0.23814133591481124,0.4678839047887389,0.46906410542774185
2021-12,2187,600683,19,0.16396103896103897,0.44918466151287295,0.4309907717270051
2021-12,2187,603033,23,0.17743702081051493,0.32444633859522004,0.3402868318122557
2021-12,2187,000930,25,0.14181152790484897,0.5739849282378341,0.5109439124486999
2021-12,2187,000931,35,0.16356877323420083,0.5673326163368769,0.5493205019832241
2021-12,2187,603055,19,0.15021459227467804,0.44675236195017815,0.5319452367370227
2021-12,2187,300444,19,0.2896237172177878,0.5058852264171095,0.5038402457757296
2021-12,2187,600063,42,0.1687116564417177,0.5822153472585531,0.5028743651280907
2021-12,2187,603077,25,0.14634146341463417,0.46548263962485875,0.5046334526103312
2021-12,2187,600725,21,0.17752808988764046,0.5159690928458237,0.43205574912892
2021-12,2187,000968,21,0.2603201347935973,0.563601889496495,0.3449781659388638
2021-12,2187,688508,54,0.2731157994708635,0.49594195020543974,0.550302238535154
2021-12,2187,600089,26,0.17840095465393802,0.5265402065648173,0.5354723554332164
2021-12,2187,600740,36,0.13880126182965302,0.5540200699773828,0.3911953797537322
2021-12,2187,600096,28,0.27354900095147483,0.41927728591962354,0.39776069835847794
2021-12,2187,002411,25,0.18472727272727263,0.4650756278494986,0.5413463047230506
2021-12,2187,300488,23,0.24731182795698925,0.2569768903553727,0.32769150235560973
2021-12,2187,603105,25,0.23684210526315796,0.350694768854907,0.559322033898305
2021-12,2187,605011,34,0.19315895372233405,0.31660480708519895,0.35486089402938414
2021-12,2187,605020,47,0.23085937499999998,0.3794470618686355,0.27599846880183754
2021-12,2187,605028,40,0.17396852403232665,0.41494200958510147,0.31916014184895236
2021-12,2187,603109,24,0.19299065420560746,0.31357730287206065,0.5227071065580382
2021-12,2187,001208,37,0.15817223198594033,0.3898842671699763,0.3618495770077646
2021-12,2187,300497,25,0.18201400107700594,0.38531814085170923,0.4160760787157597
2021-12,2187,301040,20,0.17964071856287422,0.4105281350830801,0.4256867382208477
2021-12,2187,688558,29,0.230110159118727,0.504908306919387,0.4788533200589896
2021-12,2187,300505,24,0.2887438825448613,0.3961468518485525,0.3742987942485008
2021-12,2187,600777,26,0.17647058823529405,0.40202334692536473,0.4539722572509461
2021-12,2187,600141,29,0.17124735729386897,0.5084662884300211,0.5851158607464976
2021-12,2187,002454,23,0.2352092352092352,0.48185911176401713,0.44343891402714936
2021-12,2187,600793,36,0.1285619615639496,0.40347777571223586,0.38605973726881787
2021-12,2187,603155,45,0.21260245901639352,0.5068790145933547,0.45925266903914597
2021-12,2187,605162,39,0.1598484848484848,0.514366447188667,0.492230022876075
2021-12,2187,605169,38,0.1546790409899459,0.5028148187696648,0.36904488294973253
2021-12,2187,600804,25,0.1424418604651162,0.5517960646600562,0.5379599441080577
2021-12,2187,600816,36,0.1312127236580517,0.4101233718480768,0.5529118513482889
2021-12,2187,002476,34,0.12974051896207572,0.5662550749912068,0.5693069306930687
2021-12,2187,600191,18,0.15876777251184837,0.5624282220383856,0.5075187969924823
2022-01,2206,603038,22,0.23944954128440377,0.4267073279136006,0.6191664356344146
2022-01,2206,600197,138,0.28712871287128716,0.5022615483737245,0.6163698656335552
2022-01,2206,002091,81,0.23813559322033906,0.44829127293415877,0.5834777585210861
2022-01,2206,002930,20,0.2127049180327868,0.4595529261580518,0.6182753781381566
2022-01,2206,601020,52,0.238001958863859,0.45558972977884493,0.606886261535218
2022-01,2206,002236,201,0.284731182795699,0.5413150647595905,0.6281888514858901
2022-01,2206,002938,13,0.1704024452368823,0.5344911391644896,0.6189523537337186
2022-01,2206,600704,130,0.2922824302134648,0.5856522331130645,0.5120261606643433
2022-01,2206,000937,45,0.2286501377410468,0.565958231826604,0.41750841750841744
2022-01,2206,603948,31,0.22882059800664445,0.303907455138433,0.501233192775877
2022-01,2206,002381,186,0.2977983777520279,0.4676349495628557,0.5110273478226004
2022-01,2206,600711,70,0.2981260647359455,0.4377960310679201,0.6310832025117737
2022-01,2206,300586,16,0.22843137254901957,0.4975843175037711,0.6099999999999995
2022-01,2206,002522,58,0.2741545893719807,0.5546306685793245,0.46240922682614277
2022-01,2206,605580,47,0.2961373390557941,0.23520324072688223,0.3386736214605067
2022-01,2206,300317,30,0.2589595375722543,0.2669804163080003,0.4540515811745868
2022-01,2206,002922,25,0.29808612440191384,0.2935228235021504,0.4077675494590935
2022-01,2206,002121,85,0.275187969924812,0.37893856870100207,0.525165734602422
2022-01,2206,300998,21,0.2315877905348641,0.41526891133160077,0.5802389973768578
2022-01,2206,300598,31,0.2562533741227281,0.3602007979815852,0.5397898755789177
2022-01,2206,002531,30,0.2529606821411653,0.47515218019946204,0.6223447008841432
2022-01,2206,002819,73,0.24684598905022603,0.4465253307889306,0.5858925167113106
2022-01,2206,300323,73,0.29046242774566466,0.4703382693125624,0.6134131476671535
2022-01,2206,603978,28,0.27758121582502404,0.2640548292892787,0.4257641921397378
2022-01,2206,002267,79,0.297902097902098,0.5876359784781904,0.4964528863207277
2022-01,2206,603719,25,0.24027678358387017,0.47384208996882915,0.5918687838073637
2022-01,2206,002270,16,0.18901660280970634,0.32138729523114956,0.5141681901279713
2022-01,2206,603088,19,0.2016806722689075,0.3058823601980531,0.5802508845287878
2022-01,2206,002002,71,0.2287480680061823,0.5002936061867669,0.6088060224089636
2022-01,2206,000791,32,0.26428571428571423,0.5084112126720831,0.6054474708171206
2022-01,2206,600742,22,0.17320574162679414,0.38189617111051466,0.4852169107488256
2022-01,2206,301017,26,0.2861965491372843,0.37667170777140896,0.5392722723636384
2022-01,2206,301018,17,0.2182741116751269,0.28450834709587175,0.5933559495615439
2022-01,2206,000993,25,0.29513888888888884,0.26472703226588107,0.3955327177231269
2022-01,2206,301022,25,0.25040042712226385,0.4280211867490541,0.6040645835006829
2022-01,2206,300209,20,0.27172195892575035,0.34915819240748464,0.48363509749303635
2022-01,2206,600268,27,0.2799999999999999,0.3818134233350596,0.5217052754525989
2022-01,2206,300828,32,0.27481323372465305,0.32744969958210884,0.5032313657906076
2022-01,2206,300499,21,0.24847746650426317,0.4344154734428148,0.4866039593874155
2022-01,2206,300772,32,0.24945135332845647,0.5508541979945748,0.5542395458668914
2022-01,2206,601218,14,0.08661417322834652,0.2522413064133263,0.43893517577728064
2022-01,2206,300228,21,0.29547641963426374,0.5363045395366842,0.5970848760369312
2022-01,2206,601225,68,0.21875,0.5877499367910829,0.596496068423231
2022-01,2206,600481,46,0.24635193133047217,0.5434952050467341,0.5220621341737952
2022-01,2206,300514,23,0.14853896103896103,0.31579191866451917,0.5773559652004626
2022-01,2206,600956,39,0.28413712957582804,0.4518351264621719,0.5487544483985768
2022-01,2206,600958,65,0.2819650067294751,0.510947358338415,0.5764785205162781
2022-01,2206,300786,15,0.2745183887915936,0.44039810270676755,0.5487747482036961
2022-01,2206,002046,30,0.24983606557377047,0.2841079096077568,0.6119612068965519
2022-01,2206,002882,54,0.28637059724349156,0.468740358753241,0.42986620630125166
2022-01,2206,002595,210,0.26089037817137395,0.5406630497129934,0.5909311297088768
2022-01,2206,600150,51,0.23714173537495087,0.5645272701760559,0.591030432461292
2022-01,2206,300660,28,0.2959731543624161,0.3222769864687664,0.5682863684019085
2022-01,2206,600970,81,0.2090558766859345,0.4774539091801098,0.5692886456908338
2022-01,2206,600973,29,0.2421875000000001,0.48463286581814297,0.5584658559401312
2022-01,2206,300118,12,0.2194663660278091,0.5938193148958838,0.6293626707132022
2022-01,2206,002060,37,0.26930320150659126,0.5751909870221239,0.48754636989931105
2022-01,2206,603611,54,0.26431492842535775,0.5812982264784378,0.6261524986170017
2022-01,2206,603010,33,0.23983115886415962,0.31484021930838624,0.5126947804293341
2022-01,2206,003038,12,0.21418128654970758,0.5321618936401531,0.5818690095846645
2022-01,2206,300540,14,0.22893692104102337,0.3490747888377685,0.5386464336393385
2022-01,2206,603618,46,0.2994082840236686,0.5558060856439778,0.4973873933461207
2022-01,2206,600330,15,0.15706447187928674,0.35333145874223765,0.6230483271375469
2022-01,2206,002615,49,0.2037351443123938,0.588672647139175,0.5680545658149241
2022-01,2206,002617,36,0.28028086600351076,0.4202386908495109,0.611764705882353
2022-01,2206,600176,64,0.17038777908343128,0.5862314295838973,0.6058721690280184
2022-01,2206,002073,16,0.21973684210526312,0.33037421860680777,0.5230998509687034
2022-01,2206,600336,30,0.23076923076923084,0.4577248912505865,0.38505383153894884
2022-01,2206,600348,60,0.2792397660818714,0.5637193770907952,0.5527517423696228
2022-01,2206,300691,15,0.25422332097239386,0.41958474935796,0.6327995926807215
2022-01,2206,600032,28,0.28753799392097257,0.2955413004616049,0.4323985586714709
2022-02,2222,605333,14,0.17110799438990187,0.329886477786817,0.6298607777244364
2022-02,2222,300571,16,0.12295690936106995,0.4654300172013243,0.5546483779664706
2022-02,2222,603203,59,0.20555821753713477,0.3647533616267203,0.6131993764074142
2022-02,2222,600215,50,0.22433862433862428,0.5375543110923139,0.5862147567656794
2022-02,2222,300031,26,0.29272090307512644,0.35023864193604487,0.4646411814475807
2022-02,2222,000030,40,0.2774480712166172,0.45613890639273835,0.5549430356486589
2022-02,2222,688663,27,0.282542885973764,0.5255590134206073,0.47826380450924827
2022-02,2222,688676,17,0.21206225680933855,0.2598378298560971,0.5301352743855647
2022-02,2222,000040,89,0.24691358024691357,0.5281565949760052,0.6079971857410881
2022-02,2222,002533,88,0.2902467685076381,0.5444729750923866,0.49047724097360096
2022-02,2222,300052,21,0.27665706051873196,0.39336572239258955,0.4638124362895002
2022-02,2222,300611,24,0.2291497975708502,0.38797860421643116,0.5988158585025859
2022-02,2222,300619,26,0.2220899077106283,0.424071685097344,0.5684791639167334
2022-02,2222,002565,12,0.1244897959183674,0.3941077018129739,0.40348101265822767
2022-02,2222,603286,25,0.21039961482908043,0.2976961862867597,0.6006114427136412
2022-02,2222,300088,25,0.2569502948609941,0.47394286109650435,0.6109115401885943
2022-02,2222,688060,23,0.24653777594954074,0.4482980425765049,0.5898824755221184
2022-02,2222,600306,21,0.10562770562770563,0.28896243474050143,0.5983430500153422
2022-02,2222,002590,16,0.1227272727272728,0.37122119510790325,0.5267441860465116
2022-02,2222,002047,12,0.10106382978723405,0.36401034136881205,0.5642633228840126
2022-02,2222,300656,33,0.2620076849183477,0.3624042506712335,0.6230585855667121
2022-02,2222,600308,92,0.23625254582484723,0.5557228173735643,0.5251812659220063
2022-02,2222,600310,52,0.266,0.47333931643574717,0.48555532414983194
2022-02,2222,002597,52,0.2522916666666667,0.41091904124128875,0.6283055583275122
2022-02,2222,002052,66,0.2594142259414226,0.34293323315096846,0.6277901785714285
2022-02,2222,688080,17,0.2046309123293094,0.42798809818712025,0.5993495304439956
2022-02,2222,300134,32,0.2785768357305073,0.3752829914268024,0.5630525825965568
2022-02,2222,000533,12,0.14950980392156854,0.4963646556287093,0.6309324399776666
2022-02,2222,300707,24,0.21999999999999997,0.3691181558108873,0.5077024612462374
2022-02,2222,002655,24,0.2887981330221704,0.34758105267526096,0.6095132743362832
2022-02,2222,300721,92,0.2859860494610019,0.37468939535917556,0.5996448528094099
2022-02,2222,300745,17,0.2154847550531005,0.4290770399952282,0.4835744434728121
2022-02,2222,300752,24,0.2501095050372316,0.4044371766472204,0.561101028433152
2022-02,2222,601179,83,0.2458193979933111,0.4958836568924082,0.6178809370298731
2022-02,2222,300217,21,0.08494208494208488,0.20871041633142356,0.43846153846153824
2022-02,2222,300220,20,0.13313432835820893,0.23373142523900314,0.4158160831822948
2022-02,2222,300767,90,0.2825585229146059,0.4252293916848979,0.6233777405029945
2022-02,2222,688195,13,0.15615141955835954,0.46282050644620815,0.4523859123317495
2022-02,2222,300800,22,0.20763537202960658,0.3359554967134695,0.6167257400134112
2022-02,2222,300264,18,0.1782296650717703,0.3320079834203989,0.4253090299601926
2022-02,2222,002221,95,0.2535410764872521,0.5027303281043998,0.617763515922611
2022-02,2222,002782,29,0.2915676959619953,0.340571500952114,0.5678674393546697
2022-02,2222,300835,23,0.1820573533280715,0.5496348884290381,0.5819249606155757
2022-02,2222,600556,25,0.26482873851294897,0.37393444983749413,0.4425932146456163
2022-02,2222,601702,57,0.28314917127071815,0.43501013041256453,0.6064437729900158
2022-02,2222,002255,32,0.18075801749271136,0.28181602924760235,0.5117924528301884
2022-02,2222,300319,49,0.2901934623082054,0.4518472524885051,0.573614213118964
2022-02,2222,600579,53,0.29059829059829057,0.4730893056814528,0.5776762402088772
2022-02,2222,300325,16,0.11036789297658867,0.5026227045957665,0.4467425025853154
2022-02,2222,300332,24,0.1539162112932606,0.3763680241220582,0.6017745407721873
2022-02,2222,002847,26,0.27223719676549873,0.3064459000145005,0.564012690738782
2022-02,2222,300360,17,0.14067278287461782,0.455909208143276,0.5658312926587817
2022-02,2222,300364,12,0.20356234096692105,0.42323610903647996,0.45972138098122345
2022-02,2222,002300,13,0.13900709219858154,0.3918847392693314,0.5007886435331225
2022-02,2222,688360,64,0.2551271534044298,0.4852408358876794,0.5856576476316335
2022-02,2222,600640,20,0.1934766493699036,0.2870284280473606,0.5493040580278378
2022-02,2222,000892,19,0.20050125313283218,0.4875137091156763,0.6072423398328691
2022-02,2222,002350,57,0.2892156862745098,0.5474686419104452,0.5107324266754053
2022-02,2222,603037,38,0.24015247776365944,0.41069109693181133,0.6183582963768723
2022-02,2222,600688,54,0.17201834862385335,0.5549045365159035,0.5391347424042271
2022-02,2222,603917,15,0.14659400544959134,0.23914066302723516,0.5732884399551066
2022-02,2222,002366,27,0.19881889763779526,0.3361241764490435,0.6009989355604681
2022-02,2222,300985,20,0.21810139503232395,0.5023003221192722,0.5818949687844289
2022-02,2222,300986,25,0.24613315400134494,0.3333075503972962,0.6085056848080881
2022-02,2222,300987,17,0.14247904719894133,0.36661013901017625,0.4950268260666552
2022-02,2222,002953,54,0.26184092940125114,0.4177363525085617,0.6263620386643239
2022-02,2222,002386,96,0.29242569511025884,0.5643858565223322,0.5367764813543813
2022-02,2222,600105,35,0.27223230490018147,0.4100966098881065,0.6198737025477243
2022-02,2222,300494,22,0.19962859795728882,0.39335824922307916,0.5261765261765263
2022-02,2222,001215,45,0.2730866540164453,0.4114280437257795,0.39116177389131795
2022-02,2222,300507,16,0.1412698412698412,0.5288479025960471,0.4822317477876105
2022-02,2222,301051,49,0.2526867627785059,0.3302562528832535,0.586278001687131
2022-02,2222,002452,31,0.23166843783209345,0.45043268417242516,0.6147757255936671
2022-02,2222,301066,31,0.23309352517985615,0.5549479097589798,0.5908825248392755
2022-02,2222,301069,27,0.27316969953449,0.3871752307007539,0.5070353201788578
2022-02,2222,605166,13,0.10458991723100064,0.3327529618239375,0.4931895126367996
2022-02,2222,688589,16,0.18008017267961762,0.5430089267558934,0.5862164044813376
2022-02,2222,603165,19,0.12585812356979398,0.4754737334218116,0.530367205627785
2022-02,2222,605218,25,0.2707520891364902,0.3981797633146966,0.6059568640876409
2022-02,2222,603178,24,0.16642120765832102,0.22056356082574022,0.4036667738822773
2022-02,2222,300552,16,0.1759821143404663,0.5234481504107271,0.5257325319308789
2022-02,2222,300556,20,0.26166134185303513,0.42966329890644017,0.5157216713280786
2022-02,2222,605288,58,0.2757308770524629,0.33414141027361566,0.6291482947015845
2022-03,2245,300286,34,0.27226720647773284,0.34453476028032615,0.5986001191745066
2022-03,2245,300007,51,0.3141993957703928,0.49218631998035545,0.592500045050186
2022-03,2245,300287,39,0.1923076923076924,0.45975731199661546,0.5791167007897047
2022-03,2245,200613,220,0.32417582417582425,0.28606470969834574,0.4852652259332024
2022-03,2245,002232,20,0.20455808782657026,0.43369669214207085,0.5661856963613553
2022-03,2245,300291,39,0.2100840336134454,0.4056129661647708,0.583941605839416
2022-03,2245,600039,51,0.2575976845151954,0.5316245149166976,0.567409090909091
2022-03,2245,300139,62,0.30763740185581734,0.4008630504358386,0.6131949573885678
2022-03,2245,000928,38,0.25360230547550444,0.5620415791567885,0.6312906867808501
2022-03,2245,300160,159,0.3115693012600229,0.4685129684769048,0.5680868838763572
2022-03,2245,600854,28,0.19709543568464738,0.3754294020797084,0.4609581058700855
2022-03,2245,002654,15,0.09589041095890405,0.3810022248956138,0.5156335710367526
2022-03,2245,601068,14,0.20707070707070718,0.4526701904402619,0.5583046471600692
2022-03,2245,600711,109,0.3100511073253833,0.43615385903420456,0.6204354651559618
2022-03,2245,600567,239,0.3031088082901554,0.4990138552570315,0.6320052147929371
2022-03,2245,300857,35,0.31999999999999995,0.344507619317486,0.5931002668951204
2022-03,2245,600071,53,0.2558995453561377,0.3703805154013879,0.6083204384487968
2022-03,2245,600718,22,0.17537022603273578,0.4786034101436369,0.6030115395440473
2022-03,2245,300182,14,0.15371900826446272,0.46905279969610225,0.5582417582417583
2022-03,2245,002669,53,0.3118466898954704,0.5609051696416799,0.5922683607065385
2022-03,2245,600235,21,0.17538461538461536,0.37832745809862894,0.6309095473182165
2022-03,2245,600237,34,0.2037691401648999,0.38983169719774247,0.615088725187793
2022-03,2245,002266,104,0.32258064516129037,0.5569937230637759,0.5589332393456103
2022-03,2245,300466,41,0.23703703703703694,0.44527668611300597,0.6032443921192736
2022-03,2245,600877,74,0.2873818788215674,0.5207210782719837,0.6246524559777576
2022-03,2245,002132,84,0.32510885341074014,0.38243156313087306,0.5834528933524632
2022-03,2245,603728,39,0.24723955832933264,0.31874809343304605,0.5830756610083925
2022-03,2245,300610,29,0.2882978723404255,0.36029551357405415,0.5765682656826571
2022-03,2245,300056,21,0.23410013531799723,0.43420783702786014,0.553831742872197
2022-03,2245,600255,18,0.17818181818181822,0.34077912826507606,0.5668220178863835
2022-03,2245,300058,34,0.20127795527156545,0.5390966401964418,0.525249205827582
2022-03,2245,300337,25,0.20246238030095753,0.3538134009502764,0.6034022681787861
2022-03,2245,300061,24,0.23809523809523814,0.4482986575148551,0.5987664428797556
2022-03,2245,000795,26,0.30391061452513957,0.48345659751416087,0.5701108821509174
2022-03,2245,600892,40,0.2050632911392405,0.4328978172400827,0.6143241425689308
2022-03,2245,688529,38,0.3063063063063062,0.3697162729362023,0.6237786289377001
2022-03,2245,002284,35,0.24427480916030542,0.3907100678381257,0.5681336785125911
2022-03,2245,603767,23,0.23580246913580238,0.521935885507347,0.563819476633939
2022-03,2245,002417,22,0.1808873720136519,0.5558828141704788,0.5220874596639593
2022-03,2245,300488,81,0.3217088055797732,0.2693991159600406,0.3868396895602102
2022-03,2245,600444,18,0.17422096317280444,0.42959662696621687,0.5085959885386822
2022-03,2245,300351,43,0.28748180494905395,0.4427255624211065,0.6289221114802511
2022-03,2245,300893,39,0.3069767441860465,0.4039371728566959,0.5850681981335252
2022-03,2245,000812,21,0.2574123989218329,0.45724404824330966,0.5798432250839864
2022-03,2245,000158,163,0.30645161290322587,0.29858765326341036,0.38257039484033345
2022-03,2245,000819,15,0.16249999999999998,0.46996657376028017,0.5713308244953814
2022-03,2245,600460,140,0.3143021914648212,0.4583398873687697,0.492453350055106
2022-03,2245,300083,87,0.2921994884910486,0.29505211896040917,0.49964703113969705
2022-03,2245,601929,13,0.11666666666666659,0.4404312967500684,0.5763276970707308
2022-03,2245,600468,94,0.2993311036789298,0.5167889566943756,0.5617820676451818
2022-03,2245,600290,111,0.3172804532577903,0.35569836986365067,0.6252876208007363
2022-03,2245,300092,86,0.3248546511627908,0.3530572314597096,0.5563445597356675
2022-03,2245,300095,42,0.26274509803921575,0.299240400056356,0.6024345429490123
2022-03,2245,600633,23,0.1807909604519774,0.5124084193491287,0.6045099739809197
2022-03,2245,003018,236,0.311460258780037,0.29234540844854207,0.4309330855455838
2022-03,2245,002587,39,0.23018867924528297,0.3776487769132534,0.6189428344023592
2022-03,2245,605118,44,0.3129957291031117,0.38688288796879244,0.5944305267209772
2022-03,2245,605128,36,0.2744565217391304,0.48620458503497654,0.6317689530685923
2022-03,2245,605133,35,0.29666842940243254,0.45055616475409815,0.5337041007772715
2022-03,2245,002886,43,0.31417350946090683,0.3790073723733564,0.6129483723823348
2022-03,2245,300389,16,0.1463157894736843,0.4448440804804828,0.5721941992433791
2022-03,2245,300928,31,0.2774583963691376,0.32223569553162534,0.5512457336580973
2022-03,2245,600500,115,0.31343283582089554,0.5217744761487347,0.561754207037226
2022-03,2245,000503,16,0.16170212765957448,0.3533395312634035,0.5063347808568743
2022-03,2245,600160,102,0.29804450438300745,0.47730451800212065,0.4919425754117635
2022-03,2245,603011,21,0.202127659574468,0.33066750425829444,0.5098046490918873
2022-03,2245,688597,33,0.3248554913294798,0.3025780135889989,0.5871495463288582
2022-03,2245,300678,36,0.22146739130434778,0.46843082560544813,0.5482933914306463
2022-03,2245,300949,36,0.2764130694013832,0.5447033423519774,0.5485857288682536
2022-03,2245,600816,94,0.2624254473161034,0.36664913929977055,0.5953914993354098
2022-03,2245,300821,92,0.2963131543013199,0.3441869750424298,0.3619220320077753
2022-03,2245,605277,55,0.27393617021276595,0.35245828519766936,0.6299186341203149
2022-03,2245,603031,24,0.17070851165002376,0.4069756641923874,0.5971790890269153
2022-03,2245,002922,64,0.32105263157894737,0.32167587002957504,0.45196123441106356
2022-03,2245,300561,14,0.10739856801909309,0.5499508250109866,0.5860805860805862
2022-03,2245,603192,37,0.2603453893776475,0.2916228582850275,0.5281964656964657
2022-04,2264,600200,185,0.42539682539682533,0.29068700015445564,0.49111926151817353
2022-04,2264,603213,48,0.42441860465116277,0.4313299692995269,0.5806881243063263
2022-04,2264,605507,21,0.37447795823665897,0.511730004788736,0.5750444562481234
2022-04,2264,300047,31,0.3880926130099228,0.43209038938256045,0.5770600224275814
2022-04,2264,300611,66,0.4275303643724696,0.32271326558652325,0.6484439406430341
2022-04,2264,600886,119,0.21734985700667298,0.5347899948187208,0.6383595730549396
2022-04,2264,600888,125,0.34184239733629307,0.35631860236003554,0.45389408239633067
2022-04,2264,600272,16,0.30783758262511807,0.3394028405483954,0.4971455756422455
2022-04,2264,600905,118,0.3667546174142481,0.5121693704541997,0.6324480453422469
2022-04,2264,002573,29,0.30056980056980054,0.4149748640777095,0.6444158760638555
2022-04,2264,300086,13,0.3222477064220184,0.5110769093281531,0.5504898266767148
2022-04,2264,000409,30,0.3565217391304347,0.3167065369566909,0.47643888019474867
2022-04,2264,688767,14,0.30799923997719936,0.5044383466614262,0.6179838190420202
2022-04,2264,000425,240,0.38275340393343416,0.4340739940165899,0.37926851105739096
2022-04,2264,600970,139,0.4104046242774567,0.44958953414960917,0.5626961454896593
2022-04,2264,002063,55,0.41515650741350907,0.38942917792270243,0.642516893763155
2022-04,2264,600983,201,0.430379746835443,0.27567092383631997,0.4571295174361083
2022-04,2264,300675,13,0.2542812662169175,0.527593997962237,0.6314703184379505
2022-04,2264,600990,72,0.420666462855396,0.3814703192016819,0.641927339497672
2022-04,2264,000523,165,0.3571428571428572,0.4832667708329706,0.6446842525979217
2022-04,2264,002642,24,0.3424242424242424,0.3114358529635216,0.6171990171990172
2022-04,2264,603368,23,0.3131435493640219,0.5323156555251458,0.6252199413489733
2022-04,2264,002644,13,0.2997987927565392,0.3131824991550701,0.5064960123488548
2022-04,2264,002646,185,0.4036697247706422,0.41291136912665405,0.5621751081838716
2022-04,2264,002103,20,0.33575317604355714,0.3556985794969299,0.628641370869033
2022-04,2264,300166,29,0.3992217898832685,0.4918232324647539,0.5667060212514758
2022-04,2264,300720,105,0.40816326530612246,0.33762156161190787,0.5965677496672958
2022-04,2264,603393,107,0.36916909620991256,0.4398510887628563,0.48131931194244465
2022-04,2264,300181,23,0.37339901477832516,0.4586280147679801,0.5169455987190728
2022-04,2264,601106,144,0.3812785388127854,0.3194002704080532,0.45789281808239163
2022-04,2264,601107,30,0.1975,0.3098345015614197,0.5924263674614306
2022-04,2264,002676,116,0.41796875,0.4015300041667989,0.6000244409140901
2022-04,2264,000597,19,0.28365384615384626,0.4944643069400453,0.5733641771315265
2022-04,2264,601179,125,0.40969899665551845,0.42124167430281884,0.5656460819927347
2022-04,2264,002701,104,0.4076809453471196,0.4923266052727601,0.648401826484018
2022-04,2264,300218,147,0.43012600229095077,0.3940698703326386,0.49375053000506186
2022-04,2264,300224,59,0.3971050975456262,0.4139902931748076,0.6172234740864112
2022-04,2264,002161,29,0.37300177619893427,0.5394547331567953,0.6454795292791212
2022-04,2264,002721,17,0.3517587939698492,0.32092294804634663,0.6397853258950638
2022-04,2264,300231,26,0.35242290748898675,0.4129064095319638,0.6270212001437301
2022-04,2264,300235,36,0.40785169029443846,0.4762671962061704,0.5665590240401865
2022-04,2264,300250,17,0.3197636244254761,0.340179334271801,0.4556265695797178
2022-04,2264,603611,112,0.4243353783231083,0.4223590462045577,0.5746358104370275
2022-04,2264,600526,214,0.36473755047106327,0.2375092241548888,0.484604106856029
2022-04,2264,600530,20,0.3286290322580645,0.4736677359231097,0.6390607424071995
2022-04,2264,688269,156,0.4229150933218254,0.21226234152755813,0.474820897398299
2022-04,2264,002246,13,0.2943469785575048,0.5431736887130348,0.5922685896678089
2022-04,2264,002253,58,0.4219330855018587,0.4503756332523437,0.6371590324240863
2022-04,2264,603703,51,0.39573732718894006,0.3050973521465465,0.6447112685181188
2022-04,2264,601798,34,0.4225512528473804,0.4423295835828225,0.562765941222224
2022-04,2264,603716,21,0.3384706579727327,0.47374653979244896,0.6372849713295109
2022-04,2264,300872,31,0.4282190429205722,0.43913491151144246,0.6262928758752607
2022-04,2264,002847,68,0.3668463611859839,0.3016888057790746,0.6035542186333779
2022-04,2264,600609,99,0.3857938718662952,0.4997569802451183,0.5643968939543872
2022-04,2264,603803,22,0.3096774193548387,0.3145651314631716,0.6025957972805934
2022-04,2264,688360,106,0.3855619360131255,0.5365633665724057,0.6360674875176487
2022-04,2264,002312,112,0.4257028112449799,0.26004922145390114,0.4048005908419499
2022-04,2264,002873,19,0.4251012145748988,0.38034064281615515,0.4487212210934708
2022-04,2264,300380,33,0.3887744593202884,0.4754601329688461,0.6396950960365229
2022-04,2264,300921,19,0.3502415458937198,0.3668514119438526,0.41533136777336255
2022-04,2264,600655,220,0.403305785123967,0.42630169229993364,0.5938520497665503
2022-04,2264,300398,18,0.33661625043967636,0.3927709461381512,0.5534359146367028
2022-04,2264,300399,44,0.4177304964539006,0.47063758001980927,0.5580737878716487
2022-04,2264,000889,17,0.4055944055944056,0.3599319305406169,0.6256684491978612
2022-04,2264,300942,20,0.36577077540932956,0.4937061297623005,0.5792552154416066
2022-04,2264,603887,12,0.3388671875,0.4465094763755451,0.550496688741722
2022-04,2264,002908,17,0.2786343612334802,0.3210785898650902,0.5686274509803925
2022-04,2264,600668,13,0.2791696492483894,0.374400125116647,0.5278378131563729
2022-04,2264,300412,21,0.40458811261730965,0.312697103648799,0.35815230558023103
2022-04,2264,002348,28,0.31496062992125984,0.39170645415263333,0.5245569620253169
2022-04,2264,002917,29,0.37089201877934275,0.3688413112527898,0.5332609040085101
2022-04,2264,603033,100,0.36308871851040525,0.318788664012864,0.46085552865213875
2022-04,2264,600032,86,0.36231003039513676,0.3402337692694229,0.5533216123847488
2022-04,2264,603918,27,0.35774058577405865,0.37017141145143506,0.5169125127161752
2022-04,2264,600696,165,0.36178660049627787,0.4582977661606149,0.4597618077393263
2022-04,2264,000929,191,0.4273356401384083,0.40918249999478995,0.5249800863234722
2022-04,2264,600704,188,0.37438423645320196,0.49104359459586916,0.48043125092305433
2022-04,2264,002951,22,0.39980353634577603,0.3343496232872061,0.43778845969703345
2022-04,2264,002955,34,0.40175953079178883,0.5426341781994087,0.6391718698652644
2022-04,2264,688501,41,0.41363926067558954,0.3140654662710259,0.6287454403335069
2022-04,2264,600727,133,0.4294871794871795,0.3737833158452829,0.422847479919207
2022-04,2264,603080,124,0.40706319702602234,0.5413269315327849,0.6481450224487728
2022-04,2264,300468,17,0.4207048458149779,0.41940987804345475,0.5955593246472901
2022-04,2264,300479,13,0.33839835728952783,0.4591616687517955,0.5395943988411398
2022-04,2264,605006,144,0.4236016371077763,0.33259775404126696,0.47477697400373214
2022-04,2264,600756,26,0.3328912466843501,0.4009437000676078,0.5969594315458976
2022-04,2264,300501,23,0.4274013402829486,0.4840816698416979,0.5213735749046126
2022-04,2264,001215,87,0.42014547754585707,0.4700351473200562,0.5445396850182923
2022-04,2264,003005,34,0.4234835837506956,0.47791734279033427,0.6212205433995317
2022-04,2264,003017,20,0.35730039700044114,0.3720295485644963,0.5756540971454263
2022-04,2264,600148,38,0.35422826729745716,0.24550773294907258,0.6043756220810043
2022-04,2264,603138,21,0.4162162162162162,0.4821857775626961,0.4365042330511299
2022-04,2264,301066,73,0.4110311750599521,0.465965700100004,0.5805910604020025
2022-04,2264,600163,94,0.403193612774451,0.325741664548848,0.4850259996645204
2022-04,2264,600807,12,0.3165618448637316,0.4514263698957372,0.6398378691372325
2022-04,2264,003042,14,0.3282442748091603,0.4635968300830346,0.5558087682775101
2022-04,2264,301085,22,0.36978898610396294,0.4190723731148882,0.609798956018399
2022-05,2283,600833,16,0.10588235294117654,0.5292938028965333,0.49822776126229174
2022-05,2283,300150,43,0.3519230769230769,0.3725970581942145,0.6116015132408573
2022-05,2283,002494,41,0.2919254658385093,0.3301220846519821,0.6168881607750648
2022-05,2283,300292,30,0.2909090909090909,0.27994059018020057,0.5508790623335108
2022-05,2283,600039,89,0.321273516642547,0.513925813485344,0.6107142857142857
2022-05,2283,002235,31,0.40245775729646693,0.39101059724895365,0.5552796385352441
2022-05,2283,300571,77,0.38264477719646406,0.397791666274968,0.5980512334135627
2022-05,2283,600548,136,0.1874285714285714,0.5399913443485018,0.5749700119952017
2022-05,2283,000928,76,0.3890489913544669,0.5166988901445716,0.6071488625717653
2022-05,2283,002370,33,0.29665071770334916,0.47731718075435087,0.5952294510601218
2022-05,2283,600055,34,0.314690823158724,0.47831473864957197,0.6220256011267221
2022-05,2283,300846,28,0.3163076923076923,0.5315494319711477,0.41303610560367315
2022-05,2283,300579,30,0.286754507628294,0.42737371488276515,0.5938635787338348
2022-05,2283,002104,20,0.1893687707641195,0.4728898903793768,0.45758564437194116
2022-05,2283,300026,38,0.39047619047619053,0.5323719481578297,0.5121990056793052
2022-05,2283,600561,25,0.1955719557195571,0.3479795213321476,0.567537313432836
2022-05,2283,601069,24,0.1673403395311236,0.3760499505840619,0.5133004926108374
2022-05,2283,300586,93,0.3813725490196078,0.4511620542903641,0.6197463768115945
2022-05,2283,300175,38,0.3637992831541219,0.4648528726947897,0.6159436747672044
2022-05,2283,600566,48,0.23588039867109634,0.4968415951035578,0.6252291542038947
2022-05,2283,000761,17,0.06666666666666665,0.4522472979031633,0.44117647058823567
2022-05,2283,600576,28,0.25,0.3292658358968776,0.5904265226299127
2022-05,2283,600235,59,0.32153846153846155,0.32392505227189056,0.60261218155955
2022-05,2283,002530,29,0.2803129074315516,0.31305559693906515,0.3972531935317138
2022-05,2283,000573,24,0.16975308641975317,0.35489015289344483,0.5183116076970826
2022-05,2283,301004,14,0.16403162055335974,0.48120735362972517,0.5789473684210528
2022-05,2283,300330,36,0.333034914950761,0.3923816044556388,0.5667412378821777
2022-05,2283,002537,26,0.2994764397905759,0.4537042318105585,0.5213160333642263
2022-05,2283,300605,45,0.3891828336272781,0.5432395175579584,0.6209977661950855
2022-05,2283,002835,36,0.32491289198606277,0.28861049015336326,0.529466926350718
2022-05,2283,601868,61,0.18773946360153249,0.3420501831542557,0.5811886544555215
2022-05,2283,301169,27,0.29995519713261654,0.40626396870685966,0.45351619242929164
2022-05,2283,300204,29,0.3247450348899624,0.4893752661016361,0.4476978833078245
2022-05,2283,002412,36,0.3270072992700729,0.35991129911434483,0.6063003452243962
2022-05,2283,300485,36,0.3092105263157895,0.45458361149803855,0.5785580607788966
2022-05,2283,600751,18,0.07553956834532372,0.3951214021416963,0.5095293660054458
2022-05,2283,002148,39,0.351170568561873,0.3483271804883035,0.619420559723972
2022-05,2283,600113,18,0.1150684931506849,0.3763167632270251,0.4075951883885075
2022-05,2283,300075,34,0.33515283842794763,0.506170625858634,0.5096488291467837
2022-05,2283,300765,59,0.33121827411167515,0.2931115162480839,0.5782931084617623
2022-05,2283,000620,29,0.3109919571045576,0.506302132450916,0.5483176617197234
2022-05,2283,003002,30,0.30421455938697317,0.41488405046759247,0.566693483507643
2022-05,2283,000825,155,0.3892145369284876,0.5194134919919822,0.42185934682428367
2022-05,2283,300640,64,0.39313984168865446,0.4426654445462369,0.6081603214672096
2022-05,2283,603123,27,0.2729019859064702,0.4827569841174503,0.4565530246637885
2022-05,2283,600129,15,0.1479642502482622,0.38607475822890674,0.5924618681457205
2022-05,2283,002178,32,0.2773851590106008,0.34482404822415674,0.5521907216494845
2022-05,2283,000856,28,0.24742268041237114,0.35745749143201905,0.4483436434063712
2022-05,2283,002735,15,0.07411696583671101,0.4716976996309563,0.5831587767071629
2022-05,2283,002878,51,0.325649828347229,0.5058250750170122,0.5604196986056991
2022-05,2283,300247,41,0.330952380952381,0.3966109674887585,0.5964662190043893
2022-05,2283,600644,134,0.4004796163069544,0.5199151301570762,0.577549892305053
2022-05,2283,002322,79,0.3969543147208121,0.3738791579790193,0.6068529331225099
2022-05,2283,300387,18,0.19727047146401988,0.48426825663361417,0.40627539221201314
2022-05,2283,300389,54,0.3943089430894309,0.46516992711183514,0.5839988790808461
2022-05,2283,003029,34,0.27903091060985796,0.2986225641473902,0.6101510371590495
2022-05,2283,605166,74,0.34390771449170876,0.3081747263426496,0.6018423746161717
2022-05,2283,600157,150,0.27040816326530615,0.543512873473326,0.5072133982615029
2022-05,2283,002197,26,0.3032863849765258,0.3995221650729289,0.4377171215880895
2022-05,2283,600507,17,0.06194690265486724,0.47275543580470564,0.4338703634319972
2022-05,2283,600808,25,0.1670886075949367,0.44270882743136225,0.5531322505800464
2022-05,2283,603616,18,0.1547911547911549,0.5419646742599232,0.4518828451882846
2022-05,2283,002757,45,0.38793694311172033,0.4868732454286816,0.546923160604852
2022-05,2283,603168,42,0.29026036644165853,0.43136208770502565,0.6243785359163382
2022-05,2283,300541,29,0.2651785714285714,0.315946580246204,0.3536890772490849
2022-05,2283,300130,60,0.36786885245901635,0.4805700510760775,0.6210422998986829
2022-05,2283,300546,22,0.1924860853432282,0.48625768263692787,0.4339650829139129
2022-05,2283,600520,40,0.3558823529411764,0.45939500337638933,0.6067509763808812
2022-05,2283,688611,97,0.38102583879676044,0.523554857173923,0.5802024559820779
2022-05,2283,600996,15,0.11053984575835485,0.4634529389268937,0.4678687008784096
2022-05,2283,002354,39,0.37435897435897425,0.43018255879958506,0.6009392393320963
2022-05,2283,603029,18,0.20098846787479419,0.42652926975148975,0.5209218051072987
2022-05,2283,002774,28,0.2286501377410468,0.33886488900080747,0.6039213268388922
2022-05,2283,300560,26,0.27835683629675045,0.4683149788658443,0.525548721835194
2022-05,2283,600355,41,0.3612565445026178,0.4331440206094885,0.5413711583924352
2022-05,2283,603912,16,0.11341463414634145,0.3816742341129034,0.49666155866900163
2022-06,2304,600196,26,0.11223318797337622,0.5221324230964624,0.46177511758847484
2022-06,2304,300564,35,0.18424855491329484,0.516441452376781,0.5029311400822468
2022-06,2304,600838,15,0.13168187744458926,0.42986461001341003,0.3253481894150417
2022-06,2304,300022,61,0.32305194805194803,0.46128980685658627,0.5831157528285469
2022-06,2304,600853,19,0.14525139664804465,0.31160994293081856,0.3912466843501331
2022-06,2304,301136,31,0.2091097308488612,0.43803180681939524,0.3743100139773993
2022-06,2304,600865,23,0.09073724007561446,0.5380381601747198,0.28462168193695236
2022-06,2304,300039,32,0.2611637347767253,0.36606921384781604,0.36851110537190085
2022-06,2304,300603,29,0.18536585365853664,0.5127730772006144,0.47878447882642233
2022-06,2304,300049,22,0.1228844738778514,0.5499146235606973,0.4082818140326128
2022-06,2304,301158,39,0.21098901098901102,0.46563000263593746,0.36997126436781613
2022-06,2304,600249,21,0.125673249551167,0.4073509721997975,0.44869323876339556
2022-06,2304,600250,43,0.23529411764705888,0.4880445416232452,0.5186573286470527
2022-06,2304,000061,15,0.08426073131955492,0.4626991281723046,0.4206730769230767
2022-06,2304,301167,35,0.21104608632040966,0.4692913448149819,0.4776793138675727
2022-06,2304,002550,16,0.09426987060998149,0.48872169020555095,0.559322033898305
2022-06,2304,600279,24,0.10023310023310028,0.5296709367649562,0.5222734254992326
2022-06,2304,300086,32,0.17397260273972592,0.343409378614768,0.32043965859468054
2022-06,2304,002037,41,0.20881226053639845,0.5120449419351679,0.42782328149317816
2022-06,2304,300645,88,0.3125707814269535,0.5365244322282576,0.5108818678653431
2022-06,2304,301201,33,0.19810750956311662,0.359493586237009,0.2922810893894998
2022-06,2304,300649,30,0.22214484679665736,0.45443794413764604,0.40560227991665065
2022-06,2304,002589,21,0.10688836104513066,0.5028328444140808,0.4533057462616382
2022-06,2304,002051,18,0.13580246913580252,0.38519662811485467,0.4466600199401796
2022-06,2304,300111,63,0.2893258426966293,0.3213959548189612,0.5341640583476053
2022-06,2304,002053,16,0.1283538796229151,0.5293688576520696,0.42303172737955436
2022-06,2304,600322,22,0.1271929824561403,0.3441628879214683,0.3579230381448497
2022-06,2304,600982,24,0.12815533980582527,0.3317639630074421,0.44434445131897204
2022-06,2304,300675,53,0.2542812662169175,0.4947738006610092,0.5138455851628043
2022-06,2304,000520,48,0.22340425531914887,0.4053440898717599,0.5831099195710455
2022-06,2304,002621,37,0.19911504424778748,0.530961388685355,0.4403764787151369
2022-06,2304,300158,23,0.1120448179271708,0.37444151183754815,0.36707978137160113
2022-06,2304,000548,17,0.07877461706783373,0.4818792181524334,0.35548032162505244
2022-06,2304,002099,24,0.08379888268156432,0.43145946005029817,0.5176630434782608
2022-06,2304,600371,14,0.11944646758922073,0.4971816763769899,0.42780900875257954
2022-06,2304,688136,27,0.21469784391132707,0.502981646931788,0.5134963635476155
2022-06,2304,300732,39,0.24451665312753856,0.521163697492235,0.504220533385681
2022-06,2304,000582,14,0.09706257982120048,0.5291785170701518,0.3707017053396702
2022-06,2304,002133,30,0.1964285714285714,0.4259028218761141,0.3911669154447274
2022-06,2304,300199,30,0.2525125628140703,0.4054861458283947,0.4225757167250831
2022-06,2304,600421,82,0.3440486533449175,0.1972492923768238,0.5256510078726534
2022-06,2304,002693,16,0.09189189189189184,0.5574809818408688,0.45383165829145744
2022-06,2304,600448,13,0.1561771561771561,0.5474006917818361,0.458053691275167
2022-06,2304,002162,29,0.21013133208255164,0.41263786956553994,0.4199857093709476
2022-06,2304,603569,20,0.20108108108108114,0.4540413983471251,0.48063241106719373
2022-06,2304,300240,20,0.1387614678899084,0.48248974794164334,0.4360867558837103
2022-06,2304,002737,15,0.10093056549749468,0.51594173752191,0.4784330068764327
2022-06,2304,688221,33,0.22394043528064145,0.3674835395316693,0.4526773769780528
2022-06,2304,300249,28,0.21490467937608304,0.44814429151838986,0.32521483169539
2022-06,2304,300254,32,0.15707434052757785,0.23744925069486106,0.31807073030477295
2022-06,2304,601368,18,0.06890756302521006,0.526486643789729,0.41609907120743084
2022-06,2304,600510,29,0.19727891156462585,0.33020987902558624,0.3474716728039572
2022-06,2304,600512,41,0.1792717086834733,0.5116590984812668,0.5187220886293367
2022-06,2304,603648,18,0.1081382385730213,0.40321759972608706,0.3529510395707575
2022-06,2304,000715,17,0.08510638297872342,0.4431921792679614,0.4331550802139034
2022-06,2304,600533,17,0.09243697478991586,0.3793561391677122,0.4164429787560398
2022-06,2304,002788,33,0.11740331491712719,0.49296613829576663,0.5793902607256175
2022-06,2304,002800,24,0.1394585726004921,0.3408630715300341,0.36793413681887605
2022-06,2304,002246,23,0.15827338129496415,0.5064996558550331,0.4464205783175673
2022-06,2304,000759,19,0.09176029962546817,0.4204053162697965,0.4965784099458989
2022-06,2304,601789,29,0.2016129032258065,0.44975165303663917,0.37313432835820903
2022-06,2304,603716,26,0.22452830188679251,0.5530998434626423,0.5010069834959326
2022-06,2304,000788,23,0.11616161616161613,0.3723855685374601,0.33545390679884474
2022-06,2304,002830,48,0.2527743526510481,0.4148490583128041,0.5345684953480909
2022-06,2304,300878,33,0.12933496532027755,0.39704174472507003,0.4267083587553384
2022-06,2304,600602,29,0.14765100671140952,0.36745645875100463,0.4635606542024817
2022-06,2304,000815,25,0.20910623946037088,0.48133390329336967,0.4422126324048643
2022-06,2304,600613,28,0.1366782006920415,0.40123232436593753,0.44161676646706605
2022-06,2304,600628,18,0.11264080100125162,0.3347492048266997,0.3517607711981112
2022-06,2304,600629,20,0.11175337186897882,0.5117198786327469,0.5750030814741778
2022-06,2304,603811,46,0.3465577596266045,0.49255945445809673,0.5672601384767556
2022-06,2304,002314,17,0.12903225806451613,0.45827147863307327,0.5032709899834416
2022-06,2304,600638,22,0.1385135135135136,0.47898069774746044,0.47811447811447794
2022-06,2304,002317,13,0.11118508655126502,0.44758159202978204,0.49717028440432715
2022-06,2304,600649,21,0.11627906976744184,0.5092780241883091,0.4605911330049264
2022-06,2304,002336,27,0.2369230769230769,0.44104426709639716,0.5548226326590441
2022-06,2304,600007,17,0.11513157894736847,0.4206593529641819,0.4740872458198297
2022-06,2304,600665,29,0.13597733711048154,0.5009476913049277,0.414992503748126
2022-06,2304,688399,23,0.13552469678326595,0.5451119409767645,0.493548409763227
2022-06,2304,600675,27,0.17867435158501443,0.3886078856040542,0.39770968740328044
2022-06,2304,002349,15,0.14196762141967623,0.5313301484280774,0.5184633393636268
2022-06,2304,600051,43,0.17816091954022995,0.5032408344189083,0.48347847789850906
2022-06,2304,300436,28,0.1444388525415199,0.24485102398094513,0.29520750988142297
2022-06,2304,600697,23,0.09355828220858886,0.2784816108257772,0.3465422276621786
2022-06,2304,600056,15,0.16645326504481428,0.5077138263612263,0.3971195594620355
2022-06,2304,002941,17,0.13385315139701104,0.3585376751712005,0.39299340312364933
2022-06,2304,600708,29,0.16961130742049468,0.4043877425261907,0.3542749173358528
2022-06,2304,000950,57,0.256637168141593,0.5029586992453982,0.5571023426270059
2022-06,2304,002949,80,0.3571428571428572,0.5349648013953952,0.5638539042821158
2022-06,2304,000953,25,0.20027816411682897,0.40156127929245383,0.5293497363796135
2022-06,2304,603969,48,0.2452431289640593,0.34439759074172843,0.5623608017817374
2022-06,2304,600077,14,0.13519813519813517,0.414561442514129,0.3978013260044198
2022-06,2304,600724,20,0.0992366412213741,0.31985042793489404,0.4055666003976144
2022-06,2304,600083,23,0.14035087719298245,0.44581945968443754,0.581872435658336
2022-06,2304,600736,17,0.07794676806083656,0.31108565726964027,0.31347217934408333
2022-06,2304,002980,61,0.3359893758300133,0.528782435467021,0.5890142069951582
2022-06,2304,600743,41,0.136986301369863,0.4957463844867252,0.436717205009888
2022-06,2304,300482,24,0.10743380855397144,0.34830948464235334,0.3601264926605939
2022-06,2304,301027,16,0.20222701149425282,0.4387731585517384,0.485048328634716
2022-06,2304,001205,13,0.12555391432791718,0.5363504049914831,0.5259404367490268
2022-06,2304,300497,28,0.24137931034482762,0.4773904497670078,0.48037061603515435
2022-06,2304,002432,14,0.1598996707947954,0.5167978994698479,0.43992699351752773
2022-06,2304,002435,26,0.14962121212121215,0.3514400565757045,0.3071422022554323
2022-06,2304,003007,28,0.20960502692998206,0.44382500413000503,0.36472241742796935
2022-06,2304,002437,62,0.30153846153846153,0.4057937166447593,0.5198667618367833
2022-06,2304,605116,33,0.16119528619528622,0.2330893399312565,0.49356762136870613
2022-06,2304,301058,15,0.10606060606060608,0.49991799969821954,0.4761350407450527
2022-06,2304,301060,15,0.11631205673758871,0.3924708819503476,0.40148631502628285
2022-06,2304,600791,17,0.13291139240506322,0.317624616550841,0.35203851361516453
2022-06,2304,600798,42,0.18329466357308577,0.5278268967929508,0.534487373962702
2022-06,2304,603176,37,0.2038327526132404,0.4042040386226172,0.2789659661521292
2022-06,2304,301089,23,0.2581815738189638,0.5505767122331844,0.40145581887555365
2022-06,2304,688606,24,0.10932044050496914,0.4173188829086694,0.3279879565388141
2022-06,2304,600824,34,0.15035799522673032,0.5070708586491766,0.5568684741975681
2022-06,2304,002486,24,0.11589403973509937,0.4757670280302184,0.451167728237792
2022-06,2304,600190,23,0.1348314606741573,0.4003025160232244,0.3300504443910642
2022-06,2304,001317,34,0.25273352077475775,0.5404067105282465,0.42191531340112315
2022-07,2325,600199,22,0.13001383125864463,0.36432908857424234,0.407983563252128
2022-07,2325,301113,28,0.18733307897748952,0.48290737155868496,0.550365387809334
2022-07,2325,301116,45,0.25076990761108664,0.44225933252647237,0.3592791796521562
2022-07,2325,000014,31,0.1668508287292818,0.45287448651971385,0.4661354581673309
2022-07,2325,000019,31,0.15116279069767435,0.268262373133282,0.3206692227256883
2022-07,2325,002489,28,0.20432692307692313,0.48448509634661485,0.5257186081694399
2022-07,2325,600858,38,0.11573236889692595,0.5424973861113135,0.4231381373140879
2022-07,2325,600860,42,0.1661661661661662,0.5267138197123445,0.5104160484301737
2022-07,2325,000031,60,0.1858823529411765,0.5535146325375452,0.5464135021097046
2022-07,2325,000036,31,0.10981308411214952,0.4211895913663388,0.4911504424778762
2022-07,2325,605598,21,0.13666421748714175,0.4652538082288599,0.5420446324225057
2022-07,2325,002545,48,0.17511961722488045,0.4977105717812192,0.4700557103064065
2022-07,2325,600892,30,0.18876404494382026,0.526704568771941,0.5669481302774423
2022-07,2325,603266,22,0.1321727917472597,0.4787545401877564,0.5447115384615383
2022-07,2325,002561,17,0.07326732673267333,0.2951970105520507,0.2922406075832396
2022-07,2325,002020,47,0.11046511627906974,0.5155880635076121,0.5386563188529709
2022-07,2325,300636,34,0.20818915801614757,0.5288349016543222,0.3889997632175354
2022-07,2325,000402,49,0.1677215189873419,0.5303249644998255,0.4657651373669641
2022-07,2325,600284,35,0.14144271570014144,0.4968514144958043,0.4157836310424864
2022-07,2325,600936,28,0.20671834625323005,0.4507570393460469,0.5165692007797272
2022-07,2325,600939,57,0.2533081285444234,0.44861398589377166,0.4090692880925954
2022-07,2325,603316,54,0.2320441988950277,0.5350191633865972,0.45614035087719307
2022-07,2325,000505,29,0.13674321503131526,0.19678983126555052,0.2923352680095596
2022-07,2325,600981,68,0.3068493150684932,0.46476877856732346,0.5658290317091156
2022-07,2325,000514,28,0.1800766283524904,0.3397347347638713,0.39846517119244385
2022-07,2325,002613,31,0.19939577039274925,0.4524569941790391,0.4633152173913043
2022-07,2325,000517,29,0.18450184501845024,0.326660642819625,0.3771016813450759
2022-07,2325,002629,46,0.232394366197183,0.5036460480002882,0.50815069947392
2022-07,2325,600354,25,0.18046132971506101,0.32336151157216525,0.4130510239500172
2022-07,2325,601007,18,0.1707841031149303,0.36755414796061653,0.3742562855863344
2022-07,2325,600359,29,0.12837108953613807,0.2731593111684598,0.3677787729511865
2022-07,2325,002103,57,0.2617328519855596,0.5227570765868734,0.4998411521762153
2022-07,2325,002116,37,0.3110647181628393,0.5608049056587214,0.44998811127843363
2022-07,2325,600396,46,0.18207282913165268,0.5587301173554275,0.531465292653274
2022-07,2325,600397,33,0.2172839506172839,0.46078040075358456,0.48398576512455505
2022-07,2325,002127,31,0.1724137931034483,0.41601390939610194,0.4960344929886669
2022-07,2325,000608,75,0.30729166666666663,0.5429793424078554,0.4167391178345794
2022-07,2325,002702,40,0.13258785942492013,0.5405625900487673,0.5750728862973762
2022-07,2325,002163,19,0.11994322214336406,0.2829162446197901,0.41828958509737496
2022-07,2325,600470,30,0.22065217391304348,0.5369759767401245,0.5606060606060602
2022-07,2325,002725,26,0.17667536988685806,0.5287281178215992,0.5768205899871466
2022-07,2325,000665,27,0.2117516629711751,0.3290873501311137,0.4237843285462334
2022-07,2325,002183,16,0.12034383954154737,0.3641916530246171,0.5070028011204482
2022-07,2325,002187,31,0.19277108433734946,0.5517993170744353,0.4544200626959243
2022-07,2325,600502,13,0.24105754276827374,0.5047402997062084,0.3456162642947903
2022-07,2325,300261,54,0.29363336992316136,0.47530367032173654,0.22112018669778302
2022-07,2325,600507,59,0.1316165951359084,0.5178614527210655,0.39188167980136035
2022-07,2325,600511,55,0.17316636851520573,0.5104478640709423,0.45069208538254807
2022-07,2325,002758,53,0.23240469208211145,0.4899127159243562,0.4609899782024313
2022-07,2325,002205,20,0.2680635838150288,0.3066577236840153,0.40396978585649795
2022-07,2325,000705,80,0.28094725511302476,0.49379926836253374,0.5469097964853484
2022-07,2325,601588,76,0.30743243243243246,0.5437803694751355,0.5529708420641402
2022-07,2325,601579,15,0.06244424620874234,0.33935510246775785,0.3544004725339635
2022-07,2325,000713,42,0.22344322344322343,0.48224005945778625,0.39726027397260283
2022-07,2325,000719,78,0.2474674384949349,0.5113922197183636,0.48341441839893845
2022-07,2325,000736,21,0.22896634615384615,0.515931946795802,0.4595776899133508
2022-07,2325,603696,21,0.17048853439680944,0.2959556165224627,0.400163117115458
2022-07,2325,002251,27,0.15650969529085867,0.4100643634887136,0.35786881960548533
2022-07,2325,000761,30,0.1516709511568124,0.4120006243477395,0.5608755129958961
2022-07,2325,600575,46,0.1257668711656441,0.3893794578992205,0.29143897996356966
2022-07,2325,000779,38,0.1539792387543254,0.45473235880024165,0.38825550523192254
2022-07,2325,000797,28,0.16426512968299722,0.33726110640621865,0.3932178932178933
2022-07,2325,600598,40,0.1655027932960894,0.42992458722325094,0.3480839899290304
2022-07,2325,603767,23,0.15919811320754718,0.4460723700688736,0.5377038591958663
2022-07,2325,601933,35,0.20276497695852536,0.5463153509047399,0.4715789473684208
2022-07,2325,002864,29,0.21250758955676974,0.551889986605754,0.41730868002054455
2022-07,2325,600622,31,0.14905149051490507,0.33322797522691705,0.4040087691825869
2022-07,2325,601952,30,0.15194610778443107,0.39137210961335167,0.4248430977195926
2022-07,2325,603815,38,0.2196118488253319,0.4393236214226747,0.41374362244897966
2022-07,2325,600650,20,0.17069243156199676,0.37799878054494546,0.46388862935625547
2022-07,2325,000886,32,0.13025210084033612,0.5312422369469402,0.3614864864864869
2022-07,2325,000897,71,0.29617834394904463,0.5599848645598547,0.5206055024749625
2022-07,2325,002910,66,0.22813990461049283,0.46832766645214857,0.5739121721486011
2022-07,2325,002923,29,0.11389337641357022,0.5014712570217175,0.37947346770876184
2022-07,2325,002365,16,0.09685230024213087,0.47270528667715317,0.38263334192218573
2022-07,2325,000926,32,0.12103746397694537,0.48082287520304395,0.38489736070381236
2022-07,2325,600693,26,0.15742793791574283,0.3382238027662037,0.3900144168753322
2022-07,2325,600698,37,0.15921288014311263,0.4622092514077837,0.554778554778555
2022-07,2325,600064,30,0.1364365971107545,0.5319759155446847,0.5536912751677859
2022-07,2325,600712,41,0.19444444444444442,0.4062125957324773,0.4130581867388365
2022-07,2325,600067,31,0.134453781512605,0.36053255698309633,0.47426742181728654
2022-07,2325,000965,27,0.19275123558484342,0.3635860845656305,0.4161573831558118
2022-07,2325,600725,21,0.18354430379746833,0.4969602188262326,0.442192538000921
2022-07,2325,000968,14,0.1298828125,0.3539779461282837,0.4759905221798986
2022-07,2325,600738,19,0.17251051893408131,0.548654342383036,0.5182108861038628
2022-07,2325,000985,25,0.1046650717703348,0.3544083609285515,0.4270626052349612
2022-07,2325,603999,74,0.265993265993266,0.3997140128987487,0.561680572109654
2022-07,2325,600108,35,0.18546365914786966,0.42350444175309326,0.4052080798247755
2022-07,2325,002419,41,0.18614718614718617,0.4715157120225981,0.5258002989844835
2022-07,2325,600757,78,0.24949698189134806,0.49489875923843907,0.5242677232206031
2022-07,2325,600758,30,0.1443965517241378,0.43249351780832074,0.5264601041952287
2022-07,2325,600770,30,0.1626637554585153,0.43480943524422794,0.4221680262383314
2022-07,2325,600126,71,0.20075046904315197,0.517579866814769,0.5747001327905605
2022-07,2325,600127,39,0.2009803921568627,0.47738353632876945,0.38012489818083045
2022-07,2325,001219,31,0.15306122448979598,0.5455270327942316,0.5133970395353197
2022-07,2325,603122,44,0.23441734417344162,0.4266116563787437,0.39242547006690787
2022-07,2325,002443,26,0.17386091127098324,0.3998162896097247,0.511004784688995
2022-07,2325,600785,32,0.13028571428571423,0.2700168136966334,0.3608141447368418
2022-07,2325,603136,20,0.21603563474387533,0.5176881457187112,0.4905374716124145
2022-07,2325,600792,44,0.21244635193133055,0.4645537326294253,0.4244170814776004
2022-07,2325,002457,39,0.18308457711442783,0.5471880486667322,0.39461122308263474
2022-07,2325,600159,69,0.29599999999999993,0.5029510339908648,0.5371716541051601
2022-07,2325,003037,28,0.16262705238467545,0.47842936074850007,0.5303788796964749
2022-07,2325,600814,60,0.162406015037594,0.507142063976009,0.5025079799361603
2022-07,2325,001313,46,0.19581464872944698,0.31412563422781337,0.20005491703604933
2022-07,2325,600822,41,0.1812499999999999,0.49449187539718403,0.5072212192751003
2022-07,2325,603183,49,0.26205787781350487,0.42888771850096796,0.42120853080568704
2022-07,2325,600827,21,0.15973920130399344,0.428004015584371,0.4551804423748544
2022-07,2325,600828,61,0.1091954022988505,0.5239351851170196,0.4937021330463953
2022-07,2325,600830,65,0.27760252365930593,0.4754132160503505,0.5559625559625561
2022-07,2325,600831,68,0.28270042194092837,0.4782457739505934,0.5242082271568983
2022-08,2348,002492,59,0.2376681614349777,0.531120135763441,0.4941345728198319
2022-08,2348,000002,55,0.22234273318872022,0.566019463734796,0.5597169970239767
2022-08,2348,600196,70,0.25149700598802394,0.5609388183369572,0.5419634845349495
2022-08,2348,600358,64,0.2754010695187167,0.4218760976630779,0.5384141025368405
2022-08,2348,000722,28,0.2221581073283323,0.3850598239517653,0.4531560870966666
2022-08,2348,605337,42,0.23230686115613186,0.4750490908674646,0.5394663702056698
2022-08,2348,300013,40,0.265,0.3965222361501711,0.47467998047974785
2022-08,2348,000008,113,0.27177700348432066,0.40366913427950957,0.545536014338524
2022-08,2348,000011,51,0.2458745874587458,0.4106499117907254,0.4169198978971679
2022-08,2348,600689,40,0.2641165755919854,0.4346723915631734,0.5159772789830595
2022-08,2348,603919,43,0.20012586532410315,0.5628018356201311,0.5894821320509874
2022-08,2348,000550,20,0.21936640765092652,0.43919982617483777,0.42897654034544935
2022-08,2348,000932,84,0.21702127659574466,0.49105536557651325,0.49427108727450014
2022-08,2348,601669,124,0.2134387351778656,0.5341770750158411,0.5889976958525343
2022-08,2348,603056,63,0.09770114942528729,0.30412913694358285,0.06027996500437406
2022-08,2348,601696,58,0.2682458386683738,0.5431810565244809,0.589101953851036
2022-08,2348,002110,92,0.2580174927113703,0.4779889443557794,0.5287231949636041
2022-08,2348,600714,94,0.2703651685393258,0.46614663060770706,0.5811990308871147
2022-08,2348,601086,83,0.1376623376623377,0.5070433924143259,0.41912330171750833
2022-08,2348,000756,25,0.24195804195804183,0.3146894953059093,0.3383502208031311
2022-08,2348,603963,24,0.19066820276497687,0.34378451976375096,0.5551242236024843
2022-08,2348,600572,80,0.18535469107551483,0.540007417845434,0.4899380804953559
2022-08,2348,603222,75,0.20033388981636058,0.5014475271664548,0.4368834882058615
2022-08,2348,603967,64,0.14666666666666672,0.5492288891239264,0.47914520792742693
2022-08,2348,002959,37,0.2217713479181369,0.5506358089613703,0.5902842196306739
2022-08,2348,000766,72,0.20938628158844763,0.40499553043022396,0.5813373253493013
2022-08,2348,000042,51,0.1697722567287785,0.38355783369319796,0.5878062450574674
2022-08,2348,000778,99,0.2627291242362525,0.5407700594774697,0.556835637480799
2022-08,2348,601116,42,0.1593908629441625,0.3085245666537133,0.46265697290152014
2022-08,2348,301010,57,0.2688330871491875,0.5180612470503319,0.5769337071109882
2022-08,2348,300284,76,0.21496598639455788,0.5680694576190172,0.553427144802542
2022-08,2348,603998,67,0.16420361247947457,0.5143786581699769,0.47989924287389435
2022-08,2348,600748,84,0.22029702970297027,0.5031921032133897,0.5112983531214097
2022-08,2348,600604,64,0.202572347266881,0.5123407214069404,0.5107290417166468
2022-08,2348,600755,58,0.14918032786885238,0.4967409774949831,0.5163853028798405
2022-08,2348,000151,15,0.1642441860465116,0.4478478835665334,0.5653888625966241
2022-08,2348,600448,57,0.2389791183294664,0.41392647041515573,0.48244708311822404
2022-08,2348,605033,37,0.28083785880527545,0.5628015537245306,0.49172389505194564
2022-08,2348,600278,61,0.2589182968929804,0.5632076632196599,0.4480810442236508
2022-08,2348,603538,60,0.2425373134328359,0.45514259615672814,0.3152755007484496
2022-08,2348,301038,62,0.27483640690065436,0.5449786325853934,0.4832063928080911
2022-08,2348,300635,50,0.24973147153598285,0.5197028280781277,0.5703735242271465
2022-08,2348,600283,45,0.20947867298578204,0.5712387170155404,0.4206224053036397
2022-08,2348,000833,40,0.28074534161490694,0.45683761328138317,0.4306770857704367
2022-08,2348,002038,77,0.20867959372114497,0.5637165336059912,0.5098567179765442
2022-08,2348,601000,85,0.11790393013100442,0.5776145733880274,0.5677096370463082
2022-08,2348,000417,64,0.15502183406113534,0.5186883485784085,0.47362571599555425
2022-08,2348,600684,89,0.26277372262773735,0.45555996828993744,0.528139936438027
2022-08,2348,000419,89,0.272552783109405,0.4415859675386222,0.5450155656345724
2022-08,2348,002596,75,0.27872860635696817,0.4765678662384678,0.4338983050847458
2022-08,2348,600686,19,0.1743375174337517,0.3456670874351974,0.434080355340198
2022-08,2348,002603,76,0.27674418604651163,0.4711774407035434,0.3678724343148832
2022-08,2348,600653,43,0.2438162544169611,0.4228449074814997,0.4061486391200113
2022-08,2348,002059,44,0.2534562211981566,0.4745875117609497,0.5555002488800398
2022-08,2348,002060,36,0.20707070707070707,0.29315003329537137,0.4448172299034066
2022-08,2348,000680,35,0.24956369982548,0.49326653346194077,0.5549492524282447
2022-08,2348,002062,30,0.21804511278195493,0.36234808846021305,0.4862878145320897
2022-08,2348,600508,34,0.23567393058918484,0.467091543355939,0.5702052112161243
2022-08,2348,002462,96,0.21252638986629147,0.4299221411227676,0.5652235065466445
2022-08,2348,600162,83,0.20526315789473681,0.531489596384824,0.4763339070567985
2022-08,2348,601607,77,0.21499737808075514,0.5688414845883948,0.3615528856170568
2022-08,2348,600018,59,0.16917293233082709,0.5190723972927584,0.4970533144501801
2022-08,2348,000701,70,0.183941605839416,0.5477841529900284,0.5358707040173127
2022-08,2348,300550,24,0.18228404099560758,0.37256467663704135,0.5257731958762887
2022-08,2348,002481,59,0.23603793466807166,0.5142165299477416,0.48145359978100194
2022-08,2348,600185,50,0.2527932960893855,0.43086368069476744,0.45795306388526735
2022-08,2348,000529,50,0.17069486404833834,0.5163940719804755,0.5043478260869566
2022-08,2348,002774,93,0.2432432432432433,0.385938675940412,0.5663608392387264
2022-08,2348,002775,71,0.2133891213389122,0.567457097173555,0.4627510806000508
2022-08,2348,603906,38,0.21891464699683882,0.4820874529252919,0.5913177498073467
2022-08,2348,000715,61,0.2730923694779117,0.5024257636265412,0.474478390461997
2022-08,2348,601006,85,0.0850661625708885,0.5388648040380318,0.47058823529411764
2022-08,2348,603357,44,0.2167042889390518,0.38540722190024357,0.48112261944537227
2022-09,2369,603663,25,0.20024570024570032,0.3756441698916055,0.5409376865500297
2022-09,2369,300969,24,0.2720862712567399,0.43651028073580633,0.5836270909532467
2022-09,2369,600037,82,0.2666666666666667,0.4803456036814035,0.5752082312591865
2022-09,2369,601633,41,0.22514970059880235,0.46442742144018845,0.5620647021661698
2022-09,2369,002369,17,0.2048417132216016,0.3720905033615019,0.5255102040816332
2022-09,2369,002502,16,0.1945945945945946,0.2671112543705861,0.5973756906077342
2022-09,2369,600699,27,0.29180695847362514,0.464200285650464,0.5529706513958479
2022-09,2369,600847,19,0.1502946954813359,0.3252921992387738,0.5162972620599736
2022-09,2369,002940,85,0.2477832512315271,0.5418874280647499,0.5732761886208428
2022-09,2369,600557,71,0.24057217165149547,0.49649262971123415,0.5777636997149193
2022-09,2369,600854,69,0.29983249581239535,0.49668563506466856,0.5076695830019315
2022-09,2369,000025,30,0.2511170688114387,0.386048829900885,0.5251431311165636
2022-09,2369,002953,18,0.2596153846153846,0.3523645485261051,0.41190316072629457
2022-09,2369,600720,66,0.18134715025906734,0.32919272347700373,0.27980014275517506
2022-09,2369,601788,21,0.19601542416452444,0.3655093396825102,0.5181755901098214
2022-09,2369,300731,15,0.30000000000000004,0.32744512140201537,0.5478112495883932
2022-09,2369,603416,16,0.2172347575612097,0.48550912010208463,0.5961228787315745
2022-09,2369,002400,101,0.28519195612431436,0.5201467885968672,0.5989534314648196
2022-09,2369,600408,74,0.2198952879581152,0.4190554050619909,0.5290215588723045
2022-09,2369,002540,41,0.27956989247311836,0.5365527457303735,0.5820676139147484
2022-09,2369,300337,15,0.2827225130890052,0.45251994171312904,0.5259683098591551
2022-09,2369,000597,124,0.3044871794871795,0.340572990874497,0.4091453306317922
2022-09,2369,600422,80,0.18292682926829262,0.38454617998695645,0.5159223044397466
2022-09,2369,002838,22,0.20865800865800865,0.3026273233753244,0.5521701280935204
2022-09,2369,603758,13,0.14591194968553456,0.2716140894233615,0.5273105273105275
2022-09,2369,600101,46,0.3052631578947369,0.36004930236395083,0.5267229254571028
2022-09,2369,002145,39,0.28081457663451237,0.45649022092896535,0.5870669445168013
2022-09,2369,603767,67,0.24748040313549835,0.35797683011955944,0.5758113999677054
2022-09,2369,000995,62,0.2702702702702703,0.32574925168187924,0.5911296418208861
2022-09,2369,002996,24,0.2187028657616893,0.40532434765998415,0.5708987551488803
2022-09,2369,603530,15,0.22028423772609818,0.22724511012023615,0.43207855973813397
2022-09,2369,600616,65,0.26973684210526316,0.5051797170488291,0.593455727931712
2022-09,2369,000625,22,0.20639332870048643,0.5124742508437025,0.48864606453815945
2022-09,2369,002160,34,0.2904290429042904,0.3339346764591036,0.4882352941176471
2022-09,2369,600618,79,0.25747508305647837,0.4830527363830164,0.5827180035530556
2022-09,2369,002573,134,0.30056980056980054,0.45107662940493404,0.5420044656378323
2022-09,2369,000630,110,0.3049853372434017,0.5521675883076167,0.48762698619432165
2022-09,2369,002164,30,0.30268199233716475,0.3871071146015865,0.5827149716281095
2022-09,2369,600467,112,0.2978723404255319,0.5481683213336344,0.5276705276705279
2022-09,2369,002437,127,0.30153846153846153,0.3557314218730746,0.48584744390261453
2022-09,2369,301199,30,0.24536585365853658,0.5006919091745752,0.5903179444035475
2022-09,2369,603299,56,0.2874794069192751,0.4752847260164054,0.5098122414341785
2022-09,2369,603815,82,0.29111338100102135,0.35065048254048964,0.4192243303571428
2022-09,2369,600789,98,0.20992907801418437,0.5392746526840949,0.5371582595302271
2022-09,2369,002454,15,0.1748251748251748,0.3332602334595503,0.5607991732690321
2022-09,2369,003028,14,0.14686248331108154,0.29310473573697676,0.4242156429518337
2022-09,2369,300660,15,0.20463032113517554,0.4230980001595551,0.4032258064516128
2022-09,2369,300111,128,0.2893258426966293,0.2812628107439627,0.501573564122738
2022-09,2369,603319,26,0.30084151472650766,0.25904874357767,0.4769999999999999
2022-09,2369,002892,15,0.2012195121951219,0.3043219170400912,0.48797017960013545
2022-09,2369,300802,16,0.22026232473993668,0.2215963907621826,0.4441533698499647
2022-09,2369,603159,84,0.27679118187385165,0.5549582060292966,0.5769852703378121
2022-09,2369,600159,113,0.29599999999999993,0.40806210008222504,0.5206866673887145
2022-09,2369,600831,112,0.2953586497890296,0.37294839746963,0.45325392676107573
2022-09,2369,002201,30,0.21511273613650206,0.4406732701186499,0.59013559013559
2022-09,2369,603015,13,0.15494791666666663,0.27618857551615944,0.5061824501692704
2022-09,2369,300131,17,0.2348367029548989,0.4084020035825874,0.5338851526125192
2022-09,2369,002617,21,0.26143292682926833,0.39035129440862115,0.5916219119226638
2022-09,2369,600335,38,0.2898989898989899,0.23718429548953937,0.4801143129316504
2022-09,2369,002073,19,0.20281690140845066,0.3586820317051042,0.5718642775447962
2022-09,2369,002766,41,0.29895366218236175,0.31745472601701613,0.2966996699669954
2022-09,2369,688607,16,0.2507363770250368,0.4756248682306422,0.5877776973731819
2022-09,2369,002623,14,0.18160307601301395,0.4200036442601213,0.5782955676660649
2022-09,2369,600676,110,0.23717948717948711,0.4517793369741892,0.5797963279565898
2022-09,2369,603029,104,0.28518791451731773,0.37153453685690646,0.4000339731612027
2022-09,2369,603656,37,0.29814459373000635,0.49761585132083663,0.5623829395721749
2022-09,2369,000533,22,0.2269807280513919,0.33106664147531023,0.5358375914928875
2022-09,2369,603191,16,0.22626516102049354,0.2676275612510973,0.5921603273505073
2022-09,2369,601007,62,0.2878625134264232,0.3927299280070742,0.5068359632254156
2022-10,2385,600833,118,0.2825150732127476,0.523076069634751,0.5352180367199341
2022-10,2385,600538,115,0.29401993355481726,0.5264500915217339,0.5372555358008727
2022-10,2385,002090,19,0.2218128224023581,0.4129515650777115,0.5974140371850127
2022-10,2385,603368,144,0.3131435493640219,0.3595326345472575,0.49316777937230916
2022-10,2385,600207,33,0.2612035851472472,0.4085313377520455,0.6092519135147216
2022-10,2385,300297,21,0.21359223300970875,0.5104944458000182,0.5700871898054996
2022-10,2385,600055,136,0.314690823158724,0.4727716838024365,0.563460468180321
2022-10,2385,000551,17,0.12531645569620253,0.3529955836136014,0.5874393058982726
2022-10,2385,002374,14,0.093816631130064,0.3277347912903436,0.526511489551573
2022-10,2385,301120,17,0.17399868680236374,0.3742889595355852,0.4730939719330261
2022-10,2385,002104,122,0.31866952789699576,0.3379195117551537,0.34562618671943945
2022-10,2385,300024,46,0.31142152834839765,0.4708321562512976,0.5741953505695395
2022-10,2385,002945,124,0.31590656284760843,0.4461871206012654,0.5213972439207951
2022-10,2385,600561,127,0.3176838810641627,0.3974527999664612,0.5504465859677988
2022-10,2385,603948,91,0.30403225806451606,0.5539758170258497,0.5639942938659062
2022-10,2385,600857,116,0.3033625730994153,0.547506915719963,0.47455143049496523
2022-10,2385,603389,24,0.17986798679867988,0.35959475911220057,0.5683851032688244
2022-10,2385,002383,18,0.15598885793871864,0.4657203882837383,0.5436481357445857
2022-10,2385,603066,87,0.2926186291739894,0.37328129471392485,0.2792429413589819
2022-10,2385,002519,47,0.3167495854063018,0.35617826282679466,0.5643783612780766
2022-10,2385,601727,242,0.3096153846153846,0.3555190363595341,0.4486324064743954
2022-10,2385,002523,27,0.20238095238095233,0.22021219881411724,0.535638613441817
2022-10,2385,300727,36,0.23867809057527545,0.4389686233849939,0.5677624481916764
2022-10,2385,002532,15,0.1493001555209953,0.5175143875801688,0.593776282590412
2022-10,2385,600874,121,0.2167414050822123,0.45780365478963436,0.5894606299594043
2022-10,2385,000055,17,0.09414225941422594,0.28408015048807206,0.5018032583012064
2022-10,2385,300469,185,0.2952824694234131,0.36056842343498813,0.6121882583776527
2022-10,2385,603085,18,0.14365152919369784,0.3840356009324139,0.5735204392922514
2022-10,2385,603088,19,0.15736040609137059,0.3359696715029953,0.589318600368324
2022-10,2385,600886,240,0.24816849816849806,0.47384227613908547,0.6119032801008034
2022-10,2385,300619,104,0.3192353643966548,0.412035318968282,0.5921137887507137
2022-10,2385,300485,138,0.319078947368421,0.29211183228356946,0.38625114406837535
2022-10,2385,603101,126,0.27811550151975684,0.4067495884888927,0.608716304476903
2022-10,2385,605050,39,0.24183460736622653,0.3658568520403255,0.6003262070537891
2022-10,2385,002564,21,0.1800766283524904,0.3055419520401138,0.5775698201491447
2022-10,2385,601908,31,0.24808743169398906,0.3302702696196737,0.5844699688920797
2022-10,2385,603536,102,0.20318725099601598,0.5406593049711459,0.5082317677914179
2022-10,2385,601918,92,0.2735849056603773,0.5293394445888074,0.5923468259234682
2022-10,2385,600121,38,0.2681818181818181,0.5279047073106029,0.5632748538011698
2022-10,2385,002161,25,0.16283524904214552,0.21225458821191479,0.4320769847634324
2022-10,2385,600770,90,0.28961175236096537,0.3836103425382911,0.5850086643822229
2022-10,2385,000629,20,0.19499105545617168,0.538201721222595,0.5693950177935941
2022-10,2385,002031,26,0.2934782608695652,0.3724423797226992,0.48825202035318754
2022-10,2385,000404,47,0.3079584775086506,0.3222367680824261,0.5307459677419355
2022-10,2385,601228,85,0.21212121212121215,0.5405439909235197,0.5240352064996612
2022-10,2385,600626,100,0.2575406032482598,0.4259499280363196,0.5980926769751749
2022-10,2385,600477,28,0.222943722943723,0.4209083606903263,0.48527037933817574
2022-10,2385,600778,23,0.21326397919375817,0.46245187663049936,0.6033507705358407
2022-10,2385,600297,88,0.2816901408450704,0.5147794108003572,0.5854241338112312
2022-10,2385,600133,100,0.21666666666666667,0.4202513403425821,0.5966488489582639
2022-10,2385,002588,95,0.27478753541076484,0.45916658017334777,0.5792061819459079
2022-10,2385,600639,101,0.2936772046589018,0.5401872929039452,0.38287643793281045
2022-10,2385,000421,15,0.2072243346007604,0.5533652343673217,0.5864811133200795
2022-10,2385,002591,15,0.21865889212827982,0.43882582824943495,0.5982478097622025
2022-10,2385,688218,16,0.2554249547920435,0.46770955107205314,0.5023680649526385
2022-10,2385,300657,26,0.20416333066453163,0.446675232334657,0.5550635255470926
2022-10,2385,600648,100,0.19636963696369625,0.5280192758856271,0.5471611721611721
2022-10,2385,688086,51,0.2577565632458235,0.34337743342343136,0.5603570016381404
2022-10,2385,002753,31,0.2892156862745098,0.3215581737865596,0.5173243152631807
2022-10,2385,300402,22,0.2725409836065573,0.5085311614447602,0.6106870229007634
2022-10,2385,300403,18,0.16058394160583933,0.37685158387824463,0.3330674112485043
2022-10,2385,603617,24,0.1498439125910509,0.311592412977284,0.5774875256824181
2022-10,2385,002902,28,0.20849176172370087,0.2629740895238292,0.5112751600438319
2022-10,2385,002204,20,0.14617940199335544,0.33017389341262104,0.44771951597890164
2022-10,2385,600336,96,0.2866941015089163,0.4860337279761091,0.5767463235294116
2022-10,2385,000523,87,0.28855721393034817,0.43220730537310686,0.43253320904218084
2022-10,2385,688255,18,0.185546875,0.3284216316973515,0.5724643153840344
2022-10,2385,002910,126,0.28099173553719003,0.4554847959143512,0.5878570772480941
2022-10,2385,002350,30,0.2561366061899679,0.4431981490819462,0.5598006644518274
2022-10,2385,600185,87,0.31703910614525144,0.3732925965082991,0.4951299946314902
2022-10,2385,002079,28,0.21890909090909094,0.40484546293955187,0.6014972574986412
2022-10,2385,601599,99,0.2558139534883721,0.5129399204245428,0.6027720534467861
2022-10,2385,603906,75,0.31638566912539523,0.4020251023759032,0.5961600472205978
2022-10,2385,002226,126,0.2142857142857142,0.4784472685064767,0.5898818162969107
2022-11,2407,300569,53,0.2804774083546463,0.4646195287212959,0.6016930757542869
2022-11,2407,000040,28,0.15704387990762125,0.36041897775019915,0.4278603034134008
2022-11,2407,002534,42,0.20497881355932202,0.44100331665389086,0.5606750125512171
2022-11,2407,002536,25,0.1639150943396227,0.20915296464993405,0.5040443379269024
2022-11,2407,603239,50,0.2078332280480102,0.2774556189208845,0.5733715429403203
2022-11,2407,002543,15,0.12817679558011064,0.37337707183501806,0.37883242335153294
2022-11,2407,600255,88,0.2801204819277108,0.5596790950431711,0.4830508474576268
2022-11,2407,000065,16,0.1395604395604395,0.5552049404547165,0.5038496376811596
2022-11,2407,002553,19,0.19266055045871566,0.3480369895140965,0.411238424109245
2022-11,2407,002554,32,0.13691931540342295,0.47961683673335975,0.5227001194743132
2022-11,2407,688028,30,0.2319641007939247,0.46324134083263885,0.5520672499571109
2022-11,2407,002560,26,0.14938488576449915,0.5008780606849776,0.4789660415610752
2022-11,2407,002575,23,0.20802377414561668,0.37546297224129926,0.524524214760947
2022-11,2407,300093,49,0.25801150369761716,0.3440808274343663,0.4844019161337519
2022-11,2407,301199,68,0.27170731707317075,0.45283163206540317,0.5225494875300322
2022-11,2407,002590,78,0.29204431017119836,0.5769969039454229,0.593637020968908
2022-11,2407,688071,15,0.2022947684742521,0.5425540433528685,0.5766678254274251
2022-11,2407,000429,118,0.12318840579710155,0.5389160993030281,0.5807607027119221
2022-11,2407,688090,55,0.290407358738502,0.47208173145447496,0.5328519991351027
2022-11,2407,300673,18,0.11906033101975444,0.5383441000653365,0.40430166076776497
2022-11,2407,002616,44,0.26102941176470607,0.47267920100435085,0.5270206396722863
2022-11,2407,000520,29,0.16492146596858637,0.5567663214580159,0.5498257839721256
2022-11,2407,002073,57,0.2126760563380281,0.41419767072916347,0.583077302594694
2022-11,2407,300680,18,0.1837169650468884,0.4874147148532178,0.5380410865419573
2022-11,2407,601000,144,0.16872427983539096,0.565101331111306,0.5718085106382981
2022-11,2407,000530,36,0.17105263157894735,0.46610228457189323,0.5036873156342184
2022-11,2407,600355,32,0.16129032258064513,0.34737314283548404,0.5541950596252132
2022-11,2407,002633,42,0.2110266159695816,0.5382408988023614,0.5909150757077026
2022-11,2407,000541,31,0.2071917808219178,0.5204193276538402,0.4831016975229499
2022-11,2407,603366,24,0.14644351464435146,0.4939172459119992,0.3494295028524857
2022-11,2407,300707,49,0.23366834170854267,0.40919970949501344,0.5853429138514098
2022-11,2407,000553,93,0.2953020134228188,0.5401498324712043,0.5990500568431476
2022-11,2407,300179,60,0.28012820512820513,0.47105384216337554,0.5616460905349792
2022-11,2407,002665,25,0.16945107398568027,0.36045347724702503,0.4668769716088327
2022-11,2407,601101,123,0.2590529247910863,0.5127170867525592,0.5255585646580907
2022-11,2407,000584,58,0.2225097024579561,0.3170532922830982,0.5851828696467648
2022-11,2407,600403,112,0.22370936902485672,0.5129961715973889,0.424078859220978
2022-11,2407,002681,59,0.27032967032967037,0.35621017338431166,0.5773101800907161
2022-11,2407,600425,126,0.26241134751773054,0.47488374458922894,0.597299995659157
2022-11,2407,002148,28,0.17128874388254478,0.4425520775684534,0.4683753396920126
2022-11,2407,603527,34,0.14736842105263148,0.3411627899199666,0.4375764520074943
2022-11,2407,600449,143,0.2093023255813954,0.553100471945109,0.5079642579642578
2022-11,2407,002708,42,0.23376623376623373,0.5186142411028417,0.5444362835108336
2022-11,2407,000631,44,0.24489795918367352,0.44553991132269877,0.5852687458526874
2022-11,2407,002165,26,0.2196078431372549,0.4450272053146395,0.45297824277731513
2022-11,2407,688206,21,0.1912510002667378,0.35507429819172825,0.4879327576884639
2022-11,2407,300787,40,0.20269403463758817,0.5426899297058261,0.5312897077509529
2022-11,2407,300257,16,0.16202672605790647,0.4562098711091883,0.5243543641712979
2022-11,2407,601388,31,0.23471882640586794,0.37570048557587526,0.5062811691181116
2022-11,2407,000702,44,0.20481927710843362,0.49663569967221755,0.5741335587489431
2022-11,2407,000720,105,0.24188311688311692,0.5149966060086912,0.5608996700590176
2022-11,2407,300848,23,0.14779874213836486,0.5316087220275632,0.5543478260869567
2022-11,2407,688290,25,0.2914341179325407,0.5179770605459126,0.5369999392946033
2022-11,2407,002818,28,0.14327202323330113,0.3727277872338681,0.5530210598907223
2022-11,2407,002267,32,0.14647887323943665,0.4770260002090808,0.46348650155291854
2022-11,2407,600586,23,0.19179600886917958,0.3565974021702824,0.4228573662808885
2022-11,2407,300873,17,0.10413552566018935,0.4344010917141536,0.552290059314097
2022-11,2407,603727,28,0.1945736434108527,0.5129287921401698,0.5029472954230234
2022-11,2407,601857,141,0.202020202020202,0.571945529412758,0.5555314815617282
2022-11,2407,603757,16,0.11376673040152974,0.43679582919747784,0.40271003956933843
2022-11,2407,000801,15,0.15274463007159922,0.44079807791689024,0.4415999999999998
2022-11,2407,603787,16,0.16384439359267744,0.565605744125459,0.5565909861064047
2022-11,2407,000822,97,0.2775024777006937,0.5108817305974802,0.5331064893580081
2022-11,2407,603800,22,0.14322916666666674,0.4883132103926995,0.6047160456478259
2022-11,2407,600620,45,0.15000000000000013,0.23564091696887335,0.5791051026684637
2022-11,2407,603819,61,0.2905844155844156,0.4698666102035604,0.5689021549716181
2022-11,2407,000868,15,0.15249266862170086,0.5513782105303305,0.5241909644344761
2022-11,2407,300930,53,0.2713270142180094,0.3963424807418046,0.5854282099008019
2022-11,2407,688383,20,0.24688783158443595,0.5663682104068068,0.5984699312437455
2022-11,2407,002337,32,0.16134751773049638,0.28418930633111433,0.4059982451942249
2022-11,2407,002903,15,0.15954077593032467,0.4193203010771609,0.5073203949608447
2022-11,2407,002911,28,0.2040133779264215,0.37065134190067456,0.4594810240754872
2022-11,2407,603023,115,0.29400749063670406,0.4905479405120522,0.561023622047244
2022-11,2407,000905,123,0.27142857142857146,0.5588536348629162,0.5676484640679015
2022-11,2407,300963,41,0.14802631578947378,0.3621790926216692,0.5319810851169736
2022-11,2407,603050,17,0.08683068017366147,0.468412947501125,0.5777993213766363
2022-11,2407,600058,108,0.27630375114364136,0.47608658720892993,0.6022940808017538
2022-11,2407,002379,30,0.1685144124168514,0.40233815856130906,0.5387168141592922
2022-11,2407,600717,144,0.1253196930946292,0.5741150390285197,0.5358561779896701
2022-11,2407,603982,35,0.18168168168168164,0.4024432667070232,0.5475718105753471
2022-11,2407,603080,36,0.20480320213475656,0.48472395854128897,0.5397173489278754
2022-11,2407,000970,59,0.2371198013656114,0.46925098850186253,0.5739443112668262
2022-11,2407,301004,14,0.1550062840385421,0.5739323473741961,0.39931300987548135
2022-11,2407,600740,36,0.144082332761578,0.5045870930330708,0.5473735886107022
2022-11,2407,300478,183,0.2650602409638554,0.3210525543912206,0.5876143965198836
2022-11,2407,600758,112,0.25514403292181076,0.45295372449101534,0.5770408788336668
2022-11,2407,603109,34,0.19309173272933178,0.39389799721496166,0.46697527379473835
2022-11,2407,688565,32,0.207641196013289,0.4927163398656852,0.49316406250000006
2022-11,2407,003021,17,0.16305760069294073,0.5012771450267793,0.5703733082147638
2022-11,2407,301059,21,0.15215553677092142,0.44078751307021136,0.5844155844155848
2022-11,2407,300526,20,0.1869973190348525,0.5188998861764914,0.5242811843089746
2022-11,2407,600805,104,0.2664298401420959,0.4346341691357472,0.6029039628528614
2022-11,2407,002469,23,0.14610389610389618,0.44809747955512025,0.3853418964865887
2022-11,2407,605208,33,0.22173913043478266,0.3435291265712858,0.6038629246145315
2022-11,2407,600820,108,0.18886679920477145,0.35891718867491157,0.5957831325301208
2022-11,2407,200413,55,0.1651376146788991,0.2810853312872932,0.5550239234449761
2022-11,2407,002490,24,0.20498084291187724,0.5413999247672956,0.529672045809474
2022-12,2429,605333,80,0.2676056338028169,0.40197428545947733,0.5735056542810987
2022-12,2429,603211,45,0.25304136253041376,0.33635418983283494,0.30474403645135373
2022-12,2429,300029,37,0.2792079207920791,0.5012963811100106,0.4435422674153893
2022-12,2429,301128,60,0.2749848576620231,0.49348802672031583,0.5892893923789909
2022-12,2429,600230,35,0.16837560712358346,0.438038924729312,0.5193136472466081
2022-12,2429,603227,65,0.2660550458715597,0.4756394903692064,0.5816795286529906
2022-12,2429,688003,68,0.22281449893390193,0.5100594195152232,0.5747838298409491
2022-12,2429,300602,46,0.2689253573319217,0.5004762679768988,0.5212425369905686
2022-12,2429,000049,35,0.21491134372997223,0.4614868431845498,0.5468097511779257
2022-12,2429,002541,22,0.19117199391172002,0.5213187954450674,0.5106448626966985
2022-12,2429,300634,14,0.13300186451211937,0.40987819967808903,0.5530883164894257
2022-12,2429,002571,51,0.2066752246469834,0.490520880795023,0.5769811424336418
2022-12,2429,000409,34,0.20025839793281652,0.3848180048113531,0.460384615384615
2022-12,2429,002580,38,0.2265625,0.41941942887643924,0.5488879563575324
2022-12,2429,002587,35,0.2577639751552795,0.40769003739685816,0.40766550522648065
2022-12,2429,002045,35,0.20097020097020102,0.33814588786340577,0.42655620241827136
2022-12,2429,301212,26,0.1753712237583206,0.3599660100203585,0.53328427636593
2022-12,2429,300115,46,0.26327433628318586,0.47943311380414083,0.5867957557786431
2022-12,2429,002058,75,0.22378138847858198,0.3258828147392543,0.5494402107441904
2022-12,2429,603324,38,0.2705461970393058,0.3505176015806005,0.5569490447819353
2022-12,2429,002629,26,0.18295218295218285,0.4735465509868258,0.4391394046566455
2022-12,2429,603355,46,0.20625000000000004,0.5355751157177581,0.5883327809081871
2022-12,2429,300698,33,0.2352117605880294,0.4707197092854518,0.5792478995024064
2022-12,2429,301269,42,0.24921956295525494,0.31989099689352035,0.2915920928268348
2022-12,2429,000557,28,0.1583629893238434,0.46781295728068795,0.578413548942685
2022-12,2429,601068,18,0.15579710144927528,0.5432835591688396,0.45415349238286923
2022-12,2429,300729,29,0.1330769230769231,0.4853466124662546,0.5428974024938183
2022-12,2429,688160,46,0.27424483306836245,0.4874396467508708,0.4899002173087223
2022-12,2429,000593,30,0.21825813221406076,0.417479636138998,0.4836905871388629
2022-12,2429,000595,35,0.2674418604651163,0.35571515087650646,0.46180136977227887
2022-12,2429,002685,34,0.21063829787234045,0.2402559116721247,0.3616352201257862
2022-12,2429,000600,19,0.16489361702127658,0.5254475315416383,0.5654885654885652
2022-12,2429,600428,31,0.25689404934687954,0.5034530270372811,0.4231568016614749
2022-12,2429,000619,58,0.2128777923784494,0.5501386037506066,0.5903649007097284
2022-12,2429,002158,39,0.25808796801163214,0.5305558252804672,0.546533766379214
2022-12,2429,603556,33,0.1865712713263622,0.5288476986291868,0.5774802034378417
2022-12,2429,002169,66,0.27690700104493216,0.40423219989547576,0.5680476548245146
2022-12,2429,600475,26,0.19548872180451127,0.3775325098952389,0.47381022388373184
2022-12,2429,000678,54,0.21982758620689657,0.5555059864016546,0.5524292912574937
2022-12,2429,300802,76,0.27862595419847314,0.34837285849436983,0.550230213542907
2022-12,2429,603610,37,0.1725190839694657,0.3546154728173689,0.49929078014184397
2022-12,2429,002197,18,0.16311399443929564,0.2639798165198119,0.500044408917311
2022-12,2429,000692,67,0.23185011709601866,0.42216949113404023,0.5446386074658326
2022-12,2429,002765,38,0.2718932443703086,0.48239887532801523,0.4905236634531111
2022-12,2429,002212,22,0.2013593882752761,0.3836689965778347,0.5717394356310548
2022-12,2429,688260,49,0.25402107598447043,0.5025659188006405,0.5254839478153505
2022-12,2429,002773,27,0.14864048338368585,0.44226903677116686,0.5772151898734179
2022-12,2429,002777,14,0.18527177089421387,0.41389463921291386,0.5495571421756481
2022-12,2429,600533,19,0.17906976744186043,0.3757017085900402,0.5696614583333329
2022-12,2429,600546,38,0.18570375829034635,0.5117616467405037,0.5805148357470856
2022-12,2429,000728,58,0.1443768996960486,0.44737589525458465,0.5706420499234175
2022-12,2429,002819,26,0.15289855072463776,0.37095693740291097,0.584409779645108
2022-12,2429,300872,15,0.158139534883721,0.3145067646829706,0.49689440993788836
2022-12,2429,002828,19,0.2815945716709074,0.5001773792856482,0.41292639138240583
2022-12,2429,600587,20,0.17023613399231197,0.5183409000530537,0.5276571486058252
2022-12,2429,002272,50,0.25480153649167725,0.47041621533390315,0.5229571984435798
2022-12,2429,603726,40,0.2441613588110404,0.43918315690605925,0.4693560899922418
2022-12,2429,002276,46,0.24274661508704065,0.5241296979149681,0.5884492951341513
2022-12,2429,603766,32,0.21482889733840305,0.4989843970722864,0.555483870967742
2022-12,2429,601886,37,0.22165605095541396,0.40462782165537936,0.5671116160181765
2022-12,2429,000811,37,0.18717683557393994,0.38417741756728435,0.5513072389300285
2022-12,2429,600617,65,0.2654155495978552,0.5144523713523627,0.4903585102680126
2022-12,2429,002871,25,0.1847725162488394,0.30418264162385733,0.4826958105646632
2022-12,2429,601975,19,0.2071881606765329,0.5137535009170362,0.5044467123487388
2022-12,2429,002882,20,0.20504731861198733,0.2972326212179278,0.43520539789640783
2022-12,2429,300926,57,0.27340823970037453,0.38033434064724847,0.5727355158273675
2022-12,2429,688375,44,0.24327817993795242,0.40586114371096094,0.4940516027209798
2022-12,2429,002896,53,0.2367105860972285,0.5344073744875625,0.4038658465001293
2022-12,2429,000885,55,0.23513513513513506,0.5380050608006575,0.5735075566239232
2022-12,2429,002334,34,0.22295805739514352,0.3440890147206138,0.49513330512060943
2022-12,2429,603011,24,0.21500000000000008,0.4599284928123535,0.4808710116437324
2022-12,2429,603018,137,0.27515923566878975,0.3919430007029487,0.5697763615979228
2022-12,2429,300950,29,0.2048975512243879,0.27514393209776467,0.3958621609456014
2022-12,2429,600683,22,0.20347826086956522,0.46623353284588454,0.5486443381180223
2022-12,2429,300421,34,0.2415254237288137,0.48764778871475084,0.5254092158190291
2022-12,2429,002952,20,0.12993321190042495,0.3095762778689359,0.5006518904823992
2022-12,2429,603067,57,0.2666666666666667,0.48265330188842553,0.5271857329273598
2022-12,2429,300992,50,0.2662473794549267,0.42554850925586335,0.40439095357756916
2022-12,2429,603969,34,0.17550274223034734,0.3436521686402631,0.521967213114754
2022-12,2429,002395,30,0.24174053182917,0.29053521422997564,0.37213907169064125
2022-12,2429,603085,62,0.2413793103448275,0.4510390559630447,0.5874943415536619
2022-12,2429,603086,36,0.20112781954887227,0.5256552188193754,0.5242298684921639
2022-12,2429,603990,75,0.25734116390816875,0.5394783189717374,0.5748773392384181
2022-12,2429,002409,43,0.2417725643532096,0.5354244118916539,0.5030390136625742
2022-12,2429,002987,15,0.14901047729918515,0.33644905087295457,0.4693819191960459
2022-12,2429,001206,35,0.13708260105448156,0.5348196124906601,0.5694058154235145
2022-12,2429,301033,37,0.2289991063449509,0.4821769923871317,0.5812557383996046
2022-12,2429,003002,19,0.17600786627335296,0.4244041391865625,0.549202983605316
2022-12,2429,605088,54,0.2537462537462537,0.48826611985813745,0.4801716431253352
2022-12,2429,002442,49,0.2628304821150854,0.4729309724934495,0.4687620665688468
2022-12,2429,002452,63,0.2635561160151324,0.33126681858306833,0.565403777082609
2022-12,2429,605133,48,0.23083333333333333,0.4132282084811574,0.5894666819112557
2022-12,2429,001258,38,0.25159235668789814,0.3120373094477511,0.5107993063219297
2022-12,2429,600153,21,0.15089514066496157,0.5544734864064041,0.5121951219512194
2022-12,2429,605169,65,0.20725806451612905,0.454064045173236,0.5817092926218645
2022-12,2429,600168,178,0.22700587084148727,0.4128533014641231,0.5878538772639358
2022-12,2429,002478,24,0.17077464788732388,0.2968987953977629,0.4980630879911454
2022-12,2429,001316,16,0.17972575905974542,0.2525645145293357,0.5538370409372119
2022-12,2429,600192,20,0.15576323987538943,0.2832021647985472,0.46699507389162553
2023-01,2445,600833,17,0.07310469314079426,0.3459141529656833,0.3033925553402865
2023-01,2445,688271,33,0.1766545601291365,0.506068500024659,0.5552338566914287
2023-01,2445,000920,19,0.10853530031612213,0.3413052744102632,0.470278743761149
2023-01,2445,603196,19,0.0943877551020409,0.27271578718212697,0.4985687022900761
2023-01,2445,002644,26,0.21246707638279194,0.3557147076843244,0.3840238154304146
2023-01,2445,002647,33,0.16358463726884787,0.3869929788180622,0.5283974054738175
2023-01,2445,603680,50,0.14453584018801402,0.3082087886708015,0.5396466887150113
2023-01,2445,002246,23,0.14048059149722736,0.33268091916737,0.4258364644838078
2023-01,2445,603387,21,0.09550561797752821,0.5409407443099301,0.4900474397222082
2023-01,2445,600222,17,0.09711684370257967,0.35233260756120793,0.3280582664493367
2023-01,2445,300030,21,0.1387434554973822,0.396953425098145,0.45093642038911436
2023-01,2445,688136,22,0.2021604938271605,0.5130338141936666,0.5408265182006076
2023-01,2445,600566,21,0.13619479983491545,0.5267824263106886,0.4966256246458194
2023-01,2445,300721,36,0.22060470324748038,0.42577768170430835,0.5547012103558701
2023-01,2445,002115,70,0.1647727272727273,0.5313898205503526,0.5258773484579934
2023-01,2445,600062,23,0.18762376237623757,0.5318244060384657,0.5564583250762949
2023-01,2445,000953,17,0.1492329149232915,0.44146535768145406,0.3738317757009346
2023-01,2445,002389,32,0.23233143785540222,0.528369686424804,0.5370895522388058
2023-01,2445,688501,35,0.23521505376344087,0.5082921374761921,0.5093901900132567
2023-01,2445,000766,20,0.09861591695501737,0.25986522508688986,0.4926387315968294
2023-01,2445,600397,69,0.24181360201511348,0.5256922807980758,0.548258706467662
2023-01,2445,002817,18,0.06228765571913941,0.19262810371681816,0.2660736579275907
2023-01,2445,002393,23,0.1780028943560058,0.4704391555516572,0.5398031306229488
2023-01,2445,300282,23,0.09665427509293678,0.215123809834431,0.2932018681888946
2023-01,2445,002825,72,0.21842650103519667,0.48462345598543,0.5590636770393589
2023-01,2445,300468,33,0.23581135091926453,0.5267422878060027,0.5180307306365628
2023-01,2445,000590,18,0.15498519249753206,0.5369236468663874,0.3877598691894417
2023-01,2445,000788,23,0.14669926650366738,0.3668975305384541,0.38323353293413176
2023-01,2445,600594,24,0.1509121061359867,0.5170104218893389,0.5303103083869724
2023-01,2445,000985,43,0.2216936251189343,0.4901332139607681,0.4892445655258521
2023-01,2445,000068,24,0.13103448275862062,0.28062490073837126,0.4755453190624579
2023-01,2445,002551,21,0.13294797687861282,0.2571950087084032,0.3650271757364291
2023-01,2445,000601,101,0.2586805555555556,0.2569197988181103,0.26404773744405724
2023-01,2445,300206,21,0.11221122112211213,0.5462922264251422,0.507788914382321
2023-01,2445,300884,39,0.19047619047619047,0.3296231700961207,0.46900816464563505
2023-01,2445,002412,20,0.1291338582677164,0.44859767903952763,0.4318728935965338
2023-01,2445,300482,21,0.16459357824703502,0.4962758829341642,0.3227516797933157
2023-01,2445,300758,27,0.15254237288135597,0.4492470439842858,0.5262652453663691
2023-01,2445,688185,17,0.18881987577639758,0.5002258730417393,0.3307755597373693
2023-01,2445,000813,17,0.125,0.4517048282723962,0.3330689928628079
2023-01,2445,600615,48,0.19221967963386732,0.2724127415862065,0.5330882352941173
2023-01,2445,002432,19,0.126907475371837,0.3566056853103759,0.35124230972853576
2023-01,2445,603118,56,0.2050739957716703,0.5246413131763312,0.4507590502140917
2023-01,2445,002864,16,0.1466489714664898,0.37878110764020273,0.2705040051038493
2023-01,2445,603122,35,0.2444603288062902,0.46281574453248336,0.45816682363122646
2023-01,2445,000407,66,0.20879120879120872,0.48300152341757263,0.38833372066000477
2023-01,2445,688205,34,0.11827303131650957,0.20486652074919742,0.44597833381267415
2023-01,2445,603569,49,0.20600414078674956,0.45802655133408293,0.47136449887873083
2023-01,2445,603810,29,0.18337531486146097,0.41087337537692964,0.5286048014314827
2023-01,2445,603815,35,0.21467688937568463,0.42342923050824527,0.5215848027213121
2023-01,2445,000650,21,0.09437086092715241,0.4774432318545549,0.41966292134831434
2023-01,2445,002173,41,0.2570754716981133,0.4879550636391735,0.49853471786966613
2023-01,2445,001222,44,0.19836695485110467,0.34615029858653085,0.26031894934334
2023-01,2445,688575,20,0.18786781349026704,0.43954627363595417,0.4865497076023393
2023-01,2445,688068,20,0.16437164806493687,0.4402337973701584,0.32246387650701547
2023-01,2445,003023,24,0.07793345008756569,0.2869897702683958,0.31027403000083814
2023-01,2445,600149,29,0.17260273972602735,0.45447168219696094,0.47784431137724553
2023-01,2445,600829,25,0.16804407713498615,0.4958424205571181,0.5150747986191023
2023-01,2445,688786,88,0.2549095109742009,0.5476196686619473,0.5018934226752374
2023-01,2445,600158,41,0.1411889596602972,0.4836209496223264,0.44049101583348177
2023-01,2445,002462,21,0.08327598072952502,0.44268136422369936,0.4056082199161074
2023-01,2445,003037,39,0.1628994544037412,0.3608408377202722,0.5184750733137828
2023-01,2445,002750,17,0.07982832618025748,0.20628862606137757,0.2775293540662956
2023-01,2445,600322,34,0.18181818181818177,0.3678685246426915,0.54519906323185
2023-01,2445,300937,17,0.11553653719552326,0.5396757214899164,0.347056431356601
2023-01,2445,300534,20,0.1420118343195268,0.38335691258337323,0.4101769911504424
2023-01,2445,002900,17,0.1289398280802293,0.4847955142367707,0.4630151103016066
2023-01,2445,002901,20,0.11117136659436011,0.3177279326648412,0.4455817839983288
2023-01,2445,688600,25,0.20594555873925502,0.2987091179740094,0.561031907671419
2023-01,2445,300813,16,0.1049280177187154,0.36283634369964224,0.23279352226720681
2023-01,2445,600333,69,0.21974522292993626,0.4931297800173586,0.49611099432415384
2023-01,2445,600995,84,0.22155688622754488,0.41112293378402603,0.3377443513582126
2023-01,2445,002349,20,0.17638376383763843,0.3488333145658665,0.34889776080541535
2023-01,2445,002084,23,0.22898032200357787,0.4428314963426575,0.4499999999999998
2023-01,2445,605299,15,0.1313320825515948,0.4134004754376412,0.3704564829884519
2023-01,2445,000919,20,0.07051282051282048,0.30695191644827635,0.3294157152451311
2023-02,2465,600196,41,0.1229096989966556,0.48783316756062384,0.44752142606681833
2023-02,2465,001330,20,0.1297909407665505,0.38551769208111075,0.35679137269035094
2023-02,2465,000011,36,0.11101000909918113,0.5324625154439682,0.5435046933514904
2023-02,2465,300584,24,0.09920634920634919,0.40285117034073986,0.3798951048951047
2023-02,2465,603232,23,0.15458937198067624,0.4978249170563565,0.45243619489559195
2023-02,2465,688016,32,0.16358217231579686,0.514844651840627,0.5440880497029681
2023-02,2465,002554,90,0.2068181818181818,0.49671390345287686,0.5305867665418228
2023-02,2465,002566,50,0.25,0.46147980072017,0.4482494249936107
2023-02,2465,600917,95,0.17228915662650612,0.4161956555488517,0.5241293143838825
2023-02,2465,000411,39,0.2129770992366412,0.47842847720984166,0.4102154538689123
2023-02,2465,000428,20,0.1077738515901061,0.3377588152717894,0.3640192539109509
2023-02,2465,002603,27,0.15703558602677115,0.4545012992733012,0.3098487642936188
2023-02,2465,002059,22,0.09278350515463918,0.47775630348950676,0.4181184668989546
2023-02,2465,000514,19,0.068131868131868,0.29102915420554276,0.4663487016428195
2023-02,2465,600992,61,0.24125364431486884,0.5095685451641562,0.5169306000071386
2023-02,2465,002622,53,0.1839080459770115,0.29063960187918336,0.4907708456004713
2023-02,2465,002077,24,0.18045454545454542,0.3953254978067614,0.36566997657034506
2023-02,2465,600351,49,0.22658610271903323,0.5439978902778558,0.5117948717948717
2023-02,2465,603355,82,0.21062499999999995,0.4835569166783767,0.5327653103004543
2023-02,2465,300151,32,0.1408634976013956,0.40857052155020024,0.43886957835877183
2023-02,2465,000544,94,0.20574886535552195,0.31586859489374797,0.5282597822323111
2023-02,2465,301283,49,0.2010230179028134,0.31405359813466655,0.543935795594136
2023-02,2465,000558,68,0.21865889212827982,0.5349641294757395,0.48618371919342784
2023-02,2465,603392,49,0.1606334841628959,0.4772869980058816,0.49987068826172687
2023-02,2465,002119,79,0.23661016949152547,0.5371682647165265,0.5448222565687791
2023-02,2465,300199,19,0.1322314049586777,0.5480226322876862,0.33282376064642916
2023-02,2465,300204,30,0.16952789699570825,0.38432430433705334,0.30469832025284976
2023-02,2465,002693,33,0.13456790123456785,0.24949356269187153,0.3077545152304791
2023-02,2465,688180,27,0.24776978417266182,0.49956904389478995,0.4704152044778224
2023-02,2465,000608,32,0.11781609195402298,0.4086385607432178,0.48331415420023044
2023-02,2465,002700,85,0.17408123791102526,0.3618543037603985,0.5238837703756201
2023-02,2465,000616,38,0.1116751269035533,0.45618041936814635,0.5147665401748884
2023-02,2465,002703,48,0.18693284936479115,0.38553620745729456,0.5321988655321985
2023-02,2465,603538,41,0.16242191254204708,0.5521275284465987,0.4912875762313419
2023-02,2465,002172,21,0.0960698689956333,0.46900768269504084,0.4464285714285715
2023-02,2465,688221,24,0.18624641833810884,0.38056421680013774,0.36520472158287043
2023-02,2465,600493,39,0.1544461778471139,0.48881439200368787,0.38906241437887
2023-02,2465,002187,36,0.18937644341801396,0.541720223355115,0.3861317254174399
2023-02,2465,000679,18,0.06576728499156825,0.3612629878772259,0.44235328986366385
2023-02,2465,601456,19,0.11001642036124792,0.5548809420733934,0.4916280726754532
2023-02,2465,002758,24,0.14874915483434747,0.4636025462106011,0.3325735598839617
2023-02,2465,600518,37,0.12173913043478257,0.5188613842535056,0.5330267558528428
2023-02,2465,002788,49,0.18850574712643675,0.5468567248667695,0.47905477980665934
2023-02,2465,000732,16,0.10236220472440949,0.4524540670616085,0.5187074829931979
2023-02,2465,300845,29,0.2139175257731959,0.487101889364296,0.5280911788763528
2023-02,2465,002248,31,0.15453728661275834,0.4050225297674412,0.43214285714285733
2023-02,2465,300859,25,0.10632659821132828,0.46047617612296876,0.45289910211535533
2023-02,2465,300869,28,0.12733142037302725,0.41682862629307427,0.3244721974427596
2023-02,2465,300876,61,0.14085125054848624,0.36447189135873775,0.4820238069044424
2023-02,2465,300335,96,0.20948616600790504,0.5261461199120809,0.3191000918273646
2023-02,2465,300878,32,0.175591985428051,0.35792863322423524,0.3553714647530605
2023-02,2465,000796,18,0.12792792792792795,0.4997442315510586,0.5181058495821731
2023-02,2465,600605,52,0.1835871404399323,0.35630096349623097,0.3303993130098746
2023-02,2465,603777,24,0.168475696083058,0.5221834805897435,0.5080011036004969
2023-02,2465,688351,30,0.21737637362637363,0.4422570001079556,0.4213282551773386
2023-02,2465,002873,30,0.17819963257807703,0.2958560211241561,0.4419999066772432
2023-02,2465,002317,22,0.11772046589018292,0.4223735230227212,0.3067463937029154
2023-02,2465,603858,37,0.1616795366795366,0.42858513727393666,0.43672522373218403
2023-02,2465,600657,16,0.07347670250896055,0.3772141604996681,0.5168584696143752
2023-02,2465,002898,34,0.13343799058084782,0.3381436363472585,0.3234555499748869
2023-02,2465,000888,22,0.08273381294964022,0.2981463301148095,0.3904619970193736
2023-02,2465,002905,20,0.09315375982042651,0.3888778723834941,0.30959565479782697
2023-02,2465,002907,29,0.1544827586206896,0.3224349320648424,0.32537483254115357
2023-02,2465,600684,30,0.13443396226415105,0.4072076910624683,0.434884264671499
2023-02,2465,002357,16,0.0625,0.4184340050173424,0.29286926994906676
2023-02,2465,688439,60,0.18608388237184637,0.26771977468147307,0.5040553995018057
2023-02,2465,300436,20,0.13635262775490442,0.30438083914614444,0.31051424828038
2023-02,2465,600056,24,0.11356466876971605,0.3558744055364602,0.3279445727482678
2023-02,2465,600717,202,0.1534653465346535,0.5555036612751804,0.5016580323109783
2023-02,2465,002980,29,0.1611619578193395,0.4191008057595256,0.42756105994404825
2023-02,2465,605001,18,0.08194622279129316,0.23862933215952326,0.36480686695278963
2023-02,2465,603099,23,0.08105369807497453,0.4007759711490294,0.42075025346400796
2023-02,2465,600749,28,0.055374592833876246,0.4889153695926217,0.4275458313747269
2023-02,2465,002420,18,0.09900990099009899,0.4138550786266166,0.3225806451612905
2023-02,2465,001203,29,0.11280487804878037,0.30115919121359785,0.45308841444975295
2023-02,2465,002999,20,0.13976377952755903,0.40459772345204886,0.3161624420823113
2023-02,2465,003003,23,0.1387720773759462,0.5321482761991481,0.48492257538712336
2023-02,2465,603123,15,0.112417340191036,0.4024591233938253,0.49940758293838805
2023-02,2465,003010,30,0.15469613259668513,0.5103768780764701,0.5176336746302617
2023-02,2465,600143,88,0.1441005802707931,0.4424597806640522,0.5352890942884413
2023-02,2465,001238,45,0.1448275862068965,0.4352473935554432,0.3765721794631119
2023-02,2465,600152,17,0.1715620827770361,0.4085124254835227,0.35012408612247636
2023-02,2465,300528,19,0.08695652173913049,0.42182662672776094,0.47885075818036665
2023-02,2465,301087,38,0.14317363611188028,0.5328354823589989,0.3427246450465329
2023-02,2465,300554,16,0.13699607563325011,0.3454221107727924,0.4603914736626354
2023-03,2488,000006,24,0.16780821917808209,0.25708252214259286,0.3517151541467647
2023-03,2488,000012,107,0.1704225352112676,0.48041291666454317,0.5259471645253779
2023-03,2488,000014,35,0.12548262548262534,0.23502909409292347,0.433380084151473
2023-03,2488,300018,122,0.21621621621621623,0.49084596040231226,0.5033925783595533
2023-03,2488,600223,30,0.17557251908396931,0.327929287363335,0.4332939787485243
2023-03,2488,000029,35,0.1273549359457422,0.3757528725404808,0.45538390592575523
2023-03,2488,600859,42,0.17111735769501057,0.48573975464946245,0.5463677569521006
2023-03,2488,301131,35,0.20842286205414684,0.45099324309382366,0.49906413805013994
2023-03,2488,002520,24,0.22636815920398,0.523013684586543,0.4996332571083397
2023-03,2488,300039,17,0.15769712140175218,0.4154668839480239,0.4622478386167145
2023-03,2488,000058,39,0.1758530183727034,0.30088797830716196,0.4422292705029447
2023-03,2488,002550,63,0.15165876777251186,0.4473482886250664,0.4044005739879114
2023-03,2488,600266,23,0.1710261569416498,0.5332427896002627,0.5419075144508675
2023-03,2488,002561,23,0.21283783783783783,0.373216805445777,0.4536690171881885
2023-03,2488,600906,46,0.16129032258064513,0.5125197290929118,0.5042255297679109
2023-03,2488,300632,43,0.1672780630961116,0.5548021507883486,0.48982000590144553
2023-03,2488,300636,63,0.20940438871473355,0.4134801362844237,0.5404622183583279
2023-03,2488,300086,55,0.2088772845953003,0.44692434197803343,0.4152008208736442
2023-03,2488,301193,94,0.2192513368983957,0.44740265999686457,0.5532965316688733
2023-03,2488,002033,45,0.12946859903381647,0.5284740827253476,0.5046171908514142
2023-03,2488,000416,87,0.2252066115702479,0.4555082641523808,0.5427957527588293
2023-03,2488,000419,27,0.1116751269035533,0.37538037941065766,0.5168024439918545
2023-03,2488,002043,16,0.13098464317976521,0.3356401253962389,0.38993560696398744
2023-03,2488,002591,27,0.13730569948186522,0.2845759629557386,0.48187943908213454
2023-03,2488,002621,20,0.20952380952380945,0.3179789609781389,0.4361286848835638
2023-03,2488,000526,39,0.20817843866171004,0.4211279365000585,0.511796733212341
2023-03,2488,000529,25,0.13011152416356886,0.39496215629543624,0.5465465465465463
2023-03,2488,600354,22,0.16239316239316226,0.36970832593847325,0.4993044515103339
2023-03,2488,002094,38,0.1717391304347825,0.40389599002453125,0.5372116158984325
2023-03,2488,000548,37,0.15298507462686572,0.29543299101506515,0.44762560220234004
2023-03,2488,000573,27,0.18918918918918926,0.22468758900876418,0.3474378881987575
2023-03,2488,000597,54,0.13938411669367912,0.4455183497270294,0.45888484891905895
2023-03,2488,601155,36,0.21770682148040632,0.4002913300344451,0.4752613240418119
2023-03,2488,002695,23,0.13517665130568357,0.26585182701417104,0.5112753094712595
2023-03,2488,300755,23,0.15452466514211038,0.47085268446647566,0.5481652176949131
2023-03,2488,603530,30,0.12936848559166159,0.24515221234117648,0.4470398711236413
2023-03,2488,002707,25,0.13298969072164946,0.3769785249100125,0.5299292737622906
2023-03,2488,600463,28,0.12432432432432439,0.3056293514385518,0.4774153224837141
2023-03,2488,601222,53,0.18474374255065562,0.5288086927177631,0.5228549540347299
2023-03,2488,000638,58,0.22019464720194648,0.336430622032126,0.3130832570905766
2023-03,2488,002177,45,0.13157894736842102,0.5557701017183966,0.5268371757925069
2023-03,2488,002732,56,0.1508998615597602,0.5269695778363485,0.5107076085100419
2023-03,2488,300246,60,0.1783876500857633,0.548357023275343,0.40010799136069103
2023-03,2488,000666,27,0.16605166051660525,0.38834852964281397,0.5344684385382058
2023-03,2488,002188,35,0.1800766283524904,0.1845310375974172,0.41263686131386856
2023-03,2488,300267,66,0.160621761658031,0.5033387319526206,0.5117935024477078
2023-03,2488,600515,53,0.1825557809330628,0.45361744065758186,0.49909090909090936
2023-03,2488,688247,17,0.093501326259947,0.333548019740404,0.34890126706249625
2023-03,2488,300817,33,0.20152091254752857,0.46966876611023667,0.45297769602207416
2023-03,2488,601579,48,0.1398271798900237,0.34437587564695726,0.47860499628988357
2023-03,2488,002223,63,0.14125560538116588,0.5279562238245695,0.45357488208710767
2023-03,2488,000728,117,0.17327459618208518,0.4181825537591033,0.5211315295348905
2023-03,2488,000755,41,0.17288135593220344,0.35395185281413827,0.5315601736972706
2023-03,2488,000756,18,0.19985875706214684,0.36300184629131815,0.42108172855431686
2023-03,2488,002820,16,0.16746871992300294,0.2946457420362848,0.36981410111085916
2023-03,2488,002826,65,0.17060810810810811,0.4226154425062566,0.5213374669690599
2023-03,2488,600594,67,0.1509121061359867,0.5154741274686132,0.4999579690652318
2023-03,2488,000797,26,0.16000000000000003,0.2871259225220907,0.3802568622513223
2023-03,2488,603766,91,0.21482889733840305,0.41334496382712427,0.5357142857142856
2023-03,2488,002846,37,0.22443181818181823,0.27764981385232684,0.3663316582914575
2023-03,2488,002290,26,0.11977715877437323,0.3186689841376316,0.48445557683807217
2023-03,2488,300898,21,0.12362768496420051,0.26959949959955287,0.4164822899260946
2023-03,2488,600636,54,0.20017182130584188,0.3718274517582823,0.54391499252864
2023-03,2488,300917,35,0.1866028708133971,0.28471787566560475,0.438032653957582
2023-03,2488,600644,95,0.22246941045606228,0.5075284612651987,0.5002701826434671
2023-03,2488,000863,36,0.1842105263157895,0.28973506845345726,0.41802354709418815
2023-03,2488,002910,27,0.13348416289592757,0.24813674301178373,0.37257876724411654
2023-03,2488,600675,37,0.1282051282051282,0.3991765548368069,0.5172413793103444
2023-03,2488,002923,66,0.16956521739130437,0.5585816071754609,0.4765111304761147
2023-03,2488,002363,36,0.179334916864608,0.48523191065200444,0.40796503156872294
2023-03,2488,300434,23,0.2217228464419475,0.40773403743409614,0.3574975173783515
2023-03,2488,000929,23,0.13943161634103018,0.26551047187314664,0.4405048967440355
2023-03,2488,000948,56,0.20022246941045607,0.4842319382992419,0.4391904704945343
2023-03,2488,002953,29,0.1537717601547388,0.4088375200798481,0.43686818632309243
2023-03,2488,002403,16,0.10845771144278604,0.4574113594743667,0.4897959183673467
2023-03,2488,301009,25,0.14222222222222225,0.3652924060591907,0.5152120808349989
2023-03,2488,688520,43,0.22502587991718426,0.4690627476541104,0.5386569894135594
2023-03,2488,002989,34,0.17985611510791366,0.28215599541677366,0.49426661976785097
2023-03,2488,688557,98,0.209651474530831,0.5562811020583516,0.5423340961098397
2023-03,2488,600774,39,0.16954022988505746,0.4249242685295704,0.5443740935941427
2023-03,2488,001219,26,0.14596949891067534,0.2642851498386726,0.4267897635244574
2023-03,2488,600130,30,0.14512922465208755,0.3101641545463493,0.5224867724867724
2023-03,2488,002441,30,0.11157455683003137,0.37057626424855933,0.546337515176041
2023-03,2488,605090,106,0.22418879056047203,0.2937151046959564,0.3057596586868925
2023-03,2488,301063,49,0.22069722755970356,0.531800437957419,0.4868874881065651
2023-03,2488,605158,107,0.20028011204481788,0.4154755646071615,0.5449264839353785
2023-03,2488,301075,22,0.17713730569948183,0.42068022531467375,0.3269285919128192
2023-03,2488,600168,237,0.22700587084148727,0.37294647810538856,0.5333552821103753
2023-03,2488,603168,60,0.19978401727861772,0.47290281457108274,0.4495200853181657
2023-03,2488,600812,66,0.19305555555555565,0.5351981956909158,0.4387867358164388
2023-03,2488,002474,38,0.17543859649122795,0.3768913951470622,0.49080432770032206
2023-03,2488,001299,43,0.21699819168173595,0.19110965615156367,0.3206377722883456
2023-03,2488,300551,25,0.1622377622377622,0.5057764108609634,0.4809446097724874
2023-03,2488,603182,73,0.18997797356828194,0.4438368386665678,0.422904161664666
2023-03,2488,002486,96,0.17268041237113396,0.40724981582418407,0.5491240017334241
2023-03,2488,001317,28,0.13542126157917955,0.5328041395419999,0.5127387390624724
2023-03,2488,001318,43,0.17636252296387012,0.38734915594526675,0.48539695598519117
2023-04,2507,002494,55,0.23703703703703705,0.3540398017704691,0.5755157729358746
2023-04,2507,002498,119,0.2434607645875252,0.5187879350074233,0.43407822665672346
2023-04,2507,001338,45,0.22517259691980873,0.22803752706598815,0.42334096109839836
2023-04,2507,000019,213,0.25443037974683547,0.25979631329942615,0.37353595020854846
2023-04,2507,300026,88,0.22781065088757402,0.4807148305338223,0.5680280477303482
2023-04,2507,002516,83,0.16730769230769227,0.5313344225944793,0.5078163895250422
2023-04,2507,300585,30,0.23650262780697562,0.3695617265339535,0.2117693889736616
2023-04,2507,605507,102,0.25325013000520025,0.5247764888640126,0.5599340175953083
2023-04,2507,600866,118,0.23737373737373735,0.5558228954300215,0.5541550279329612
2023-04,2507,002524,97,0.14377406931964054,0.46176711261342585,0.5488733252131549
2023-04,2507,000061,218,0.24165341812400642,0.2708238077023443,0.3696469907407407
2023-04,2507,002560,23,0.18322981366459634,0.4482614188584347,0.5718236136487089
2023-04,2507,002030,228,0.21527360192423317,0.5550560716083143,0.494618505578722
2023-04,2507,002031,41,0.25418994413407825,0.3418168228415277,0.5594671741198859
2023-04,2507,002576,15,0.17147523135547094,0.31966146973884646,0.488397193739881
2023-04,2507,600929,151,0.2399103139013452,0.457054392924871,0.5167549938850388
2023-04,2507,300110,88,0.2542694497153699,0.4494295171467523,0.5176470588235295
2023-04,2507,603327,137,0.24691358024691357,0.5807417763675207,0.4389211312963995
2023-04,2507,000517,63,0.2134831460674157,0.41266458069016426,0.5775248933143668
2023-04,2507,000523,79,0.251231527093596,0.5173476647587332,0.4984383302445537
2023-04,2507,600997,136,0.1741071428571429,0.5130568890380515,0.5508816799030821
2023-04,2507,002088,143,0.23218613669413468,0.5605813580503638,0.5371300146671153
2023-04,2507,601009,217,0.2279569892473119,0.5810770596014652,0.5109847505815457
2023-04,2507,000541,131,0.23116438356164382,0.45650960682878156,0.3912668843068485
2023-04,2507,002640,36,0.25436893203883504,0.3669479966132492,0.5733051841426228
2023-04,2507,300698,111,0.2352117605880294,0.4166990114373738,0.5201084836438615
2023-04,2507,002098,81,0.2321167883211679,0.5204399863836686,0.46760070052539404
2023-04,2507,002107,86,0.20147058823529418,0.4579936293734603,0.5715888899279903
2023-04,2507,688136,84,0.246141975308642,0.35896901823410016,0.4376000372954581
2023-04,2507,002658,107,0.21033653846153844,0.5399254642808985,0.5604954336249064
2023-04,2507,002659,54,0.25045045045045045,0.539418147748155,0.5176719170188239
2023-04,2507,002688,119,0.188888888888889,0.3629785598432996,0.578995388750524
2023-04,2507,000619,136,0.23785166240409206,0.42755850727568356,0.45462883698177825
2023-04,2507,002762,21,0.23494983277591974,0.24788690299870947,0.33422858848105047
2023-04,2507,002209,19,0.17395437262357416,0.3054168097247942,0.5241148592138275
2023-04,2507,601599,221,0.2558139534883721,0.471762364010461,0.5079212318626
2023-04,2507,000716,23,0.25450450450450457,0.33438874986247824,0.5452471026241514
2023-04,2507,002226,248,0.23211169284467714,0.49634037448639184,0.5618240554333067
2023-04,2507,000720,205,0.24677419354838714,0.530320861368602,0.5251045009947526
2023-04,2507,600546,116,0.2401715511079342,0.5530574703029107,0.5500028928488774
2023-04,2507,002235,20,0.23095238095238102,0.2946005095899387,0.4410646387832701
2023-04,2507,603696,82,0.24602432179607103,0.5517062720826649,0.5581864948676648
2023-04,2507,300332,144,0.24471086036671363,0.4340830875058787,0.5756405756405757
2023-04,2507,603726,118,0.2469922151450814,0.31858964491841674,0.40031031807602785
2023-04,2507,300340,16,0.15909090909090906,0.38317476023334857,0.48860854829598965
2023-04,2507,000796,60,0.2324324324324325,0.45443926332818313,0.5810584958217272
2023-04,2507,002279,19,0.2134831460674158,0.30394223149766036,0.5467625899280577
2023-04,2507,002285,59,0.2359882005899706,0.4527247598978901,0.553957393873426
2023-04,2507,002863,43,0.22595419847328235,0.30843482741401557,0.5541857461547491
2023-04,2507,601952,212,0.24833209785025945,0.31766189277824564,0.36551910914275715
2023-04,2507,600628,221,0.23779724655819778,0.16812044287379088,0.3010033444816053
2023-04,2507,600649,224,0.2302325581395348,0.28929919016231104,0.3796182266009851
2023-04,2507,000880,110,0.23716381418092902,0.34429071627245356,0.41210519946754903
2023-04,2507,000885,133,0.23513513513513506,0.4914108411745111,0.5715163041945664
2023-04,2507,600660,194,0.23648826786185073,0.5465577038266262,0.5327707099970608
2023-04,2507,002339,32,0.19288174512055112,0.3600580890774292,0.46372475691847426
2023-04,2507,603015,151,0.24876847290640391,0.237808021186303,0.35498808445773755
2023-04,2507,600683,100,0.24,0.3423632519843706,0.4414261460101867
2023-04,2507,002927,24,0.16830188679245284,0.28916532409375406,0.5291280148423002
2023-04,2507,600698,219,0.2464539007092198,0.28707641497528014,0.4365258924082453
2023-04,2507,603056,55,0.2290039062500001,0.5641369034997059,0.5316379988259659
2023-04,2507,000937,206,0.23847695390781565,0.43144444616197225,0.5355750826199775
2023-04,2507,600705,37,0.20088300220750555,0.472906440913269,0.45855379188712475
2023-04,2507,603057,81,0.24502193722578458,0.2900145951632066,0.546056339373561
2023-04,2507,002379,130,0.2331288343558282,0.3168476418624345,0.46179373723621503
2023-04,2507,600062,85,0.2427802251590797,0.4523774633460829,0.4532146495790657
2023-04,2507,002389,94,0.23233143785540222,0.5752329846645594,0.5550714512543664
2023-04,2507,600720,204,0.24870466321243534,0.28971478860695915,0.4749305480668997
2023-04,2507,600721,106,0.2499999999999999,0.3394885377349333,0.4926640254255737
2023-04,2507,600724,223,0.25445292620865134,0.19326184316061082,0.34590662304201697
2023-04,2507,000981,84,0.13366336633663367,0.4646572184622359,0.5066193530776582
2023-04,2507,300485,82,0.24255628177196809,0.5197187012382293,0.4845694375311101
2023-04,2507,600106,117,0.2521294718909711,0.5789989375793583,0.5774174967335871
2023-04,2507,600758,212,0.25514403292181076,0.33823026531332684,0.43730336189326624
2023-04,2507,001206,113,0.25,0.5670906870402898,0.48168742005377607
2023-04,2507,003011,126,0.2401343408900083,0.5546278797164074,0.5587585169655673
2023-04,2507,600798,245,0.24611973392461195,0.2957072238797346,0.38409667427245725
2023-04,2507,003041,127,0.24491094147582704,0.496014394120107,0.565238480194018
2023-04,2507,600824,237,0.25298329355608606,0.21726798330429678,0.3448881656202902
2023-04,2507,600190,27,0.19537275064267356,0.5060262422662969,0.5152284263959394
2023-05,2527,603200,37,0.225309961522018,0.3162877232062713,0.5572829466634781
2023-05,2527,002792,19,0.18570254724732949,0.5539650953139641,0.5596162631338513
2023-05,2527,002649,26,0.1586206896551725,0.40601200388914527,0.5754690894726447
2023-05,2527,002651,81,0.2622020431328037,0.5372405910507362,0.56988806988807
2023-05,2527,600221,92,0.15508021390374338,0.48538422013125376,0.5552308591466983
2023-05,2527,300584,86,0.2569444444444444,0.3644290077318742,0.38825825337453246
2023-05,2527,603214,79,0.22250380131779024,0.5505859588745174,0.5755307399680941
2023-05,2527,002952,118,0.2586652871184686,0.5004772280754436,0.5765087397520604
2023-05,2527,002388,102,0.2617924528301887,0.41971406025591107,0.5228352210449396
2023-05,2527,002665,145,0.26582278481012667,0.335767552586333,0.39551832916349394
2023-05,2527,002259,52,0.08839779005524873,0.36131836556791597,0.4899551958375479
2023-05,2527,300869,90,0.25789096126255373,0.361038006255708,0.3593534781821101
2023-05,2527,300738,20,0.14310954063604253,0.3896873539648584,0.5034782608695649
2023-05,2527,603238,99,0.1975510204081633,0.5639546211570375,0.5277353870177807
2023-05,2527,603089,159,0.24123711340206178,0.581517824171581,0.5884651001273297
2023-05,2527,600095,49,0.25024061597690095,0.5054795101706537,0.5241935483870971
2023-05,2527,301316,27,0.22831215970961882,0.4054594121351482,0.5653575791560691
2023-05,2527,002686,66,0.24207858048162223,0.39348439933923235,0.5747841642684918
2023-05,2527,688172,23,0.1932550208412278,0.5624308374993183,0.5748340374170187
2023-05,2527,000599,67,0.24660194174757288,0.5713047117351469,0.5801282051282053
2023-05,2527,002836,122,0.2322053675612602,0.4500313462098622,0.5602079844011699
2023-05,2527,605001,80,0.26376440460947503,0.2276121856672443,0.35210074542579617
2023-05,2527,600185,53,0.25416666666666665,0.3099163408789101,0.47105788423153705
2023-05,2527,000090,242,0.2643478260869564,0.5505766772676335,0.4877347062386432
2023-05,2527,002695,62,0.2181259600614439,0.26213507803364144,0.5869261244465159
2023-05,2527,000801,135,0.2565632458233891,0.2781744551927155,0.40689230769230766
2023-05,2527,600108,237,0.26315789473684215,0.2709154016704517,0.3239760017776463
2023-05,2527,000608,94,0.2586206896551724,0.35375025548179395,0.5182244863655762
2023-05,2527,600272,128,0.2647569444444443,0.45866227438294493,0.5254376759951987
2023-05,2527,300895,24,0.24570219518645864,0.37722715165836995,0.5856531732856592
2023-05,2527,003002,117,0.26220614828209765,0.3302919288220923,0.5069620612623529
2023-05,2527,300227,43,0.19146482122260666,0.36675968604092085,0.561417827785227
2023-05,2527,001216,160,0.24229691876750692,0.41487011447851263,0.5661905412793877
2023-05,2527,002716,112,0.2005649717514124,0.4281467071309713,0.5456692913385823
2023-05,2527,600626,242,0.2575406032482598,0.3161760778054973,0.48237793090280506
2023-05,2527,002877,28,0.15176715176715172,0.290304886321395,0.4358752846933164
2023-05,2527,300383,16,0.14321192052980136,0.44405538267356526,0.5629618487110546
2023-05,2527,300106,98,0.21118012422360244,0.55892399357888,0.5868623259575939
2023-05,2527,002452,161,0.2635561160151324,0.2929216495261606,0.4594589343195227
2023-05,2527,300249,22,0.25020920502092037,0.45013671650439313,0.5723828410395573
2023-05,2527,300109,127,0.2587268993839835,0.4300905896656855,0.5699249642170398
2023-05,2527,300250,22,0.20955056179775278,0.38858160594738134,0.55616365411354
2023-05,2527,600495,232,0.26106194690265483,0.5616234217465919,0.5664510496448268
2023-05,2527,603648,241,0.2656084656084655,0.2137382378678274,0.3259181645891949
2023-05,2527,688228,20,0.11117936117936134,0.5515272654382264,0.5614171192138607
2023-05,2527,300927,55,0.21895424836601307,0.44449762882755856,0.5655241525940169
2023-05,2527,605169,163,0.25806451612903236,0.27833311248430154,0.41273035498255817
2023-05,2527,000505,231,0.265625,0.1626299050565571,0.27308087951652316
2023-05,2527,002059,84,0.2624544349939246,0.5387391147370786,0.5423156770144106
2023-05,2527,002195,25,0.14506172839506182,0.3579186874121007,0.518053375196233
2023-05,2527,002467,75,0.26127527216174184,0.3814424084594688,0.5442925244905442
2023-05,2527,603883,90,0.24722875377897213,0.5247144856244169,0.5477645826056585
2023-05,2527,002616,164,0.26102941176470607,0.4074355969836215,0.49097518704823095
2023-05,2527,600333,151,0.26433121019108285,0.33131618787282585,0.38512956936248366
2023-05,2527,002767,73,0.2180602006688963,0.4584307050844449,0.5655718242975863
2023-05,2527,001301,40,0.20022992910519244,0.3816237684605146,0.40543828500032947
2023-05,2527,600822,243,0.26354166666666656,0.2813971437298128,0.4157321899736146
2023-05,2527,603182,112,0.25660792951541855,0.34155117694124965,0.36068211068211087
2023-05,2527,605268,67,0.2366634335596508,0.4157474343078303,0.5403427659096762
2023-05,2527,002627,95,0.14260563380281688,0.5504514744089023,0.5443386486176435
2023-05,2527,600191,143,0.19426751592356695,0.5582536729687441,0.58598330940853
2023-06,2547,002096,97,0.22288706058339558,0.3310341500574492,0.5547707340043561
2023-06,2547,000017,111,0.2438095238095238,0.475447714217122,0.5786802030456856
2023-06,2547,300579,23,0.17682020802377418,0.414351860823745,0.5176426775905407
2023-06,2547,600853,28,0.22619047619047616,0.34518013293899913,0.4766548823601121
2023-06,2547,300026,128,0.24408284023668636,0.4651110397106154,0.5641069012178619
2023-06,2547,603387,123,0.17505634861006758,0.506364911983757,0.5714715140989134
2023-06,2547,000029,94,0.24792765636774672,0.3438273546281649,0.604234120424646
2023-06,2547,600566,123,0.23613138686131385,0.5020476872334808,0.5690177348942619
2023-06,2547,600571,93,0.2572431957857769,0.3766445921741556,0.5520840780724959
2023-06,2547,300317,46,0.24233576642335752,0.42751212263033717,0.59640746683364
2023-06,2547,601728,31,0.16117850953206236,0.4203836823753348,0.5269975672174654
2023-06,2547,000045,88,0.21267361111111105,0.24716454135005644,0.5519226303042365
2023-06,2547,603439,26,0.1584429824561403,0.5395793730415387,0.5700824499411073
2023-06,2547,601828,79,0.22146507666098803,0.32174024317441907,0.4975751697381188
2023-06,2547,600594,126,0.207395498392283,0.5652624252372259,0.5891711909721652
2023-06,2547,301178,46,0.21298910851149644,0.4486131023961598,0.6043483411711982
2023-06,2547,000153,112,0.17385257301808066,0.23931843886193555,0.2939331970006816
2023-06,2547,300760,123,0.16602209090065279,0.520459374086659,0.5878847917272771
2023-06,2547,002296,154,0.23175965665236054,0.5373410528845701,0.6035594095295588
2023-06,2547,603117,16,0.05989583333333337,0.25809816239023814,0.39779005524861916
2023-06,2547,002435,122,0.2593220338983051,0.5474354456103938,0.5772811918063314
2023-06,2547,600774,98,0.16954022988505746,0.41396060276516267,0.5964965028325473
2023-06,2547,002722,86,0.20401554404145084,0.47032909145821516,0.5856349945980722
2023-06,2547,600778,185,0.26005025125628145,0.5712722685344437,0.5317296639394145
2023-06,2547,600938,26,0.10577507598784186,0.4583506218519432,0.5999478306234234
2023-06,2547,600941,22,0.11225964210292316,0.5315644807093186,0.5527834425304808
2023-06,2547,300785,16,0.23419495484272812,0.5446993013192305,0.5295809881175733
2023-06,2547,600138,83,0.2496878901373284,0.5035985439144017,0.5530506670931472
2023-06,2547,300105,99,0.2654088050314466,0.5817765126972113,0.5061692969870877
2023-06,2547,300655,17,0.14129520605550883,0.32981939781580843,0.4751946607341487
2023-06,2547,600355,172,0.2606516290726817,0.40187998511884215,0.6005110732538332
2023-06,2547,001255,38,0.2210876803551608,0.43671029850274556,0.5292149490132503
2023-06,2547,600794,184,0.2601431980906922,0.48473719352276373,0.5867300612484111
2023-06,2547,603860,27,0.16231884057971013,0.42931319956515174,0.5289961232198203
2023-06,2547,003030,142,0.23731699012597895,0.5770830373658994,0.44205283796548084
2023-06,2547,000506,18,0.14022988505747114,0.27066118849106724,0.4184941520467834
2023-06,2547,000513,132,0.20705477487811874,0.5786308722068908,0.5734624931053498
2023-06,2547,601500,183,0.21261682242990654,0.5022219346024301,0.5879884004884008
2023-06,2547,601512,30,0.10832383124287337,0.4203934854084557,0.5824468085106386
2023-06,2547,688619,39,0.25296208530805686,0.4542786805802907,0.47256894049346854
2023-06,2547,601007,83,0.26454033771106944,0.4709649282949522,0.547734326505276
2023-07,2568,600833,21,0.18597997138769673,0.538110421380404,0.426465098917507
2023-07,2568,600839,24,0.20990099009900987,0.4288474899524332,0.4224569205113959
2023-07,2568,300017,27,0.22744599745870397,0.32923542582286575,0.4261766422951822
2023-07,2568,300578,38,0.20444444444444454,0.4604274296132854,0.5745031764130967
2023-07,2568,600854,15,0.14506769825918764,0.4515605034198674,0.5153782211138812
2023-07,2568,688659,16,0.2411137440758293,0.4962166457321027,0.5193409742120344
2023-07,2568,300031,15,0.18404390037990725,0.31907691426187207,0.397818832912835
2023-07,2568,605577,29,0.17684377478191904,0.360482203272821,0.5597435230915866
2023-07,2568,603230,31,0.14874141876430202,0.41191441850957256,0.5267678213569996
2023-07,2568,001872,33,0.09604863221884496,0.49805574108421213,0.5569160997732431
2023-07,2568,600248,49,0.1519999999999999,0.5368988790429174,0.46910755148741434
2023-07,2568,688012,23,0.19047619047619047,0.5039759933443353,0.4721433959553139
2023-07,2568,000065,34,0.14445828144458273,0.33992394625720895,0.5716539509200942
2023-07,2568,603258,16,0.13543349488422185,0.41185390528898663,0.3227309023156771
2023-07,2568,600892,21,0.15946348733233984,0.5141930548074779,0.4521105635311762
2023-07,2568,002015,17,0.11249999999999993,0.3559099284510052,0.31226295828065725
2023-07,2568,300075,28,0.24751243781094534,0.4125893482644895,0.5131851303367384
2023-07,2568,000503,28,0.16172106824925814,0.4128087857746974,0.5807791463763965
2023-07,2568,688082,22,0.1476474719101124,0.39411567812446535,0.5414642989327068
2023-07,2568,600326,15,0.1003861003861003,0.29166845748368647,0.5240813936466102
2023-07,2568,002065,31,0.2144607843137255,0.4759235489096078,0.5337596388941132
2023-07,2568,600986,31,0.214864864864865,0.46086284379669146,0.5098936937501959
2023-07,2568,688981,34,0.14351687388987566,0.3740193009360459,0.45601688951442626
2023-07,2568,300133,27,0.23923444976076547,0.43034000033900505,0.44542976853923455
2023-07,2568,600339,34,0.14492753623188404,0.29079018437922405,0.4903581267217627
2023-07,2568,600345,28,0.17964824120603007,0.4629183290458079,0.46255983450797367
2023-07,2568,002095,29,0.21078431372549022,0.48841426088116063,0.49879504023010834
2023-07,2568,002644,39,0.14186046511627903,0.4109722801229214,0.4914004914004909
2023-07,2568,601019,15,0.0777511961722488,0.26775280366193666,0.48793997683669943
2023-07,2568,600373,25,0.12882447665056362,0.42115036165037,0.414772928079166
2023-07,2568,688128,20,0.16977225672877838,0.341211959153036,0.5203187083482248
2023-07,2568,002131,52,0.15040650406504075,0.503218418337885,0.5791298111403298
2023-07,2568,002681,31,0.11742424242424243,0.41223103261121047,0.5258033106134373
2023-07,2568,300213,31,0.16666666666666663,0.38699784970407614,0.5014985014985013
2023-07,2568,601186,35,0.1523809523809524,0.4646763619802596,0.5520609170667107
2023-07,2568,002153,26,0.25074096028452875,0.44873839275258276,0.49550545240200417
2023-07,2568,000617,35,0.1394101876675603,0.34897247326475084,0.4665293859501061
2023-07,2568,603533,25,0.2518662771827328,0.4947906885519518,0.4378916328787324
2023-07,2568,002712,21,0.10572687224669597,0.34493554933705994,0.38065382892969096
2023-07,2568,300232,18,0.1758118701007838,0.5002827811415428,0.5338405036726124
2023-07,2568,300235,17,0.10521885521885521,0.22659659709298183,0.3251928490476364
2023-07,2568,600479,33,0.16607773851590113,0.5158630268096358,0.44006203002018923
2023-07,2568,300788,20,0.15356151711378352,0.37244291562377846,0.3960041747428062
2023-07,2568,601326,15,0.07594936708860767,0.3722401709012355,0.523083019615614
2023-07,2568,603598,30,0.24194815396700708,0.48412208271459295,0.5451287189764146
2023-07,2568,300793,27,0.19549218031278748,0.41081794573954294,0.48212092261498546
2023-07,2568,688220,30,0.12949810606060608,0.3463578287501385,0.5420144157814875
2023-07,2568,300251,30,0.18526543878656565,0.46762677007838244,0.47688311688311685
2023-07,2568,688222,40,0.24083769633507857,0.525652050886712,0.5214858829393197
2023-07,2568,600498,27,0.21483841602184794,0.42982606824717146,0.5550801528894973
2023-07,2568,000676,28,0.24788391777509067,0.45114553263371293,0.5214657415437989
2023-07,2568,002195,66,0.1631419939577039,0.31534828689247657,0.5640589569161
2023-07,2568,002757,27,0.22568807339449548,0.5398114239614535,0.5695187165775399
2023-07,2568,002215,50,0.1382113821138211,0.42120926220081073,0.5003173259995773
2023-07,2568,688258,24,0.1882545528954368,0.5304830940905688,0.375367107195301
2023-07,2568,601599,15,0.12776412776412782,0.4328061922158381,0.5465212021407988
2023-07,2568,603660,48,0.21303258145363413,0.4705518935120497,0.5806658587010766
2023-07,2568,688268,40,0.17790834312573445,0.3315739778176317,0.5134055038445975
2023-07,2568,300292,31,0.17169373549883982,0.4829103549017269,0.567573513236049
2023-07,2568,002792,20,0.22717622080679412,0.4667855937679894,0.523207337409672
2023-07,2568,300303,19,0.16390728476821192,0.37218926721685763,0.4133430021754899
2023-07,2568,300848,73,0.21750805585392052,0.5484897220299388,0.5737327188940093
2023-07,2568,002803,29,0.24755120213713278,0.36030545961598026,0.4129861780777886
2023-07,2568,601811,15,0.11094564408041696,0.42885624050983945,0.5289320388349515
2023-07,2568,002280,32,0.18356164383561646,0.39486514087180075,0.43190362269309623
2023-07,2568,300884,35,0.20310192023633677,0.4573321933624656,0.5758556891766883
2023-07,2568,002858,18,0.1851063829787235,0.4195980185215872,0.5100597750942364
2023-07,2568,601928,25,0.12103746397694526,0.4320045753549464,0.4598025387870243
2023-07,2568,002864,29,0.23088192206270153,0.35931900043973675,0.429177863457569
2023-07,2568,300374,19,0.1973404255319149,0.4621034014587424,0.4862948960302457
2023-07,2568,600636,26,0.20375722543352603,0.3037487102808471,0.3924011211460601
2023-07,2568,600637,36,0.13909774436090228,0.5440878980991106,0.5611539221497724
2023-07,2568,600640,35,0.2143364088005677,0.5188046719924737,0.5187605187605185
2023-07,2568,300383,57,0.2207062600321027,0.40594423535541957,0.5445557999945682
2023-07,2568,002888,38,0.15196998123827388,0.351204143080394,0.5311247662302964
2023-07,2568,600651,28,0.14155251141552516,0.32619141649133526,0.5799755799755799
2023-07,2568,300943,19,0.13813459268004735,0.45107949702515526,0.4695026799647194
2023-07,2568,000892,38,0.16969696969696968,0.5021479507914497,0.5821205821205823
2023-07,2568,002343,24,0.13967861557478367,0.5185314279162421,0.46082672434510924
2023-07,2568,300959,36,0.18072890664003993,0.3369422694819194,0.5261805096570459
2023-07,2568,688425,44,0.18587360594795543,0.45554984489614775,0.5352160792575297
2023-07,2568,603912,28,0.22299049265341397,0.4501280510412345,0.4414323459282967
2023-07,2568,300434,15,0.09139375476009148,0.23624433349529153,0.34834834834834844
2023-07,2568,688475,19,0.1907854050711194,0.39869410448926523,0.5254164886800515
2023-07,2568,603061,38,0.2143528674396742,0.4354474352059559,0.28460543337645505
2023-07,2568,000950,20,0.10291858678955457,0.41673969666176386,0.45126175160811455
2023-07,2568,300987,28,0.23076923076923073,0.39088593669749827,0.4707865371094806
2023-07,2568,002401,17,0.22836363636363644,0.42157778293520987,0.46641443073725725
2023-07,2568,300469,17,0.1887966804979253,0.32987652235899906,0.47066394937251965
2023-07,2568,301010,45,0.1696178937558248,0.42744849888271835,0.5801554310500631
2023-07,2568,300479,72,0.23267326732673255,0.41576805884930035,0.5663707609144366
2023-07,2568,603999,30,0.2128777923784494,0.5025156225049003,0.5208555823391204
2023-07,2568,000989,21,0.14080000000000004,0.36819848961831775,0.4451965633949493
2023-07,2568,600100,26,0.24920466595970303,0.37143914561569263,0.4233711421788448
2023-07,2568,003016,78,0.23385689354275752,0.35443799592009395,0.5454270139309509
2023-07,2568,301052,16,0.19088766692851533,0.5079608088893593,0.36052751769810426
2023-07,2568,300516,18,0.20326128175957525,0.4407616416657928,0.35820623442911825
2023-07,2568,688609,17,0.22466960352422893,0.47077289962584357,0.4717670389312182
2023-07,2568,600825,29,0.18511796733212338,0.4011604835766784,0.48694424841213846
2023-07,2568,300002,17,0.22086389568052156,0.4936488840260737,0.429546838770342
2023-07,2568,002491,21,0.15099715099715094,0.3999517360986516,0.5791505791505791
2023-08,2591,300011,37,0.18111254851228986,0.3661339690019884,0.5824714207947741
2023-08,2591,000021,22,0.19630010277492294,0.3725907817320361,0.5542134432286486
2023-08,2591,300024,24,0.1471643933955491,0.29855087182180856,0.5172567954220315
2023-08,2591,603211,21,0.13054830287206265,0.2716091884423484,0.4686811303198004
2023-08,2591,300585,22,0.16526054590570716,0.4254397737562185,0.4915725630801188
2023-08,2591,002519,33,0.17100977198697065,0.26142612962592465,0.49556405211774757
2023-08,2591,300592,36,0.1915204678362573,0.31351403732314503,0.47234707664049885
2023-08,2591,605588,21,0.12861342479176874,0.5228113108586095,0.5163376826140293
2023-08,2591,605580,18,0.08508771929824566,0.19333083575577875,0.4506699147381239
2023-08,2591,300600,30,0.23882896764252692,0.4871971744707984,0.5707801515254928
2023-08,2591,002546,16,0.10642570281124497,0.17098024094599662,0.46636517806670447
2023-08,2591,300615,32,0.14058823529411768,0.3147070148434005,0.577844121562819
2023-08,2591,688700,20,0.2168413444163354,0.4987150926230641,0.5768834292586547
2023-08,2591,002560,107,0.2165413533834587,0.4786659070534071,0.6041630369057014
2023-08,2591,002577,32,0.21450151057401812,0.3175891850529462,0.5786053576162264
2023-08,2591,300643,20,0.09644268774703557,0.30754530083960036,0.5968013468013469
2023-08,2591,301199,28,0.15589743589743588,0.33200697339859,0.6028899364623898
2023-08,2591,002599,27,0.23579201934703742,0.5074376049083815,0.6001714775650184
2023-08,2591,301226,22,0.13248039620305407,0.2842623523813254,0.4266900790166813
2023-08,2591,600982,22,0.09790209790209792,0.3645142126948282,0.5974025974025967
2023-08,2591,688088,44,0.23822975517890765,0.4205932483243839,0.5771614045441135
2023-08,2591,300684,33,0.22571290478492034,0.20720065408688165,0.3803301747112823
2023-08,2591,300148,37,0.21590909090909105,0.2975543784631696,0.3476756756756757
2023-08,2591,601098,53,0.17754569190600533,0.532029074165279,0.5922648779791638
2023-08,2591,301297,57,0.23405119869971547,0.3124238928474907,0.5702433916046747
2023-08,2591,002668,30,0.1874298540965208,0.39751869156076375,0.5896358543417364
2023-08,2591,300729,30,0.1890055589870291,0.4207294881141794,0.5703463334016914
2023-08,2591,301312,24,0.2401500938086304,0.354472263515785,0.5571531272465855
2023-08,2591,000600,21,0.18035190615835783,0.26174626319197924,0.45380875202593235
2023-08,2591,603518,35,0.21463414634146338,0.5058816005441547,0.6031746031746031
2023-08,2591,601177,30,0.19946571682991987,0.5114123032106718,0.6077734782551273
2023-08,2591,002167,91,0.23452380952380958,0.39902838995846424,0.6124172695949842
2023-08,2591,301361,30,0.244,0.44928123809161163,0.5466653797895952
2023-08,2591,300236,60,0.22688068998562527,0.33069892625644104,0.6050291500057232
2023-08,2591,300238,37,0.2005157962604771,0.45779852541357685,0.5809317291550083
2023-08,2591,600495,32,0.18471337579617841,0.46259549108531,0.6068393782383421
2023-08,2591,601333,24,0.11214953271028039,0.26331994448309565,0.45265689919090313
2023-08,2591,300805,55,0.17849462365591406,0.3948884399268667,0.5781306387585711
2023-08,2591,300812,16,0.16300366300366287,0.5248957656841385,0.5929558626839055
2023-08,2591,300270,25,0.17396745932415525,0.3943711548243005,0.5239985564778062
2023-08,2591,002213,16,0.12090163934426235,0.1944864826877798,0.5759537457995656
2023-08,2591,300288,25,0.14028169014084513,0.25626695203013755,0.3373020207536865
2023-08,2591,300836,30,0.15283400809716619,0.38040187715200285,0.58442348646182
2023-08,2591,002238,134,0.23508353221957046,0.45748226610665216,0.5904483552017907
2023-08,2591,603683,23,0.10769230769230775,0.28477286673897617,0.5738617753029804
2023-08,2591,300847,22,0.15380549682875266,0.26629254633772353,0.41012605152126613
2023-08,2591,300306,61,0.21405492730210018,0.37942396558660585,0.6085826751395714
2023-08,2591,300315,28,0.17171717171717182,0.35248647916340886,0.4753500411813156
2023-08,2591,601801,28,0.11725955204216065,0.3124665904480054,0.45936186586159944
2023-08,2591,002276,27,0.1412180052956752,0.2941433239231893,0.5794351140209376
2023-08,2591,002835,24,0.1269841269841271,0.3341787861972383,0.6141793628808865
2023-08,2591,002837,41,0.22356902356902364,0.409382305833759,0.6060736592720225
2023-08,2591,300880,16,0.2061198470038249,0.36319920120645344,0.38821229890242076
2023-08,2591,300882,18,0.1250744490768314,0.2384699385066797,0.3471728758501676
2023-08,2591,002845,22,0.14194373401534532,0.4975537622101799,0.567821525335793
2023-08,2591,300360,30,0.20958083832335328,0.41542658951600625,0.5628775398132893
2023-08,2591,300901,30,0.14336917562724016,0.48949265092841027,0.4264210289822512
2023-08,2591,601921,50,0.20938215102974833,0.5466835168609826,0.5316099442330743
2023-08,2591,601949,25,0.19696969696969702,0.5116417558761835,0.5555068397053667
2023-08,2591,688358,35,0.22086314331871681,0.4637985190550947,0.5032611804426834
2023-08,2591,002315,26,0.23298895618097615,0.36298233835619054,0.5228944924637475
2023-08,2591,002342,136,0.24615384615384617,0.5444801870076268,0.5831490490933214
2023-08,2591,603018,58,0.148738379814077,0.4909773995495177,0.5474062833698649
2023-08,2591,002351,37,0.21175830157866093,0.41046978201388923,0.49993803445284396
2023-08,2591,002354,29,0.1762962962962964,0.2871627595821889,0.48469843538630386
2023-08,2591,600685,36,0.21569293478260876,0.3674874681236172,0.5161886398328913
2023-08,2591,600686,23,0.21084337349397597,0.43465862914181225,0.4007561436672968
2023-08,2591,600037,77,0.2352371732817038,0.4347276990507161,0.5495349245349248
2023-08,2591,600706,38,0.2352320675105486,0.46106505824226895,0.5564200499834957
2023-08,2591,300444,27,0.1409691629955947,0.27140804248088873,0.41012495994873427
2023-08,2591,603058,56,0.23349753694581277,0.3891076080627368,0.5401065719360569
2023-08,2591,300990,37,0.24379829198861325,0.3924542221801072,0.528676099039919
2023-08,2591,000957,21,0.22756933115823808,0.43442033727309526,0.5316593886462884
2023-08,2591,603070,27,0.18094731240021278,0.4225635153185038,0.5463332632906072
2023-08,2591,600072,25,0.1972111553784861,0.2697064383262258,0.41087310534886634
2023-08,2591,002962,18,0.1365430149960537,0.36979609135477176,0.6010774028919764
2023-08,2591,000966,35,0.17173524150268338,0.3349555728795511,0.5067567567567566
2023-08,2591,301001,29,0.16832021895313043,0.406998797438112,0.5782440791497212
2023-08,2591,300466,32,0.1516936671575847,0.25270873373809605,0.5449326132438084
2023-08,2591,300467,31,0.2172019597169298,0.34386974410474014,0.46931937684951963
2023-08,2591,600088,24,0.13715046604527292,0.4150411833399754,0.5369649805447472
2023-08,2591,603095,201,0.23407917383820986,0.5246195424914298,0.609625668449198
2023-08,2591,002983,31,0.16626851409460108,0.30659774366778086,0.5746645244506796
2023-08,2591,603097,16,0.12750809061488666,0.1947551346982636,0.5427337701012508
2023-08,2591,000993,22,0.155109489051095,0.284398547248781,0.4800152992924079
2023-08,2591,300491,27,0.16529516994633275,0.261105976111108,0.5282933137604414
2023-08,2591,600757,29,0.10553410553410547,0.34036971552697537,0.5039517959151735
2023-08,2591,605028,19,0.09494725152692951,0.25894193164924545,0.5093211639161831
2023-08,2591,003010,25,0.12467866323907462,0.34877128874935837,0.5013698630136987
2023-08,2591,300508,29,0.19572319572319585,0.369257890856363,0.5319371055040714
2023-08,2591,301048,34,0.21715610510046357,0.37653874484474875,0.5821127490227477
2023-08,2591,605118,14,0.09483368719037522,0.20460093736029905,0.5045477947485841
2023-08,2591,605162,17,0.15637860082304544,0.39941225149442333,0.5641492265696083
2023-08,2591,300545,27,0.16729607250755285,0.4327759157615179,0.6063818509487965
2023-08,2591,300001,35,0.1501199040767387,0.24152796827749368,0.5028225732306052
2023-08,2591,300559,33,0.16604010025062654,0.32997712689266556,0.543277082199238
2023-09,2611,001323,17,0.09793814432989689,0.45345978691720085,0.40029133284777724
2023-09,2611,301107,18,0.08884803921568629,0.438706627777736,0.5777027027027029
2023-09,2611,000014,19,0.17563739376770526,0.35675819779787127,0.3290358628396412
2023-09,2611,000020,33,0.09845402766476807,0.3123685180742359,0.5444991916236814
2023-09,2611,300579,87,0.1973341060562156,0.42866244363027795,0.5988059979051636
2023-09,2611,000026,158,0.16765957446808522,0.3715300575229829,0.591151575716051
2023-09,2611,600225,22,0.14154411764705888,0.3930027105301186,0.5669721637160586
2023-09,2611,301138,33,0.13920099875156056,0.3068681854702716,0.5760119558650514
2023-09,2611,688678,12,0.11155778894472357,0.3973274558254797,0.6016129032258066
2023-09,2611,002536,17,0.13738738738738743,0.421252903698196,0.4736196319018404
2023-09,2611,002553,14,0.12019230769230771,0.40386532341869935,0.4330285099515867
2023-09,2611,688025,12,0.15531704909943256,0.4657839460089488,0.5658676768336486
2023-09,2611,000099,44,0.13758389261744963,0.2690688730507909,0.5320699708454812
2023-09,2611,301185,26,0.1935719503287071,0.5549558074527697,0.6049087371056727
2023-09,2611,600283,36,0.20267686424474196,0.361388822941382,0.538571428571429
2023-09,2611,301192,18,0.1138014527845036,0.216751012241637,0.4876178793222419
2023-09,2611,603307,94,0.21561230412071963,0.41530536917783323,0.578944307956214
2023-09,2611,301211,50,0.1967488789237668,0.4540726778190643,0.56003726129483
2023-09,2611,600310,31,0.14634146341463405,0.17067337856683706,0.34859215098065277
2023-09,2611,301215,44,0.15230769230769237,0.38038341185900887,0.5864982057416269
2023-09,2611,002051,76,0.2218543046357616,0.31066480013243153,0.5619555701121769
2023-09,2611,002052,94,0.1875,0.4611380488155795,0.33537414965986334
2023-09,2611,300660,14,0.11568276684555756,0.42106128543729227,0.5014655282273478
2023-09,2611,000503,71,0.2314540059347182,0.3817943004611521,0.6061642517860427
2023-09,2611,300116,16,0.1454545454545455,0.38618158270803155,0.4646596858638748
2023-09,2611,000513,196,0.2079633342881695,0.5444971423822527,0.5800985934914503
2023-09,2611,300127,14,0.11538461538461542,0.41893521665868527,0.519064124783362
2023-09,2611,301230,20,0.1408193123628384,0.5281316765344348,0.6035580935646827
2023-09,2611,002068,14,0.1285591026747196,0.28675766031241995,0.5110555662372619
2023-09,2611,300675,20,0.17630544637843903,0.35303709955569756,0.5514527845036316
2023-09,2611,300141,47,0.1650390625,0.3303567827310477,0.5950981544610323
2023-09,2611,603357,46,0.18155053974484792,0.420319102300878,0.4832460887824209
2023-09,2611,000539,38,0.19257221458046758,0.35871456240752964,0.5564784053156147
2023-09,2611,002638,44,0.17125382262996947,0.22758425898013873,0.38014783526927115
2023-09,2611,688118,21,0.18577648766328003,0.49402248480990213,0.5220701303284679
2023-09,2611,300155,13,0.10616438356164382,0.5110990132244247,0.5000000000000002
2023-09,2611,300700,13,0.08944954128440363,0.400289997981017,0.5388054568382439
2023-09,2611,601065,17,0.13585209003215426,0.4623541213178132,0.34512510785159595
2023-09,2611,000581,12,0.04618473895582331,0.44388875065916866,0.5437499999999995
2023-09,2611,300189,19,0.09836065573770503,0.3507250928424321,0.4397068620919387
2023-09,2611,301311,35,0.17936210131332075,0.3211422975866569,0.4878494061070234
2023-09,2611,300756,46,0.15508771929824572,0.5017821743886896,0.5981869547263061
2023-09,2611,601179,94,0.1915641476274167,0.38956913813647076,0.5941291334549762
2023-09,2611,600468,15,0.09074733096085408,0.409603642985948,0.44692737430167606
2023-09,2611,601279,12,0.06473594548551953,0.4104225598625475,0.5718475073313785
2023-09,2611,301366,27,0.18294460641399413,0.4783487047100865,0.5086404221488355
2023-09,2611,600482,42,0.1867977528089887,0.3493659633181594,0.6066945606694562
2023-09,2611,601326,58,0.14925373134328357,0.4047996233459764,0.5781443901014675
2023-09,2611,301386,16,0.11885714285714288,0.24445872924393086,0.4366184529691852
2023-09,2611,301387,33,0.1538677130044842,0.42162581225540646,0.5391465527662495
2023-09,2611,600505,56,0.2281249999999999,0.3048707043543077,0.5755788447477455
2023-09,2611,601390,77,0.20533333333333337,0.42201965054554735,0.5780925155925153
2023-09,2611,002199,13,0.0773739742086752,0.2415134514467912,0.510668065757258
2023-09,2611,601519,21,0.1520737327188939,0.5113766022914155,0.5145676691729327
2023-09,2611,601566,54,0.19069767441860475,0.3467896367176289,0.5577657223226843
2023-09,2611,002772,62,0.19626168224299068,0.474495842662799,0.5287995132939801
2023-09,2611,300302,32,0.22765957446808505,0.3944249555026615,0.5862164735756228
2023-09,2611,601788,22,0.08820160366552121,0.5215631825136474,0.5465875370919886
2023-09,2611,600579,17,0.07055630936227952,0.37283531545315507,0.5658039647577097
2023-09,2611,600592,14,0.05863192182410437,0.3008432701411142,0.5665641319121537
2023-09,2611,000802,27,0.13275613275613274,0.2673138306500869,0.3988004829224596
2023-09,2611,002846,15,0.13498402555910538,0.3008117501251903,0.5606258148631031
2023-09,2611,300349,53,0.16767830045523513,0.5116705634732116,0.5743181466529756
2023-09,2611,601890,50,0.1602262016965127,0.40554761659475286,0.5853438556933489
2023-09,2611,603779,21,0.11919831223628696,0.3179465269355287,0.40228810707742957
2023-09,2611,002292,27,0.19874476987447698,0.39013075672797914,0.43113895979990174
2023-09,2611,300913,21,0.19161480510972817,0.5226367339725498,0.4709114414996767
2023-09,2611,601988,75,0.1091954022988505,0.47609825106740844,0.5429864253393661
2023-09,2611,601989,57,0.15767634854771795,0.3876481837970275,0.5257487610428788
2023-09,2611,300407,58,0.19072708113804004,0.5543564447254647,0.501053402949528
2023-09,2611,603029,32,0.2038495188101488,0.4720813431238776,0.5631820792647906
2023-09,2611,000917,25,0.1118110236220472,0.34644810378243646,0.41673414304993217
2023-09,2611,002373,78,0.20235620235620233,0.38419012437442923,0.5891748003549244
2023-09,2611,000936,16,0.15439672801635995,0.515730295096617,0.5272339096021664
2023-09,2611,002946,101,0.22065150583896742,0.3542660624594077,0.604628192465077
2023-09,2611,300991,32,0.16656716417910444,0.3344717809639598,0.5670907345175229
2023-09,2611,002960,17,0.0906011854360711,0.43279326681783004,0.5759351711164169
2023-09,2611,600095,19,0.09568261376896148,0.44022344654937084,0.4468718967229393
2023-09,2611,002984,19,0.09879839786381839,0.5237494629071332,0.5745515029107752
2023-09,2611,600103,28,0.15463917525773196,0.34492661775236927,0.5490895438333019
2023-09,2611,600748,21,0.18697478991596628,0.459697435077113,0.5486577181208052
2023-09,2611,600105,30,0.1688125894134479,0.35438841457763703,0.5042085256584307
2023-09,2611,603103,22,0.2037987679671458,0.49033782982575064,0.5834224598930481
2023-09,2611,300489,12,0.1505617977528091,0.4121477417449408,0.5478491271820454
2023-09,2611,605011,32,0.19631901840490795,0.4419592132887602,0.54363052478373
2023-09,2611,688539,52,0.18725992317541607,0.28693736524393976,0.5772073186612837
2023-09,2611,001210,45,0.17820069204152256,0.47833005010014185,0.4547446855139162
2023-09,2611,600127,19,0.08495145631067968,0.3750849195584809,0.4144265232974914
2023-09,2611,600787,95,0.17487266553480463,0.3665181625017356,0.5766725873297808
2023-09,2611,600791,20,0.1955307262569832,0.46838891093267576,0.4922161172161163
2023-09,2611,600150,42,0.20437291223808074,0.43785300416391587,0.590027143507619
2023-09,2611,605188,15,0.17799043062200948,0.47284356031020036,0.5207643312101908
2023-09,2611,002478,48,0.16740740740740734,0.49224629028258815,0.6017556017556019
2023-09,2611,600822,21,0.11844197138314783,0.2691307374738527,0.4530665365218809
2023-09,2611,600191,21,0.10676691729323307,0.5091416140591261,0.5148162040510124
2023-10,2628,603196,49,0.2320244773074961,0.27207009383393277,0.4110759635998375
2023-10,2628,300011,74,0.18240620957309184,0.4348734171599349,0.6132646511590114
2023-10,2628,000011,21,0.10748155953635397,0.4145753168056451,0.5364201016374925
2023-10,2628,600860,27,0.16628873771730923,0.3125705000719688,0.5014173521074399
2023-10,2628,000037,27,0.2420443587270973,0.30224676215580304,0.38935547189239617
2023-10,2628,301141,19,0.15234173957797226,0.4383641824749198,0.43184885290148445
2023-10,2628,301148,12,0.10749891634156916,0.29209820641850714,0.4147231798823766
2023-10,2628,000060,22,0.16179337231968816,0.4558548234404214,0.5798936439604958
2023-10,2628,600257,17,0.2038461538461538,0.5013842721225328,0.445224878214569
2023-10,2628,600262,64,0.18981818181818177,0.43180807779765534,0.6111849468382766
2023-10,2628,002031,28,0.17142857142857149,0.3100519675443744,0.483388846186694
2023-10,2628,000404,71,0.20915032679738566,0.4318805719522499,0.6233766233766231
2023-10,2628,603291,17,0.14747105423522244,0.2857856821430799,0.41691306918982834
2023-10,2628,002043,38,0.24334975369458134,0.4588958780318923,0.5217736898881511
2023-10,2628,301213,28,0.17552887364208114,0.4067462870195125,0.5063257065948858
2023-10,2628,000428,21,0.20876826722338204,0.4621518565155896,0.4554559831312597
2023-10,2628,301227,25,0.15257270693512304,0.40046908984751023,0.5391506303915066
2023-10,2628,002609,95,0.19658119658119655,0.47318479802878805,0.6115391869895983
2023-10,2628,688088,81,0.23822975517890765,0.40745154097333014,0.5836182805963933
2023-10,2628,688090,64,0.21484653818700927,0.415315659910944,0.6161342321219224
2023-10,2628,002616,26,0.09765625,0.33721213010141526,0.5739441281609964
2023-10,2628,301252,35,0.2319361277445111,0.32216884678828706,0.5592927157409192
2023-10,2628,301255,23,0.22206506364922207,0.36274669367146356,0.3646285714285712
2023-10,2628,601005,18,0.08974358974358987,0.39854414005121847,0.6214689265536728
2023-10,2628,600361,21,0.12055335968379433,0.28958328350497303,0.42966042966042933
2023-10,2628,000544,28,0.11267605633802813,0.47630923125859004,0.6187343358395989
2023-10,2628,002114,25,0.1382113821138211,0.40105358883768955,0.5360925136944611
2023-10,2628,688160,28,0.23015029603764992,0.4965718010435763,0.5456942003514937
2023-10,2628,000590,201,0.2418558736426457,0.24977208669671871,0.3579160957650431
2023-10,2628,688165,31,0.16681146828844484,0.48125744700096806,0.6231153947763979
2023-10,2628,300749,25,0.12095933263816472,0.5043211515374006,0.5628930817610055
2023-10,2628,002688,240,0.23518518518518527,0.33510228516112583,0.5411285469610703
2023-10,2628,002703,16,0.24421296296296302,0.40545370030237915,0.5273481705016975
2023-10,2628,300236,97,0.22688068998562527,0.3902177220402568,0.6214329809884975
2023-10,2628,002173,45,0.20996818663838812,0.5724442913748282,0.6004851004851002
2023-10,2628,301379,13,0.17351215423302602,0.28203226002777443,0.5943352422225663
2023-10,2628,301380,13,0.16023993144815762,0.39651268788012856,0.5294796810546228
2023-10,2628,000678,27,0.15918958031837926,0.29784751424612393,0.4394178929020229
2023-10,2628,601375,21,0.07654320987654306,0.38981728660701487,0.5612244897959194
2023-10,2628,601512,111,0.2259414225941423,0.434910048273294,0.6131173140737849
2023-10,2628,300814,12,0.2195658147842815,0.512932923092622,0.6255549635943884
2023-10,2628,301408,18,0.16281569048898437,0.42007129360776235,0.50332846241273
2023-10,2628,301428,13,0.1240212174791615,0.2586057517732288,0.5124524746074709
2023-10,2628,600531,26,0.18005952380952384,0.43441929893414116,0.5966325036603222
2023-10,2628,300836,67,0.21755545068428517,0.47976733900937574,0.6166762778743945
2023-10,2628,300307,27,0.15577190542420027,0.44154170345422444,0.5367205542725174
2023-10,2628,300854,18,0.1331738437001595,0.3737197041767563,0.5535130718954245
2023-10,2628,601766,101,0.234009360374415,0.45599054932808153,0.610335566508278
2023-10,2628,300864,28,0.1580156178226918,0.3401127831046403,0.49428713363139604
2023-10,2628,002820,55,0.22827938671209536,0.41614714064570923,0.6044968669369698
2023-10,2628,002836,223,0.2322053675612602,0.3714245281373412,0.531594654210458
2023-10,2628,000797,22,0.12874251497005984,0.4320360882324996,0.5285025760345681
2023-10,2628,300892,18,0.1455671699574138,0.2563162918400836,0.4818168433451119
2023-10,2628,002290,29,0.12287793047696038,0.32323229919051144,0.5957218991069037
2023-10,2628,300898,25,0.13706233988044414,0.36748779525657205,0.3855401604333784
2023-10,2628,002877,31,0.16604127579737327,0.3612772095761489,0.604682728198168
2023-10,2628,000880,231,0.23716381418092902,0.2970788721837655,0.47998601643069394
2023-10,2628,002893,27,0.13652173913043486,0.21415499815234304,0.3839980618394355
2023-10,2628,300937,23,0.12869864981327217,0.3915240604200761,0.6239647291793804
2023-10,2628,002336,20,0.19741935483870976,0.3306857006301702,0.5231195050472157
2023-10,2628,000888,45,0.19923736892278354,0.5097546805292583,0.5874895347446479
2023-10,2628,300403,54,0.16170763260025878,0.4657732496445898,0.6017639363632526
2023-10,2628,000890,21,0.13090128755364816,0.27076963626077694,0.5516797252334434
2023-10,2628,603015,61,0.16555555555555557,0.29772331082391196,0.5832320777642778
2023-10,2628,600665,25,0.12887828162291182,0.3930602902681106,0.5591125198098258
2023-10,2628,300947,39,0.2034383954154727,0.39924689000687563,0.6070839550773584
2023-10,2628,300948,23,0.1539401343921809,0.45571006778451145,0.4983504546307968
2023-10,2628,300949,61,0.19558047493403696,0.5258525142982202,0.5805308038708441
2023-10,2628,300417,25,0.12908633696563276,0.29861234781071005,0.6164639321074962
2023-10,2628,002918,14,0.10916179337231968,0.539940052712635,0.4843907002529367
2023-10,2628,300958,17,0.13905930470347638,0.3514641639009273,0.46713549468125615
2023-10,2628,300960,29,0.1314613911933632,0.28669360039356007,0.6047373296281593
2023-10,2628,000926,21,0.10843373493975905,0.37257947070492325,0.6144393241167436
2023-10,2628,002933,149,0.20933205496963891,0.3065581582210318,0.6218568930954622
2023-10,2628,300977,13,0.1124050632911392,0.29499574176939464,0.4394586069554213
2023-10,2628,002389,215,0.24411047928513407,0.41554290730186455,0.46567164179104475
2023-10,2628,000961,22,0.16167664670658688,0.3937848311815778,0.5454545454545456
2023-10,2628,300995,18,0.11476147614761467,0.29013540683594974,0.5614392843046966
2023-10,2628,300997,83,0.20964360587002095,0.4072514997830649,0.6249867811594509
2023-10,2628,002400,13,0.11026615969581754,0.2681496923477967,0.4310665180230399
2023-10,2628,002976,18,0.13806110901546587,0.31118921060507637,0.5868423761968502
2023-10,2628,301016,17,0.11958997722095666,0.25663598621627925,0.47790037213553577
2023-10,2628,600743,18,0.10227272727272718,0.3579533283588075,0.5105973025048163
2023-10,2628,001203,192,0.24009146341463405,0.21753927432256023,0.4005105236782763
2023-10,2628,300503,25,0.24202420242024203,0.5247425487738305,0.5443069887939352
2023-10,2628,300508,66,0.2384701912260968,0.5029043910455873,0.60253207435322
2023-10,2628,002441,62,0.20494335736354286,0.29669853286140474,0.5992920177494142
2023-10,2628,300528,17,0.23144104803493437,0.38349341114206076,0.36848302171148656
2023-10,2628,600162,19,0.10215053763440873,0.4036630622218035,0.611422172452408
2023-10,2628,600807,22,0.10334346504559266,0.40432027697592626,0.5618256232171646
2023-10,2628,001289,72,0.12025948103792417,0.2708915823711127,0.6138051550895588
2023-10,2628,300549,28,0.19091710758377423,0.2912654460703539,0.39178644763860365
2023-11,2650,001323,56,0.20586340206185572,0.5936695299062292,0.5963053697940803
2023-11,2650,600835,55,0.20665742024965328,0.4810949686968956,0.5967731484481303
2023-11,2650,001324,13,0.11541193181818177,0.3651693204479784,0.5303643724696352
2023-11,2650,000005,24,0.07432432432432423,0.5352079432102659,0.5756578947368423
2023-11,2650,600837,40,0.073485600794439,0.5023365595477619,0.6092184368737483
2023-11,2650,600215,50,0.18907563025210083,0.31927039783378,0.604047976011994
2023-11,2650,301156,39,0.13893967093235826,0.444952707653708,0.5578917858144098
2023-11,2650,300051,54,0.18474195961106954,0.346647034853195,0.5901741616844295
2023-11,2650,301158,31,0.1923076923076923,0.5079530016771997,0.5658687662083246
2023-11,2650,300059,61,0.15256257449344457,0.5066175539148433,0.5930599369085175
2023-11,2650,600268,85,0.18611987381703465,0.38604420414175544,0.5914310408692427
2023-11,2650,600272,14,0.09334353481254787,0.4509858443631756,0.3390029325513199
2023-11,2650,600906,27,0.10434782608695659,0.48475717067707524,0.5065533120793486
2023-11,2650,600283,75,0.22275334608030595,0.3709450580987551,0.5608108108108107
2023-11,2650,301203,18,0.11146575006137982,0.2910607538245352,0.4129980363590295
2023-11,2650,301208,22,0.1826250672404518,0.5091246735214742,0.5101241338785104
2023-11,2650,301218,21,0.18861299222473027,0.5025443283719737,0.4389873766986272
2023-11,2650,300116,30,0.18934911242603536,0.46628159173028555,0.5525291828793776
2023-11,2650,688081,85,0.1676267281105991,0.5417029111196268,0.5790898062027562
2023-11,2650,000506,31,0.15876288659793802,0.45120475531118037,0.49748450758966156
2023-11,2650,301228,13,0.08524240809802863,0.326210059693746,0.38963535769978364
2023-11,2650,000514,32,0.14046121593291405,0.3994687117246159,0.5390372168284788
2023-11,2650,300130,64,0.21145194274028623,0.4695539140511234,0.5904036243822072
2023-11,2650,603356,95,0.1864754098360656,0.431890822366255,0.5224121251209286
2023-11,2650,300149,20,0.0771739130434782,0.4388506937283666,0.5718507572958997
2023-11,2650,688117,16,0.11394016549968178,0.3123396377669507,0.4689652533292512
2023-11,2650,600369,27,0.08413461538461542,0.3214666881657635,0.5343320848938831
2023-11,2650,301276,31,0.11548913043478248,0.40898170701008074,0.5924693155814438
2023-11,2650,301281,16,0.12422205626089122,0.5934883677349435,0.4145527369826436
2023-11,2650,603383,25,0.14098499260198694,0.49421593807242303,0.5942392909896601
2023-11,2650,301288,26,0.09545875810936044,0.2724093848770355,0.3337531486146096
2023-11,2650,601086,31,0.15978456014362663,0.2741953799157965,0.4554722201995192
2023-11,2650,002663,60,0.15865384615384615,0.44188711116670043,0.5977528089887639
2023-11,2650,601099,24,0.16589861751152069,0.485934091591652,0.5189423835832674
2023-11,2650,301299,24,0.21272781595458612,0.48210131823415714,0.5187227494229292
2023-11,2650,002670,24,0.12370160528800755,0.4295748215856524,0.4581072935503318
2023-11,2650,000584,73,0.208502024291498,0.49011573166084876,0.5556184042535995
2023-11,2650,301315,27,0.16060462919225316,0.3834469967182016,0.40701256918504797
2023-11,2650,601136,20,0.15002124946876327,0.38673309990344146,0.3565431839647388
2023-11,2650,002144,208,0.1865793780687398,0.5903855839336966,0.5692006590907335
2023-11,2650,601162,27,0.09855072463768122,0.42518943236524015,0.4819888381532217
2023-11,2650,002146,33,0.18918918918918926,0.5161746495478967,0.5306971904266389
2023-11,2650,601188,16,0.08571428571428574,0.3747180332373387,0.3482671174978869
2023-11,2650,000627,43,0.09969788519637468,0.5224859146254455,0.6074389259775519
2023-11,2650,300774,55,0.21508140531276776,0.42796615277941147,0.6034816247582209
2023-11,2650,301359,59,0.181769722814499,0.26753573792047697,0.5652509344364777
2023-11,2650,601298,115,0.18042813455657492,0.5239411715000133,0.4340836012861739
2023-11,2650,002739,47,0.156115107913669,0.4649320629864179,0.5896698257860069
2023-11,2650,300803,24,0.1462423832092079,0.3788513831749115,0.47250341997264067
2023-11,2650,601519,27,0.13625592417061605,0.43634612077737095,0.5437769925402431
2023-11,2650,601555,27,0.13151364764267992,0.5170765668819065,0.5300788954635108
2023-11,2650,301419,23,0.1226313907758313,0.5131751800023878,0.5798099229214998
2023-11,2650,600535,133,0.1964888588791357,0.5408139021679687,0.6004685059864653
2023-11,2650,601668,134,0.22388059701492535,0.4827983834258489,0.5897435897435896
2023-11,2650,603682,30,0.10074626865671643,0.36389217485966296,0.5350318471337578
2023-11,2650,603685,64,0.13159567705022257,0.38452215747931906,0.5949811117107399
2023-11,2650,601696,51,0.11298482293423273,0.4302994729805496,0.5801104972375686
2023-11,2650,002269,30,0.11578947368421055,0.5005473519723994,0.5681063122923591
2023-11,2650,688318,23,0.14660714285714282,0.4268550041748829,0.3348916044725112
2023-11,2650,300355,13,0.08747044917257696,0.41986268718851844,0.5454545454545473
2023-11,2650,000813,16,0.08179419525065967,0.4649184454412743,0.37928519328957055
2023-11,2650,603790,78,0.19304005252790557,0.2897282057853632,0.5513479040264755
2023-11,2650,300368,29,0.14601226993865035,0.2792689812080257,0.41596223165013246
2023-11,2650,002310,29,0.15918367346938778,0.3003404438986191,0.40388645456277344
2023-11,2650,000850,61,0.17215189873417724,0.4908203198404819,0.5793103448275866
2023-11,2650,300377,24,0.1223628691983123,0.5051527709034044,0.5285331290693216
2023-11,2650,601975,39,0.16467065868263464,0.4804937933342246,0.5353126405757986
2023-11,2650,300380,19,0.12668784749801432,0.3370083872173403,0.40469855279382205
2023-11,2650,002880,78,0.1750993377483444,0.4702532077188626,0.6111443520769946
2023-11,2650,300923,52,0.1713131313131312,0.39643347961278846,0.6073633574485818
2023-11,2650,601998,114,0.14392523364485976,0.5929631052781758,0.4934747145187602
2023-11,2650,000897,34,0.11666666666666659,0.47736221124131456,0.6048991834694211
2023-11,2650,002907,20,0.09921962095875148,0.49734658719517627,0.5231175693527078
2023-11,2650,300414,19,0.10261194029850762,0.3288294654529772,0.4808919588557697
2023-11,2650,300955,35,0.11437472185135733,0.37616863763175146,0.5448482985314638
2023-11,2650,002377,29,0.14930555555555547,0.35009330518892745,0.5302611851968756
2023-11,2650,002945,27,0.07369146005509641,0.35046186929245116,0.3754846988590397
2023-11,2650,603948,39,0.14035916824196593,0.35260388413181937,0.5843103612620343
2023-11,2650,300465,20,0.11877729257641922,0.47962825115591773,0.45485519591141454
2023-11,2650,600095,27,0.1030092592592593,0.43633516503839836,0.41197361745306993
2023-11,2650,301024,29,0.1402497598463016,0.23686048564859954,0.4423318029711274
2023-11,2650,603106,19,0.09243697478991586,0.20198479120510648,0.35864334275456405
2023-11,2650,600127,58,0.10679611650485432,0.44769252031940093,0.5610948191593353
2023-11,2650,603125,36,0.1404310907903331,0.47333502213775264,0.5840555945967052
2023-11,2650,301049,26,0.10514018691588778,0.25101066829769814,0.38774090737007066
2023-11,2650,001227,29,0.09363295880149813,0.38980589334386423,0.4088864658579798
2023-11,2650,301056,35,0.13230769230769224,0.31002183334042416,0.5275275872353126
2023-11,2650,001299,37,0.21564885496183206,0.542413986858859,0.5269748512991757
2023-11,2650,600823,29,0.08208955223880599,0.31805915337014967,0.4972620985644521
2023-11,2650,600191,27,0.07196401799100438,0.5160378217324136,0.5789674535245052
2023-11,2650,300561,30,0.1444695259593679,0.37718163539914623,0.46129612961296157
2023-11,2650,301103,86,0.2245370370370371,0.5381792368057832,0.5176389675540093
2023-12,2671,600200,13,0.10000000000000009,0.3037143040561432,0.5157593123209174
2023-12,2671,301113,33,0.17970602181128492,0.5007927523048147,0.4937247955376325
2023-12,2671,300016,15,0.0790884718498659,0.34816592666377705,0.49234537660747124
2023-12,2671,300576,21,0.19535850363699347,0.2772032220676472,0.4870188934223862
2023-12,2671,001360,76,0.20953830542871643,0.41534822033143454,0.6214648133421443
2023-12,2671,000026,218,0.2153191489361702,0.3982459357957532,0.6102567168856662
2023-12,2671,002513,39,0.17904509283819625,0.4672680056642024,0.5505809979494185
2023-12,2671,300584,21,0.15518546555639667,0.5013235551518894,0.5520140428677011
2023-12,2671,605398,29,0.18848167539267013,0.2664803152355028,0.5051465108492552
2023-12,2671,688667,14,0.1357537490134174,0.5682125839147124,0.5925714955854513
2023-12,2671,600864,45,0.1487341772151899,0.5713837486386926,0.5841286673736307
2023-12,2671,605588,17,0.12349685054399695,0.24824497448168686,0.3451064010876406
2023-12,2671,301137,31,0.14059304703476483,0.2421095455117949,0.4638279585964649
2023-12,2671,300557,96,0.16724537037037035,0.27996905499202684,0.6206067810626422
2023-12,2671,300045,18,0.1897093479968579,0.39142271830427755,0.5253431890179512
2023-12,2671,300047,16,0.21006776379477254,0.36168937763091025,0.5994726047465572
2023-12,2671,002535,56,0.20863309352517978,0.526656386433753,0.38637664567830543
2023-12,2671,300050,20,0.1617100371747212,0.23368689596000378,0.448343079922027
2023-12,2671,000058,17,0.10835509138381205,0.3062227502914763,0.4522357723577238
2023-12,2671,603239,18,0.14904143475572063,0.4365023546248627,0.5064728594140357
2023-12,2671,600895,17,0.1634078212290504,0.3051670523528849,0.4166259168704157
2023-12,2671,300630,14,0.1018596787827557,0.40476959730397527,0.46008403361344535
2023-12,2671,301186,23,0.1706451612903226,0.4825654452829546,0.6173935945414567
2023-12,2671,301191,14,0.20212483399734393,0.42837192970701,0.44793370682195693
2023-12,2671,603306,29,0.21313912009512492,0.34078614699054305,0.5383091149273448
2023-12,2671,002590,17,0.194508009153318,0.42188349769563777,0.5619596541786742
2023-12,2671,603326,24,0.17741935483870974,0.575421303768601,0.5984524201514652
2023-12,2671,301229,46,0.169614984391259,0.5638564712351727,0.5984112974404239
2023-12,2671,600326,14,0.12810707456978987,0.4051929358398641,0.45545047287207574
2023-12,2671,301234,37,0.18681318681318682,0.315744431208286,0.4158969578849255
2023-12,2671,688981,36,0.12813513052380132,0.5520537006678808,0.5981665644440547
2023-12,2671,300134,26,0.15384615384615385,0.22797547331171164,0.4048434442270058
2023-12,2671,002077,29,0.2106126914660832,0.4537330094221464,0.5925013201901072
2023-12,2671,600360,20,0.14702154626108987,0.41144985152884717,0.5305483028720627
2023-12,2671,002642,15,0.15596330275229364,0.3023072345041713,0.48146035367940637
2023-12,2671,000550,20,0.09095773140716978,0.48336187904498407,0.47214353163362016
2023-12,2671,300164,43,0.14629629629629626,0.531527306527088,0.40165530671859756
2023-12,2671,301285,24,0.11619506321493078,0.34921301462809423,0.5193160227992398
2023-12,2671,300172,30,0.1539763113367174,0.23861038049328806,0.30185348631950576
2023-12,2671,301298,28,0.1919406150583245,0.5397181380102961,0.6121183945451719
2023-12,2671,300184,18,0.14503816793893132,0.29519986020136274,0.44795783926218696
2023-12,2671,300731,19,0.1382716049382715,0.2926021109174007,0.5050924963625024
2023-12,2671,301307,24,0.1845073953371772,0.563850457470469,0.5519960182339606
2023-12,2671,300200,22,0.18787878787878798,0.2936106471309405,0.4443360863072565
2023-12,2671,301331,38,0.16409075961854647,0.41906239270314055,0.5118461177574479
2023-12,2671,600449,16,0.10939989378651083,0.44395167014165926,0.547563805104408
2023-12,2671,301338,22,0.16718847839699436,0.2624547974863647,0.5000780558880157
2023-12,2671,002725,17,0.15396952686447474,0.4249650560543125,0.525136884021901
2023-12,2671,300250,19,0.16666666666666663,0.3807884369744191,0.5849263241736361
2023-12,2671,300252,19,0.1579961464354528,0.3064471386282397,0.5217489294568401
2023-12,2671,300797,29,0.13825896122896864,0.33994312224378037,0.4652406417112303
2023-12,2671,002194,19,0.158904109589041,0.25587768618925566,0.44372990353697744
2023-12,2671,300260,23,0.17146932952924387,0.3498845111711653,0.5331088664422
2023-12,2671,000686,61,0.13108108108108119,0.4607998359673394,0.6049482047671727
2023-12,2671,603616,44,0.1859756097560975,0.46966560235295585,0.3195943282659879
2023-12,2671,300814,21,0.20099061522419193,0.4609183958662436,0.6087037999267437
2023-12,2671,601528,48,0.14457831325301218,0.5415185647843582,0.4346781940441886
2023-12,2671,300817,71,0.18722466960352413,0.45095633255112266,0.6203867629034453
2023-12,2671,688259,28,0.19819004524886885,0.42987039651069003,0.5862596288128203
2023-12,2671,300826,13,0.10548230395558633,0.26324899230644727,0.4588358678552695
2023-12,2671,300293,16,0.12309644670050757,0.19880372132479626,0.2994146187111064
2023-12,2671,000727,25,0.10992907801418439,0.35037851330062436,0.5216724204065982
2023-12,2671,601658,150,0.21673819742489275,0.5068638460674145,0.5905369108804152
2023-12,2671,002792,15,0.11512415349887128,0.24846925725392446,0.4694835680751176
2023-12,2671,603679,19,0.14722395508421715,0.31011948384430243,0.5497627754591554
2023-12,2671,603683,103,0.19760479041916157,0.40946610854517285,0.5966590239109074
2023-12,2671,601688,48,0.20415879017013228,0.5378428331211371,0.5481731000584328
2023-12,2671,000750,50,0.1226666666666667,0.31070009234578,0.5731343283582093
2023-12,2671,300319,23,0.125248508946322,0.3441360758652757,0.5854060739315655
2023-12,2671,300324,16,0.12432432432432428,0.28813919650221204,0.49606299212598437
2023-12,2671,300868,31,0.1493479175431216,0.39786565603482293,0.5877110461949793
2023-12,2671,603716,45,0.20992366412213737,0.4860685687256866,0.6097915656810471
2023-12,2671,300331,23,0.1342177136168552,0.2554706834358948,0.4781234777612628
2023-12,2671,300341,17,0.09515859766277135,0.25786164411163504,0.4593865907973727
2023-12,2671,002845,20,0.11467391304347829,0.34330402359645834,0.5386446780094064
2023-12,2671,600613,21,0.19651162790697674,0.5512177979802867,0.5653333333333334
2023-12,2671,600619,18,0.1415343915343915,0.3801299952543201,0.4321509009009009
2023-12,2671,300905,33,0.13570038910505833,0.28345132284729513,0.45910103259769136
2023-12,2671,300371,60,0.21514508138711963,0.5366495965535075,0.5315002669514151
2023-12,2671,000851,14,0.21134751773049654,0.38273666330869527,0.41499330655957184
2023-12,2671,600649,50,0.15662650602409645,0.4626156620009677,0.5810663764961913
2023-12,2671,603005,21,0.13930976430976438,0.32807299947237545,0.5026817007763391
2023-12,2671,300936,19,0.10177404295051373,0.3082052057614066,0.5024252223120461
2023-12,2671,300398,27,0.21382978723404267,0.49127573383117873,0.5246106405402239
2023-12,2671,000908,14,0.10743801652892548,0.3773370738920157,0.5781739339918084
2023-12,2671,688418,17,0.18460812086874412,0.30644636108237905,0.4255804016521865
2023-12,2671,600030,48,0.14869888475836424,0.4525657355943212,0.5833551941238193
2023-12,2671,002369,19,0.18701700154559509,0.3441999682748703,0.375430676012831
2023-12,2671,600710,87,0.13229018492176392,0.42952353684665034,0.6189213085764813
2023-12,2671,688484,30,0.17222723174030663,0.5337068708491565,0.5987767925194729
2023-12,2671,002383,22,0.1428571428571429,0.388315778735805,0.5979233798782674
2023-12,2671,300455,19,0.12636505460218417,0.3579890424328334,0.5595720069404282
2023-12,2671,000962,65,0.16208178438661713,0.5307368128772857,0.5276872964169381
2023-12,2671,600721,20,0.154721274175199,0.37976841164298875,0.4569154774972562
2023-12,2671,688502,23,0.14614395886889464,0.4071007363444405,0.5276055623626901
2023-12,2671,603078,32,0.16118237590630236,0.4671744727487698,0.6117858749437701
2023-12,2671,603080,21,0.1088270858524788,0.38159715074603073,0.5367378843147468
2023-12,2671,301007,23,0.19576446280991733,0.254935298842015,0.3729730546614069
2023-12,2671,002406,16,0.13029827315541598,0.2553815365407091,0.36549128367670375
2023-12,2671,600100,14,0.1594202898550724,0.2840303705034391,0.590155700652938
2023-12,2671,002418,74,0.1969696969696969,0.5494204437922128,0.589380141010576
2023-12,2671,002420,35,0.20188425302826385,0.5746788777789504,0.48719430001925623
2023-12,2671,002426,21,0.1963636363636364,0.4171193711211023,0.5912040374909872
2023-12,2671,002428,63,0.18834399431414361,0.35500949710022894,0.6052076002814919
2023-12,2671,301036,29,0.1511335012594459,0.3683626334330985,0.4490438609804224
2023-12,2671,605069,34,0.18339100346020765,0.40569860506461397,0.4347671271898588
2023-12,2671,603123,19,0.15067340067340074,0.32808164778595733,0.3804458989568418
2023-12,2671,600776,41,0.2065868263473054,0.5486162708615181,0.4952003338898159
2023-12,2671,600130,18,0.14555765595463144,0.3395214416836918,0.5167259786476867
2023-12,2671,003012,57,0.21266968325791857,0.5348143809733465,0.49165652902426155
2023-12,2671,002446,26,0.21535393818544357,0.4606400533405774,0.557407407407407
2023-12,2671,603131,22,0.1402743142144639,0.2822851176187326,0.42835796114892905
2023-12,2671,001268,19,0.0901001112347053,0.19687350804977802,0.4185730731764917
2023-12,2671,603160,18,0.0742800114057598,0.3267493699650555,0.6064161710978975
2023-12,2671,300537,18,0.12518124697921695,0.22730997989873153,0.4094585282704095
2023-12,2671,003043,29,0.18535636098272923,0.3868986455633288,0.5215937587071624
2023-12,2671,300541,28,0.20851370851370843,0.25881753140875374,0.4669350867537585
2023-12,2671,300542,44,0.20605280103026402,0.4458617662379511,0.5514571552849065
2023-12,2671,688602,38,0.19427244582043346,0.2967513830563162,0.4892627850343148
2023-12,2671,300547,19,0.13103448275862062,0.35596133031272786,0.5748857498961368
2023-12,2671,603186,19,0.14714248771657623,0.4821980849413868,0.5949656750572083
2023-12,2671,600829,54,0.19742990654205606,0.45214966713655563,0.6120918426214376
2024-01,2693,600833,146,0.29685264663805433,0.5531036037811017,0.5811662726556345
2024-01,2693,001323,99,0.2941365979381443,0.5605613343825533,0.5637792902529069
2024-01,2693,600839,22,0.2072243346007604,0.2438312041019247,0.5583889794416109
2024-01,2693,600203,23,0.27941176470588247,0.3105291279690765,0.5415411106328025
2024-01,2693,600222,25,0.21019108280254784,0.30256123452011735,0.6122448979591835
2024-01,2693,301128,22,0.30168321104877005,0.2281964183009721,0.4855085508550852
2024-01,2693,603220,24,0.3026671820641671,0.42135858430934303,0.470509283424055
2024-01,2693,000060,87,0.3079922027290448,0.4645592930272592,0.5327698267857714
2024-01,2693,300059,104,0.2765196662693683,0.48947486854935407,0.6339775198309393
2024-01,2693,002007,247,0.2906821221578243,0.4082185086010262,0.6538778986326288
2024-01,2693,600283,118,0.30210325047801156,0.30283087444529183,0.5645299145299144
2024-01,2693,002035,175,0.2779503105590062,0.4789636659127157,0.6252611923709599
2024-01,2693,000413,41,0.26956521739130435,0.31127957833559816,0.6492718446601946
2024-01,2693,002038,33,0.2655524605385329,0.22412730208957493,0.4562551902691617
2024-01,2693,300098,28,0.27934272300469487,0.23285475343433668,0.4884453781512609
2024-01,2693,600959,175,0.28835978835978837,0.4564907666690424,0.6550330513408913
2024-01,2693,600960,31,0.26888888888888884,0.2437906058558143,0.47597846764074975
2024-01,2693,600310,113,0.2857142857142857,0.23490008533808393,0.40877767765525785
2024-01,2693,300657,24,0.29441624365482233,0.3084538636479889,0.5537348503586443
2024-01,2693,600320,185,0.31421446384039897,0.5439881711638556,0.6374129402210027
2024-01,2693,300675,102,0.29533969679955074,0.31224364757218015,0.5991549162037696
2024-01,2693,300136,22,0.2999153976311336,0.33104738239242865,0.6135108341594674
2024-01,2693,688105,26,0.3192102015631427,0.5795527705749111,0.6317985811656699
2024-01,2693,603353,17,0.2192448233861144,0.3238332511200262,0.4543808923957408
2024-01,2693,603357,128,0.3140333660451422,0.40000920903205234,0.47260907279781117
2024-01,2693,000541,22,0.21608832807570977,0.21615190165619863,0.48876330080798275
2024-01,2693,601065,99,0.2885852090032154,0.3714121978306793,0.41626314028631295
2024-01,2693,603388,16,0.267455621301775,0.3456258905496084,0.49082467388901174
2024-01,2693,601069,87,0.29350104821802936,0.5785382671573617,0.6247853572291688
2024-01,2693,002664,31,0.2910491997628927,0.3798848266480836,0.6328600405679511
2024-01,2693,300180,16,0.20813397129186595,0.23623875492261703,0.5002802690582961
2024-01,2693,301297,21,0.3012004365223717,0.3903553366938633,0.5889581451815884
2024-01,2693,000573,103,0.30272952853598023,0.3180107617114816,0.6437172939915518
2024-01,2693,601106,175,0.31805929919137466,0.5117507627345698,0.6632540488063193
2024-01,2693,002131,177,0.24806201550387597,0.48322530453920887,0.5208061144499607
2024-01,2693,688166,24,0.32009145470134326,0.31457880086491313,0.47826900293072266
2024-01,2693,002681,156,0.3213058419243986,0.33532739816827134,0.49794618157431464
2024-01,2693,601127,21,0.285140562248996,0.5682360095448689,0.5749229257715893
2024-01,2693,600418,22,0.2621951219512195,0.31007534821506255,0.5146753904990097
2024-01,2693,300199,29,0.311624649859944,0.26256404766436997,0.4465661567155893
2024-01,2693,603496,24,0.2982286634460548,0.3582219922655379,0.5013780138348937
2024-01,2693,000599,233,0.24660194174757288,0.5063267746210242,0.6770979020979023
2024-01,2693,300213,33,0.3029908972691807,0.2601469337590884,0.5013069454817028
2024-01,2693,603528,18,0.27293064876957496,0.3267849130473328,0.6316976875352507
2024-01,2693,300780,30,0.2818858560794044,0.23380161367612803,0.46475548060708255
2024-01,2693,600488,130,0.303030303030303,0.545833986876887,0.647946335992551
2024-01,2693,601326,140,0.27462686567164174,0.3286949745152835,0.5214580069647473
2024-01,2693,600495,134,0.24840764331210186,0.35486688666371113,0.5683978621843254
2024-01,2693,600502,181,0.29445506692160617,0.4087095745339036,0.5597610237957837
2024-01,2693,601512,176,0.30543933054393313,0.4751475836035593,0.5755685986793836
2024-01,2693,600513,20,0.2274795268425842,0.32955017252853375,0.6688488816148388
2024-01,2693,601588,103,0.3112033195020748,0.5792061752154365,0.6665297741273096
2024-01,2693,000710,29,0.3038079470198676,0.43878122007999304,0.5367599219258298
2024-01,2693,600533,96,0.2833333333333333,0.5765184416757386,0.6165018541409146
2024-01,2693,600540,75,0.3047138047138048,0.5341013394301333,0.5690276110444179
2024-01,2693,002232,29,0.2801848642403234,0.30729586113651686,0.5879384883547585
2024-01,2693,300291,12,0.1987179487179488,0.25931660970659204,0.5198872533667397
2024-01,2693,600547,157,0.2770856927142318,0.5503218879942122,0.657224242077238
2024-01,2693,601618,174,0.31773399014778314,0.4226385416274752,0.564473684210526
2024-01,2693,603680,155,0.32040627885503226,0.5401703796308026,0.6681288636175854
2024-01,2693,601668,177,0.27611940298507465,0.4917004564522574,0.5668796268126965
2024-01,2693,000757,29,0.24103585657370508,0.2898885787772186,0.67235699311171
2024-01,2693,000767,92,0.2648648648648648,0.39318787050511383,0.6071633786630913
2024-01,2693,601801,130,0.2985658409387223,0.47561240993853815,0.4232384681146311
2024-01,2693,601811,140,0.2503586800573888,0.26772054297167497,0.44904299583911245
2024-01,2693,002828,30,0.23932384341637003,0.33332693632758176,0.6902095894343955
2024-01,2693,300334,105,0.3153928955866522,0.5193087883904499,0.6457989492052832
2024-01,2693,600592,12,0.1971291866028707,0.4237359819780186,0.658123911420752
2024-01,2693,002833,96,0.2001150086256469,0.44258896376088186,0.6892276422764229
2024-01,2693,300337,21,0.27995110024449876,0.28951223051671554,0.5917346878273415
2024-01,2693,300342,18,0.27665317139001344,0.3881505475897549,0.6646902792947416
2024-01,2693,603757,148,0.3193370165745856,0.5454815597620741,0.5893223530734423
2024-01,2693,300344,28,0.30742659758203805,0.32650777795371594,0.6515799061164443
2024-01,2693,002285,87,0.2771929824561403,0.5762795393394383,0.6906474820143885
2024-01,2693,300349,135,0.2936267071320181,0.5071619405700981,0.587036962148172
2024-01,2693,603768,22,0.29418045915643354,0.2458356764853629,0.4726189495001829
2024-01,2693,601890,132,0.3081998114985862,0.3916920738894592,0.5794130709576034
2024-01,2693,603788,22,0.2333836858006042,0.2803843540729136,0.6843690117711468
2024-01,2693,601921,152,0.29748283752860416,0.48626784608859747,0.44765409250261556
2024-01,2693,603800,82,0.31720592682189297,0.39606855419041626,0.6394045970762268
2024-01,2693,300908,154,0.285953177257525,0.5603376777269213,0.6850204525945784
2024-01,2693,002869,21,0.26676456191874687,0.27308070140855234,0.6672295557981013
2024-01,2693,300375,19,0.24505928853754944,0.20865474894129116,0.43464651433170876
2024-01,2693,300928,29,0.31978470675575354,0.4210399479285969,0.5919146836040601
2024-01,2693,002889,17,0.20653907496012758,0.2640291595165527,0.6173987239407561
2024-01,2693,600651,153,0.3173515981735159,0.33177843703900745,0.5672938785521566
2024-01,2693,603003,14,0.17614165890027966,0.43961141753116323,0.5976512226512225
2024-01,2693,002892,27,0.292887029288703,0.26298015720800166,0.5771495877502947
2024-01,2693,603861,31,0.2549212598425197,0.3788489413366924,0.6912895819888062
2024-01,2693,002898,33,0.25413223140495866,0.274595107904262,0.6617903169627309
2024-01,2693,603018,160,0.3160690571049136,0.36542746251686864,0.4715769814404112
2024-01,2693,600686,25,0.24617346938775508,0.3666977774551912,0.5810733306022121
2024-01,2693,603037,18,0.2042328042328042,0.24683796304292724,0.3913305237808553
2024-01,2693,002363,22,0.24683544303797467,0.20018967779449875,0.616046656474718
2024-01,2693,002929,28,0.30830516658619034,0.40542568675748664,0.6205038804465404
2024-01,2693,300972,134,0.31851686397140944,0.39940005114656474,0.645850921228596
2024-01,2693,002375,76,0.28823529411764703,0.49942394000039914,0.6775944301299273
2024-01,2693,603056,89,0.21289918597370072,0.47405329477261104,0.6908464053185349
2024-01,2693,300983,104,0.2921221258952129,0.3656125478771668,0.603997211247967
2024-01,2693,300446,20,0.22237017310252993,0.36673551886880795,0.689880779296307
2024-01,2693,002387,18,0.23002887391722815,0.2574241363497113,0.6579918789221114
2024-01,2693,300997,148,0.3091397849462366,0.38322357991121536,0.610162452340071
2024-01,2693,000966,137,0.29695885509838993,0.3185987101091574,0.5204734809997966
2024-01,2693,300466,29,0.3187830687830687,0.39506640681780125,0.684693624410816
2024-01,2693,000971,64,0.2757009345794392,0.5658493695689986,0.6533363580386944
2024-01,2693,600733,22,0.3068362480127186,0.35282508918953476,0.511888111888112
2024-01,2693,000981,25,0.18562874251496997,0.46682885487472214,0.629864253393665
2024-01,2693,600742,36,0.25704989154013025,0.4589508577389629,0.5696649029982365
2024-01,2693,000988,112,0.26015784858228597,0.45817836462821065,0.4970384360569174
2024-01,2693,600103,110,0.2989690721649485,0.2391960564389453,0.44367459084936095
2024-01,2693,002415,196,0.3199606202313562,0.5610476760071768,0.5966142454076836
2024-01,2693,600757,131,0.26898326898326896,0.26908824483700566,0.4186800610376399
2024-01,2693,605028,121,0.2604602510460251,0.23327916114150477,0.4646576025336587
2024-01,2693,001210,127,0.3122837370242215,0.5580474980811949,0.5483153210425935
2024-01,2693,600118,191,0.29162746942615236,0.3802000735764259,0.6642213642213644
2024-01,2693,600787,177,0.2937181663837011,0.3081353165782442,0.5579536535999007
2024-01,2693,300521,77,0.32049608355091386,0.4129253180995502,0.6914714980114895
2024-01,2693,002456,21,0.2639198218262806,0.3874034677218044,0.5869324473975635
2024-01,2693,600155,30,0.26016260162601623,0.3185618450756437,0.6246100519930675
2024-01,2693,605162,119,0.2592592592592593,0.21972583911188548,0.4134294580154452
2024-01,2693,603158,21,0.2800851970181044,0.2766388106015761,0.5470948518457203
2024-01,2693,001278,19,0.27900552486187846,0.3094143085314937,0.6516173789191279
2024-01,2693,605228,26,0.25634517766497467,0.261266455385014,0.5484412258235449
2024-01,2693,603178,13,0.2808988764044943,0.4321671828744751,0.41396794526732567
2024-01,2693,600823,72,0.24626865671641796,0.3796929533734551,0.6044349070100138
2024-01,2693,600190,76,0.278592375366569,0.5332146323685217,0.6295643414756988
2024-01,2693,001319,33,0.2756539235412475,0.24745948932026982,0.4466927871183191
2024-02,2708,600197,239,0.4115952466690673,0.6261431272273683,0.689078887192168
2024-02,2708,600835,113,0.3613037447988904,0.5972956053913828,0.6441317278398373
2024-02,2708,688628,157,0.4557592215433356,0.5270353530897555,0.7302692511693472
2024-02,2708,600211,164,0.4284699194694458,0.6748587816248848,0.6464139790054861
2024-02,2708,300576,58,0.4454450987183928,0.3543302490901907,0.6472809620294456
2024-02,2708,605589,129,0.35358872743284897,0.5753682822256486,0.8226678168406593
2024-02,2708,300039,237,0.3830845771144278,0.29709923597397214,0.37341345269483095
2024-02,2708,301141,99,0.45659898477157357,0.44999170791426546,0.4256316074497892
2024-02,2708,600248,189,0.37,0.3662851830562423,0.43010752688172044
2024-02,2708,300063,22,0.43772241992882566,0.5199160562957015,0.6587994575432419
2024-02,2708,603266,23,0.38611713665943603,0.4834455283154499,0.5677961019490256
2024-02,2708,000090,85,0.29489603024574673,0.6805808330084422,0.6150920974450386
2024-02,2708,300070,191,0.3207236842105263,0.6738685393943681,0.7548881610107877
2024-02,2708,002015,157,0.4580882352941176,0.3694248270265347,0.47779182469447956
2024-02,2708,000156,193,0.424892703862661,0.6568175744225483,0.7768709762343539
2024-02,2708,002020,49,0.4110854503464203,0.6054363700599924,0.7988844406459447
2024-02,2708,600918,120,0.27594627594627597,0.5933807493921593,0.7836538461538461
2024-02,2708,301190,92,0.363996043521266,0.41685855252255266,0.805920709985209
2024-02,2708,000416,100,0.451063829787234,0.6066868154711991,0.7900799999999996
2024-02,2708,002584,14,0.3139240506329114,0.5875936534494018,0.7114456120420336
2024-02,2708,603307,191,0.44051073708647703,0.3643913239808978,0.5449392130923806
2024-02,2708,002044,223,0.41918528252299614,0.4873949727105785,0.6922955892379505
2024-02,2708,300116,88,0.39644970414201175,0.5074825402512047,0.67916519278387
2024-02,2708,600977,170,0.3615819209039548,0.48148253053647894,0.49004779893785205
2024-02,2708,000517,117,0.44594594594594594,0.6185270054470146,0.762765185125434
2024-02,2708,688981,73,0.3120627879201502,0.6392869964465738,0.7829363159478698
2024-02,2708,600339,174,0.3840579710144928,0.2723931989677982,0.42853389385181256
2024-02,2708,000525,128,0.3650416171224733,0.5430012291837324,0.7994254221388373
2024-02,2708,688106,161,0.43706164636397193,0.5878848047724621,0.7556472381467421
2024-02,2708,300140,147,0.4337221633085896,0.32001256550784546,0.5261177178985399
2024-02,2708,000539,135,0.41403026134800547,0.4443855839779743,0.46687808315715307
2024-02,2708,301269,176,0.4576991423935719,0.453028305503322,0.5577915723808942
2024-02,2708,601022,16,0.24785407725321895,0.48443886716926354,0.7346788087619986
2024-02,2708,688128,160,0.45590062111801233,0.35334128026493417,0.48963340460535126
2024-02,2708,300174,119,0.4012485811577753,0.6803924928618672,0.821319824310852
2024-02,2708,300722,83,0.44288659793814433,0.5796100576422049,0.8218539687761284
2024-02,2708,002668,147,0.4478114478114479,0.37544619448344047,0.6276641091219095
2024-02,2708,300735,37,0.4269181311615945,0.510895783983268,0.5886722976792261
2024-02,2708,002677,238,0.4196891191709845,0.5796862279191604,0.815349986620705
2024-02,2708,601121,175,0.4423529411764706,0.3729471808950589,0.5446391887757331
2024-02,2708,600420,181,0.38441558441558443,0.5766345539795216,0.5378387309980169
2024-02,2708,600425,168,0.39574468085106385,0.5312063176120251,0.6266227136147493
2024-02,2708,002146,91,0.43243243243243246,0.37431576013314877,0.4871570184566514
2024-02,2708,002703,96,0.44188722669735325,0.34880453569890696,0.5119242214677899
2024-02,2708,002157,81,0.2566666666666667,0.6117125253536391,0.7353059743610413
2024-02,2708,000627,101,0.36253776435045326,0.571286670856542,0.8076959115469915
2024-02,2708,603559,46,0.4390243902439024,0.2473894375205006,0.7408189109328832
2024-02,2708,300236,177,0.4070436032582655,0.3944713114777874,0.6448497415567684
2024-02,2708,002728,34,0.3688058489033307,0.518295827029308,0.8054535041278443
2024-02,2708,002739,105,0.2967741935483871,0.5915161835465718,0.7711986023585203
2024-02,2708,300803,82,0.44527194764161593,0.40070780169400066,0.5472089686697142
2024-02,2708,601377,120,0.3016105417276721,0.635625083158283,0.7930011862396206
2024-02,2708,603619,87,0.2624078624078625,0.6389433900550582,0.7366005703295974
2024-02,2708,000712,38,0.37369109947643975,0.467206611822633,0.8112153974100035
2024-02,2708,002222,59,0.4097595981341945,0.4464999182006216,0.8237814703838012
2024-02,2708,000729,203,0.4449576597382602,0.6352296418990786,0.5945617448803796
2024-02,2708,002238,15,0.38398692810457513,0.6643959961698624,0.7853388265378602
2024-02,2708,301509,75,0.41331459687335326,0.4253356992085705,0.5684028844325477
2024-02,2708,601698,82,0.36676646706586824,0.6613011544785599,0.7795384783184532
2024-02,2708,603698,223,0.44890929965556836,0.4378657180680767,0.7388906508792327
2024-02,2708,000761,185,0.36986301369863017,0.5496254432680989,0.7675037418925662
2024-02,2708,601789,223,0.4565619223659889,0.4647883009142863,0.6844660194174761
2024-02,2708,002818,99,0.20016891891891886,0.6332861887620543,0.8036694944507787
2024-02,2708,600584,134,0.42045121593905654,0.5266027833576724,0.7719115518013562
2024-02,2708,603727,83,0.3858327053504145,0.6487467652528733,0.7991630387094594
2024-02,2708,688318,81,0.43214285714285716,0.4265385285824158,0.5311586902688232
2024-02,2708,300339,44,0.3919400855920113,0.48978862150694547,0.7964286393096763
2024-02,2708,600601,101,0.4454022988505747,0.6803747302098718,0.6294601474331621
2024-02,2708,603786,96,0.3914311066041324,0.5379254574427623,0.7547385890505354
2024-02,2708,601901,45,0.3344370860927153,0.5764743041912044,0.8239234449760765
2024-02,2708,000829,41,0.42161635832521904,0.6273846913725314,0.8129100591367789
2024-02,2708,002317,48,0.43635321100917435,0.47345840881100226,0.7587416247906199
2024-02,2708,002880,136,0.429553264604811,0.5871893545750679,0.7969367035429216
2024-02,2708,603005,58,0.43939393939393945,0.3488297927332423,0.6556970070107843
2024-02,2708,688387,150,0.4148319814600232,0.4042760078375047,0.6344000904670362
2024-02,2708,300415,114,0.3696335078534032,0.6844118871128315,0.7324379356253423
2024-02,2708,688425,184,0.3847583643122676,0.3726269978758985,0.4336948835747572
2024-02,2708,000917,122,0.4486803519061584,0.6018859702904449,0.5672440875201876
2024-02,2708,600031,246,0.34543454345434543,0.636709187742585,0.7440766748293142
2024-02,2708,600037,194,0.45401742497579867,0.3596073693852947,0.5068873641682922
2024-02,2708,603919,87,0.4068483063328424,0.5103415693157185,0.8233524594730098
2024-02,2708,000926,101,0.3994252873563219,0.6184753411897848,0.7856914723730439
2024-02,2708,603920,174,0.4456066945606695,0.6074246421364164,0.7539396992156578
2024-02,2708,600699,114,0.38442083965604446,0.6048793517902119,0.7981309420916162
2024-02,2708,600704,197,0.32950191570881227,0.5964496078988628,0.8198394785393849
2024-02,2708,600705,238,0.42516268980477234,0.5608004106275656,0.549120549120549
2024-02,2708,002378,230,0.44060150375939855,0.49711508972642315,0.6555295294241499
2024-02,2708,000950,160,0.3693009118541033,0.5430684782725452,0.4239856506679859
2024-02,2708,002961,98,0.4022842639593909,0.5046156773871728,0.7717940907706369
2024-02,2708,002981,21,0.3175422138836773,0.5015966826201657,0.8094608094608092
2024-02,2708,600751,80,0.3694267515923567,0.5816305449414158,0.7586979826527627
2024-02,2708,605086,19,0.38902439024390245,0.5331850158115584,0.708294378678746
2024-02,2708,003009,160,0.3939343163538873,0.5447119742830651,0.7491146629201281
2024-02,2708,600776,78,0.4513473053892215,0.48184693479473806,0.6779414966973941
2024-02,2708,002441,142,0.4438722966014418,0.2832313475200471,0.6585105688225176
2024-02,2708,603137,121,0.4441805225653207,0.610763217756917,0.7500864154856552
2024-02,2708,600158,168,0.450530035335689,0.4677066013153546,0.6534059507420844
2024-02,2708,002478,145,0.4192592592592592,0.6067138921408533,0.6196581196581198
2024-02,2708,001300,13,0.37508747375787266,0.6766989410455354,0.6897634827402079
2024-02,2708,600182,160,0.32935719019218035,0.6579221018152929,0.7954999610723277
2024-02,2708,600829,91,0.43574766355140193,0.46132475116628974,0.8055184690698709
2024-03,2729,688271,21,0.11384316176981313,0.5094685254324897,0.5569497644520757
2024-03,2729,000925,65,0.42872807017543857,0.4846014125382388,0.7627032806257384
2024-03,2729,600838,38,0.2860696517412934,0.6361523389978606,0.7837445573294631
2024-03,2729,601619,203,0.42376681614349776,0.7087260253946387,0.6187425678008363
2024-03,2729,000928,16,0.08260105448154664,0.583735701155362,0.6625258799171844
2024-03,2729,605365,46,0.404552509053285,0.5126180141435647,0.7581934543466873
2024-03,2729,603929,43,0.374122367101304,0.5510450912089929,0.7635348837209304
2024-03,2729,000935,17,0.10463018641010213,0.6518512854487263,0.5484831415466327
2024-03,2729,002103,35,0.3743523316062176,0.617846155433549,0.6807760141093478
2024-03,2729,600057,21,0.06168831168831168,0.6758709533046876,0.5599562960939634
2024-03,2729,601686,20,0.05457746478873238,0.5715974686237221,0.6580645161290329
2024-03,2729,000557,25,0.10229645093945727,0.6942145876401077,0.7170731707317072
2024-03,2729,300718,134,0.43534932221063605,0.6353752584906134,0.7938911797978324
2024-03,2729,600390,19,0.09127789046653134,0.7200348892065608,0.5983006844465422
2024-03,2729,002663,139,0.3755868544600939,0.6984320195173617,0.7886185433675529
2024-03,2729,605577,17,0.1780520052886735,0.7047179138521028,0.5584991749641908
2024-03,2729,688301,18,0.15142478462557996,0.7169392827201362,0.6116165280645943
2024-03,2729,000762,20,0.15118616807398477,0.5329736198199911,0.5499884553220964
2024-03,2729,002387,54,0.424446583253128,0.40808566643750516,0.7844222960502029
2024-03,2729,603080,79,0.42442563482466744,0.35887168725985585,0.7790904777830491
2024-03,2729,600877,82,0.4221073044602457,0.3899457449648016,0.777538265675183
2024-03,2729,301311,20,0.238036809815951,0.6595028313690405,0.610153556878721
2024-03,2729,603730,112,0.3685300207039338,0.7199411277673904,0.6461074836765447
2024-03,2729,000096,25,0.1253456221198156,0.6700067332376213,0.6608695652173914
2024-03,2729,603518,23,0.12962962962962954,0.5467501592264875,0.5547866040724302
2024-03,2729,002561,37,0.2870662460567823,0.5685308343452579,0.748290459133833
2024-03,2729,601188,38,0.3555555555555555,0.5585903267126431,0.7672843350981001
2024-03,2729,000617,15,0.08581436077057802,0.6025049245028267,0.6666666666666671
2024-03,2729,000158,66,0.4092276830491475,0.5478282095782152,0.7836558924413507
2024-03,2729,603779,53,0.2778846153846154,0.5392467702912894,0.7577625716573412
2024-03,2729,603536,23,0.21551020408163268,0.685541433469989,0.48332683850136393
2024-03,2729,688550,21,0.10996916752312436,0.7158248919196774,0.7599235831033749
2024-03,2729,000828,38,0.22402597402597402,0.4220524786430331,0.7041433370660699
2024-03,2729,600128,44,0.428246013667426,0.4702956326172568,0.7843337764597605
2024-03,2729,600777,21,0.10144927536231874,0.6337855282595948,0.5787781350482323
2024-03,2729,000410,157,0.38668224299065423,0.3798916234087014,0.4193930772878136
2024-03,2729,605090,27,0.1260964912280702,0.5197118137365562,0.7769516075163914
2024-03,2729,002314,139,0.4422110552763818,0.7093553348411693,0.7170461977525419
2024-03,2729,000656,27,0.20114942528735635,0.5693121269257876,0.5957883923985622
2024-03,2729,002177,17,0.14058956916099774,0.685916682086925,0.6044381824586125
2024-03,2729,002178,34,0.33676975945017185,0.6699307304303634,0.7289161017566876
2024-03,2729,603586,36,0.31117203564084983,0.6197462968437872,0.7382262996941897
2024-03,2729,688577,13,0.1815937940761636,0.6979470800947549,0.6379341141646889
2024-03,2729,002737,26,0.08752904725019373,0.6311494532320315,0.7542524231442781
2024-03,2729,600792,35,0.3265306122448981,0.5211334155041285,0.6406438631790747
2024-03,2729,603153,17,0.1947261663286003,0.6723830983057569,0.6087913456946491
2024-03,2729,600318,17,0.14435695538057747,0.5273648883910104,0.4433299515706055
2024-03,2729,000676,43,0.34944237918215615,0.720026712949274,0.7016317323800605
2024-03,2729,600159,38,0.43715846994535523,0.5772932615276944,0.6852767277309295
2024-03,2729,605179,39,0.34715821812596004,0.3922019391079625,0.6026143432627222
2024-03,2729,002466,19,0.14075749010740524,0.7097584191961416,0.6876117417558338
2024-03,2729,603167,18,0.15858453473132372,0.6676401680502252,0.7111747137879542
2024-03,2729,300264,38,0.3737373737373737,0.5926030744911682,0.7925827899041757
2024-03,2729,600663,22,0.101010101010101,0.5511963955622101,0.6027892561983471
2024-03,2729,300812,35,0.3766461808604039,0.6992824127562004,0.6754632034632035
2024-03,2729,600513,56,0.40764331210191085,0.4183478998603547,0.7128568830696493
2024-03,2729,600515,28,0.09424083769633507,0.679760358355303,0.6363219445081405
2024-03,2729,601528,20,0.06034482758620674,0.5577028865701342,0.4947229551451171
2024-03,2729,603889,23,0.08498023715415015,0.6532173623810368,0.6691973545180611
2024-03,2729,600018,15,0.042944785276073594,0.7222107209961557,0.6755805770584089
2024-03,2729,001308,15,0.11042708734128504,0.6905750892288169,0.659614187927816
2024-03,2729,600530,36,0.20318725099601587,0.4050168624560098,0.6023729844843325
2024-03,2729,000532,17,0.1829073482428114,0.5409047404826394,0.5042016806722689
2024-03,2729,600830,17,0.16710875331564978,0.6292175039147948,0.49850929498421614
2024-04,2749,600207,25,0.3170731707317074,0.6711510568940999,0.6465196928412185
2024-04,2749,000014,19,0.1839080459770115,0.5223271662024477,0.6701421124044848
2024-04,2749,600844,22,0.3098591549295774,0.5419008275592913,0.7242092817026309
2024-04,2749,001339,23,0.2970852017937221,0.5424779701964635,0.7072156178584562
2024-04,2749,000020,18,0.32356608478802995,0.3888418285654589,0.5915168280313505
2024-04,2749,603211,58,0.4153605015673981,0.5184570834529338,0.7881420070340673
2024-04,2749,002517,19,0.17495711835334482,0.5749663082715378,0.7312656299404987
2024-04,2749,002518,30,0.2594637223974763,0.5123395516153553,0.7222759287391243
2024-04,2749,000032,39,0.2845070422535212,0.6682510123468348,0.7032281291251647
2024-04,2749,600229,19,0.17874999999999996,0.6503817491282694,0.8038808038808041
2024-04,2749,605589,170,0.35358872743284897,0.5858878808343566,0.7904439595671725
2024-04,2749,000058,57,0.36004932182490745,0.4965520847635063,0.7442264533410553
2024-04,2749,000068,17,0.22650602409638565,0.38994395069737403,0.5605906848164611
2024-04,2749,301168,25,0.30524344569288386,0.4526463842166547,0.5094444747910636
2024-04,2749,000070,16,0.22171428571428575,0.4640021015762478,0.7052800222903315
2024-04,2749,300620,19,0.255863539445629,0.6463501548128658,0.737757514353259
2024-04,2749,603273,26,0.3427791054967565,0.5294790594024139,0.6363896029705799
2024-04,2749,688716,58,0.4010107015457789,0.6858749146413741,0.6678073268599422
2024-04,2749,688039,35,0.420911528150134,0.7262957033087082,0.7132343922482518
2024-04,2749,688047,43,0.323126510878324,0.5889386892047501,0.6751877717749377
2024-04,2749,002031,43,0.25558312655086857,0.6325659330581539,0.7479964381121996
2024-04,2749,600287,57,0.4153577661431065,0.7215883294669336,0.734638190691085
2024-04,2749,000409,37,0.245,0.554771541883795,0.7171381185779538
2024-04,2749,002045,77,0.42460796139927626,0.47631145094948596,0.7705936073059358
2024-04,2749,002605,39,0.2527821939586645,0.5872612214835506,0.6754113526729664
2024-04,2749,300136,78,0.3938240270727581,0.5129294131733161,0.7804172660798007
2024-04,2749,002077,107,0.3632385120350109,0.4838479409810933,0.7860411899313501
2024-04,2749,002632,25,0.2906832298136647,0.5973358350513,0.6907045980813762
2024-04,2749,301266,25,0.290393614093036,0.5237315332086173,0.6379244563143835
2024-04,2749,002641,23,0.21590909090909105,0.5634686676290553,0.7676675158141795
2024-04,2749,000564,14,0.15228426395939088,0.6024361584812683,0.7354443309499493
2024-04,2749,000570,57,0.3985074626865671,0.5017913728572869,0.7646758243409784
2024-04,2749,603466,39,0.24122479462285285,0.6242088005234474,0.6214064172092943
2024-04,2749,688167,59,0.4009508716323297,0.7008675431695224,0.7604814564466584
2024-04,2749,000595,37,0.3042671614100185,0.6959247833131449,0.6803544889084605
2024-04,2749,301315,21,0.24616755793226386,0.4155011959097296,0.631170848197864
2024-04,2749,300751,26,0.1453382873930701,0.6352216726471553,0.6620748810979321
2024-04,2749,002150,29,0.29316770186335406,0.42352264504002646,0.5425273075529329
2024-04,2749,600446,22,0.13280000000000003,0.4514608002775587,0.6220225606595414
2024-04,2749,300763,27,0.2392619926199262,0.6139121543445369,0.7172171101124664
2024-04,2749,002708,14,0.2639175257731958,0.6801420119631197,0.7672913945505907
2024-04,2749,301337,16,0.27977839335180055,0.42350627413814346,0.5260152811228302
2024-04,2749,601226,26,0.24308588064046577,0.5237800625037426,0.6012169648533287
2024-04,2749,600468,70,0.385934819897084,0.4933118524123458,0.7877551020408167
2024-04,2749,600475,20,0.1529525653436592,0.5758067946565741,0.8028047129828921
2024-04,2749,002173,25,0.28273809523809523,0.5457349183546828,0.7489194499017683
2024-04,2749,688228,39,0.4195098510331571,0.6787163556164676,0.687296782150465
2024-04,2749,301383,43,0.35997577959430815,0.7101249938410819,0.5017534813763048
2024-04,2749,002756,26,0.1924257932446264,0.5777654276651044,0.7783789244463396
2024-04,2749,300269,27,0.3655303030303031,0.3648000051189461,0.6112669056831495
2024-04,2749,603628,22,0.17724413950829032,0.3222370040906681,0.4438170525127044
2024-04,2749,000705,70,0.3893985728848114,0.608470437393093,0.7808312514194872
2024-04,2749,603660,34,0.402116402116402,0.7191246413570815,0.6342857142857143
2024-04,2749,002786,29,0.40560373582388254,0.3681468339731567,0.45779758376091073
2024-04,2749,300315,19,0.1996466431095406,0.44638410700794245,0.6210022664316294
2024-04,2749,600571,38,0.3397129186602871,0.6811183889797782,0.5479735318444993
2024-04,2749,300862,38,0.24875811998471542,0.670401312588115,0.6036344563741827
2024-04,2749,000766,45,0.2443877551020408,0.5726461190814762,0.6594381468703792
2024-04,2749,600584,175,0.42045121593905654,0.6536960958588883,0.8075746251708462
2024-04,2749,002269,54,0.23118279569892486,0.616135452394756,0.641025641025641
2024-04,2749,688327,70,0.4009632751354606,0.6266793833296314,0.7953667953667956
2024-04,2749,603767,23,0.22193380921479555,0.39381465850729674,0.741656365883807
2024-04,2749,002292,39,0.32460136674259676,0.6056347517837227,0.6329960120790205
2024-04,2749,002855,29,0.34477611940298514,0.343828413473916,0.46407071053857296
2024-04,2749,603798,16,0.2700854700854701,0.5779938304697253,0.7296380090497739
2024-04,2749,600621,21,0.15083798882681565,0.40552741097848954,0.6269140695370201
2024-04,2749,000829,82,0.42161635832521904,0.6419964401627862,0.7773838594839503
2024-04,2749,300373,24,0.1438249088066702,0.6993889870067863,0.6715599205934596
2024-04,2749,600630,29,0.3707112970711297,0.3033684741412487,0.3344436502906154
2024-04,2749,600636,33,0.2852512155591572,0.4880026348893337,0.5892318906246917
2024-04,2749,000863,57,0.35584415584415585,0.5896118497461091,0.6506777893639203
2024-04,2749,002349,132,0.4231943031536114,0.5243651988443075,0.8076942193946022
2024-04,2749,002915,27,0.3085676037483266,0.49202839603048126,0.6233137110620554
2024-04,2749,600679,31,0.20763956904995107,0.43127503500657455,0.5458826887398316
2024-04,2749,603032,14,0.33998302207130726,0.6757792001220956,0.7227746786320638
2024-04,2749,603038,18,0.26889106967615306,0.26043574539574516,0.5195808465305205
2024-04,2749,603052,20,0.3144260830728004,0.5057790135154396,0.687464306110794
2024-04,2749,688472,24,0.16653992395437256,0.5279025075932801,0.6456953642384108
2024-04,2749,300445,25,0.20974155069582512,0.46875366496097415,0.5476057517799805
2024-04,2749,002952,23,0.2773397326019884,0.2802459443421332,0.39315268734068626
2024-04,2749,603066,31,0.29856687898089174,0.3833174139056745,0.5719745222929936
2024-04,2749,002960,20,0.1129831516352825,0.6048027253633885,0.6948565776458954
2024-04,2749,002962,35,0.3592880978865406,0.5603604121410474,0.643562308430019
2024-04,2749,603983,18,0.1267991775188485,0.6748503919034363,0.7753428168653086
2024-04,2749,603081,32,0.28731045490822027,0.4284553733246995,0.6084633649932155
2024-04,2749,002400,19,0.2142857142857142,0.5786309784476674,0.7472660996354802
2024-04,2749,002975,27,0.326354270521768,0.45367055149411356,0.5637818058037615
2024-04,2749,603097,20,0.2405263157894737,0.6946260360477602,0.7180334240186553
2024-04,2749,603099,15,0.24399038461538458,0.5458769287125228,0.6303011438798538
2024-04,2749,002432,18,0.09020070838252658,0.6543589709713921,0.6896424349881795
2024-04,2749,003007,21,0.2103186646433992,0.31888314811292195,0.561891233766234
2024-04,2749,003015,19,0.4089920232052211,0.5203995822987557,0.6361472597446756
2024-04,2749,603131,26,0.32923976608187133,0.6351545796102565,0.7217847769028872
2024-04,2749,003025,19,0.3086003372681282,0.38343023070706084,0.6864456079115766
2024-04,2749,605167,20,0.19704952581664914,0.31126843819381095,0.6157054769677194
2024-04,2749,001269,24,0.2370116794200563,0.4013816562012391,0.6162133364903657
2024-04,2749,301076,28,0.3646313364055299,0.46646701535880253,0.5179396092362345
2024-04,2749,600178,42,0.38501971090670173,0.6605619176585962,0.6132971506105834
2024-04,2749,688609,27,0.4009728978457263,0.5828152577865783,0.7667358588479503
2024-04,2749,600825,18,0.20849420849420852,0.519312184566443,0.6513614522156967
2024-04,2749,001314,34,0.35335245607744714,0.6249434361231315,0.5398583620846195
2024-04,2749,300002,19,0.14754098360655732,0.6247022459497535,0.5899058496681583
2024-05,2769,600200,16,0.16271186440677965,0.6370612420103897,0.6126252038201723
2024-05,2769,603199,22,0.1384572697003329,0.6739460922348318,0.6214542836573074
2024-05,2769,600839,20,0.14311270125223607,0.49213937096219923,0.44619422572178397
2024-05,2769,300570,18,0.17636457260556138,0.6433450340899786,0.4816898627973549
2024-05,2769,300017,18,0.15486725663716805,0.48150370500660117,0.5374374007572987
2024-05,2769,000017,29,0.20619785458879625,0.37372651387639105,0.36504360884884196
2024-05,2769,688648,22,0.2508394895903292,0.37653820613174044,0.39502727678214006
2024-05,2769,300580,18,0.1542948038176034,0.6011730405341555,0.5600592747559274
2024-05,2769,000025,32,0.19208381839348077,0.5722444304436038,0.6208582727661397
2024-05,2769,605399,33,0.2570307390451275,0.5691170426431161,0.642202946307424
2024-05,2769,600864,75,0.26156299840510366,0.6626270720261607,0.7201157742402315
2024-05,2769,002523,33,0.18461538461538463,0.31160268918651696,0.48387096774193533
2024-05,2769,300045,44,0.29650238473767887,0.5978025769553204,0.7086897074821104
2024-05,2769,600872,18,0.1122484998235086,0.6668709440022407,0.5400540054005399
2024-05,2769,603230,60,0.2722478576137113,0.6006713106343294,0.5589269195189638
2024-05,2769,688687,19,0.15436893203883495,0.4663597611364093,0.671258408469493
2024-05,2769,000063,24,0.09458483754512637,0.6068681028666785,0.5206049361893519
2024-05,2769,688697,16,0.11521252796420578,0.4152929905845769,0.4470832005100414
2024-05,2769,603268,40,0.3317435082140965,0.28987683747484344,0.6390330993969211
2024-05,2769,002558,39,0.2041666666666666,0.6742872314800679,0.7210265462692647
2024-05,2769,300624,45,0.3444812101158119,0.6708893526915871,0.5251711197048944
2024-05,2769,688041,27,0.16814814814814816,0.6793373600742956,0.6794722491148809
2024-05,2769,002575,33,0.24034334763948506,0.3671081504817896,0.5380258899676376
2024-05,2769,002033,25,0.11285266457680254,0.5122456516638162,0.39950197585665687
2024-05,2769,603329,76,0.31512605042016806,0.6227402281667385,0.7188735520565999
2024-05,2769,300130,23,0.1538090646094502,0.6320361555578703,0.54568935154385
2024-05,2769,300678,29,0.17717815344603394,0.3873110748397723,0.4675337607948792
2024-05,2769,300679,14,0.10176263219741477,0.6281966184014303,0.7001477104874444
2024-05,2769,301236,18,0.15001143379830773,0.5317481655385449,0.5776187636652752
2024-05,2769,600335,81,0.3345410628019323,0.503479811607663,0.7179487179487178
2024-05,2769,000526,15,0.14370370370370378,0.4277771981418415,0.551093879811686
2024-05,2769,600345,21,0.14512008175779256,0.316914196706106,0.4811637448713165
2024-05,2769,688111,16,0.1509982096409147,0.6586484449217587,0.6300726065177006
2024-05,2769,603369,17,0.10969998159396288,0.6573438586186989,0.6010664081434791
2024-05,2769,002097,19,0.23913043478260865,0.6527039428834149,0.5536111994909324
2024-05,2769,000550,19,0.1270410195141377,0.6854469581429423,0.5268546227752399
2024-05,2769,603379,15,0.14867256637168158,0.5780285888218036,0.5385735080058226
2024-05,2769,300709,18,0.1353309186697399,0.4940969856172988,0.5027788548533022
2024-05,2769,601061,21,0.09891435464414955,0.5500928270570924,0.5671366283695619
2024-05,2769,603392,18,0.12585130533484679,0.3522397247631209,0.5131070047271161
2024-05,2769,002116,22,0.14476614699331858,0.6335389511164278,0.4602713178294567
2024-05,2769,301293,18,0.22481379851038819,0.6870958423226962,0.44417234525837596
2024-05,2769,300729,29,0.21102362204724412,0.6033071445654944,0.6096410375509851
2024-05,2769,688155,19,0.11003905352630372,0.4971602612074628,0.5036943435300727
2024-05,2769,002673,21,0.1361185983827493,0.49828788751121916,0.3752830799094141
2024-05,2769,300735,15,0.09597806215722116,0.37614721994743044,0.39425564178039413
2024-05,2769,301308,16,0.14814814814814803,0.6569561866817399,0.5891760661344487
2024-05,2769,600415,25,0.12851897184822514,0.5959670884503064,0.6713383113153356
2024-05,2769,601136,18,0.19090909090909092,0.6622356164693003,0.5132717407244463
2024-05,2769,002698,17,0.13567174056915943,0.5065822462367238,0.649810437109723
2024-05,2769,601186,24,0.06516290726817053,0.6410778178358625,0.3752759381898473
2024-05,2769,300223,16,0.15524475524475523,0.3840308435307646,0.5525325977933803
2024-05,2769,300788,45,0.31892778993435456,0.6232637078673343,0.6225643241954352
2024-05,2769,002738,34,0.24527826743893233,0.5410656210630422,0.6546053849857412
2024-05,2769,603600,31,0.1733905579399141,0.4430106531189801,0.5543720584592519
2024-05,2769,601339,34,0.10693069306930691,0.6126720249396701,0.6879591184924944
2024-05,2769,600498,20,0.13389355742296916,0.5984097181881474,0.5978477481068155
2024-05,2769,600499,47,0.17478510028653294,0.6865980875373338,0.6149749345438622
2024-05,2769,300255,16,0.15116279069767435,0.36646373520291975,0.4796875000000004
2024-05,2769,601360,18,0.16648648648648645,0.6869157168115079,0.49937369519832997
2024-05,2769,603638,19,0.11374133949191689,0.6079039440273498,0.6905710491367878
2024-05,2769,300276,33,0.21739130434782616,0.3982495101476284,0.5242752155546555
2024-05,2769,601595,20,0.23279924599434487,0.49361357267901007,0.45742995694891203
2024-05,2769,601608,21,0.10888888888888892,0.64788147325671,0.5263157894736844
2024-05,2769,000719,25,0.1562809099901088,0.5698562768800435,0.56630083925113
2024-05,2769,002230,28,0.13484589041095885,0.5165461404816332,0.663991439272338
2024-05,2769,600551,21,0.09126984126984117,0.4358337740873951,0.4921674070610241
2024-05,2769,301508,21,0.21869527145359025,0.4221287291640811,0.3994880453134365
2024-05,2769,600560,21,0.12292993630573246,0.23198909959285938,0.3882856202698254
2024-05,2769,002801,16,0.08890845070422537,0.5784556347744257,0.6122448979591845
2024-05,2769,601689,18,0.1312543635094252,0.550582183202446,0.6567612423931081
2024-05,2769,301516,21,0.18316221765913765,0.5486878815137526,0.5161611138736946
2024-05,2769,688289,47,0.16022099447513816,0.6620822716825439,0.6133566282562175
2024-05,2769,688305,31,0.18814306712395878,0.67645866913105,0.6280701754385967
2024-05,2769,600579,56,0.3619854721549637,0.6310526393866674,0.556621144698481
2024-05,2769,601858,29,0.20233776702942363,0.4109814572488083,0.4729263432147205
2024-05,2769,600602,21,0.1737849779086892,0.4214061414329853,0.3834570519618241
2024-05,2769,601882,15,0.16959887403237162,0.5401825576466119,0.6378353826687859
2024-05,2769,601900,18,0.15294117647058825,0.4568297127617091,0.4996965405624116
2024-05,2769,300364,17,0.16707317073170747,0.3377614375664176,0.38304735450920674
2024-05,2769,600639,30,0.15541740674955595,0.5556860765745454,0.6939597315436239
2024-05,2769,600640,20,0.16779533483822417,0.32025496793289593,0.4154127694184626
2024-05,2769,002320,23,0.07109737248840808,0.6311483130790182,0.49261083743842476
2024-05,2769,603007,47,0.21637426900584789,0.406299866368219,0.7256180051654161
2024-05,2769,603877,33,0.1827692307692308,0.5601610485900181,0.6595744680851064
2024-05,2769,600006,16,0.09668874172185427,0.49205737784939496,0.41958041958041886
2024-05,2769,688390,47,0.2614942528735632,0.6744675818428191,0.6476102020115608
2024-05,2769,002902,16,0.14048582995951409,0.5737968917841333,0.640547263681592
2024-05,2769,600010,28,0.07228915662650592,0.5625710644802109,0.5416887944768991
2024-05,2769,603019,14,0.12153088630259623,0.3903363119553838,0.5269617706237436
2024-05,2769,688409,16,0.15115029026015914,0.6684950186548212,0.6834234807508752
2024-05,2769,300418,28,0.19542376838664477,0.5944930535113732,0.6089013713880878
2024-05,2769,300962,29,0.19665271966527198,0.6766168861710513,0.4752069253550006
2024-05,2769,603037,21,0.20057859209257478,0.5093125038584706,0.435665914221219
2024-05,2769,000928,22,0.11446740858505555,0.5707513983205951,0.5307004011107687
2024-05,2769,600050,24,0.04943820224719098,0.6067455995311066,0.4774897680763987
2024-05,2769,603960,14,0.11676528599605529,0.37155137278528577,0.28662711090826126
2024-05,2769,688488,14,0.167152009318579,0.5931082040683158,0.6490218642117379
2024-05,2769,688498,14,0.143676484883834,0.585883453910434,0.6909827330222224
2024-05,2769,300997,16,0.1014009339559706,0.3453051774209581,0.5044484754254123
2024-05,2769,002967,16,0.17448777263714477,0.5904327330116517,0.5824678022434568
2024-05,2769,300466,15,0.15394912985274423,0.2918815507155131,0.4166666666666666
2024-05,2769,000972,32,0.343358395989975,0.5524881318397599,0.5986185725249425
2024-05,2769,600088,21,0.18521983161833477,0.3163437431695446,0.31298331298331283
2024-05,2769,603083,32,0.14925768822905605,0.3436459994045393,0.4627199307758871
2024-05,2769,603087,16,0.0988117573483428,0.6671861795804003,0.6993272055339715
2024-05,2769,000977,16,0.12536945812807887,0.5578925524750656,0.5534880038007763
2024-05,2769,000988,24,0.1399588356365774,0.5133633969338643,0.5369244568467211
2024-05,2769,301029,15,0.17204724409448813,0.5050856298056707,0.6316286760363761
2024-05,2769,002423,22,0.10507246376811585,0.43853931721600375,0.33346566097657787
2024-05,2769,603108,39,0.29535095715587967,0.6211190262023769,0.6762945427103472
2024-05,2769,001212,30,0.13004926108374382,0.40825375402196845,0.5352214088563546
2024-05,2769,001216,34,0.23704215618521085,0.4661640567086519,0.587347812357461
2024-05,2769,600133,20,0.16383169203222925,0.4424830124061529,0.5552121382410793
2024-05,2769,688568,16,0.12438825448613378,0.558786248412807,0.6049366926716974
2024-05,2769,605118,46,0.21592091571279914,0.5809366797162975,0.7044299201161942
2024-05,2769,003028,16,0.08769675554127854,0.4468002220704417,0.5649717514124298
2024-05,2769,002456,19,0.15926327193932832,0.4107074120496028,0.45668987530472255
2024-05,2769,300523,27,0.23297966401414671,0.6094504288397503,0.6481902165682268
2024-05,2769,603156,20,0.08703145196036188,0.6776772499662519,0.678447849728126
2024-05,2769,301071,18,0.13874888823006215,0.593287708113826,0.5626154013250787
2024-05,2769,300547,17,0.12600969305331178,0.610723196473412,0.5876091121992757
2024-05,2769,002478,23,0.08994708994708989,0.543131796966052,0.5779507818169822
2024-05,2769,600822,35,0.2716711349419123,0.5955624310151765,0.6289549376797694
2024-06,2788,688628,31,0.22924006039255163,0.6077288556630303,0.5643496214728149
2024-06,2788,603200,20,0.15910073497622135,0.3575229283093662,0.5607895917451771
2024-06,2788,600203,18,0.2557840616966581,0.5137500600384398,0.6629235618597321
2024-06,2788,301125,30,0.2842242503259452,0.49133495816261447,0.6396602417510623
2024-06,2788,001366,18,0.19111111111111112,0.4540643142313285,0.578372268274303
2024-06,2788,300586,21,0.2258883248730965,0.38487442720477644,0.6423483173667406
2024-06,2788,605555,32,0.19121140142517823,0.4843604994651426,0.6869575148469619
2024-06,2788,688662,30,0.20580357142857142,0.5055646025932002,0.7064318121163595
2024-06,2788,605580,20,0.2116301239275501,0.35002601061735134,0.5584095707248418
2024-06,2788,301138,26,0.2084972462627852,0.3409618361935374,0.6264861418445036
2024-06,2788,002526,24,0.2683706070287539,0.48653477556973757,0.6267896913776643
2024-06,2788,688003,32,0.11959855032060218,0.34587351767049124,0.5983841739655693
2024-06,2788,688685,22,0.32340698046749927,0.6032588287109517,0.5630434782608696
2024-06,2788,301158,30,0.2497861420017109,0.5051280642011235,0.6330289428880987
2024-06,2788,603239,29,0.15073765234124437,0.4478005904639864,0.6964737969998063
2024-06,2788,300610,20,0.21068249258160232,0.6021170416293204,0.6769394261424015
2024-06,2788,301163,25,0.24493173355399256,0.423834399302897,0.5895433745497032
2024-06,2788,603261,18,0.21040118870728075,0.4273419378843582,0.5338736838209441
2024-06,2788,002009,25,0.17437452615617888,0.3123567456838358,0.529363369245837
2024-06,2788,300067,27,0.27,0.4436286926467604,0.49277792598803294
2024-06,2788,002014,38,0.09787234042553195,0.5021738364101912,0.6467977171845267
2024-06,2788,603273,28,0.2434325744308231,0.2387150139511217,0.4451088796118699
2024-06,2788,300073,15,0.14604722792607794,0.35001324523248695,0.4696756937479104
2024-06,2788,300074,29,0.3002309468822172,0.5431700190462373,0.5946798029556649
2024-06,2788,002023,18,0.13366336633663367,0.3333744025424444,0.5544498151833948
2024-06,2788,603289,32,0.23336745138178094,0.33016625028586366,0.5075144949649067
2024-06,2788,000404,31,0.2562111801242236,0.5098506836507085,0.5526826115061407
2024-06,2788,301202,21,0.23414785029384466,0.37149788421791774,0.549987471811576
2024-06,2788,002042,27,0.23566878980891715,0.4123216095601566,0.643347050754459
2024-06,2788,000420,15,0.12068965517241381,0.4399130411411376,0.567398119122257
2024-06,2788,000421,29,0.2660714285714285,0.5118699575014624,0.5825967882484747
2024-06,2788,002590,15,0.16490765171503963,0.5141625866133451,0.6606403013182675
2024-06,2788,688070,17,0.2263829787234043,0.3535913658880804,0.3736287710278822
2024-06,2788,688787,30,0.22072907012666043,0.3999694934506086,0.5029697884226413
2024-06,2788,600971,41,0.11509591326105095,0.5971944637669999,0.6543967280163604
2024-06,2788,603325,23,0.15890800063121346,0.31063801110595807,0.7114800928405641
2024-06,2788,300669,18,0.11348005502063263,0.4936586478445382,0.7002267573696143
2024-06,2788,603327,19,0.2007575757575758,0.46415024644446173,0.5590800951625691
2024-06,2788,301226,30,0.19208381839348077,0.5956622856373823,0.6998482549317145
2024-06,2788,301228,30,0.2582837723024638,0.3587858670425006,0.5036160420775806
2024-06,2788,301230,28,0.2422846614463382,0.5416059158737316,0.5219321760010872
2024-06,2788,688092,30,0.17785096747632767,0.5295211637450198,0.6663530887425523
2024-06,2788,301233,17,0.13459516298633012,0.585681234891519,0.6138107416879798
2024-06,2788,002611,25,0.18901453957996783,0.27601062365621487,0.45792474344355794
2024-06,2788,600331,20,0.2208504801097394,0.5146719206548844,0.6934234055235448
2024-06,2788,600984,29,0.2857142857142858,0.3964991151071945,0.5371515716343306
2024-06,2788,301238,32,0.23076923076923073,0.3832427137102414,0.46053388863890804
2024-06,2788,600979,18,0.1566579634464752,0.6315712264890457,0.6013071895424842
2024-06,2788,000524,19,0.15888888888888886,0.30319775573357055,0.48613398326855917
2024-06,2788,002075,17,0.12709832134292565,0.3971787296046489,0.6657720891824935
2024-06,2788,002076,29,0.245,0.3995709873992434,0.5335890840925933
2024-06,2788,600339,42,0.15804597701149425,0.5801852574217923,0.5500593589236243
2024-06,2788,002080,45,0.24925816023738878,0.624507376538298,0.6901993355481731
2024-06,2788,600367,20,0.2655410590943975,0.5672629355804686,0.598788166805275
2024-06,2788,600373,46,0.18733509234828494,0.5736972961111119,0.6526590593288133
2024-06,2788,301280,17,0.11955469506292349,0.4279045886552035,0.6588788553418214
2024-06,2788,300712,17,0.17577664176169872,0.37523136656728867,0.6674792606607483
2024-06,2788,301283,16,0.11718365337272274,0.5014407217038697,0.664096916299559
2024-06,2788,300172,51,0.3216,0.5492781161686351,0.6027816766619883
2024-06,2788,601069,18,0.1534391534391535,0.5623860688226403,0.7090067408430113
2024-06,2788,300727,19,0.207940446650124,0.5451198107997847,0.5647765368873526
2024-06,2788,301299,30,0.16903598400710806,0.6219181613366355,0.5875943000838223
2024-06,2788,300182,32,0.318359375,0.4232705135037522,0.5329557157569513
2024-06,2788,300738,21,0.17471466198419672,0.43225424202443097,0.5524847301557982
2024-06,2788,300740,36,0.2887358583374323,0.5304272602661959,0.5584008751429568
2024-06,2788,601127,32,0.20339487790351396,0.6221383216584658,0.6700867346617094
2024-06,2788,688168,30,0.23438155136268346,0.3569597079374171,0.7078118256365991
2024-06,2788,002136,29,0.22458001768346603,0.4462364200335174,0.6520235212729161
2024-06,2788,603499,16,0.2636761487964989,0.5852747241459584,0.4876237623762376
2024-06,2788,601137,23,0.18072976054732037,0.6148531748006998,0.6616155926092837
2024-06,2788,301318,27,0.2000635122261034,0.5790570459535611,0.6178876934780243
2024-06,2788,603508,19,0.1289605336297942,0.37329657107474845,0.5851015801354407
2024-06,2788,300210,26,0.29123711340206193,0.3386940675358654,0.5554308352591611
2024-06,2788,601168,22,0.12601846822379148,0.5360866549771367,0.6561733442354868
2024-06,2788,000617,44,0.1325503355704698,0.5963189832712764,0.6144966898658968
2024-06,2788,603533,29,0.255666364460562,0.3494545131191234,0.40914156504885746
2024-06,2788,002705,32,0.20133819951338205,0.588692470212449,0.5865431124462207
2024-06,2788,002708,29,0.20903954802259883,0.44528318976259706,0.4554262745927649
2024-06,2788,600458,17,0.10779595765158811,0.5042705077411924,0.6293936731107208
2024-06,2788,601212,21,0.19104477611940307,0.5260878865083567,0.5743243243243242
2024-06,2788,300771,28,0.21294363256784965,0.4018598221704794,0.54920719284259
2024-06,2788,688197,31,0.21153846153846156,0.5324063171743283,0.689447870586998
2024-06,2788,000630,18,0.10626702997275206,0.4203023273693301,0.6220010662875428
2024-06,2788,300229,31,0.26102502979737785,0.4526034950266182,0.6061792396239163
2024-06,2788,300781,27,0.29711328976034856,0.4474013480207689,0.4667250205564836
2024-06,2788,300785,26,0.2954954954954955,0.5527911446903221,0.5283514713518205
2024-06,2788,002735,18,0.19695688926458155,0.2946819623959958,0.497437820272466
2024-06,2788,600490,21,0.23939393939393938,0.3880602014644733,0.47676161919040483
2024-06,2788,300249,30,0.19092122830440594,0.38710992548677853,0.5489390828199863
2024-06,2788,300254,19,0.1834763948497854,0.5898110233180397,0.49424010583727584
2024-06,2788,601388,20,0.2730375426621161,0.5597815707359541,0.5479452054794517
2024-06,2788,603611,31,0.22968906720160487,0.5421347030522382,0.6378078308628126
2024-06,2788,600506,19,0.15046728971962609,0.36071936000138405,0.6081807624482074
2024-06,2788,601390,41,0.0963665086887836,0.5984123163263622,0.5624110109159949
2024-06,2788,688244,30,0.22103918228279396,0.5161871333317767,0.6894682793245089
2024-06,2788,000691,19,0.1661538461538462,0.3289594223500676,0.6430812129661905
2024-06,2788,300813,25,0.24184529356943152,0.5804834627753163,0.5600669476816263
2024-06,2788,301398,32,0.19075482738443528,0.30063076659145715,0.39103882565085096
2024-06,2788,300272,17,0.15630885122410532,0.4839278242918018,0.5425244402922826
2024-06,2788,000701,26,0.29980276134122297,0.5833450251199139,0.606687494722621
2024-06,2788,002215,38,0.1885245901639344,0.599823966143565,0.5219147503808953
2024-06,2788,603655,30,0.2294991744634013,0.6171815534768552,0.6217597663380796
2024-06,2788,300824,20,0.27448869752421945,0.46067794235458925,0.5362663918405062
2024-06,2788,603657,17,0.1177406523468576,0.36782223054702634,0.491606714628297
2024-06,2788,002778,29,0.20361247947454852,0.31683345501195437,0.7011467277391578
2024-06,2788,002779,28,0.2766348273328434,0.4276327614675519,0.5628590366769773
2024-06,2788,603677,27,0.14575214341387366,0.3136432211410574,0.5258112248087865
2024-06,2788,002236,50,0.18431831480397898,0.6241745640560372,0.6508682328907048
2024-06,2788,301500,24,0.24146649810366627,0.3832978016822069,0.45749935014296866
2024-06,2788,002796,30,0.255885363357216,0.5060218006240895,0.5021340697966356
2024-06,2788,300847,41,0.21962616822429915,0.5586544857933764,0.548188491593654
2024-06,2788,300849,31,0.1315979754157629,0.5729440692373029,0.5544735937679005
2024-06,2788,300310,26,0.2296137339055795,0.52665036736536,0.7038076576815129
2024-06,2788,301518,26,0.171875,0.40530658350882987,0.5892584572787617
2024-06,2788,600577,35,0.17903930131004375,0.5236178900171646,0.62882096069869
2024-06,2788,300322,29,0.18423855165069225,0.40888311302886327,0.5966608014395017
2024-06,2788,603711,16,0.2006134969325154,0.6136753060165981,0.6365030674846628
2024-06,2788,600580,17,0.15398075240594922,0.3443630921469364,0.43624740843123716
2024-06,2788,601800,40,0.08070175438596494,0.44831690317608985,0.5856793145654826
2024-06,2788,603721,26,0.30603889457523026,0.4048743397995767,0.4660560601584017
2024-06,2788,301555,24,0.28178137651821855,0.45865246582447045,0.601979664669046
2024-06,2788,002828,27,0.21553398058252426,0.5309373172696067,0.6380129878824391
2024-06,2788,002272,29,0.30313014827018114,0.5859157077132601,0.6709386796941913
2024-06,2788,603728,31,0.2393991253089942,0.5183810242872972,0.5287317189137151
2024-06,2788,300343,32,0.26080000000000003,0.37892352317599315,0.5638809328968906
2024-06,2788,000801,22,0.18905047048759616,0.3803943983718445,0.3955719557195571
2024-06,2788,002846,26,0.2901498929336188,0.6398698682033165,0.5821926105390673
2024-06,2788,300891,17,0.13879408418657557,0.3602455023289091,0.5982053838484546
2024-06,2788,300351,33,0.26209048361934484,0.5628011411096099,0.5978091982597891
2024-06,2788,300894,16,0.22657685241886083,0.4904482799368281,0.5280548628428928
2024-06,2788,603790,30,0.18959435626102294,0.4759447081500891,0.7131689717378226
2024-06,2788,002295,28,0.26861313868613135,0.3345983891083892,0.48628228485692854
2024-06,2788,603798,27,0.20549338758901325,0.2396612743095262,0.492316061471508
2024-06,2788,600615,29,0.31476050830889546,0.5388872538920901,0.6904521161346234
2024-06,2788,002298,21,0.2338858195211786,0.41666175729628635,0.5483826183534634
2024-06,2788,000831,41,0.21633190648666445,0.6055019675309465,0.6330201819636666
2024-06,2788,300374,40,0.24444444444444446,0.5826319097199038,0.5519366197183099
2024-06,2788,002313,29,0.2607142857142858,0.33206002882408175,0.5348517375553469
2024-06,2788,000852,79,0.2695530726256983,0.5931846521962408,0.715311374732145
2024-06,2788,002315,32,0.23781998348472333,0.5793976824382104,0.5434854937450092
2024-06,2788,002882,26,0.2413612565445027,0.4418295631641852,0.6364884019168899
2024-06,2788,603006,25,0.22785977859778606,0.4340703097531279,0.5493171471927161
2024-06,2788,603011,30,0.2559681697612731,0.2800729562385168,0.4256488549618322
2024-06,2788,300945,26,0.2785030461270671,0.4930383870898465,0.5058771016217827
2024-06,2788,002343,23,0.2736535662299854,0.4474087302228798,0.46695368311491725
2024-06,2788,300949,29,0.29396615158204553,0.3607602585471665,0.48330720431216917
2024-06,2788,603888,78,0.3171987641606592,0.6251488167403296,0.6025302753534941
2024-06,2788,300409,32,0.23745173745173742,0.518820297516039,0.5222154595252589
2024-06,2788,300960,27,0.22301024428684002,0.35850356312155524,0.5965448566532352
2024-06,2788,600686,21,0.13493064312736436,0.533284031956733,0.6603773584905658
2024-06,2788,002927,17,0.2074659009332377,0.4788604240099276,0.6249356885611388
2024-06,2788,600038,34,0.1375027722333112,0.56189760891779,0.633033916679573
2024-06,2788,300975,15,0.1888045540796962,0.3865873825308942,0.428827751196172
2024-06,2788,603933,28,0.17901234567901225,0.47580747018865543,0.6865645666550644
2024-06,2788,603958,51,0.29821428571428565,0.2058882645620423,0.2747406225059857
2024-06,2788,603966,27,0.2724637681159421,0.5405114091661122,0.7094801223241587
2024-06,2788,000960,19,0.14549791293977343,0.5930001267892806,0.6593406593406593
2024-06,2788,300995,21,0.17633274751025185,0.33303433951000316,0.5166395159413543
2024-06,2788,002959,25,0.2712055367777242,0.5979272260140653,0.6923367879567286
2024-06,2788,688503,37,0.2866752910737387,0.5723001841143158,0.705612586120872
2024-06,2788,603079,24,0.24784313725490192,0.5040243933018264,0.5857487922705314
2024-06,2788,603988,30,0.2370062370062369,0.4691446796007683,0.4829545454545457
2024-06,2788,603085,18,0.12996031746031755,0.3220856979608342,0.5825242718446605
2024-06,2788,002972,27,0.13968253968253952,0.3645355833464183,0.5716798592788038
2024-06,2788,002403,29,0.22676579925650553,0.20368472818066247,0.42922871419383574
2024-06,2788,300474,32,0.14261908068323847,0.5883294526970929,0.6359657867453542
2024-06,2788,002980,28,0.1543818920487522,0.24698434343347972,0.4758513091846422
2024-06,2788,301016,17,0.1727528089887641,0.48925989111681345,0.5705266399753623
2024-06,2788,002982,18,0.21032056293979673,0.6247965197725356,0.714343434343434
2024-06,2788,603095,30,0.22862453531598503,0.33140733312404547,0.5863249192952436
2024-06,2788,301019,23,0.2139037433155081,0.6166613075535914,0.6024562421429259
2024-06,2788,600746,31,0.21643835616438356,0.525204726817524,0.6182227221597305
2024-06,2788,301022,25,0.2289361702127659,0.5157218753970949,0.5940390544707091
2024-06,2788,301026,20,0.23468685478320717,0.44920272300962827,0.6048632218844988
2024-06,2788,002420,26,0.22830188679245278,0.48676953400664524,0.6501298468702431
2024-06,2788,300492,36,0.1789693593314764,0.5624653474775138,0.5806520539164189
2024-06,2788,603109,75,0.27723342939481277,0.5712809907844447,0.5829435653269851
2024-06,2788,301032,30,0.23477157360406087,0.4661688592217338,0.7152000000000001
2024-06,2788,603111,18,0.19124797406807126,0.4962477662701947,0.6928264868179035
2024-06,2788,003000,44,0.24503764544832307,0.603782861697323,0.5699349738620428
2024-06,2788,002432,57,0.16278558875219695,0.5774105236547479,0.6669890393294647
2024-06,2788,605069,29,0.24935732647814912,0.44742884918451903,0.7096774193548387
2024-06,2788,001219,93,0.25662482566248257,0.6098834679997197,0.48922469046434097
2024-06,2788,002438,17,0.15571776155717765,0.5153948194719923,0.6040525041417096
2024-06,2788,600785,37,0.2910505836575876,0.5463057495375729,0.42323733210731995
2024-06,2788,603135,79,0.30732099758648435,0.5779908636097603,0.5383130383130384
2024-06,2788,300530,27,0.3012048192771084,0.47897693906677213,0.5715599705665928
2024-06,2788,301072,28,0.1802674043337944,0.3156767176156899,0.4722987855517976
2024-06,2788,600807,15,0.12111801242236031,0.5169437806626772,0.7078972407231207
2024-06,2788,300540,25,0.21338453099286891,0.6271389618485781,0.6556327724945139
2024-06,2788,301092,19,0.17568597560975607,0.4408604442667141,0.7053760264977503
2024-06,2788,600824,96,0.29323308270676696,0.5520355693511527,0.7019562715765246
2024-06,2788,605298,29,0.1819148936170213,0.24439819386044187,0.5145845568699837
2024-06,2788,605299,28,0.21406086044071349,0.4890901913103995,0.7161466814303393
2024-07,2811,300564,53,0.3034146341463415,0.5385401243414852,0.6868547525809898
2024-07,2811,301106,22,0.1655034895314058,0.5791269814358728,0.6426989517200649
2024-07,2811,688631,26,0.2629348143817597,0.4652854880506331,0.5515978311029072
2024-07,2811,600210,30,0.11666666666666659,0.2568182644029694,0.5448613376835236
2024-07,2811,001376,20,0.11378555798687096,0.21846938276470093,0.4189003864854758
2024-07,2811,603221,32,0.2052785923753665,0.5815511852362544,0.6602186711522287
2024-07,2811,000037,29,0.23061224489795928,0.436788421449991,0.5762417404374512
2024-07,2811,301148,26,0.20347003154574128,0.41521959524916136,0.531976370874534
2024-07,2811,001896,44,0.25979381443298966,0.4641809399931751,0.5277610915644041
2024-07,2811,002544,37,0.1783060921248143,0.3353960254010019,0.5036657845646612
2024-07,2811,688015,25,0.2011434511434511,0.3953900319657133,0.6484552845528456
2024-07,2811,000065,63,0.3007812500000001,0.5555413727964558,0.5727318101153505
2024-07,2811,002006,54,0.20708446866485009,0.46617618456745846,0.6875902744342804
2024-07,2811,300618,22,0.14056809905316825,0.37085699775896336,0.5766662957605428
2024-07,2811,000099,17,0.27468030690537093,0.4491103717573555,0.6329683270499916
2024-07,2811,300083,28,0.21917808219178092,0.36705432841189295,0.5511039886039886
2024-07,2811,603291,33,0.2149812734082397,0.4489770414443763,0.6651265517504
2024-07,2811,603303,56,0.21039603960396036,0.42450082571613934,0.6649654021691126
2024-07,2811,603308,36,0.2049418604651163,0.3223136256125879,0.6194262993467765
2024-07,2811,300105,29,0.19701492537313436,0.44800288865860977,0.6338275360623128
2024-07,2811,301212,43,0.23958762886597929,0.43786713230654484,0.656353999753482
2024-07,2811,300127,22,0.20461265523358962,0.4383368350962548,0.5703600728369198
2024-07,2811,603332,49,0.2805676855895197,0.5789373461510817,0.6667583670573586
2024-07,2811,000520,21,0.1962264150943397,0.5057253948554724,0.5469118340405468
2024-07,2811,300133,32,0.18318318318318316,0.4489578707111308,0.48128912919749534
2024-07,2811,600990,30,0.24144971924451253,0.3444988445980869,0.5106288092760521
2024-07,2811,300135,36,0.18965517241379304,0.26067861127640196,0.4325955734406437
2024-07,2811,002625,28,0.09927495817066379,0.3194903193464202,0.6006705159247522
2024-07,2811,000529,34,0.2021604938271605,0.3920183507257508,0.6351310021408911
2024-07,2811,002085,30,0.3070565797838525,0.4973939995593326,0.5779773888802853
2024-07,2811,603357,30,0.17229729729729737,0.3541505586660709,0.5129112133003182
2024-07,2811,688116,26,0.16159933361099554,0.5462742401189784,0.6348167539267019
2024-07,2811,601022,37,0.2592242194891201,0.43681442633539924,0.5101556061854673
2024-07,2811,601068,68,0.27121771217712176,0.5632473475530441,0.5043704228679422
2024-07,2811,600389,21,0.16702355460385443,0.35333041859879694,0.579537907651439
2024-07,2811,002668,15,0.17575083426028926,0.464230265324251,0.6707095209217708
2024-07,2811,601107,61,0.15506958250497027,0.4443300016787528,0.6488888888888883
2024-07,2811,002125,22,0.1469681397738951,0.23063632140077514,0.47205768735513753
2024-07,2811,002676,31,0.20082815734989656,0.4204790358565282,0.5521358723623261
2024-07,2811,300191,35,0.13790713790713793,0.33839486466761165,0.5428997232275922
2024-07,2811,600415,67,0.17625458996328025,0.5815639094739792,0.6758853635327094
2024-07,2811,300196,31,0.16330451488952924,0.3455097393291144,0.6466242410942875
2024-07,2811,000603,27,0.22546816479400744,0.5714485347720101,0.6845850480109741
2024-07,2811,300756,18,0.14685314685314688,0.22745273407290065,0.5313605062348781
2024-07,2811,000612,21,0.21917808219178092,0.33364870253634876,0.5041392485671834
2024-07,2811,002152,63,0.21409921671018284,0.5964004985238349,0.6384940288587289
2024-07,2811,688191,37,0.20293398533007334,0.23128930836744177,0.6436175108138783
2024-07,2811,603551,41,0.19715447154471544,0.4679935757200569,0.6770535932784075
2024-07,2811,002716,29,0.1724137931034483,0.44148724830229014,0.6203007518796996
2024-07,2811,002167,35,0.21221864951768477,0.22319585268343567,0.4188481675392671
2024-07,2811,300233,55,0.2738163148887621,0.573578722540333,0.6013328688660334
2024-07,2811,002171,64,0.2740076824583867,0.5690676175576451,0.6505520046484605
2024-07,2811,603580,35,0.24242424242424243,0.5897095376178559,0.5656989134612025
2024-07,2811,000657,33,0.24787133396404915,0.49366274924812886,0.5584872471416007
2024-07,2811,300243,20,0.16043956043956042,0.22504435893133456,0.3479606700655501
2024-07,2811,300801,20,0.1392081736909323,0.3999302630810578,0.6826447115870288
2024-07,2811,300818,23,0.27355769230769234,0.5724866563728941,0.6111477883617845
2024-07,2811,300819,36,0.20872274143302183,0.3637519856537321,0.5655430711610487
2024-07,2811,300823,24,0.26374442793462116,0.59032028429499,0.6060098302055404
2024-07,2811,600531,33,0.19939117199391176,0.49094958802982785,0.6595059076262084
2024-07,2811,002225,18,0.13527851458885942,0.5446316873902659,0.6506024096385546
2024-07,2811,603661,37,0.3120567375886525,0.3591086172190016,0.6879358509381255
2024-07,2811,603663,24,0.15764482431149096,0.22260992387112846,0.48899999999999993
2024-07,2811,301486,30,0.289990089197225,0.36506590820449647,0.4360022462930766
2024-07,2811,002231,52,0.3096153846153846,0.5599661734163107,0.5493658883489397
2024-07,2811,000722,42,0.2208760484622554,0.5483171681594651,0.5842898436842253
2024-07,2811,300292,29,0.20155038759689925,0.4188926843225236,0.508371385083714
2024-07,2811,000737,22,0.25587958607714023,0.600974784656704,0.6788536837300922
2024-07,2811,002246,26,0.16957026713124268,0.2844403965683529,0.4497938444879429
2024-07,2811,603693,17,0.08079930495221543,0.36068750198988764,0.6411128420036419
2024-07,2811,002251,50,0.22137404580152675,0.4120301668902101,0.6793969849246231
2024-07,2811,000777,31,0.18193146417445483,0.31871325714680143,0.5425077335274295
2024-07,2811,002264,15,0.15412844036697249,0.3154336383906901,0.44017467248908243
2024-07,2811,601801,71,0.2684283727399166,0.4152369242122709,0.6725715115434876
2024-07,2811,300327,22,0.1230544747081711,0.42232152029281234,0.6807092065113651
2024-07,2811,601808,27,0.1680424528301887,0.5290333125001154,0.6719309141454475
2024-07,2811,300881,27,0.1891392685629849,0.522723024442558,0.673419525603176
2024-07,2811,300882,19,0.2150988615937688,0.4948079415317268,0.6311368199988947
2024-07,2811,601866,19,0.11462450592885365,0.4725412998765255,0.661268556005398
2024-07,2811,300890,37,0.20055807464248343,0.31367941178143993,0.39019834002001025
2024-07,2811,300349,54,0.2704160246533127,0.4847794348332165,0.683700344836949
2024-07,2811,601901,33,0.16765755053507725,0.4367619707782925,0.6673948661933365
2024-07,2811,300900,35,0.23385077616424632,0.5112194171184565,0.5069838498472284
2024-07,2811,000833,32,0.10794297352342164,0.38670124576915094,0.619981751824817
2024-07,2811,300913,33,0.23936000000000002,0.36342559586148687,0.4833143087356476
2024-07,2811,603836,23,0.15400843881856552,0.28653539856430327,0.4814604299709119
2024-07,2811,300922,41,0.23579920739762217,0.5189764804017973,0.6293910721768023
2024-07,2811,600644,19,0.1742983751846381,0.32280348387132096,0.448036657544708
2024-07,2811,300927,28,0.24685138539042817,0.36795709504145,0.5031705588229657
2024-07,2811,000878,34,0.18025078369905945,0.38972946385478324,0.6148339211454439
2024-07,2811,000881,39,0.24059139784946237,0.369819447938818,0.6381883685023156
2024-07,2811,002893,34,0.20738636363636376,0.31095655132896366,0.4662239089184059
2024-07,2811,603007,19,0.07590759075907594,0.45454908728242355,0.5171317555634053
2024-07,2811,002899,51,0.21073298429319365,0.25350213295306895,0.6624582027559939
2024-07,2811,000888,19,0.12478336221837083,0.4028061932112911,0.6191634306598764
2024-07,2811,002339,43,0.30290456431535273,0.5896627090117083,0.6619892877694659
2024-07,2811,002340,33,0.1515151515151515,0.4187844942205147,0.6896551724137923
2024-07,2811,603017,30,0.20086393088552912,0.3844033337498283,0.4904038957318817
2024-07,2811,300411,30,0.29238985313751675,0.4940549767908769,0.5156606204777479
2024-07,2811,300415,25,0.19771485345255835,0.5639149222126636,0.652645273200347
2024-07,2811,000917,80,0.2885802469135802,0.5678278762571666,0.5439778630676413
2024-07,2811,300427,19,0.13585746102449892,0.5330844343100577,0.6399160765801207
2024-07,2811,603928,51,0.24347826086956526,0.5872271374828835,0.5209558972694446
2024-07,2811,300442,33,0.29120498614958445,0.3738178318185106,0.514849902066595
2024-07,2811,002378,31,0.1914893617021276,0.28786452201008134,0.5216976633285646
2024-07,2811,300444,32,0.2347354138398915,0.5622757710854133,0.6450928381962863
2024-07,2811,000949,22,0.1662404092071612,0.45799801513550215,0.5154579933340998
2024-07,2811,603967,24,0.12089201877934264,0.24324358107740396,0.47643029814665544
2024-07,2811,002956,19,0.1608247422680411,0.35493919254943834,0.6372822515653092
2024-07,2811,300994,24,0.20383912248628877,0.4783534986316978,0.5539429124334785
2024-07,2811,300457,21,0.16686182669789218,0.5575031289081539,0.6356099486774579
2024-07,2811,000965,47,0.2941176470588235,0.39791508614319065,0.6099590661688631
2024-07,2811,002395,19,0.16598360655737698,0.2778094442334971,0.478277989237433
2024-07,2811,002968,36,0.20795107033639149,0.48988056534144453,0.5540858318636095
2024-07,2811,300467,53,0.24494794856093072,0.5975507016794444,0.6872603685020422
2024-07,2811,603086,53,0.29960317460317465,0.41544581782490425,0.6849144634525657
2024-07,2811,002404,35,0.11596958174904937,0.395648666230694,0.5898617511520734
2024-07,2811,002975,48,0.2656367746797288,0.4187481849916269,0.6706524197195839
2024-07,2811,600094,19,0.21259842519685046,0.4361736617823363,0.5288800564138728
2024-07,2811,300475,54,0.2842076798269334,0.5919170473816938,0.6330288270898331
2024-07,2811,600744,19,0.1071428571428571,0.2527564325047884,0.4002237810388603
2024-07,2811,300481,30,0.2183606557377049,0.38013163181459486,0.5741559296529671
2024-07,2811,603097,16,0.13545816733067728,0.34913564143842507,0.49878692735835617
2024-07,2811,000993,34,0.24291115311909262,0.3098065551602485,0.5426763389411942
2024-07,2811,600749,16,0.20155038759689914,0.5583735423437928,0.545218051089352
2024-07,2811,300484,30,0.2787193973634652,0.3359140515700556,0.42173639051820266
2024-07,2811,301025,32,0.2513761467889908,0.46177694743143627,0.49703731719616756
2024-07,2811,605011,27,0.21717557251908393,0.4074669960843081,0.5455438437417358
2024-07,2811,001205,33,0.10526315789473695,0.3522128847083833,0.6612965093977754
2024-07,2811,300497,33,0.2352371732817038,0.4592954738530796,0.6586345381526104
2024-07,2811,301042,33,0.20219435736677116,0.357748949018212,0.6630673674151936
2024-07,2811,300505,22,0.18854961832061057,0.4195421653263057,0.4789651015424563
2024-07,2811,605088,32,0.24232558139534888,0.3045581790298807,0.5859939034172948
2024-07,2811,300520,49,0.2558139534883721,0.5908539762737315,0.5731674692348848
2024-07,2811,603151,36,0.24143556280587264,0.4423794047986711,0.4935672514619883
2024-07,2811,605155,35,0.16205128205128205,0.45818124591645554,0.613738178198108
2024-07,2811,003029,30,0.2550143266475645,0.5697803799778046,0.5104845991772848
2024-07,2811,301068,34,0.18013468013468015,0.34993649492453505,0.6668774179951532
2024-07,2811,605162,33,0.19483870967741934,0.3524628206566185,0.488143971576427
2024-07,2811,605177,25,0.16919642857142858,0.3480929185131313,0.6009756097560978
2024-07,2811,605180,29,0.16931637519872822,0.2774525084665097,0.40489895457887276
2024-07,2811,605196,34,0.2504472271914131,0.4484661258792917,0.6320337620578773
2024-07,2811,605198,27,0.18497965223825374,0.42974057898478374,0.27628345619977407
2024-07,2811,301091,24,0.21687279151943462,0.533654382696793,0.5364153204966076
2024-08,2833,300567,15,0.11280230001691194,0.5103817692361801,0.5614035087719296
2024-08,2833,300575,40,0.19581464872944698,0.4453898875966066,0.6473747016706441
2024-08,2833,301120,22,0.19978969505783384,0.42873931057038994,0.6074967686342094
2024-08,2833,301123,29,0.11472602739726023,0.47487699198131994,0.6043213531939448
2024-08,2833,300025,34,0.18606965174129364,0.4701480951559397,0.6619836158082156
2024-08,2833,605488,71,0.28029602220166516,0.4294907472848466,0.6600060796433276
2024-08,2833,002521,41,0.25845620121422364,0.4716522034392226,0.6339890016920475
2024-08,2833,688668,16,0.12515964240102173,0.42337193076878904,0.5157415078707536
2024-08,2833,300593,15,0.15122873345935728,0.32266681150614446,0.5576373451889485
2024-08,2833,600866,25,0.16893203883495145,0.3702205825675717,0.621993569131833
2024-08,2833,301156,25,0.24293785310734461,0.4691354785794648,0.5682547282738807
2024-08,2833,688689,21,0.20154291224686594,0.4719734787865121,0.643082245338009
2024-08,2833,301170,30,0.21706398996235887,0.42638560711268303,0.5829057322973171
2024-08,2833,688699,21,0.17650855114553077,0.4518967206103191,0.6053319707853685
2024-08,2833,688027,51,0.24372602739726024,0.45268957359075757,0.4641666916864321
2024-08,2833,300067,34,0.2685851318944844,0.43389411843371384,0.4535868401414622
2024-08,2833,301179,22,0.19985250737463134,0.37189812840156816,0.526721975689755
2024-08,2833,300636,38,0.2367049009384775,0.47178828818969587,0.6190282037191327
2024-08,2833,300644,30,0.19765664798777383,0.3466171265374025,0.4573301915787316
2024-08,2833,300650,30,0.15819750719079584,0.5014395327213543,0.6531180400890866
2024-08,2833,600301,24,0.13963963963963977,0.4462715410359963,0.5489251297257232
2024-08,2833,002590,34,0.23224431818181812,0.36528219182628213,0.5336142862187901
2024-08,2833,000422,22,0.09580838323353291,0.2894804448957226,0.5341031149301825
2024-08,2833,301219,44,0.17291338582677163,0.47066562703016024,0.6122019845998252
2024-08,2833,301225,34,0.18913480885311862,0.41196258888627496,0.6315545192339571
2024-08,2833,300670,30,0.13186813186813184,0.34295084812165877,0.4805251641137856
2024-08,2833,301229,36,0.25661680092059835,0.4144141129708089,0.5728223246471422
2024-08,2833,301237,16,0.1119037004012482,0.39595258703911085,0.5254366234453557
2024-08,2833,300680,13,0.1710893854748604,0.3167248163959797,0.4940294362677031
2024-08,2833,301248,16,0.18169582772543735,0.41614149214494106,0.550558014238984
2024-08,2833,688102,17,0.2277904328018222,0.5700520250437994,0.5348307547317988
2024-08,2833,301252,37,0.21814671814671815,0.4428278698933633,0.6161846978173511
2024-08,2833,301260,28,0.12878787878787878,0.38530990607540466,0.5135144277933761
2024-08,2833,300696,17,0.2541254125412541,0.3522626498423639,0.477953101448169
2024-08,2833,300697,24,0.15815085158150854,0.2507570167259602,0.4355400696864108
2024-08,2833,600362,55,0.1883994766681204,0.3934301092507999,0.6112169312169313
2024-08,2833,000544,26,0.0847457627118644,0.5292708540350738,0.5748873568210201
2024-08,2833,300706,15,0.11016949152542366,0.30497503348674787,0.5183739837398367
2024-08,2833,301277,35,0.13235294117647056,0.46522561552314307,0.5788571428571431
2024-08,2833,300717,33,0.16758241758241765,0.4516432739486342,0.5321329234372713
2024-08,2833,688138,27,0.1428571428571429,0.4945508789840421,0.6461896879406532
2024-08,2833,300175,24,0.26131386861313866,0.37120235361606374,0.33619975134687125
2024-08,2833,300721,24,0.20108695652173925,0.31221287598083713,0.4440789473684212
2024-08,2833,600390,123,0.23732251521298176,0.5714770732973024,0.6157716285683028
2024-08,2833,301297,28,0.18895481515289825,0.4770428417388463,0.6328412005267902
2024-08,2833,000571,28,0.12187500000000007,0.5032180988269929,0.6376456161863878
2024-08,2833,300732,16,0.17352185089974304,0.4732643214402824,0.5773476596997351
2024-08,2833,601118,59,0.26559714795008915,0.5082250902511412,0.6561707523245984
2024-08,2833,603486,32,0.1435847683725442,0.5208706048049956,0.63466866774417
2024-08,2833,002134,17,0.10240963855421692,0.2997717762279597,0.5288679416296567
2024-08,2833,300200,25,0.18278145695364234,0.3070334103361414,0.5927835051546392
2024-08,2833,000599,74,0.2873303167420814,0.2946983639427349,0.5390243902439018
2024-08,2833,600428,57,0.1448275862068965,0.40970299055047243,0.6532663316582916
2024-08,2833,300757,17,0.11257208765859295,0.5705350793548473,0.5308718573641802
2024-08,2833,300758,25,0.14768683274021355,0.30680277785488275,0.5187272727272724
2024-08,2833,300215,20,0.2184115523465704,0.42860656485507276,0.5608052588331962
2024-08,2833,603530,19,0.17166813768755518,0.4816302505677203,0.6082318607225519
2024-08,2833,301333,14,0.16166592028660998,0.5642801215841242,0.6356653090684128
2024-08,2833,300221,47,0.27857142857142847,0.4283701798526115,0.6165788521095602
2024-08,2833,301338,15,0.15568592057761732,0.39343859544626814,0.6426032266885424
2024-08,2833,301353,18,0.12634408602150538,0.40316389925515705,0.5451962351269759
2024-08,2833,300776,20,0.19471544715447164,0.3466823407679685,0.6356543930003645
2024-08,2833,688230,21,0.1589403973509933,0.4028521032633995,0.6170673821071095
2024-08,2833,301386,24,0.20103334899013614,0.5361594266844395,0.538053390814127
2024-08,2833,600505,23,0.2028688524590163,0.3440419475665383,0.4078919539535304
2024-08,2833,301389,29,0.15363881401617252,0.34564750235423636,0.536074970430352
2024-08,2833,603612,52,0.2713347921225383,0.3915622830433319,0.6312368135941152
2024-08,2833,300808,21,0.1503972758229285,0.41888889158807374,0.6314060646613348
2024-08,2833,603619,51,0.2560724578015644,0.4372390477883073,0.6497716222189482
2024-08,2833,300270,19,0.18483412322274884,0.3827298968208582,0.4344717593356429
2024-08,2833,301429,34,0.11554621848739488,0.27473086704857175,0.41968206841096084
2024-08,2833,301448,22,0.17682926829268286,0.533385317293773,0.5501571186850385
2024-08,2833,300284,35,0.2831962397179789,0.5347791858181229,0.594616111857491
2024-08,2833,300835,29,0.1468587434973989,0.46869920197450293,0.5301015737390465
2024-08,2833,603669,31,0.1313559322033898,0.3522570400422892,0.6260454002389488
2024-08,2833,301499,21,0.21079793568876548,0.47099129769659476,0.6410256410256415
2024-08,2833,002787,73,0.27749999999999997,0.46448685838801795,0.642835107203455
2024-08,2833,300843,16,0.17137614678899094,0.4104633035918737,0.47514473946895563
2024-08,2833,301505,34,0.2800726282342261,0.5167989568937675,0.44676741664407676
2024-08,2833,688288,29,0.20578566732412895,0.5321702756351265,0.567736413312944
2024-08,2833,300852,21,0.15226337448559668,0.33347761522389147,0.48442355190821446
2024-08,2833,300320,25,0.16347381864623245,0.3365605154618974,0.6202686202686203
2024-08,2833,000791,43,0.14621848739495802,0.3194918543975729,0.3730110425180423
2024-08,2833,002835,36,0.23030667468430543,0.4160072113523797,0.5463852904304218
2024-08,2833,000807,51,0.22205989773557333,0.5221978856450239,0.6603448275862065
2024-08,2833,002851,19,0.14246141669964374,0.3597552535214519,0.5319401842714089
2024-08,2833,002296,32,0.22318526543878658,0.3730412941659909,0.4996550137994481
2024-08,2833,688347,15,0.18845070422535215,0.4908694320542467,0.5896029831103317
2024-08,2833,601919,21,0.11521547933157417,0.40098674256667616,0.593275542416195
2024-08,2833,300903,34,0.2149292149292149,0.46864330466094767,0.45182005250833757
2024-08,2833,300905,30,0.20606293169608592,0.297443478680035,0.34799311167041963
2024-08,2833,300907,34,0.13242009132420096,0.38390470793248277,0.5619815147569911
2024-08,2833,300911,24,0.11487650775416425,0.5123652624767159,0.587993421052631
2024-08,2833,300916,35,0.2630434782608696,0.3708570267891657,0.49749683686231316
2024-08,2833,603823,23,0.14358452138492872,0.2731418429868828,0.5366141869113402
2024-08,2833,601975,52,0.2075471698113207,0.47871540523995004,0.6486346799896633
2024-08,2833,300920,34,0.12017937219730945,0.3599371362051682,0.5324581671547778
2024-08,2833,002320,87,0.2812982998454404,0.5709447944411981,0.5597377367654202
2024-08,2833,300928,24,0.2648706321685783,0.4377798914722033,0.5364260407440212
2024-08,2833,000875,22,0.10869565217391297,0.30964077404630935,0.5079984393289115
2024-08,2833,603860,16,0.18867924528301883,0.5390770835051968,0.5817274604267036
2024-08,2833,300397,32,0.22883064516129026,0.3593520888875142,0.5267370572207083
2024-08,2833,002338,17,0.18465810482471368,0.37555799524795264,0.5394029789755432
2024-08,2833,300946,16,0.13606138107416876,0.3770990292987061,0.5026037220420011
2024-08,2833,300947,15,0.25726141078838183,0.515709465464752,0.4959638359702935
2024-08,2833,000899,35,0.22869955156950672,0.2510587285396246,0.36958344981828356
2024-08,2833,300950,29,0.126346015793252,0.4089050589753058,0.6118885189410694
2024-08,2833,002913,13,0.12435439014700045,0.40172419271065984,0.6151112326145647
2024-08,2833,688419,16,0.1669950738916256,0.4642668096398277,0.5608864909165414
2024-08,2833,002922,35,0.1862955032119915,0.5594740812204128,0.6321617313983732
2024-08,2833,300967,20,0.1763619575253924,0.4792806806708972,0.520729270729271
2024-08,2833,000923,47,0.2816301703163018,0.5481036214198773,0.6337143110611686
2024-08,2833,300429,22,0.23852459016393446,0.44342811816928474,0.6092144514418294
2024-08,2833,600052,30,0.1893203883495146,0.31303216899372643,0.5359477124183007
2024-08,2833,603931,30,0.23044886626561778,0.4069318960584541,0.6154118689105404
2024-08,2833,002943,34,0.2012987012987013,0.5390901439435404,0.6248413514849498
2024-08,2833,000938,18,0.12541254125412538,0.4546974292417955,0.5396650776188722
2024-08,2833,603058,47,0.244249726177437,0.511477753373636,0.5762500805118403
2024-08,2833,300988,34,0.2693823915900132,0.4050720210624704,0.630968445090305
2024-08,2833,300991,16,0.14767932489451474,0.3193766085508536,0.4739107519325365
2024-08,2833,000957,14,0.2062328139321723,0.5542176040698789,0.4893670252689517
2024-08,2833,603068,20,0.20344980097302068,0.2985031433024972,0.43840943301555446
2024-08,2833,600720,84,0.25191570881226055,0.5502907196864011,0.6113115216913956
2024-08,2833,301000,20,0.16025641025641024,0.48255216696826736,0.6251559770401794
2024-08,2833,600726,27,0.10407239819004521,0.51580171690775,0.5595143837424132
2024-08,2833,600727,28,0.17976031957390137,0.4662175765908855,0.6304712236915629
2024-08,2833,002970,19,0.14631901840490802,0.44021057327743934,0.5520749197755904
2024-08,2833,688517,29,0.11414790996784563,0.43772777768286686,0.5919951718651414
2024-08,2833,688518,15,0.19606413994169103,0.4668284555485247,0.6474190726159228
2024-08,2833,301012,25,0.17662007623888176,0.24549918069576124,0.4141001855287571
2024-08,2833,002408,37,0.1365248226950354,0.4465083897470758,0.5641151858232829
2024-08,2833,688535,34,0.25550477773161606,0.4713274536573202,0.6526090714708154
2024-08,2833,688549,28,0.21386430678466084,0.38691787014516976,0.6094952951240376
2024-08,2833,301039,88,0.256842105263158,0.5400435774521547,0.4871994182693515
2024-08,2833,003004,19,0.18401639344262288,0.23220204708334016,0.4341677595940009
2024-08,2833,301041,29,0.16010385114668968,0.3352176808138859,0.44606598771993955
2024-08,2833,600774,35,0.21760391198044005,0.34377872180741503,0.44668737060041425
2024-08,2833,600138,93,0.258091286307054,0.5405868688062341,0.4999504017458583
2024-08,2833,603132,39,0.28297872340425534,0.5521845837464704,0.5584415584415585
2024-08,2833,301059,33,0.13986784140969166,0.49758993345011737,0.6145494755889159
2024-08,2833,002455,33,0.1983273596176821,0.21608183594470085,0.33447503874782336
2024-08,2833,301072,34,0.27884615384615385,0.4694016447972052,0.5792290669548659
2024-08,2833,301077,36,0.13554987212276215,0.23980690987647324,0.4244909705734228
2024-08,2833,688593,30,0.16565040650406493,0.5227703107416567,0.6275681733283529
2024-08,2833,301083,21,0.20243737305348686,0.35651282436148735,0.5683534224760443
2024-08,2833,300554,15,0.21215986394557818,0.43098342023595776,0.6201236194143277
2024-08,2833,600193,73,0.26544622425629294,0.535560709732583,0.6426005713262124
2024-09,2852,301112,18,0.2807302231237322,0.45419341800888313,0.5722915195732333
2024-09,2852,301118,19,0.23835319609967498,0.38045404991761356,0.5332972997319999
2024-09,2852,688655,19,0.25662100456620995,0.40855803222672094,0.5962652532971772
2024-09,2852,600855,25,0.2333931777378816,0.5092328777825791,0.516836883571637
2024-09,2852,301132,21,0.27891629037860366,0.34133701117137066,0.4690583518560834
2024-09,2852,301133,28,0.23791666666666667,0.44208159164393435,0.6763552676440507
2024-09,2852,688020,25,0.2705948059201341,0.609928466677277,0.6242826265185959
2024-09,2852,301176,22,0.22890971879625055,0.2793206495521849,0.40654271153156807
2024-09,2852,301181,26,0.25620311598384293,0.4429157422871433,0.6818881252106631
2024-09,2852,688720,28,0.27625088090204375,0.34266198462038217,0.5035591203741692
2024-09,2852,301189,18,0.23747152619589973,0.44983847124262677,0.6483353551691603
2024-09,2852,301192,27,0.24105668684645032,0.4784878988167123,0.6862745098039214
2024-09,2852,603303,97,0.2805280528052805,0.42951266484249984,0.6632921241820601
2024-09,2852,301209,43,0.25731432858214554,0.610638186539657,0.6636344240355336
2024-09,2852,300656,25,0.27713920817369087,0.5600538539806826,0.6621451104100949
2024-09,2852,600310,29,0.20975609756097546,0.2645555765139879,0.540898345153664
2024-09,2852,301215,26,0.2317666126418152,0.3715002572224116,0.5564540584251496
2024-09,2852,600969,31,0.21780604133545312,0.45727570178340177,0.5006542640951246
2024-09,2852,603319,83,0.26868985936343437,0.5684791875479608,0.6131221719457013
2024-09,2852,002056,117,0.2364714603409933,0.5219757031615946,0.6973493735336695
2024-09,2852,603320,47,0.1827731092436975,0.5660304312923405,0.5877211834658643
2024-09,2852,688799,104,0.2552748885586924,0.5393617571218488,0.6471981965403014
2024-09,2852,301231,19,0.2834170854271356,0.4937015299556297,0.6264239523162957
2024-09,2852,301233,35,0.23150357995226734,0.48361361730516983,0.6442470158609037
2024-09,2852,600331,84,0.28257887517146774,0.532117691221229,0.683285189543882
2024-09,2852,002073,60,0.2543424317617867,0.5510780617343032,0.6981046931407939
2024-09,2852,600992,25,0.24852767962308597,0.5854163259287871,0.695139442231076
2024-09,2852,300684,48,0.26315789473684204,0.5793257472225227,0.677643943276952
2024-09,2852,301251,30,0.25383603682595346,0.30731657321210903,0.4362187894685708
2024-09,2852,301255,26,0.27175767918088745,0.5249819290956325,0.6916198555542821
2024-09,2852,601020,29,0.22821896684656906,0.5843087658011689,0.5767000596224784
2024-09,2852,301279,20,0.24286878565607173,0.4593990189156825,0.5892406836648918
2024-09,2852,002654,28,0.24783362218370886,0.49448497270927133,0.6826972666322847
2024-09,2852,002655,27,0.20862676056338025,0.5667960071299375,0.6799126329880927
2024-09,2852,603386,18,0.20355411954765756,0.308337497956827,0.5300100272167309
2024-09,2852,002111,71,0.23308957952468,0.530801856684806,0.6461958279999439
2024-09,2852,601069,82,0.23809523809523814,0.48139600256595316,0.6413171819652775
2024-09,2852,603390,13,0.2523560209424085,0.6219820997970038,0.6413951082538982
2024-09,2852,301295,31,0.2219101123595505,0.2729715018265629,0.4415864314662542
2024-09,2852,002119,27,0.2095617529880479,0.37770933022270725,0.6274755055242862
2024-09,2852,301301,44,0.2456669178598342,0.41970469456760506,0.661217437533227
2024-09,2852,300733,26,0.22696629213483155,0.43167871043749295,0.6202429149797569
2024-09,2852,301306,25,0.26828644501278776,0.36487458775521403,0.4361287676850522
2024-09,2852,603458,12,0.22098569157392678,0.6128907801429565,0.5663881151346327
2024-09,2852,301314,17,0.2514856834143706,0.3641654528290567,0.5239560592184929
2024-09,2852,002688,83,0.2737306843267109,0.45703800025293545,0.6678968124751257
2024-09,2852,603508,83,0.24869109947643986,0.43620876576523715,0.632577616383682
2024-09,2852,688191,78,0.21445783132530127,0.2682296741787269,0.6563054803690442
2024-09,2852,002156,31,0.21901007446342535,0.4220550256426816,0.6428536106944464
2024-09,2852,600458,81,0.21229586935638822,0.4500922113919349,0.6831063268892799
2024-09,2852,301339,24,0.2500000000000001,0.3331811289915553,0.606044310604431
2024-09,2852,603551,82,0.21443089430894302,0.3755994394465962,0.6990986214209964
2024-09,2852,301359,31,0.24088050314465403,0.30235214894963625,0.5603975128872826
2024-09,2852,301361,29,0.2611671469740634,0.2703538577576055,0.3765522957543193
2024-09,2852,603580,76,0.28104575163398693,0.5275973579718526,0.49342909732144
2024-09,2852,601339,117,0.24752475247524752,0.4521129922718627,0.6743095362167795
2024-09,2852,300254,83,0.2303719008264462,0.5309269149454324,0.5252406352943194
2024-09,2852,601369,104,0.21480582524271852,0.621869336171224,0.6817818084822618
2024-09,2852,002199,15,0.21264367816091945,0.6080094255713491,0.65689956100915
2024-09,2852,601500,67,0.2676056338028169,0.6178811839847772,0.6512890094979645
2024-09,2852,300265,24,0.2762691853600945,0.48505521311589456,0.5462893553223387
2024-09,2852,301418,31,0.2633112582781457,0.4741492790949676,0.5173365281662571
2024-09,2852,300822,23,0.2642140468227425,0.30949636729971997,0.5298734032193386
2024-09,2852,603679,15,0.2066772655007949,0.3962871954102161,0.5463108320251182
2024-09,2852,603686,27,0.20998864926220207,0.5293803799918069,0.5819175942198789
2024-09,2852,002253,52,0.22773109243697487,0.531727353188669,0.5039509756490891
2024-09,2852,301533,43,0.24840538625088582,0.5893735384660539,0.658454399823234
2024-09,2852,300868,16,0.27487274409995366,0.4424456600517868,0.5129754150031518
2024-09,2852,301566,31,0.252916224814422,0.47823786429369197,0.6094905965873708
2024-09,2852,301577,24,0.25839662447257383,0.3139243250906054,0.4398720925806082
2024-09,2852,603776,25,0.20141969831410822,0.3825981731999497,0.6422947818126338
2024-09,2852,603788,82,0.24488188976377945,0.34639959290879946,0.6843742522134477
2024-09,2852,300906,28,0.2413487133984027,0.39155921781166264,0.6304722587669553
2024-09,2852,002869,21,0.24486856319769534,0.33415212165957103,0.42724606827170936
2024-09,2852,300930,13,0.2644826208549741,0.3785012296524655,0.5338803164688142
2024-09,2852,600653,25,0.23270440251572333,0.4553471863384615,0.5479915433403806
2024-09,2852,603005,27,0.22094625631603115,0.4190077196772266,0.6377885877538414
2024-09,2852,300401,15,0.24581724581724573,0.49165408000501143,0.6296499908374564
2024-09,2852,603025,51,0.22905457340507307,0.48340580741373923,0.6933059665623088
2024-09,2852,002350,16,0.1842105263157895,0.4368570417019547,0.5869113573407199
2024-09,2852,002917,72,0.2288770053475936,0.35937921086393426,0.6461847259542235
2024-09,2852,300964,20,0.2790217016879091,0.49068104953806535,0.6674082313681868
2024-09,2852,002361,83,0.23035230352303526,0.4378491341471642,0.6431553477176134
2024-09,2852,603929,54,0.22710319104848742,0.49988494501512937,0.6664819574085928
2024-09,2852,600054,114,0.25808878856282924,0.6183273377558816,0.6182124484822957
2024-09,2852,603936,48,0.22911694510739866,0.5829379490431529,0.6714785651793527
2024-09,2852,300447,43,0.26671511627906974,0.5056697540064519,0.6104651162790697
2024-09,2852,002956,60,0.2824742268041237,0.45118439346781203,0.6674519042010209
2024-09,2852,000960,83,0.27072152653548,0.48834953323759767,0.678000256471321
2024-09,2852,000966,86,0.27840909090909094,0.4973451089310717,0.6924096994190458
2024-09,2852,603078,26,0.20845070422535206,0.3738476764563677,0.6838102460021854
2024-09,2852,603079,13,0.18770226537216828,0.411818413097807,0.5887506570877874
2024-09,2852,301005,25,0.2633107454017425,0.36190656808501037,0.5352904590123149
2024-09,2852,600733,27,0.2193308550185874,0.6224320342047333,0.6202233980011758
2024-09,2852,600101,38,0.2724288840262582,0.558450109984324,0.4858002778206514
2024-09,2852,301024,19,0.2821543408360129,0.4842648497093035,0.5476749883780834
2024-09,2852,301032,94,0.28268991282689915,0.5527393106348825,0.6561702127659576
2024-09,2852,605058,48,0.2006048387096775,0.4342596025527028,0.6604889589905365
2024-09,2852,300500,19,0.26797385620915026,0.5750028962597807,0.6336228921819106
2024-09,2852,003008,21,0.17337110481586393,0.40395720630342413,0.5882912295159912
2024-09,2852,002438,81,0.26845093268450937,0.4494583624560345,0.6794738098528729
2024-09,2852,603131,35,0.22451532207629765,0.580291657865905,0.5541427740380618
2024-09,2852,003029,71,0.2679493195682777,0.6162845489054019,0.534326658253928
2024-09,2852,300537,31,0.25373134328358216,0.43246390108583377,0.649668059142674
2024-09,2852,300538,28,0.25251959686450165,0.40337463902269927,0.5539379091529779
2024-09,2852,301082,36,0.24714828897338392,0.5285139542862829,0.577106518282989
2024-09,2852,603171,12,0.24416208791208793,0.4737528229492808,0.6841198017668606
2024-09,2852,001288,24,0.1700748129675811,0.5252690609218607,0.6059589959762404
2024-09,2852,605258,22,0.2070777855641206,0.29917452553136464,0.4549604887442727
2024-09,2852,605277,46,0.220549158547387,0.4822090228486725,0.6552667390617055
2024-09,2852,300557,20,0.27662105889351574,0.49620584257129025,0.6956769055745161
2024-10,2870,600200,117,0.3313559322033899,0.3692489829957876,0.4933482239072083
2024-10,2870,001360,110,0.3015576323987539,0.7480988854230163,0.8007416916274426
2024-10,2870,001366,100,0.30666666666666675,0.379471285875569,0.47509419743782966
2024-10,2870,605488,108,0.303422756706753,0.5018319443176211,0.6668265387689848
2024-10,2870,605555,114,0.33729216152019004,0.6812098359712266,0.7210449277929536
2024-10,2870,605580,102,0.3193517635843661,0.2924969290499813,0.5573953719418804
2024-10,2870,000037,88,0.31836734693877555,0.3446306611536558,0.4936572060829065
2024-10,2870,001896,103,0.31752577319587627,0.37223551479133615,0.487301931842848
2024-10,2870,301158,112,0.3453525641025641,0.4908285475926367,0.7124226842536707
2024-10,2870,000060,123,0.2862523540489642,0.739810517441363,0.6914953376025161
2024-10,2870,002006,113,0.3130081300813008,0.5407151575907605,0.7007320947268482
2024-10,2870,600888,128,0.27866831072749687,0.705573100823065,0.7735887988209283
2024-10,2870,002014,120,0.2668680765357502,0.5429682684675696,0.8099767491016703
2024-10,2870,000156,140,0.3225404732254046,0.6676146806672145,0.6368675551362188
2024-10,2870,600284,176,0.30349013657056145,0.6920689902510648,0.7027625021481355
2024-10,2870,603289,114,0.2958034800409416,0.2985511628831202,0.46608740343382105
2024-10,2870,000408,127,0.32806844356696274,0.7222764320106507,0.7664080226336871
2024-10,2870,000409,158,0.30899999999999994,0.37698035683356906,0.5730701301406421
2024-10,2870,603321,108,0.291156462585034,0.5648141009365264,0.706691046999865
2024-10,2870,600979,100,0.29999999999999993,0.4683784384217433,0.596638655462185
2024-10,2870,002608,121,0.2738927738927739,0.6243970952693505,0.7905206711641579
2024-10,2870,603325,105,0.2903582136657724,0.33496337908237783,0.765552069783457
2024-10,2870,603332,108,0.3100436681222707,0.46268732217455705,0.5855110165149187
2024-10,2870,000529,93,0.2993827160493827,0.48059646126247607,0.6153444773671752
2024-10,2870,000539,104,0.31596638655462184,0.44072968629385245,0.7421959328180991
2024-10,2870,603363,56,0.2894736842105262,0.7869039974150537,0.7139794168096056
2024-10,2870,002641,144,0.32386363636363646,0.2874991210412081,0.4734474434935263
2024-10,2870,600378,123,0.3091970802919708,0.6969926763837018,0.7762841397854795
2024-10,2870,601068,127,0.3191881918819188,0.5644077787386158,0.5603516427916391
2024-10,2870,601163,123,0.2620353443022547,0.71110716815631,0.7478632478632478
2024-10,2870,601168,104,0.32094943240454077,0.5755419545358781,0.730784955028618
2024-10,2870,002698,118,0.3378291586384071,0.5416720128058758,0.6109471854342504
2024-10,2870,002705,114,0.31934306569343074,0.7089859953738152,0.7153781530706761
2024-10,2870,002155,61,0.2532781228433403,0.7603293455488663,0.6351510948826021
2024-10,2870,603533,111,0.3259292837715322,0.31605380040029585,0.4162795113614788
2024-10,2870,002165,77,0.2613908872901678,0.7748755795944109,0.710238961861054
2024-10,2870,600475,141,0.30283623055809694,0.4599180879183844,0.5384350450199268
2024-10,2870,002171,123,0.3380281690140845,0.5822986932873703,0.6844751024846878
2024-10,2870,000657,92,0.32327992459943444,0.5392688209181947,0.5551528506673625
2024-10,2870,601360,119,0.32199787460148777,0.4663539954757399,0.6170182132315888
2024-10,2870,601388,102,0.32423208191126285,0.4359795176134567,0.5391292553912926
2024-10,2870,603611,113,0.32246740220661996,0.5433751519490604,0.6153951123187386
2024-10,2870,603612,89,0.3381344307270233,0.5871145492688536,0.6924813219946526
2024-10,2870,600508,152,0.3364312267657993,0.5145877633211278,0.7848247492392647
2024-10,2870,603619,88,0.33017702758336764,0.5364051929902159,0.6854889926482172
2024-10,2870,601528,161,0.27404718693284935,0.6184288583145949,0.7886068273816349
2024-10,2870,002768,116,0.29788557213930345,0.734035132440218,0.8011362287649447
2024-10,2870,603638,120,0.2730210016155089,0.7734920359839024,0.7839669359943402
2024-10,2870,601579,82,0.2981727574750831,0.7776957531557785,0.7930089996087129
2024-10,2870,300823,83,0.3426812585499316,0.6074266850050243,0.6655576730514551
2024-10,2870,601598,123,0.31150442477876106,0.7795717281198998,0.6475780728432606
2024-10,2870,002774,110,0.281524926686217,0.477138161788634,0.7612081809562509
2024-10,2870,002236,132,0.32530795072788343,0.602870738581236,0.6342278763116354
2024-10,2870,002237,86,0.3182179793158313,0.6978930229254298,0.7778758305647842
2024-10,2870,000737,81,0.34375,0.45638395180943647,0.5698135730084615
2024-10,2870,002801,117,0.308561495002173,0.6490043242456224,0.6785986705895175
2024-10,2870,603693,76,0.3023457862728063,0.4752804947916004,0.6819921867331512
2024-10,2870,601789,150,0.30263157894736836,0.6985254137986553,0.6097097133015176
2024-10,2870,600580,99,0.3398058252427184,0.3307251659032108,0.5169033750334965
2024-10,2870,600583,128,0.3011093502377178,0.7228521556874736,0.6434912507768535
2024-10,2870,002828,109,0.3087378640776699,0.4458081330655251,0.5695774103084807
2024-10,2870,002829,15,0.18782691393247752,0.7507611813284726,0.7406433978132887
2024-10,2870,002830,111,0.3191011235955057,0.5139460844664634,0.7572769240772449
2024-10,2870,603725,95,0.3081009296148739,0.7093304233108614,0.757691718965253
2024-10,2870,603739,64,0.3342354533152909,0.7081392132128121,0.7015577507598784
2024-10,2870,002842,110,0.3439667128987517,0.42619774220086853,0.5606482653836414
2024-10,2870,603787,99,0.33252818035426734,0.5006100552594538,0.6911572614953202
2024-10,2870,002295,110,0.3255474452554744,0.27159941505998775,0.4521584941689967
2024-10,2870,600615,111,0.33626588465298146,0.708073671845596,0.7188160676532769
2024-10,2870,603798,109,0.3123092573753815,0.2127262644873758,0.4305301337405815
2024-10,2870,603803,111,0.32984293193717273,0.667589677110091,0.7354026381330137
2024-10,2870,000831,123,0.3216580976863753,0.6373564022606455,0.6530539667486591
2024-10,2870,000852,161,0.3016759776536313,0.4985536814763367,0.6094110760625672
2024-10,2870,002315,114,0.32729518320296414,0.7695912960717548,0.5836123446759032
2024-10,2870,002879,113,0.25775978407557354,0.644495875242667,0.7420395335373418
2024-10,2870,002320,124,0.2905718701700154,0.713059315461674,0.6696998722860791
2024-10,2870,002882,108,0.34083769633507854,0.33918005228777176,0.5379253192941406
2024-10,2870,603006,107,0.3244680851063829,0.3361391156336241,0.4776424205465657
2024-10,2870,000885,124,0.25725190839694656,0.5273844471913365,0.7925318724698397
2024-10,2870,600006,117,0.3003754693366709,0.5162808614306986,0.6071921605902187
2024-10,2870,002339,102,0.3288770053475937,0.6288804070664887,0.6871143375680583
2024-10,2870,603888,160,0.34294541709577764,0.5329259197809179,0.571306068601583
2024-10,2870,600673,115,0.3088071348940914,0.7331189774786325,0.8055270722318413
2024-10,2870,002357,55,0.27659574468085113,0.7823229548287808,0.7227017399643783
2024-10,2870,002927,99,0.29145728643216084,0.36176611323442304,0.5277262420119561
2024-10,2870,600707,114,0.3208868144690782,0.7456684791953058,0.7518936139274808
2024-10,2870,603066,152,0.34235668789808926,0.240866211328667,0.38361981211645296
2024-10,2870,600720,121,0.29885057471264365,0.5935996919549562,0.7134372680029696
2024-10,2870,603977,118,0.32123552123552124,0.7624245597692718,0.7648356981097192
2024-10,2870,002962,64,0.2666263603385731,0.6243303057290632,0.7911728533094813
2024-10,2870,603081,153,0.31524341580207493,0.33775416186231605,0.4814607887478826
2024-10,2870,002400,140,0.3156297420333839,0.4233403188471568,0.6133902112817646
2024-10,2870,603085,100,0.31594202898550716,0.6982084172202491,0.670432480141218
2024-10,2870,603086,112,0.29960317460317465,0.41299804649276883,0.6116683550444444
2024-10,2870,002975,107,0.33534287867370005,0.4018845863017539,0.621742603887952
2024-10,2870,301019,105,0.34450784593437944,0.4966543730173572,0.6127067014795474
2024-10,2870,000993,93,0.2986767485822306,0.28976152106161185,0.5303757289436775
2024-10,2870,605011,86,0.3267175572519083,0.4995417139282885,0.5272688454330515
2024-10,2870,605050,186,0.33673469387755095,0.47871334694153533,0.7962865551116733
2024-10,2870,001216,135,0.29993089149965446,0.311555161873164,0.5354643225401362
2024-10,2870,001219,175,0.32426778242677823,0.6793393084307219,0.5122019635343615
2024-10,2870,603132,76,0.3156028368794326,0.5507333348330561,0.653240479327436
2024-10,2870,003028,117,0.32637327336973987,0.408755830374944,0.6227021982234224
2024-10,2870,600794,177,0.2792553191489361,0.5921275893463798,0.7620191197524588
2024-10,2870,001258,80,0.25407608695652173,0.7444287252677736,0.7328652962270825
2024-10,2870,603151,95,0.33278955954323,0.6136921266533862,0.4763065558633425
2024-10,2870,001266,57,0.2765868011769651,0.7874822354532751,0.7553164138538953
2024-10,2870,605177,84,0.2900662251655629,0.7482228517590787,0.6761904761904762
2024-10,2870,603167,159,0.3111931119311194,0.6991053316853636,0.6073941150174532
2024-10,2870,002478,124,0.2892416225749559,0.3634863945242193,0.5492192471486611
2024-10,2870,605259,154,0.3323262839879154,0.5680241871528005,0.639028676411854
2024-10,2870,600824,178,0.2957393483709273,0.47193494196971497,0.6605810630842631
2024-10,2870,002483,113,0.30192307692307696,0.6032957559366625,0.7203353726078289
2024-11,2891,000537,111,0.2994296577946768,0.6191467678537332,0.8394717730580548
2024-11,2891,300834,101,0.318337617823479,0.7424164998317707,0.8101910828025478
2024-11,2891,603050,68,0.26953748006379574,0.5760105947966903,0.7877695526231088
2024-11,2891,601022,117,0.35004730368968784,0.3698979580744504,0.4703973089803929
2024-11,2891,000550,40,0.22654621264767194,0.7000648263224296,0.6048805815160955
2024-11,2891,001337,149,0.30201109570041607,0.8651597200673907,0.6858781590424791
2024-11,2891,601033,82,0.2805194805194805,0.6689376569392624,0.8314982578397213
2024-11,2891,601038,136,0.32567636549259826,0.7991870914957635,0.7942259112233853
2024-11,2891,300851,32,0.17849188673242122,0.5857501786477189,0.6276901004304153
2024-11,2891,300717,91,0.3487858719646799,0.6300061747235304,0.6540319583797846
2024-11,2891,300172,154,0.352,0.473113609662858,0.5610051553652423
2024-11,2891,300719,26,0.2612211888394662,0.8470380535305229,0.651622379489917
2024-11,2891,001379,26,0.31412810297272453,0.7285356563502686,0.6315249015916483
2024-11,2891,301136,28,0.2002518891687658,0.6855146313991972,0.43456048084147264
2024-11,2891,002922,93,0.3501496365968363,0.8158063758331872,0.7210236205557556
2024-11,2891,300729,151,0.3515625,0.4140044260728841,0.5074112512640373
2024-11,2891,603408,105,0.28079999999999994,0.8285944346703906,0.785739182393069
2024-11,2891,002126,140,0.319379115710254,0.8522000388938517,0.8360144173782629
2024-11,2891,600582,137,0.301659125188537,0.8641928597384537,0.8227171059029463
2024-11,2891,301156,83,0.3464696223316913,0.4406096182288194,0.5924007257182908
2024-11,2891,603993,97,0.3212719298245613,0.8283249562133795,0.7820597868900034
2024-11,2891,300610,123,0.35084594835262695,0.5903738292040394,0.6794363374026942
2024-11,2891,000983,174,0.3336643495531282,0.7795190175224903,0.8127881549384922
2024-11,2891,002552,100,0.3480845442536329,0.6459089483733678,0.6586024351508737
2024-11,2891,301176,61,0.3471177944862155,0.4034244715761298,0.5224092430574487
2024-11,2891,605018,130,0.3466796875,0.6588243415556414,0.7488259437231798
2024-11,2891,600611,28,0.25,0.7517908658216876,0.47665847665847677
2024-11,2891,603109,178,0.34697406340057646,0.48638539216939203,0.5956968472819882
2024-11,2891,003000,147,0.3511293634496919,0.8425639877313557,0.7421812451014271
2024-11,2891,002032,147,0.28928325292901447,0.8001113359322837,0.8025084983051335
2024-11,2891,603291,113,0.349812734082397,0.5959355315651836,0.6236454443683851
2024-11,2891,002166,135,0.3496432212028543,0.8548158556467269,0.6675174241680574
2024-11,2891,601965,202,0.3016426082628173,0.8642824783038001,0.8329427931013275
2024-11,2891,605118,168,0.35223725286160246,0.3847559518146022,0.5602031231654336
2024-11,2891,300517,76,0.351304347826087,0.6935911598405373,0.8295631212115917
2024-11,2891,300923,38,0.2625913110342176,0.553605782910507,0.6111555911395784
2024-11,2891,603315,127,0.3471337579617835,0.684620606379671,0.6680706493838375
2024-11,2891,002886,127,0.33518930957683746,0.8171609364992451,0.6791811696495031
2024-11,2891,600686,34,0.2957928802588996,0.5448102257940123,0.5816381177091499
2024-11,2891,603156,142,0.31538130116329166,0.795817003946461,0.7976131629122236
2024-11,2891,301386,82,0.352112676056338,0.702090104329556,0.7135086605384375
2024-11,2891,301387,71,0.3471794871794872,0.6596397987976689,0.7892571893144004
2024-11,2891,301225,92,0.3512361466325661,0.7231480803875793,0.8197812609757492
2024-11,2891,688799,143,0.3501037344398341,0.7809040272464888,0.7277411583631674
2024-11,2891,300807,37,0.3174250832408435,0.5831942871386915,0.677740863787375
2024-11,2891,300538,67,0.34782608695652173,0.5268808122380415,0.7128680466097959
2024-11,2891,301232,33,0.2321428571428571,0.7720770081401254,0.550743374272785
2024-11,2891,001286,69,0.2803992740471869,0.8306838722774328,0.7836822329575954
2024-11,2891,600173,130,0.34548944337811893,0.653181025343976,0.6810126738870917
2024-11,2891,605198,107,0.3522614724331462,0.711179460569219,0.35052594533296827
2024-11,2891,001298,25,0.2352559948152948,0.4199590394050947,0.5572959604286889
2024-11,2891,301092,122,0.3523156089193825,0.38693974150959043,0.553457342386224
2024-11,2891,600997,177,0.3300492610837438,0.824820911948144,0.8368396805896808
2024-11,2891,000528,97,0.3426573426573426,0.508216772134786,0.818851550558867
2024-11,2891,600188,149,0.32732558139534884,0.7971440915367259,0.7433184855233852
2024-11,2891,001316,79,0.3087660524846454,0.8171426750472586,0.7116212751861505
2024-11,2891,301260,86,0.3499152063312606,0.4891328259030218,0.6575288150713977
2024-11,2891,605299,131,0.3473242392444911,0.6157212256744382,0.6632140676998207
2024-12,2913,300011,46,0.2172043010752689,0.6275354613621489,0.61418990469467
2024-12,2913,300016,41,0.21583652618135385,0.7226897002279592,0.7496095783446128
2024-12,2913,301117,51,0.24268415741675076,0.7228178397990592,0.7130098243524858
2024-12,2913,000020,43,0.2137404580152672,0.3656761722017155,0.8056447791058925
2024-12,2913,600216,52,0.20324324324324328,0.635994760117427,0.3832863253450882
2024-12,2913,300584,52,0.20788530465949817,0.5482974506807123,0.4306516575441492
2024-12,2913,300030,17,0.26826029216467473,0.36555647365662375,0.5525197328476013
2024-12,2913,300032,22,0.2549668874172185,0.6368245944020781,0.6532479414455634
2024-12,2913,301137,50,0.20357310766337555,0.8225796142104752,0.799357945425363
2024-12,2913,000036,17,0.22648752399232241,0.6897586005139661,0.5536159600997508
2024-12,2913,300045,44,0.3179738562091503,0.7556207110907454,0.6315900835772469
2024-12,2913,301152,28,0.30760749724366043,0.5424269379160314,0.6256911405426255
2024-12,2913,300047,19,0.2356396866840731,0.3599614856708005,0.507675571135017
2024-12,2913,000049,75,0.2937611408199644,0.6770035268488609,0.8011251758087204
2024-12,2913,301153,17,0.2100938967136149,0.3775767561222803,0.801744145157887
2024-12,2913,301155,24,0.23472342890240372,0.6294618988560553,0.5022492232064183
2024-12,2913,300053,44,0.33162480779087655,0.7090814140762737,0.7931908728721481
2024-12,2913,000062,26,0.1872213967310551,0.20026575359546459,0.2474440193188234
2024-12,2913,300619,29,0.1856564488143435,0.36876574987199734,0.6901755037607951
2024-12,2913,600266,38,0.31818181818181823,0.7060137245907675,0.46610169491525427
2024-12,2913,300621,36,0.32689556509299,0.6285916586763209,0.645649910063429
2024-12,2913,300073,28,0.19501317656598416,0.42776768661799075,0.7594476744186033
2024-12,2913,688717,57,0.3251768867924528,0.7376713343744808,0.5226897131389292
2024-12,2913,688728,29,0.2547274749721913,0.8489712653681913,0.7682291666666673
2024-12,2913,300637,52,0.31052631578947376,0.6969720307102966,0.6905508284818627
2024-12,2913,300639,58,0.21515561569688768,0.6963032101045715,0.512670451220226
2024-12,2913,300647,37,0.30227272727272736,0.4756817099056126,0.6976038823172581
2024-12,2913,300648,27,0.22736486486486485,0.621275255123199,0.7612312811980028
2024-12,2913,600939,31,0.20789473684210524,0.4997747873751275,0.726562500000001
2024-12,2913,000422,102,0.30779305828421744,0.6690147309351534,0.799140708915145
2024-12,2913,300656,36,0.2804171494785632,0.6366125782554397,0.7847924659923264
2024-12,2913,600326,37,0.2793296089385474,0.5727452980399002,0.7536017731806413
2024-12,2913,000514,36,0.3049403747870528,0.5326095863946507,0.49335548172757426
2024-12,2913,600990,43,0.31474878444084275,0.8200134498757949,0.6248928999828647
2024-12,2913,300139,43,0.2758104738154614,0.5292747458300825,0.4847445739001673
2024-12,2913,300686,43,0.2735042735042734,0.6068792805259291,0.7860722764442102
2024-12,2913,601001,119,0.31050493325594886,0.817310029459145,0.78759632169171
2024-12,2913,300690,47,0.27091633466135456,0.8406786041752693,0.8056775247625845
2024-12,2913,603363,99,0.2978723404255319,0.8513931401269084,0.7322206095791002
2024-12,2913,002647,18,0.21823617339312407,0.3857459908251324,0.5454545454545446
2024-12,2913,300709,36,0.23485321673953785,0.38124256381755717,0.718008399534484
2024-12,2913,300169,16,0.2682692307692308,0.37703586508937464,0.6007940008822232
2024-12,2913,000560,54,0.29439252336448607,0.8654921100062883,0.6117426461971168
2024-12,2913,301288,46,0.32072072072072066,0.6955229821312953,0.5936920222634512
2024-12,2913,600383,21,0.26386554621848746,0.4764319834019645,0.3802733214497927
2024-12,2913,300722,34,0.20964360587002095,0.4538577446463076,0.6434782608695654
2024-12,2913,000567,17,0.17930204572803854,0.38714357668352095,0.5575035063113607
2024-12,2913,688163,25,0.23671281822242074,0.8541038872178454,0.5609182685658967
2024-12,2913,601155,38,0.28383233532934127,0.7270356703142113,0.4548647699332628
2024-12,2913,301321,33,0.25773195876288657,0.4664955194099965,0.674247491638796
2024-12,2913,300210,22,0.21351766513056836,0.42744000893385453,0.5705458290422248
2024-12,2913,000617,38,0.26106194690265483,0.5723559432865045,0.6192660550458717
2024-12,2913,301333,45,0.32663178187827047,0.7552409330386229,0.6814267372310773
2024-12,2913,301337,51,0.23899371069182385,0.5983589698038385,0.6808546013799982
2024-12,2913,603556,117,0.3300793166564979,0.7292019728739443,0.7952633967906444
2024-12,2913,600463,25,0.28519855595667865,0.4807938304470901,0.49971477467199105
2024-12,2913,603558,137,0.3249767873723306,0.8811631818266276,0.7696036462530219
2024-12,2913,300243,26,0.2969465648854961,0.6866679866341303,0.7420656062105193
2024-12,2913,301369,47,0.24210972251641605,0.6856264000993381,0.801712682710763
2024-12,2913,300797,40,0.25947334617854856,0.6453523338047277,0.8268035666036201
2024-12,2913,600501,47,0.29200000000000004,0.43269487026801035,0.5660377358490573
2024-12,2913,688232,31,0.15969357690041242,0.7156918105965215,0.5527840360476348
2024-12,2913,300261,41,0.2751322751322751,0.8670842400477551,0.5278450363196124
2024-12,2913,300810,45,0.25167652859960565,0.5207586925358015,0.7738955747892539
2024-12,2913,000690,122,0.3004032258064516,0.7481378973520243,0.8202493650427154
2024-12,2913,603626,25,0.26066350710900477,0.40879118735862935,0.4825155868799134
2024-12,2913,301421,19,0.15825091098386268,0.3707482239777408,0.6179210919826696
2024-12,2913,688259,32,0.22677656493651144,0.5270675898202203,0.6906650396583285
2024-12,2913,002777,23,0.19829626123994315,0.4271591238704618,0.5738441215323636
2024-12,2913,000720,16,0.2342995169082125,0.7091872568343599,0.8203799654576853
2024-12,2913,002786,18,0.25,0.2808663782099148,0.4176706827309233
2024-12,2913,600550,18,0.17801047120418856,0.201126532219395,0.29964209416530296
2024-12,2913,600552,62,0.26107702794819365,0.8751395386161517,0.5331420373027257
2024-12,2913,300850,22,0.25609756097560976,0.5049945199346073,0.5655070318282762
2024-12,2913,002253,18,0.23993288590604023,0.5142195193719743,0.5775901070728398
2024-12,2913,300859,18,0.2831765935214212,0.6411521482331906,0.6717971361887334
2024-12,2913,688302,45,0.26413231300913353,0.7918644660563597,0.680879162343175
2024-12,2913,300320,35,0.25411764705882356,0.643870899618512,0.5763753141580569
2024-12,2913,300862,39,0.28567574858376044,0.8393202313763284,0.7934317407633856
2024-12,2913,002261,19,0.14473067915690863,0.3283931826500715,0.689255719664059
2024-12,2913,300322,28,0.22759433962264153,0.44615718940554466,0.7052186177715091
2024-12,2913,300328,33,0.2241014799154335,0.3526402976634622,0.6854531607006858
2024-12,2913,002827,38,0.29988789237668156,0.6784071620346014,0.8278145695364231
2024-12,2913,002270,119,0.2837136929460581,0.8602083193878721,0.8226448474126493
2024-12,2913,300337,23,0.17533432392273407,0.31835083667490716,0.28584923095878617
2024-12,2913,601865,43,0.3209530483531885,0.7915648627239137,0.6118481244281795
2024-12,2913,300340,18,0.297037037037037,0.47625229119145795,0.5199386503067488
2024-12,2913,300881,42,0.22748691099476437,0.7607744077699006,0.5301625395440158
2024-12,2913,301578,32,0.25,0.5258834412941318,0.49178206289633764
2024-12,2913,002865,18,0.31102417213916433,0.7334296803323945,0.649190543927386
2024-12,2913,300369,24,0.22028353326063244,0.5140912334350389,0.6553141514973579
2024-12,2913,002873,44,0.22666666666666668,0.656340238997671,0.6093544137022399
2024-12,2913,300927,44,0.2650494159928123,0.5767183258352556,0.5297529341918993
2024-12,2913,688376,36,0.2757336837494524,0.7307872085689516,0.7128864662294521
2024-12,2913,002889,23,0.2611431567907708,0.7325436574260861,0.5073093638877912
2024-12,2913,300397,17,0.22941590429275172,0.4660084813692373,0.5125506072874499
2024-12,2913,000885,167,0.30250896057347665,0.5931001886347551,0.8275048998636995
2024-12,2913,300400,34,0.19969040247678016,0.38610909513768393,0.7648977171657289
2024-12,2913,600657,27,0.22097378277153557,0.4869684468588719,0.6006160164271042
2024-12,2913,600658,17,0.1873840445269016,0.3621475455122128,0.38786673296867197
2024-12,2913,600661,45,0.2763496143958869,0.6141543138263811,0.7205047318611988
2024-12,2913,002340,135,0.3058823529411766,0.623645071581696,0.7859628292023284
2024-12,2913,300407,32,0.26578560939794416,0.7201117566640913,0.8206559665038375
2024-12,2913,000901,62,0.32352941176470584,0.8337660475056761,0.7282392026578073
2024-12,2913,688408,30,0.24421243758511135,0.8778012187966474,0.5928231792836867
2024-12,2913,600698,33,0.2868462757527733,0.7037699501241246,0.6609049313675651
2024-12,2913,603051,59,0.2690486439948343,0.8724283055913118,0.6192672004794326
2024-12,2913,300438,27,0.21030405405405406,0.2923017669850442,0.35258281507805567
2024-12,2913,603052,29,0.1968102073365232,0.4606233175701773,0.6481069042316251
2024-12,2913,300443,40,0.27171903881700554,0.7288958457322386,0.5831685063484979
2024-12,2913,000948,32,0.21892655367231628,0.3812374025798141,0.4701043043925366
2024-12,2913,300451,24,0.2432432432432432,0.7968873083952344,0.8049189491335933
2024-12,2913,300457,30,0.21505376344086014,0.46355902615267497,0.6436955698599012
2024-12,2913,600721,61,0.2356389214536928,0.7863708140455931,0.6833407771326486
2024-12,2913,600732,17,0.2667997338656021,0.7511901808439932,0.4307576043831472
2024-12,2913,688516,47,0.2983415666901905,0.8589088630442624,0.43791535501923756
2024-12,2913,301016,54,0.29810298102981037,0.4595693486922769,0.5119819720787073
2024-12,2913,603108,26,0.2571697226140103,0.8616905355527285,0.5286725408060092
2024-12,2913,301032,23,0.18911685994647642,0.38305877327455434,0.5923616523772393
2024-12,2913,301036,21,0.20275919732441472,0.3620217737301028,0.44207031582531686
2024-12,2913,301038,38,0.224972497249725,0.7332471755562004,0.8142076502732243
2024-12,2913,600769,16,0.26190476190476186,0.6225137124625266,0.6042803189257235
2024-12,2913,605116,72,0.24523160762942786,0.8429049271290223,0.7386097446708836
2024-12,2913,001236,37,0.24430479183032217,0.3601647317422192,0.4303563165201291
2024-12,2913,003026,44,0.23230928546772522,0.3549990405645932,0.5925310628872048
2024-12,2913,600148,16,0.3040752351097178,0.41555122616292783,0.577478344562077
2024-12,2913,300523,33,0.2931712549159814,0.8413535580162331,0.7626596213121976
2024-12,2913,002457,34,0.21368124118476728,0.5077572274354711,0.5718496683861464
2024-12,2913,002459,20,0.22341628959276016,0.4357337415570098,0.4503844745514464
2024-12,2913,300531,31,0.2860824742268041,0.5409329955556187,0.5591009988901221
2024-12,2913,301075,52,0.23829787234042554,0.5873536829577121,0.6573561281001686
2024-12,2913,301079,50,0.23541247484909456,0.5698731688925056,0.5518217191368944
2024-12,2913,688598,22,0.23584905660377364,0.5869519450830646,0.4269707096520539
2024-12,2913,603186,32,0.2947430596574129,0.4376310934896245,0.687224669603524
2024-12,2913,600192,39,0.2873417721518988,0.3787943497341247,0.6895110739657327
2025-01,2931,001323,16,0.12333736396614259,0.6924846335564845,0.7601266877812969
2025-01,2931,600835,17,0.17722222222222217,0.5441485978714026,0.602459016393443
2025-01,2931,000006,14,0.23329283110571086,0.48076459796142806,0.6544356191967783
2025-01,2931,000007,43,0.18181818181818177,0.6165001420466103,0.7218792866941017
2025-01,2931,600838,17,0.2879924953095685,0.5248193934402406,0.544541369283637
2025-01,2931,300013,17,0.2316076294277929,0.526327158492642,0.7459066100667071
2025-01,2931,001332,41,0.16976832510444362,0.5752418529347196,0.7156168468132685
2025-01,2931,300572,15,0.1707317073170731,0.40246030702882307,0.5671001136220174
2025-01,2931,688631,20,0.20269423558897248,0.47022998544768735,0.4350671718911473
2025-01,2931,300576,52,0.31212458286985545,0.5235896569703062,0.577738121793442
2025-01,2931,301121,16,0.2835265806169328,0.7680480402539047,0.6039150354019164
2025-01,2931,300581,33,0.2921597633136094,0.47858282529539925,0.5609373112694767
2025-01,2931,000029,56,0.28817991631799167,0.5112657599758343,0.6328781512605041
2025-01,2931,301129,20,0.3183125599232982,0.4277389722058396,0.630353659570859
2025-01,2931,300588,19,0.30977620730270905,0.3890492309290739,0.5580953016550988
2025-01,2931,688662,20,0.2466666666666666,0.6398600385807477,0.7071207675838556
2025-01,2931,300598,27,0.2160527762506872,0.25063063811525377,0.4152063043748676
2025-01,2931,300046,15,0.20753701211305509,0.5003180859755532,0.5084479007545245
2025-01,2931,688005,24,0.1776112825033055,0.4141440100841018,0.5587975767642241
2025-01,2931,300004,56,0.26364846870838876,0.5086794127725085,0.7620320855614973
2025-01,2931,300604,21,0.23826860841423947,0.6312568931639401,0.6453043360903851
2025-01,2931,300052,25,0.2695000000000001,0.313691344550549,0.42930689293545615
2025-01,2931,688012,22,0.14864470999708546,0.6062078622480667,0.5020258123373312
2025-01,2931,300056,23,0.270625,0.28788331983835114,0.4551435535710434
2025-01,2931,688693,21,0.304126213592233,0.6438716467805726,0.5687440830252039
2025-01,2931,300061,22,0.2780026990553307,0.32753363990449536,0.39518729019177723
2025-01,2931,688699,21,0.26252804786836204,0.5048899039783489,0.5984996738421392
2025-01,2931,300618,46,0.23099925242960384,0.42672546765052494,0.5754874790902057
2025-01,2931,000099,14,0.14077669902912626,0.31720914187526394,0.5328333138013202
2025-01,2931,600895,36,0.1942567567567568,0.3071855249986948,0.4820184522688759
2025-01,2931,300623,19,0.18302964373130282,0.3673302866860673,0.4687703633404736
2025-01,2931,000151,34,0.29218573046432617,0.3444337305422294,0.532144398101539
2025-01,2931,300070,32,0.24873949579831944,0.31591418982004565,0.4839617332583002
2025-01,2931,300072,24,0.24378109452736307,0.2655661598272068,0.47696771853463904
2025-01,2931,301182,16,0.21366594360086777,0.7205435813133324,0.6642724634923656
2025-01,2931,000158,18,0.1712135465663217,0.34844498983462896,0.43848810583090525
2025-01,2931,688037,39,0.30068014358586814,0.6651469640407965,0.580432085249252
2025-01,2931,300631,58,0.2875,0.6343554504835932,0.6288021855802458
2025-01,2931,002564,15,0.10135135135135143,0.3529795760092966,0.7512116316639754
2025-01,2931,600280,16,0.24186046511627912,0.49438609578100096,0.6224226804123714
2025-01,2931,688721,16,0.131048027138011,0.38924236315218474,0.5299543218552353
2025-01,2931,688047,21,0.21990585070611968,0.608449016234825,0.5159847976749383
2025-01,2931,300077,18,0.20658914728682176,0.4014121331199234,0.44047950933928076
2025-01,2931,000402,28,0.2421874999999999,0.3160613942496232,0.5637254901960785
2025-01,2931,688733,23,0.2397761515281963,0.6416588014975559,0.67366026289181
2025-01,2931,300080,30,0.27447216890595016,0.28934433092356493,0.5023886577284638
2025-01,2931,300085,20,0.3188918975213496,0.6123693830289684,0.5625643985397685
2025-01,2931,688055,22,0.218961625282167,0.5389709987649647,0.6362950311792508
2025-01,2931,301198,23,0.2684251357641583,0.5297766682084764,0.6550493386521102
2025-01,2931,002036,47,0.2663139329805996,0.5119021594582491,0.6971362452993923
2025-01,2931,688058,21,0.22667542706964527,0.5446098274605581,0.5916348320109708
2025-01,2931,300088,47,0.24625850340136046,0.4045595595228602,0.5897095680377412
2025-01,2931,300098,23,0.26348228043143296,0.45879846055208523,0.6027060270602705
2025-01,2931,300102,15,0.16974494283201402,0.39833171667230083,0.4903178662769457
2025-01,2931,300652,23,0.22130826478652577,0.41626876674143193,0.6925901201602136
2025-01,2931,600193,16,0.21387283236994215,0.35070291191848446,0.594645991808075
2025-01,2931,300655,40,0.28307123034227566,0.4433305838493874,0.563367337560886
2025-01,2931,600963,42,0.3012820512820512,0.659317858803213,0.6443825441039923
2025-01,2931,300662,24,0.21925802417674023,0.3833759093109966,0.6282440640530096
2025-01,2931,300663,25,0.30483795209018316,0.2885183182084536,0.4064171122994651
2025-01,2931,000503,27,0.25233644859813087,0.30499291353677555,0.44281285070283194
2025-01,2931,301221,34,0.31310679611650494,0.5329489358965737,0.6024723487312948
2025-01,2931,300666,22,0.1593156909917134,0.45581191719779823,0.548529528821797
2025-01,2931,600318,28,0.28514456630109664,0.33467152888614965,0.5366741089886707
2025-01,2931,002607,24,0.24296675191815864,0.4588623159163096,0.585493046776233
2025-01,2931,300120,15,0.16283924843423803,0.3074757870669681,0.39794054143829904
2025-01,2931,300672,24,0.2445357000927274,0.6867845938985808,0.753793048085413
2025-01,2931,002065,19,0.1613756613756614,0.3229155019523069,0.5142243143675816
2025-01,2931,300674,20,0.17487684729064046,0.26372012074011986,0.4332117462369563
2025-01,2931,688091,40,0.2427616926503341,0.6416244391037215,0.5715595750063245
2025-01,2931,603333,14,0.14649681528662428,0.4432311330304674,0.6531791907514453
2025-01,2931,300130,48,0.2701309004363349,0.38975936626121027,0.5464793204731287
2025-01,2931,300678,20,0.19105691056910568,0.34690942772686206,0.458604966650337
2025-01,2931,301236,21,0.2280564263322884,0.4438425561385101,0.509630071154491
2025-01,2931,600333,17,0.24918032786885236,0.695415038693265,0.6171573359073358
2025-01,2931,600336,31,0.31693363844393596,0.3839117368364443,0.4801977844339848
2025-01,2931,300682,41,0.30107526881720426,0.6405190292959171,0.6232543292634269
2025-01,2931,300689,17,0.17683595177201317,0.4160912232334324,0.7225097331687399
2025-01,2931,002085,19,0.2670157068062827,0.49480700558163754,0.5375394321766559
2025-01,2931,688118,20,0.2772108843537415,0.5694598788765783,0.745757255208573
2025-01,2931,301269,19,0.21238469680931493,0.5341143961984326,0.48552479438008606
2025-01,2931,688130,20,0.2767590618336886,0.7729073843837934,0.5812149691445396
2025-01,2931,688131,40,0.1953966699314399,0.6068744749624833,0.6928806005160686
2025-01,2931,002657,23,0.2537383177570093,0.41688787934510163,0.5726689199665109
2025-01,2931,300176,38,0.2955082742316786,0.4015756355360012,0.5940912010276173
2025-01,2931,300177,21,0.21699669966996693,0.3716593609522597,0.44874452891038913
2025-01,2931,000566,34,0.3157894736842105,0.30341078007019573,0.4355251921434674
2025-01,2931,002663,26,0.29718875502008035,0.5190932538938856,0.6374501992031869
2025-01,2931,600390,31,0.21857923497267762,0.3786026400509542,0.5286567543525225
2025-01,2931,300726,65,0.22869565217391308,0.6241183377716799,0.7518034265103696
2025-01,2931,688152,31,0.30260560600078956,0.5525625656943327,0.5121173521131331
2025-01,2931,300180,24,0.24081632653061225,0.253589369363605,0.38184820133086506
2025-01,2931,300184,21,0.19345238095238093,0.2712589880911813,0.42832037649301513
2025-01,2931,300735,25,0.18884120171673813,0.30837089491732955,0.45322843830075016
2025-01,2931,300192,20,0.26248108925869895,0.7618339790635523,0.674315619967794
2025-01,2931,603489,23,0.3087621696801114,0.5483755768484628,0.637522089581174
2025-01,2931,300197,20,0.22868217054263573,0.3364323310098269,0.4736524537409494
2025-01,2931,603499,16,0.22718446601941744,0.4739593610693473,0.5813477289650039
2025-01,2931,688172,21,0.15169569202566446,0.5635707279437006,0.6326010200078465
2025-01,2931,002140,18,0.16177957532861487,0.3153272395986471,0.5587681549220009
2025-01,2931,300199,15,0.2103766879886283,0.5554494491212186,0.6803482587064676
2025-01,2931,300752,47,0.2932628797886394,0.598981573442003,0.7606589147286829
2025-01,2931,601162,24,0.1901840490797545,0.3033433874093277,0.50109959158027
2025-01,2931,300755,27,0.22434244455905117,0.5652830945112883,0.7045424002150255
2025-01,2931,688182,40,0.246502653159672,0.49850749416018997,0.6317334507559079
2025-01,2931,688185,35,0.23765867418899866,0.5581729108750727,0.6635884823313764
2025-01,2931,300762,23,0.20400340715502552,0.36918221087542097,0.5555555555555557
2025-01,2931,300768,48,0.3150926743159753,0.5576566041399317,0.6215932914046117
2025-01,2931,300769,24,0.29527464619812904,0.38501034609594753,0.5394076967745344
2025-01,2931,688193,41,0.2649592549476135,0.6379511544005534,0.7547227768391954
2025-01,2931,002709,40,0.30242914979757085,0.47087909685150253,0.6196486018312297
2025-01,2931,300223,24,0.21968112911657078,0.6198037234817019,0.5763488818683024
2025-01,2931,300773,37,0.2816901408450704,0.3293543062087361,0.4747056609859681
2025-01,2931,002163,18,0.21530612244897962,0.458960985181584,0.5456403269754768
2025-01,2931,002715,31,0.29100817438692106,0.33170394554286864,0.6423517668587981
2025-01,2931,300776,36,0.20797131430147575,0.4889482169919317,0.633137833659166
2025-01,2931,300227,21,0.23628691983122363,0.35151083064754957,0.5148788927335642
2025-01,2931,688206,36,0.2905377240516882,0.6506372941884894,0.6301358198152166
2025-01,2931,300231,21,0.3052264808362368,0.5223429557506335,0.5580039045445936
2025-01,2931,300238,62,0.3044017358958462,0.5288618779185421,0.7253427686864218
2025-01,2931,002183,29,0.24905660377358485,0.2950784416571852,0.4849800941006155
2025-01,2931,002185,19,0.16920609462710512,0.45044858782201097,0.6150842079570423
2025-01,2931,301378,31,0.30285714285714294,0.2727332135356102,0.4659476367477098
2025-01,2931,000670,18,0.32116004296455425,0.6793012437336282,0.5180812949454856
2025-01,2931,688225,20,0.22459349593495936,0.47744757556538053,0.5703907815631265
2025-01,2931,002189,53,0.3036211699164345,0.3968876367427606,0.611384111384111
2025-01,2931,601360,31,0.306201550387597,0.5610957506811904,0.5924071756362119
2025-01,2931,688230,19,0.17221999197109594,0.47274434289712175,0.5353739532197519
2025-01,2931,688233,21,0.18493690851735012,0.412870696026005,0.5831235383573374
2025-01,2931,600505,18,0.2861736334405144,0.4533994101477272,0.6531509038250276
2025-01,2931,301392,20,0.22243071593533492,0.45960259301192163,0.6091270375254549
2025-01,2931,300266,19,0.22259136212624586,0.3433079314775173,0.5198973042362001
2025-01,2931,688246,27,0.24991061851984264,0.5215716455789945,0.6039280277507423
2025-01,2931,601519,31,0.2772727272727272,0.656395034508336,0.5976264481491945
2025-01,2931,300269,25,0.3155893536121672,0.4351750092256392,0.5489478499542545
2025-01,2931,000697,18,0.19384264538198392,0.5939081928348051,0.7692976356050069
2025-01,2931,300271,31,0.3038990825688074,0.43634312622944554,0.626340626340626
2025-01,2931,601595,41,0.2864951768488746,0.7006801364688074,0.6066012488849237
2025-01,2931,300826,20,0.22727272727272718,0.39982281890325394,0.6964670981661272
2025-01,2931,000712,35,0.29570840681951793,0.6188841205340203,0.6112000674195178
2025-01,2931,603659,40,0.3015399900645802,0.5080639997676415,0.609584214235377
2025-01,2931,300284,19,0.18611111111111123,0.2422437318354972,0.40065251685071
2025-01,2931,000717,25,0.29912023460410553,0.4518103302057784,0.4347144983159709
2025-01,2931,600536,33,0.29330372394943627,0.4227393158614458,0.5625052755971978
2025-01,2931,300287,20,0.24848484848484842,0.38265880637344885,0.4715268979214463
2025-01,2931,000721,17,0.2660550458715597,0.6553243599988597,0.6737997090203683
2025-01,2931,002785,18,0.14017595307917896,0.5145505414570553,0.7143141311266705
2025-01,2931,300292,50,0.29304635761589415,0.7344718482542477,0.7656132430398799
2025-01,2931,688277,22,0.2005494505494505,0.37294067836784234,0.6327487826009021
2025-01,2931,300293,32,0.286013986013986,0.26000738052096717,0.3823100384564382
2025-01,2931,300300,18,0.1912751677852349,0.42513483954812514,0.6332300542215334
2025-01,2931,300302,51,0.2963558413719185,0.5244804055665432,0.7329283383957699
2025-01,2931,002797,24,0.22383073496659245,0.44215613180031216,0.5918293997843537
2025-01,2931,601688,56,0.22802734375,0.7222573071118369,0.654846289786961
2025-01,2931,688292,31,0.3169070512820513,0.4808856911030616,0.6219325770375724
2025-01,2931,600570,22,0.18579602827330866,0.37116421771555674,0.4730401910067644
2025-01,2931,002256,25,0.319620253164557,0.46593392120867727,0.6469459184825553
2025-01,2931,300319,22,0.23295454545454541,0.5898758052479335,0.6059532246633598
2025-01,2931,603708,16,0.23123382226056943,0.6723746961408177,0.6627017841971113
2025-01,2931,300865,15,0.158004158004158,0.3096415592240856,0.4563203430058955
2025-01,2931,300324,24,0.3178654292343387,0.3992596323990954,0.5177168272794662
2025-01,2931,300868,15,0.17129474740715966,0.3453239452274324,0.5284562745050289
2025-01,2931,688311,20,0.23282226007950024,0.34945037436891413,0.6295935323065122
2025-01,2931,688312,34,0.25294447560291633,0.5798482845062163,0.647844446626731
2025-01,2931,300331,51,0.29740740740740745,0.5645678004841953,0.6268418956591
2025-01,2931,601828,27,0.25654450261780104,0.4084431502210509,0.5193351132546717
2025-01,2931,688318,20,0.3080394922425951,0.5228198606025872,0.4460319131337135
2025-01,2931,603737,37,0.28391376451077943,0.5430462072248388,0.73260319681395
2025-01,2931,300339,19,0.19407710933134648,0.36521281785268933,0.4104812379181811
2025-01,2931,300341,15,0.18333333333333346,0.43951197380854945,0.46662948503439333
2025-01,2931,688325,19,0.1946205571565801,0.4909636966112417,0.7337243180790677
2025-01,2931,000799,40,0.2883265306122449,0.5372552228367661,0.6655822811914213
2025-01,2931,688327,22,0.24041297935103245,0.5660526159123941,0.5962557953011601
2025-01,2931,000801,14,0.1489071038251366,0.34250197684695094,0.46126812124762023
2025-01,2931,300348,19,0.279383429672447,0.3472960272010324,0.43878194428990025
2025-01,2931,600606,30,0.2945736434108527,0.490509176744938,0.576672929614106
2025-01,2931,300892,21,0.24435146443514644,0.331436370217518,0.3646857935211066
2025-01,2931,000810,16,0.2560321715817695,0.759770283607532,0.669565217391304
2025-01,2931,002290,15,0.1269744835965979,0.41795300377168404,0.5883574649893186
2025-01,2931,300353,33,0.30178326474622774,0.40969926568243564,0.6256452612017346
2025-01,2931,300355,18,0.21507352941176483,0.2742672287885802,0.4308027041728184
2025-01,2931,600613,15,0.15568022440392715,0.45519159507737744,0.5659237379162191
2025-01,2931,300898,16,0.16947162426614493,0.7774355738567164,0.704280923259024
2025-01,2931,688347,20,0.22425761666023913,0.6222050503983098,0.6271208008143877
2025-01,2931,600619,18,0.19142176330420968,0.3906715522753875,0.472191190552186
2025-01,2931,601929,14,0.15343915343915338,0.41324074267184574,0.49894957983193305
2025-01,2931,002302,66,0.31768953068592065,0.6125839042370711,0.5341111977267586
2025-01,2931,688353,32,0.26179330212459484,0.3060148154946098,0.48065443889733006
2025-01,2931,600622,16,0.18658892128279891,0.45921936180910744,0.5434782608695652
2025-01,2931,301611,18,0.1580394694273698,0.3773494446312742,0.5550463970672473
2025-01,2931,300370,19,0.21999999999999997,0.3556719719810135,0.5242182709993868
2025-01,2931,688359,46,0.2652329749103943,0.590062792506335,0.7085368690393115
2025-01,2931,300376,73,0.28240740740740744,0.7676268379833282,0.7474804031354984
2025-01,2931,300917,28,0.22525849335302806,0.33521221054693723,0.4411870175460671
2025-01,2931,300379,26,0.2904814004376368,0.2927324776499633,0.4850760420222246
2025-01,2931,603833,31,0.2392578125000001,0.5103094955726992,0.6171840456505961
2025-01,2931,688371,23,0.1512553582363747,0.3956580834268776,0.5691679428279732
2025-01,2931,300925,25,0.29624224735497995,0.4155383443053325,0.5643835019658667
2025-01,2931,300386,20,0.2646897309170785,0.5657967047763064,0.49561769616026696
2025-01,2931,300390,40,0.2613554434030282,0.4350492440006342,0.5248672326239484
2025-01,2931,688378,24,0.1953907815631264,0.5306910255647137,0.614145966146406
2025-01,2931,600651,30,0.2810707456978968,0.5083903694191519,0.5635838150289018
2025-01,2931,302132,19,0.2219512195121952,0.4345620047415204,0.5789885375612989
2025-01,2931,688385,21,0.22786847551161193,0.5702455536313267,0.5038239492128413
2025-01,2931,300398,39,0.3100436681222707,0.5955985108755707,0.556263269639066
2025-01,2931,002338,36,0.21694075242171662,0.39036778077713263,0.6494074329766429
2025-01,2931,600666,17,0.19771863117870725,0.38905622860329386,0.5271317829457364
2025-01,2931,002344,17,0.18595041322314043,0.6837442560198859,0.7001343183344528
2025-01,2931,300409,36,0.2871046228710462,0.6434350232813706,0.5270873034154924
2025-01,2931,002912,32,0.26163391933815927,0.4316513934814832,0.6630337117985468
2025-01,2931,688409,22,0.19242685025817552,0.5909022682314363,0.5755257601930301
2025-01,2931,603030,27,0.31172839506172845,0.7323710806964339,0.6939281288723668
2025-01,2931,300960,72,0.3037661050545094,0.5773345038425075,0.7384895912475306
2025-01,2931,300961,25,0.2845528455284553,0.4237326627453899,0.48922361009061976
2025-01,2931,603906,36,0.26650755767700873,0.6659068827656012,0.646534783178305
2025-01,2931,000917,30,0.31543624161073824,0.5325485758399673,0.7661542307211598
2025-01,2931,600030,45,0.20094936708860767,0.5481264934615427,0.545235176957255
2025-01,2931,300424,19,0.29859719438877763,0.5735637772942033,0.5805679936208062
2025-01,2931,600691,31,0.306896551724138,0.5463994533888253,0.7029612511420437
2025-01,2931,688435,23,0.22985507246376813,0.30051768943466617,0.5105232070133988
2025-01,2931,000925,18,0.2867883995703545,0.5527909013422925,0.6111508220157257
2025-01,2931,688448,14,0.1781059947871415,0.5613544816245799,0.56011971717821
2025-01,2931,300973,22,0.22730504858971312,0.7462304021350411,0.6876085240726124
2025-01,2931,002368,31,0.2562684365781711,0.3380474643276742,0.5344959018200833
2025-01,2931,600696,18,0.26583268178264263,0.4291582276218472,0.4986114617520827
2025-01,2931,600702,27,0.2848402447314752,0.3726041698229878,0.5347075039133383
2025-01,2931,002374,24,0.27794561933534745,0.3769383156245487,0.5995673225507366
2025-01,2931,600705,33,0.2683486238532111,0.3821399564607121,0.6403940886699508
2025-01,2931,300986,22,0.21323529411764708,0.500269982522207,0.7417946327822208
2025-01,2931,300446,60,0.3209060877772535,0.763782491930137,0.6935261707988976
2025-01,2931,300448,26,0.3213429256594724,0.4566170068306333,0.6271402015458369
2025-01,2931,600067,31,0.29605263157894735,0.4864457551290525,0.676294469883761
2025-01,2931,688489,40,0.2901234567901235,0.49856666406701394,0.5806317106223291
2025-01,2931,002387,16,0.13078470824949684,0.46067307934174123,0.5498558118899736
2025-01,2931,603978,18,0.20901889092017056,0.29742416973825037,0.5533615095036838
2025-01,2931,600076,27,0.30000000000000004,0.4827953551302921,0.5769230769230773
2025-01,2931,688512,25,0.26655348047538197,0.6320724572557567,0.6039009752438107
2025-01,2931,300468,20,0.20220162224797233,0.3052990912292703,0.3880288957688338
2025-01,2931,300469,20,0.265329295987888,0.4899739600088561,0.6023812582979999
2025-01,2931,600736,17,0.21221864951768477,0.3737047334030333,0.4636363636363635
2025-01,2931,002405,55,0.2951653944020355,0.6969895435792282,0.6813996316758747
2025-01,2931,300474,19,0.21594620557156574,0.7120984108591336,0.4998518957345961
2025-01,2931,301021,23,0.23894981721502162,0.5173698343618364,0.6582401555663585
2025-01,2931,002987,48,0.28149606299212604,0.44721751525932074,0.5483356133150931
2025-01,2931,600110,44,0.3129770992366412,0.6487301310689851,0.6986027944111773
2025-01,2931,603106,25,0.3073770491803278,0.6174204135420075,0.7388584831899924
2025-01,2931,002423,23,0.15076474872541878,0.34717799235506014,0.4886890951276103
2025-01,2931,603110,25,0.2329098608590442,0.30676844686179383,0.5584269970191703
2025-01,2931,688549,19,0.18124341412012657,0.3365150945808553,0.5253528489283844
2025-01,2931,688550,22,0.1616915422885571,0.6325179089445179,0.7234268469878176
2025-01,2931,001209,17,0.16408491107286283,0.5260483164404104,0.6251017418199584
2025-01,2931,600770,18,0.14090909090909098,0.2966129254684884,0.5068249984697313
2025-01,2931,300506,20,0.2754716981132076,0.3603723465212417,0.61351217088922
2025-01,2931,301049,64,0.3137567826364507,0.49533919019360984,0.6913202296051484
2025-01,2931,301050,19,0.16156340057636898,0.39929221491900746,0.5026063500164035
2025-01,2931,600779,27,0.20648433254845133,0.364098365969572,0.4856314750863347
2025-01,2931,301055,17,0.15384615384615385,0.39697771225473777,0.7402448355011477
2025-01,2931,300518,48,0.27157894736842103,0.47477707995757573,0.7520393120393118
2025-01,2931,300520,20,0.23724191663420346,0.4117968941361993,0.49512378094523635
2025-01,2931,600151,35,0.2883977900552487,0.47331431031996546,0.6755298273155417
2025-01,2931,002456,41,0.2690735694822888,0.42179299765724515,0.5319668130795512
2025-01,2931,301068,18,0.2119258662369058,0.6484578803425977,0.7105973943438196
2025-01,2931,688593,18,0.2514672686230248,0.48513947530831286,0.5863647663241629
2025-01,2931,600171,16,0.14888658726048676,0.5620025040366339,0.5550692012673002
2025-01,2931,300542,19,0.206079570853822,0.26012196985609126,0.45360579779018634
2025-01,2931,301086,21,0.20919540229885047,0.7152332205011982,0.7434182843179499
2025-01,2931,605218,16,0.3180697428672068,0.44610350209180943,0.5913231712816811
2025-01,2931,600817,76,0.28276877761413843,0.5773657470905887,0.4342488875249349
2025-01,2931,300545,44,0.26568653189813607,0.5127092349537935,0.7024005686407553
2025-01,2931,301091,19,0.2523573200992556,0.3649140500269544,0.4599123976385452
2025-01,2931,600826,27,0.2849740932642487,0.4715016226636508,0.5041390728476819
2025-01,2931,600829,15,0.16645807259073842,0.5259013797711065,0.46668690241311245
2025-01,2931,301102,29,0.3189533239038189,0.6201731119953319,0.7715667528961873
2025-02,2949,300563,36,0.30780186738407966,0.751061912516025,0.6260075523817276
2025-02,2949,605337,22,0.14045936395759717,0.7349996477601138,0.519687999248191
2025-02,2949,002497,18,0.0930930930930931,0.5851328370748673,0.5942432683379762
2025-02,2949,600208,49,0.18154761904761907,0.49461901243597384,0.5561613958560521
2025-02,2949,600212,28,0.2894736842105262,0.48020835671236656,0.5888238916256158
2025-02,2949,002510,19,0.19519519519519513,0.5874711492087231,0.5845339605998232
2025-02,2949,600221,20,0.09580838323353291,0.39719661603351597,0.46267087276550994
2025-02,2949,600227,27,0.14342629482071712,0.4713246931506647,0.550889328063241
2025-02,2949,300592,18,0.19350563286945,0.6145649979211297,0.5082742316784873
2025-02,2949,001696,28,0.28658318425760276,0.5552517687540905,0.6719218333293997
2025-02,2949,600881,27,0.19402985074626855,0.47281483844167366,0.5172413793103449
2025-02,2949,300059,37,0.21089696071163833,0.46917490505299003,0.458889035735423
2025-02,2949,688710,39,0.25157673440784867,0.34730719488807094,0.714499842221521
2025-02,2949,002021,23,0.11567164179104483,0.4128972551122614,0.5085730892182503
2025-02,2949,301183,40,0.23418859290733773,0.7567825190030762,0.7300262980924314
2025-02,2949,002570,30,0.2142857142857142,0.40916927106179085,0.4702653247941446
2025-02,2949,000415,22,0.11948051948051952,0.44040511386392883,0.5135520684736089
2025-02,2949,002583,31,0.23284156510583698,0.518564091880307,0.47360811052204066
2025-02,2949,002047,23,0.21232876712328774,0.3717442221285789,0.503597122302158
2025-02,2949,301211,31,0.24090006618133675,0.7539792353751679,0.5426594926979244
2025-02,2949,300119,23,0.15120087336244536,0.7686638457896412,0.7372293410364665
2025-02,2949,300669,26,0.10497981157469716,0.7287380950035486,0.6337712750074647
2025-02,2949,600983,29,0.12857142857142856,0.6990538307618943,0.4575866188769417
2025-02,2949,300127,19,0.13225569434239526,0.5294436601553346,0.5222357199213518
2025-02,2949,300128,29,0.24613003095975228,0.5717907935781578,0.5499999999999998
2025-02,2949,600984,26,0.17801047120418845,0.536132881878271,0.6345188028255279
2025-02,2949,002069,25,0.08031088082901561,0.38738028514255446,0.5144193296960253
2025-02,2949,000520,27,0.19252336448598117,0.36140697676843,0.5621096460791116
2025-02,2949,002622,25,0.27576601671309187,0.6372105868627554,0.7087307410124728
2025-02,2949,002625,28,0.14601769911504425,0.4541433818235811,0.6722276741903828
2025-02,2949,002628,30,0.19105691056910568,0.3287166402899781,0.44126074498567347
2025-02,2949,002633,25,0.1630347054075869,0.4367870038690576,0.5713548387096776
2025-02,2949,000537,169,0.2994296577946768,0.6664124263224126,0.7427471390014803
2025-02,2949,601011,21,0.15488215488215495,0.5296518179171126,0.5917779523435457
2025-02,2949,603365,31,0.20719073735527116,0.4146900272529433,0.6335864382835957
2025-02,2949,002094,28,0.22292993630573255,0.4809770652756163,0.47388938520263124
2025-02,2949,600368,27,0.11212814645308933,0.6854783446537427,0.37974683544303733
2025-02,2949,000553,44,0.2970922882427308,0.6718593165313438,0.6092201637225333
2025-02,2949,600382,28,0.10514541387024601,0.463220992455171,0.6531805995612969
2025-02,2949,000564,16,0.22754491017964062,0.6475309170881998,0.6487243310516488
2025-02,2949,300185,73,0.3143712574850299,0.7606866457071157,0.6592899953895799
2025-02,2949,002676,27,0.1394611727416799,0.34229599679315653,0.5438448566610454
2025-02,2949,601127,20,0.1360830949872046,0.669436933513738,0.6661367217114637
2025-02,2949,600418,31,0.24642857142857144,0.6850729772503101,0.7349732942150012
2025-02,2949,002685,29,0.17741935483870974,0.4437861889132738,0.49151805132666404
2025-02,2949,300201,17,0.12586206896551722,0.6869499009428193,0.6685588142541787
2025-02,2949,002141,21,0.14457831325301207,0.40034962014361675,0.7117647058823533
2025-02,2949,000605,16,0.08640406607369755,0.3146471399384622,0.428270042194093
2025-02,2949,300757,34,0.30447829052057285,0.7750502643210397,0.730414294129197
2025-02,2949,002700,18,0.07169811320754715,0.4235785667256669,0.5379896177442184
2025-02,2949,002702,25,0.12107623318385652,0.5626613945910837,0.5024576734025118
2025-02,2949,000619,24,0.14050822122571005,0.6675800747290924,0.5903790087463558
2025-02,2949,603536,22,0.1273996509598605,0.6101443669417209,0.5265114459009977
2025-02,2949,000627,20,0.16284403669724778,0.7627411667975292,0.6675090649379191
2025-02,2949,002713,25,0.22651933701657467,0.47067266566985994,0.43831168831168843
2025-02,2949,300774,84,0.2344213649851632,0.772974122851465,0.6280954524988749
2025-02,2949,600467,28,0.10256410256410242,0.3777213860403588,0.4628759398496236
2025-02,2949,002165,24,0.12121212121212133,0.7570845124705204,0.7073954983922841
2025-02,2949,601226,20,0.12222222222222223,0.6561482263422117,0.6287202380952377
2025-02,2949,301358,29,0.18621134020618557,0.7302598151660162,0.6364967946888851
2025-02,2949,002169,73,0.29614873837981415,0.6231682527861419,0.725478816018572
2025-02,2949,000656,19,0.16568047337278113,0.6624528145046107,0.7186023513899574
2025-02,2949,002178,26,0.24934036939313975,0.5725660040945155,0.5900714406989956
2025-02,2949,002742,28,0.16870415647921755,0.5325254118787189,0.7235657319269356
2025-02,2949,300255,30,0.28660994178235555,0.5158264403154844,0.6516494074943953
2025-02,2949,300803,37,0.226635831859611,0.5398585612887933,0.5239209910312722
2025-02,2949,002203,19,0.13026819923371646,0.7508162922812426,0.6447427111633743
2025-02,2949,002210,25,0.1287553648068671,0.5030688334099249,0.5037488284910965
2025-02,2949,002769,31,0.2821100917431193,0.5194748904896779,0.62874659400545
2025-02,2949,600527,23,0.1330472103004292,0.560159437100461,0.6368715083798887
2025-02,2949,603655,26,0.10989898989898983,0.47143345177098606,0.6836041809719995
2025-02,2949,601598,202,0.31150442477876106,0.7742655886191924,0.5639224691024513
2025-02,2949,002226,33,0.13111888111888115,0.6399448832552079,0.6288209606986903
2025-02,2949,002780,34,0.20966542750929362,0.5367657240330265,0.6145196773405034
2025-02,2949,688275,17,0.16184760865611925,0.5390297581969848,0.5952618680221474
2025-02,2949,603669,26,0.18896321070234123,0.6816683250313763,0.5135588393506947
2025-02,2949,300303,73,0.27835051546391754,0.7759403283231313,0.7171739613419245
2025-02,2949,002247,23,0.11929824561403524,0.49216511972311955,0.5411954765751203
2025-02,2949,002802,24,0.1903388608507569,0.7397443909149548,0.502494654312188
2025-02,2949,603697,21,0.15488565488565476,0.4361760392876119,0.4904685609652421
2025-02,2949,601798,35,0.28441558441558445,0.632756933361658,0.6735765244312828
2025-02,2949,603711,25,0.1464487743557511,0.5793639512441402,0.4324922463101788
2025-02,2949,603719,18,0.24616368286445023,0.6194121641846155,0.4686931899562598
2025-02,2949,002826,17,0.13054830287206265,0.5950192228467329,0.6401655723665437
2025-02,2949,600593,15,0.16635220125786165,0.5541576096673779,0.3415971420245432
2025-02,2949,000803,23,0.11069418386491559,0.3040725971053938,0.5476673427991887
2025-02,2949,603773,29,0.1476510067114094,0.5209882176097239,0.6967762990898214
2025-02,2949,002849,30,0.24753502854177478,0.6028157045292962,0.7160799921704236
2025-02,2949,600609,17,0.22263681592039797,0.60131415478061,0.4600515463917532
2025-02,2949,601900,17,0.17189460476787954,0.7568478316957982,0.5082508250825075
2025-02,2949,300901,28,0.24302788844621515,0.7120762202083085,0.5946994182288299
2025-02,2949,300904,30,0.20080385852090032,0.5432317738953711,0.7084231321839081
2025-02,2949,601933,19,0.16247906197654938,0.556497498247154,0.4574898785425109
2025-02,2949,300368,41,0.202020202020202,0.3915438016301123,0.6329787234042554
2025-02,2949,600628,23,0.09879518072289162,0.5197883690888724,0.45410314628608495
2025-02,2949,002312,28,0.20478723404255306,0.49184248600633884,0.4762791192426338
2025-02,2949,002876,21,0.1429546229955646,0.699960708922997,0.5441948351879067
2025-02,2949,300380,15,0.22239159891598925,0.6134238204470741,0.5477459615822149
2025-02,2949,002321,23,0.2533783783783784,0.6513541215958316,0.6396645552680883
2025-02,2949,600653,25,0.11790393013100442,0.3726994489625231,0.4860977948226267
2025-02,2949,600657,63,0.2808988764044944,0.5297796550683783,0.7359775208040634
2025-02,2949,603023,28,0.16835016835016836,0.5179558900722238,0.5540897097625335
2025-02,2949,603029,17,0.1420541645375576,0.7196015951479352,0.5495420482930898
2025-02,2949,002918,27,0.16539923954372626,0.7554835342402348,0.5038136466707899
2025-02,2949,603036,22,0.22582480091012513,0.7396782800891123,0.6439533250860945
2025-02,2949,603038,30,0.21568627450980393,0.3935241496606206,0.45762526038811524
2025-02,2949,600692,15,0.17377398720682313,0.48991108567997227,0.5251446372941702
2025-02,2949,002366,31,0.19238095238095232,0.5930436546802913,0.6677215189873418
2025-02,2949,002377,31,0.16816816816816815,0.378025879183487,0.47247119078105004
2025-02,2949,600707,21,0.1745856353591161,0.7603728654827674,0.5920511649154867
2025-02,2949,600708,17,0.158311345646438,0.4792942486352203,0.4910624623418356
2025-02,2949,000949,27,0.1277533039647577,0.5715332355225743,0.6797937177684025
2025-02,2949,600712,24,0.13063763608087087,0.38056975232861523,0.4715020238485941
2025-02,2949,000953,25,0.10877192982456141,0.36499099629251647,0.46316826804631683
2025-02,2949,603969,23,0.19744318181818177,0.7488653250601723,0.5185561769191663
2025-02,2949,000962,22,0.11779607346421783,0.5429077656553768,0.6942752740560295
2025-02,2949,300997,19,0.14211212516297256,0.5455200166128044,0.5689396571447942
2025-02,2949,688503,23,0.21214728148657946,0.5800758533050155,0.5667379352474039
2025-02,2949,600724,23,0.25442834138486314,0.6299595844283139,0.3653143626225727
2025-02,2949,603083,30,0.20026408450704214,0.6885585112214458,0.6556857003416301
2025-02,2949,000980,27,0.25912408759124106,0.6679729548685441,0.6256921373200443
2025-02,2949,600743,21,0.10096153846153844,0.374108426911546,0.3947368421052632
2025-02,2949,603099,28,0.20454545454545459,0.513668870011413,0.409712905822377
2025-02,2949,000995,23,0.1943127962085308,0.6554495447422375,0.5637562814070348
2025-02,2949,002416,22,0.12243346007604572,0.45073566496449824,0.4399708507924941
2025-02,2949,002992,27,0.17025411061285511,0.7411747941923711,0.6846868884540118
2025-02,2949,600113,23,0.12836879432624115,0.3997342588286419,0.4908042821850124
2025-02,2949,002428,28,0.1610738255033557,0.4642470020367237,0.5357819691363596
2025-02,2949,603117,30,0.2817679558011049,0.4650975492058986,0.5477746654217241
2025-02,2949,001217,29,0.20413026211278795,0.7653807734112829,0.5359201807923502
2025-02,2949,600135,62,0.29940119760479045,0.767934070214161,0.6633951290439841
2025-02,2949,605158,32,0.2658763759525826,0.5998869797428726,0.6089828269484813
2025-02,2949,600157,23,0.11695906432748537,0.47716822288716276,0.5333333333333337
2025-02,2949,600800,24,0.1711711711711712,0.4531631705619389,0.5274411974340703
2025-02,2949,603159,19,0.11768255884127943,0.4769323944288291,0.7114170969592667
2025-02,2949,600811,26,0.28968253968253965,0.7039168274716321,0.5264469814048556
2025-02,2949,002482,25,0.16299559471365643,0.6376400168328237,0.5433418798756208
2025-02,2949,600828,22,0.13802083333333326,0.5311413219259069,0.5353126405757989
2025-03,2970,001323,55,0.1998186215235792,0.658166938927038,0.6931155192532088
2025-03,2970,002495,53,0.1953125,0.7034666916623205,0.5906120023767087
2025-03,2970,301110,26,0.17594433399602394,0.3961046309460009,0.4050449427288419
2025-03,2970,300024,38,0.22632281013783906,0.578549970877708,0.5158328919704047
2025-03,2970,300582,26,0.2220858895705522,0.6623571524230708,0.538542766631468
2025-03,2970,688660,38,0.1876379690949227,0.4402520614320877,0.4530672462204742
2025-03,2970,300033,38,0.15541362530413627,0.5820618746411829,0.44885331238029785
2025-03,2970,300043,27,0.222943722943723,0.4956643619534112,0.5144291091593473
2025-03,2970,300607,20,0.2642526964560863,0.4747118376622941,0.6229580818428484
2025-03,2970,000063,23,0.21193168150108255,0.5380709849327446,0.6165801135137196
2025-03,2970,000066,47,0.2923244420250408,0.49580266185703276,0.6189664621110383
2025-03,2970,300613,17,0.13854379619437018,0.29494200424176426,0.4583345043703098
2025-03,2970,002005,37,0.15736040609137059,0.5239887970819871,0.5900000000000006
2025-03,2970,002006,28,0.19208745445080688,0.5334950721786276,0.6221937139191802
2025-03,2970,002552,30,0.1086118251928021,0.4859111465649934,0.6398429833169785
2025-03,2970,301171,30,0.2915482954545455,0.4221179860861261,0.34623389590938275
2025-03,2970,300058,34,0.25700365408038994,0.6883154128017674,0.621568072459666
2025-03,2970,300063,48,0.27202737382378095,0.4845014682661392,0.33754400496997305
2025-03,2970,688027,43,0.2000064518210265,0.6334590232903327,0.4894774287892728
2025-03,2970,300622,23,0.2462734931950744,0.5158861858357588,0.5442269658323668
2025-03,2970,300624,25,0.26969696969696966,0.47740417755548803,0.5711626824870584
2025-03,2970,600824,29,0.1594202898550725,0.49508633974981464,0.40148494431458864
2025-03,2970,688047,60,0.21990585070611968,0.6813160563455054,0.5561262310706341
2025-03,2970,300640,34,0.19754977029096477,0.4325231838902335,0.40065681444991774
2025-03,2970,603297,41,0.2682269009918218,0.7118575884752224,0.5625049924115345
2025-03,2970,600292,43,0.1600306278713629,0.29511140162190386,0.34353405725567626
2025-03,2970,002045,30,0.1453990849008644,0.3959975591930194,0.5110885045778232
2025-03,2970,300654,31,0.27564102564102555,0.5732625556376368,0.5679704357746967
2025-03,2970,603311,37,0.1393078970718723,0.5902085285617593,0.4682040531097134
2025-03,2970,002593,19,0.24013157894736836,0.4195003008833517,0.45366421093447046
2025-03,2970,002600,23,0.20377019748653513,0.6904917888105565,0.637354213437004
2025-03,2970,600327,29,0.18974358974358962,0.5462506029024634,0.4881199538638983
2025-03,2970,002067,23,0.2510121457489879,0.6219784119641562,0.47189451769604446
2025-03,2970,688981,57,0.19782893505521248,0.5847522252082306,0.4193954659949624
2025-03,2970,300694,30,0.29600420609884326,0.5614940920545778,0.36099198736034305
2025-03,2970,688115,61,0.22113920194943648,0.31876530651454776,0.5122963440501236
2025-03,2970,603366,29,0.24180967238689544,0.31390378123429524,0.26464300159864407
2025-03,2970,002640,25,0.25,0.3318900686023642,0.4317686670627845
2025-03,2970,002095,27,0.22847985347985345,0.3542630137362503,0.4798951048951046
2025-03,2970,002649,25,0.2040557667934093,0.580499590437419,0.5862884160756497
2025-03,2970,002103,26,0.19073083778966138,0.38216392805693766,0.47426702937378085
2025-03,2970,301281,57,0.2508370535714286,0.5014061179261668,0.5209643605870022
2025-03,2970,300711,30,0.18199233716475094,0.4320977856796575,0.5069029466309501
2025-03,2970,002119,18,0.1750893312914752,0.4457642945793334,0.5667041258629
2025-03,2970,301297,49,0.15090909090909088,0.37659976844208626,0.2974762101779067
2025-03,2970,300182,32,0.2288488210818308,0.6814831075113709,0.6377551020408165
2025-03,2970,002670,31,0.11676849966055669,0.5937918818003554,0.579378463020959
2025-03,2970,301302,38,0.23687893631910428,0.7114173875945554,0.6968870497507761
2025-03,2970,002127,27,0.1794310722100657,0.30408074508618027,0.46588539794377737
2025-03,2970,002131,21,0.24618736383442263,0.4419388610644595,0.40703517587939697
2025-03,2970,688165,17,0.256929955290611,0.409240441611944,0.44708464548143895
2025-03,2970,600410,23,0.2161137440758295,0.41169192615725714,0.6119047619047615
2025-03,2970,301313,30,0.26489637305699487,0.47277371683357783,0.47760671798460463
2025-03,2970,301315,20,0.22912407611259633,0.38558089068257234,0.5078462004803321
2025-03,2970,301318,35,0.21739130434782616,0.6197710179804989,0.5976476353834846
2025-03,2970,300206,29,0.16358253145817903,0.5541791280269439,0.566190347802641
2025-03,2970,603511,18,0.14016172506738545,0.44111009695168096,0.45908607863974504
2025-03,2970,688181,35,0.2225732337736933,0.6408969315529985,0.5500996015936256
2025-03,2970,603518,29,0.1372756071805703,0.5326736686572076,0.4933790582993318
2025-03,2970,002148,23,0.23672055427251726,0.4389264345628423,0.5737373737373738
2025-03,2970,002156,42,0.18734567901234567,0.4405802098917497,0.3922181750572568
2025-03,2970,300222,28,0.214229867083659,0.6051379213228688,0.5966029723991507
2025-03,2970,002712,45,0.22720478325859494,0.5669611444680281,0.5402831512265636
2025-03,2970,601216,38,0.2125850340136054,0.7044480511569304,0.5222088835534209
2025-03,2970,300229,20,0.25346462436177986,0.4410510127382188,0.46679499518768064
2025-03,2970,000631,48,0.20114942528735635,0.6502727123514415,0.5049020917372373
2025-03,2970,002718,36,0.21818181818181814,0.6995428520652754,0.4971271176400898
2025-03,2970,600481,47,0.22274143302180682,0.6134252072123014,0.5942688476202194
2025-03,2970,300242,36,0.2699490662139219,0.6267578000234642,0.49114521841794545
2025-03,2970,300788,32,0.21806054386865048,0.5003443741807722,0.5017837882684807
2025-03,2970,002181,24,0.16013071895424846,0.34127547184007,0.48672859986728606
2025-03,2970,300792,24,0.15943526170798894,0.4311530818380245,0.5086705202312138
2025-03,2970,300793,22,0.2373107747105967,0.7172275528315806,0.6524122807017545
2025-03,2970,603598,23,0.15841584158415833,0.32546131767832,0.4121507260147877
2025-03,2970,002741,30,0.2666354264292409,0.5690215692107023,0.5483230361871135
2025-03,2970,002187,21,0.22634730538922154,0.6146616822828396,0.4918755973825451
2025-03,2970,601360,34,0.256006006006006,0.5083307266962683,0.3877298655710239
2025-03,2970,600503,30,0.19543973941368065,0.6549809228531337,0.5191480647143144
2025-03,2970,300805,26,0.1887881286067602,0.37239332148767723,0.425412776003753
2025-03,2970,300811,40,0.18788475744890432,0.6651153675570263,0.6633429229865496
2025-03,2970,301399,28,0.23782234957020054,0.4686481185943677,0.5867022243772346
2025-03,2970,688249,41,0.14245810055865926,0.5629956626793531,0.5882729542606804
2025-03,2970,600520,57,0.29032258064516125,0.4081488098085157,0.3811005682054986
2025-03,2970,300822,25,0.18726434855467122,0.24499275197937884,0.34872835075674846
2025-03,2970,300278,43,0.2819216182048041,0.6861659957682412,0.5478645066273937
2025-03,2970,603656,47,0.14504547630445197,0.5031443117985899,0.43754603809323395
2025-03,2970,002775,56,0.22058823529411764,0.6561165813912095,0.6883577486507326
2025-03,2970,000716,38,0.23856613102595792,0.44131575761087527,0.2982536927491055
2025-03,2970,600545,19,0.20000000000000007,0.3591886360133023,0.4264705882352944
2025-03,2970,300299,28,0.20839160839160842,0.5184618330843433,0.5577410141725495
2025-03,2970,603682,24,0.16457960644007152,0.42578155688273917,0.36616023609137643
2025-03,2970,002241,33,0.15834996673320023,0.6024184073849639,0.6751683329932668
2025-03,2970,600556,32,0.19805194805194803,0.5125626766244505,0.40141883823839264
2025-03,2970,601698,37,0.18296943231441043,0.49635037676617366,0.6377771379211052
2025-03,2970,601727,45,0.23235613463626492,0.5731137365871932,0.5305008307619269
2025-03,2970,002811,25,0.1987466427931961,0.7077209329762096,0.5152487961476725
2025-03,2970,600579,21,0.26789168278529973,0.6698663773130482,0.6971624266144817
2025-03,2970,002820,25,0.21875,0.5380933870905115,0.422854785478548
2025-03,2970,002269,30,0.2435897435897435,0.4330548650385373,0.3519833985154444
2025-03,2970,300333,21,0.2785849652558433,0.31057193358294916,0.3838831014039595
2025-03,2970,688320,20,0.2681467181467182,0.46666290411099465,0.4903563255966
2025-03,2970,000795,37,0.18799999999999994,0.6028147694871869,0.5524419535628499
2025-03,2970,002291,38,0.1963589076723018,0.6272427362938118,0.5280601322528984
2025-03,2970,301592,38,0.1771595900439239,0.4216033369992774,0.46743743232984447
2025-03,2970,002862,26,0.1960361912968548,0.4897901120612357,0.4343249568229899
2025-03,2970,002301,23,0.17291414752116074,0.3150545935991249,0.4994409243384271
2025-03,2970,600629,38,0.16073781291172595,0.40814881814550946,0.42413053240856236
2025-03,2970,688362,25,0.19912232583653322,0.715628728362699,0.6356903454528784
2025-03,2970,300377,29,0.29040697674418603,0.572226490534491,0.5413352937245204
2025-03,2970,002315,17,0.23243515487282795,0.712445782967352,0.4824953845805353
2025-03,2970,002878,27,0.21568627450980393,0.29501930478784183,0.3322492494804095
2025-03,2970,603859,36,0.21625689914701463,0.6939825051857648,0.504990806409246
2025-03,2970,600650,33,0.2003567181926279,0.5356378819893585,0.4456235912847483
2025-03,2970,600654,35,0.20959595959595967,0.5417880654737914,0.48020765736534726
2025-03,2970,603005,19,0.1893230599889929,0.4538045559020891,0.6638464041653103
2025-03,2970,300399,20,0.27084078711985693,0.5243250705558348,0.5594907199856543
2025-03,2970,002336,35,0.27824620573355807,0.5306655547469781,0.6820704267985066
2025-03,2970,300949,30,0.26552901023890785,0.41148155747198706,0.41447690486612765
2025-03,2970,603019,43,0.18346748434904814,0.5688597892778735,0.4236949396434568
2025-03,2970,002347,19,0.2655935613682092,0.5856098179589149,0.5468102734051368
2025-03,2970,002348,46,0.2705882352941176,0.6880944004852856,0.6878787878787879
2025-03,2970,002915,27,0.21643663739021324,0.46361606829719004,0.5832228744555953
2025-03,2970,002351,34,0.19053117782909934,0.5251457039929278,0.474499677211104
2025-03,2970,300959,30,0.2339681305868636,0.4039325176639002,0.4471382213234256
2025-03,2970,002362,26,0.21250914411119237,0.36790943662607445,0.5206836261110755
2025-03,2970,300968,42,0.25810872544540897,0.5477250972368833,0.3700594009683063
2025-03,2970,300969,29,0.20750139951483493,0.6047865540488243,0.559061277705345
2025-03,2970,600694,29,0.14672008012018023,0.4022938149984193,0.38004427038992
2025-03,2970,000938,23,0.1980048367593712,0.6580731605375083,0.6226767552880357
2025-03,2970,002945,39,0.15749855240301092,0.6668847612255957,0.5900535408732133
2025-03,2970,002949,26,0.21924290220820186,0.543034192288072,0.6519553368259514
2025-03,2970,002956,31,0.12841756420878214,0.5465899519535895,0.6002605471490131
2025-03,2970,002392,37,0.17045454545454553,0.39451459449440796,0.6675109886016543
2025-03,2970,300459,27,0.22550335570469804,0.6462855728510855,0.5568577763699717
2025-03,2970,301001,20,0.25567440647012774,0.2541126075753855,0.4019138755980864
2025-03,2970,300465,22,0.24004085801838604,0.3107415494810599,0.415971888044585
2025-03,2970,603082,20,0.20012981393336216,0.7246304500093494,0.6512992455993304
2025-03,2970,603988,31,0.2222222222222222,0.5309032077884525,0.5578745803722366
2025-03,2970,002400,25,0.20872274143302183,0.2978202731706767,0.385614834301113
2025-03,2970,603990,17,0.28481735159817356,0.7030380033183199,0.5104447439353099
2025-03,2970,002402,22,0.22351993556182026,0.6069665808554104,0.6300630063006294
2025-03,2970,301010,30,0.1710114702815433,0.40566338946807146,0.43898911507394445
2025-03,2970,301011,24,0.15275486638073243,0.3947834619358023,0.5118012422360252
2025-03,2970,300474,58,0.25955811719500477,0.6470924362976476,0.5393162640157205
2025-03,2970,000981,19,0.16393442622950816,0.467317532964685,0.409581730172521
2025-03,2970,603096,32,0.14457228614307138,0.4528016177875318,0.4872148541114063
2025-03,2970,605006,19,0.1107828655834564,0.43376405713731414,0.5759534583063998
2025-03,2970,600104,32,0.2036055143160127,0.4146070014911232,0.28902983998846743
2025-03,2970,300484,37,0.2706155632984901,0.6894287816738509,0.5073649754500823
2025-03,2970,603101,33,0.17350993377483437,0.5237059661744465,0.49604825291181354
2025-03,2970,300489,51,0.20300751879699241,0.4569157280517827,0.37472962723671993
2025-03,2970,300494,34,0.2799240025332489,0.7071062433458983,0.6392841376031513
2025-03,2970,003005,25,0.23547505126452495,0.5816190322428355,0.5116761805915928
2025-03,2970,001222,31,0.10847658565500895,0.5203965238153858,0.5865289091992851
2025-03,2970,600778,20,0.2638352638352638,0.6481886335190554,0.43889315910837823
2025-03,2970,001229,28,0.16597976770325962,0.3601624866437561,0.4167414963542974
2025-03,2970,002449,23,0.19647577092511015,0.27877728534522644,0.3508463656065133
2025-03,2970,600787,33,0.12995245641838338,0.2753587932931002,0.31748949579831903
2025-03,2970,605136,56,0.28872497365648053,0.7059537474694152,0.5963807185181231
2025-03,2970,001255,33,0.18966054188726256,0.2641202359143346,0.37981260499835456
2025-03,2970,301066,23,0.13414634146341464,0.25183876473577055,0.40359153857860314
2025-03,2970,600796,49,0.15458937198067635,0.6101936580689115,0.6546152615581509
2025-03,2970,301071,31,0.10971874129768866,0.6236587436293516,0.5975029726516052
2025-03,2970,688588,42,0.1937984496124031,0.708620147580482,0.5710516396532226
2025-03,2970,301077,43,0.1438041815400306,0.42507074923497906,0.5450096018217968
2025-03,2970,002467,26,0.23676880222841212,0.3678970233568118,0.3851975572837832
2025-03,2970,003040,38,0.19192587690271334,0.5314541021755931,0.48704547981763563
2025-03,2970,002470,68,0.2979591836734694,0.6965678745323086,0.6625641025641019
2025-03,2970,300540,54,0.18429003021148038,0.6818545556213312,0.5753684210526313
2025-03,2970,600172,22,0.1812499999999999,0.5748871081583136,0.5555555555555555
2025-03,2970,002474,21,0.27076222980659836,0.7232338993370865,0.6435643564356429
2025-03,2970,600182,31,0.12017434620174339,0.5305247917576399,0.6168931222860343
2025-03,2970,001308,36,0.15209580838323367,0.5569239847999746,0.490292282890587
2025-03,2970,001314,26,0.2159223950493393,0.6523627167703114,0.669795453312354
2025-03,2970,600191,19,0.12643678160919547,0.35783194848026567,0.4731285226641266
2025-04,2991,002497,60,0.25375375375375375,0.5354039488413691,0.7147330007989463
2025-04,2991,300017,28,0.32109375000000007,0.40406236411607327,0.6586397190568338
2025-04,2991,600208,91,0.24852071005917153,0.5644963807075567,0.6899970258748876
2025-04,2991,605378,23,0.3042220936957779,0.3205281672729491,0.6384742951907135
2025-04,2991,001360,231,0.3015576323987539,0.6596371411521497,0.6947435689020186
2025-04,2991,001366,221,0.30666666666666675,0.4439155141200078,0.48820699226302305
2025-04,2991,002518,22,0.26327944572748263,0.3213451411595848,0.671097134041417
2025-04,2991,000037,209,0.3399209486166007,0.32070303167008024,0.49721220427493606
2025-04,2991,605598,71,0.3270691723310677,0.676930141250504,0.6890454068634796
2025-04,2991,301165,27,0.2571580063626723,0.4931944649662372,0.604777244271561
2025-04,2991,688018,33,0.3211944646758922,0.5756974488230329,0.6194034478481955
2025-04,2991,300617,31,0.32377049180327855,0.44964373016216386,0.7181534955577339
2025-04,2991,688023,18,0.2244552967693464,0.5294650248273077,0.6675179763153497
2025-04,2991,603269,33,0.302547770700637,0.4623615845207726,0.7133058984910832
2025-04,2991,600272,33,0.27808814400993165,0.3843926026980579,0.5623017175363745
2025-04,2991,603278,20,0.28401191658391267,0.45384060709215,0.6915057915057917
2025-04,2991,688041,31,0.1934628975265018,0.5425321427214674,0.7104251186024072
2025-04,2991,002577,23,0.2961316140506891,0.24556847798561637,0.562462433962861
2025-04,2991,301202,24,0.3257372654155496,0.2995998846359687,0.7219463038940477
2025-04,2991,688766,35,0.3340103814037463,0.5629313140705681,0.6727251943301327
2025-04,2991,600963,102,0.34455128205128205,0.5785688713451004,0.5468180844225411
2025-04,2991,000503,87,0.31154684095860563,0.5308454909706807,0.6230757618039005
2025-04,2991,300121,74,0.34447674418604657,0.43845498438061753,0.7230524276314529
2025-04,2991,600984,68,0.2669902912621359,0.5603900598127375,0.6760864312149464
2025-04,2991,002069,67,0.21791767554479413,0.4861956680186108,0.6653440090696524
2025-04,2991,002617,31,0.3258426966292135,0.2726452239660413,0.5346815274426445
2025-04,2991,300135,67,0.3091684434968017,0.30668666130565353,0.33348314606741547
2025-04,2991,603339,72,0.3279766252739226,0.6519430875209227,0.6300108342361864
2025-04,2991,301252,24,0.3280616382806164,0.2780920832771734,0.6333938294010889
2025-04,2991,300145,29,0.337719298245614,0.44946817098389025,0.6488962402188435
2025-04,2991,000533,20,0.3433476394849786,0.32214600130992815,0.5225900478867377
2025-04,2991,000539,225,0.31596638655462184,0.44709150139037734,0.6554121151936443
2025-04,2991,300697,20,0.28712059064807216,0.5523020600728021,0.6271642939592152
2025-04,2991,600362,213,0.314690823158724,0.5388732686385242,0.5824684574684574
2025-04,2991,600383,99,0.29915966386554627,0.4630359145874753,0.5461306779765198
2025-04,2991,002112,18,0.2653766413268832,0.2564597744937846,0.6777777777777776
2025-04,2991,600389,201,0.3246359223300971,0.5680702013018474,0.6739242373890277
2025-04,2991,002116,244,0.33160621761658027,0.38470812426975265,0.5260719476744186
2025-04,2991,002117,20,0.3299565846599132,0.34787010839216426,0.5730258560447241
2025-04,2991,000573,17,0.20649651972157768,0.3827859930928933,0.5133989985142793
2025-04,2991,300201,59,0.3160377358490567,0.6327126006623932,0.6800601035116034
2025-04,2991,601155,116,0.34371257485029927,0.6251367631669803,0.7203589985829002
2025-04,2991,002692,17,0.2004132231404958,0.3850646520954695,0.6173255351073269
2025-04,2991,301325,22,0.3427222659323367,0.4694040481645834,0.692877343839401
2025-04,2991,601168,225,0.33333333333333326,0.6200766924908049,0.6222328564269322
2025-04,2991,603530,177,0.3450802512212142,0.5102075639158672,0.7181514729234858
2025-04,2991,601212,224,0.307909604519774,0.42368193734994275,0.5835097770581641
2025-04,2991,000630,221,0.3407407407407407,0.5366599908274098,0.545179895633068
2025-04,2991,002730,21,0.28944099378881993,0.24220381275190897,0.5074837119211127
2025-04,2991,002733,19,0.30163360560093344,0.31093800331759636,0.5295263371931253
2025-04,2991,300249,22,0.3255663430420712,0.3493260482466127,0.5622191294740085
2025-04,2991,300254,222,0.33393017009847803,0.6759833692177423,0.5756622166392149
2025-04,2991,601388,223,0.3443708609271523,0.5106019938018183,0.5979266938171047
2025-04,2991,601390,244,0.31462333825701627,0.6181620024522012,0.6507326767916471
2025-04,2991,603618,17,0.19440124416796267,0.4905182542770908,0.6229287489643747
2025-04,2991,603629,17,0.21753607103218642,0.5242021974666334,0.7137987905442551
2025-04,2991,603636,29,0.3262798634812287,0.33504892037410994,0.6437555163283321
2025-04,2991,000702,75,0.30904817861339595,0.5446600743417104,0.6469295410471884
2025-04,2991,600531,213,0.3424124513618677,0.4357166932668678,0.6143724696356274
2025-04,2991,603659,100,0.3015399900645802,0.6402707575158026,0.7217975822626986
2025-04,2991,002230,59,0.3060395872102859,0.6270680767380894,0.5064954021310756
2025-04,2991,300838,16,0.09468969929622528,0.5003307612984402,0.7209106239460367
2025-04,2991,002245,18,0.2625523012552302,0.3207333669246506,0.700123915737299
2025-04,2991,000759,31,0.332355816226784,0.6205489991888632,0.6542634699026421
2025-04,2991,688300,60,0.3021427167289168,0.6724859482022816,0.6894547389946355
2025-04,2991,601869,29,0.24926134837496638,0.42557232612622325,0.6666047289450455
2025-04,2991,000799,100,0.3276734693877551,0.5748725206662623,0.5867917126618195
2025-04,2991,002281,33,0.30564656003083446,0.32932791360964847,0.5698612977199489
2025-04,2991,688327,27,0.34324942791762014,0.4402699571755963,0.6173218673218673
2025-04,2991,603777,26,0.2901044867854947,0.49706960339697726,0.6161931902221608
2025-04,2991,000811,36,0.29186602870813394,0.38492417745629354,0.6384283269039159
2025-04,2991,603787,220,0.34138486312399363,0.5574138936573368,0.657743385966747
2025-04,2991,688343,28,0.3291234400841979,0.4161221070104765,0.6264386361191786
2025-04,2991,301596,18,0.31419268906319364,0.4626072043833,0.7162706912270292
2025-04,2991,601919,179,0.33653846153846156,0.5445963411680403,0.6473471035351704
2025-04,2991,301600,26,0.31291812679197206,0.6003869540863426,0.7262575427526978
2025-04,2991,600618,60,0.28954423592493295,0.6285209497320581,0.6263482280431435
2025-04,2991,603798,230,0.3144016227180527,0.3334194482252045,0.522537384918312
2025-04,2991,300913,30,0.33065774804905246,0.2402928156492051,0.4229096181730308
2025-04,2991,002879,25,0.2666666666666667,0.3047839664611313,0.5770889918517336
2025-04,2991,600641,96,0.25994236311239205,0.5682927384278256,0.4001576976148231
2025-04,2991,300383,23,0.2709302325581395,0.4548535375655463,0.710061863173217
2025-04,2991,000878,214,0.31689189189189193,0.46962171207884035,0.5899671334317427
2025-04,2991,000882,37,0.33217993079584784,0.4580346621270306,0.6261310170104957
2025-04,2991,000886,66,0.3412797992471769,0.667161991345363,0.7191160487863786
2025-04,2991,002340,213,0.3058823529411766,0.587023360858824,0.7088290797533627
2025-04,2991,600673,35,0.23015873015873012,0.4442525759321184,0.5071410674016539
2025-04,2991,002350,76,0.293222683264177,0.6723433946568331,0.7013012048192769
2025-04,2991,002358,24,0.30182421227197354,0.4457260635271105,0.7006590357266738
2025-04,2991,002361,19,0.3057142857142857,0.40931941958345053,0.6498875752520492
2025-04,2991,002364,17,0.2287491361437457,0.31527872247939864,0.5260838512620238
2025-04,2991,600050,38,0.2484375000000001,0.6003323578128832,0.5641272902603666
2025-04,2991,688449,29,0.3090470893585464,0.386020337536445,0.43425374042087367
2025-04,2991,600698,18,0.19512195121951226,0.4351561077224759,0.6703358735534857
2025-04,2991,603068,18,0.2931222707423581,0.34066210114111345,0.6813542776002838
2025-04,2991,002390,65,0.29698375870069604,0.6693443376520798,0.6243594797004338
2025-04,2991,002396,30,0.29370629370629375,0.39776101567280625,0.6847172927574937
2025-04,2991,603986,28,0.2559703748488512,0.4927012133376744,0.713601706211677
2025-04,2991,000973,69,0.322237017310253,0.5520974464138543,0.6317930079612323
2025-04,2991,688515,34,0.3095512082853855,0.5268567648794488,0.7090499130536069
2025-04,2991,000977,29,0.309511910711311,0.3890191741604058,0.614345593010213
2025-04,2991,300473,26,0.25879139638101734,0.5667057478328988,0.5414648611248394
2025-04,2991,002980,231,0.34520417853751184,0.39435460794309457,0.5747750192194636
2025-04,2991,000988,37,0.31899109792284863,0.5387952347392992,0.7150076525455541
2025-04,2991,301018,23,0.327562326869806,0.5238259086737449,0.6670577549012187
2025-04,2991,605066,17,0.18435754189944142,0.4730783447852437,0.6627588441485758
2025-04,2991,600769,94,0.3373015873015873,0.46187020966824155,0.5539236256819138
2025-04,2991,003008,160,0.2805719921104537,0.4781095874977588,0.7276181495451519
2025-04,2991,300506,80,0.32155477031802127,0.4438842397925807,0.5886736214605065
2025-04,2991,688568,59,0.30293913445961584,0.6802731417142643,0.6934822783633943
2025-04,2991,603132,197,0.32056737588652484,0.5583380871269985,0.5422647527910687
2025-04,2991,002456,101,0.29915088177661664,0.46429062610773025,0.5867441708004631
2025-04,2991,003041,40,0.20270270270270263,0.5127455299459219,0.6771774727536283
2025-04,2991,200771,55,0.12231559290382821,0.44270635548038095,0.568776150627615
2025-04,2991,002484,25,0.30514018691588785,0.3560918947188139,0.5531855955678672
2025-05,3010,300580,38,0.3031536113936927,0.5480244389229172,0.6496149100223501
2025-05,3010,605398,21,0.15308335915711202,0.5050175342828128,0.5611708405759781
2025-05,3010,301128,17,0.18447348193697166,0.530991936742153,0.4136657433056327
2025-05,3010,002517,24,0.12211981566820274,0.6091574359861645,0.6136363636363639
2025-05,3010,688661,18,0.1320437342304458,0.4709369028802398,0.4594428871758938
2025-05,3010,600861,22,0.12567501227295053,0.5962787383748669,0.5884454808741119
2025-05,3010,000032,16,0.18884664131812434,0.304476414823976,0.4108951829646473
2025-05,3010,000034,19,0.14967532467532463,0.5094248502514956,0.5278901988386412
2025-05,3010,600868,27,0.1406727828746177,0.5371527006922578,0.44818817546090256
2025-05,3010,300042,16,0.1607211354046798,0.4055247322003864,0.44619807556911545
2025-05,3010,688690,17,0.11769796624837725,0.6133197026122361,0.4676923076923072
2025-05,3010,688017,32,0.2423381770145311,0.44411027461000274,0.4351263601263603
2025-05,3010,002552,70,0.2956298200514138,0.42818576569607414,0.6353698336262182
2025-05,3010,688709,19,0.14522471910112367,0.43140595251389324,0.47709762086190827
2025-05,3010,688039,19,0.14130434782608703,0.3357755544896638,0.49384615384615344
2025-05,3010,688048,17,0.1845669291338583,0.5143692446745065,0.49174304830413396
2025-05,3010,300638,26,0.22270596115204278,0.4721736566779221,0.5116329502153104
2025-05,3010,000409,24,0.09924306139613115,0.5247325630052663,0.5433994197292069
2025-05,3010,688065,23,0.1345496009122007,0.5500482973692887,0.5680862730762192
2025-05,3010,301208,23,0.17376681614349776,0.579956313131942,0.6129627840293321
2025-05,3010,300657,18,0.15466666666666673,0.41720767839332124,0.39537427723081703
2025-05,3010,603315,16,0.14540270848182457,0.5198569562368223,0.4842715231788082
2025-05,3010,002599,33,0.19698492462311545,0.5444994756141284,0.5743594003073218
2025-05,3010,688078,30,0.10687960687960696,0.31713447099816927,0.4806953339432756
2025-05,3010,300113,24,0.12372188139059292,0.34791707048104614,0.4718563618290256
2025-05,3010,300115,34,0.27128116938950997,0.4897514889623596,0.586239967044921
2025-05,3010,600979,16,0.1322033898305085,0.41271482067587795,0.5055771096023282
2025-05,3010,002065,16,0.17889908256880738,0.40225769838812475,0.3246753246753246
2025-05,3010,300674,24,0.17164476304261245,0.5466986059853037,0.5350383908294584
2025-05,3010,600986,21,0.23001095290251916,0.5524201626311477,0.6028257456828893
2025-05,3010,300681,24,0.2221290863369656,0.5685188782209639,0.5628576654733599
2025-05,3010,000526,19,0.12185314685314697,0.5124830776905422,0.42937514064961446
2025-05,3010,002629,22,0.16245487364620947,0.517800122329943,0.6414974619289342
2025-05,3010,603360,27,0.12380497131931179,0.5369100581900396,0.5597032445884396
2025-05,3010,300170,22,0.16609336609336622,0.41966593614337916,0.3668707770270269
2025-05,3010,002110,21,0.13075060532687655,0.48045864664728066,0.5382775119617226
2025-05,3010,300718,17,0.17432742188442518,0.44961170128795824,0.29845559006885747
2025-05,3010,688138,31,0.1559601511508073,0.5616335692282409,0.618570183086312
2025-05,3010,301291,59,0.31506849315068486,0.6124148366803682,0.648445062923524
2025-05,3010,688147,18,0.11772033634381818,0.5353642676427548,0.6030944111146193
2025-05,3010,688152,31,0.18966565349544073,0.42445086139063876,0.5603338646988231
2025-05,3010,601100,27,0.17669830169830159,0.5341879466981916,0.6304594162941548
2025-05,3010,688158,18,0.18388865457612813,0.3755294482892187,0.34668508287292804
2025-05,3010,603501,19,0.09242835153558615,0.46387392512520076,0.5732518168734319
2025-05,3010,300206,69,0.31976313841598814,0.3938591986368432,0.5947580066887329
2025-05,3010,603511,29,0.1408647140864714,0.5481548495065336,0.6236686580072718
2025-05,3010,300766,18,0.18114381430964344,0.5407314656800829,0.3228895357744753
2025-05,3010,688213,18,0.15919523390956147,0.4913693909728091,0.5181469460017706
2025-05,3010,301368,19,0.2119908589864229,0.465728706050097,0.40512380967358963
2025-05,3010,300244,17,0.14084507042253513,0.4446670389831904,0.5541615816451059
2025-05,3010,300790,39,0.3119369369369369,0.387474461957319,0.5996740078086504
2025-05,3010,603596,19,0.12090313182811352,0.5533537938121703,0.6471799746514576
2025-05,3010,300795,50,0.3133408071748879,0.29895629998561296,0.6405231990307466
2025-05,3010,688225,21,0.19755686604886258,0.5342759609343739,0.5675600482240559
2025-05,3010,002187,61,0.3178654292343387,0.6041241431752786,0.5502567865003666
2025-05,3010,600498,36,0.17270693512304258,0.39694478241524156,0.6376340759075907
2025-05,3010,300251,16,0.09496021220159168,0.27575931646210905,0.2415187929965459
2025-05,3010,301382,16,0.2024539877300613,0.4946078942050723,0.3498187174257875
2025-05,3010,688229,19,0.1589771101573677,0.6099429516117779,0.52740848661446
2025-05,3010,300253,17,0.12674743709226477,0.30914578686089905,0.34008581977846497
2025-05,3010,000679,33,0.1701244813278009,0.4576687207953191,0.4560821193681233
2025-05,3010,603612,21,0.10333145115753817,0.45029071793397046,0.3805970149253729
2025-05,3010,002757,22,0.19761336515513128,0.5005180132432813,0.597866059464197
2025-05,3010,688244,16,0.1703703703703704,0.5291030130286608,0.5105182144689585
2025-05,3010,688246,23,0.18091809180918084,0.6001658871903478,0.5793889758721745
2025-05,3010,301413,19,0.24920255183413076,0.4883083094885709,0.4637830000604117
2025-05,3010,002212,27,0.11254851228978013,0.3199555192759084,0.46233559186927026
2025-05,3010,688255,33,0.2742017232640649,0.46671939179073135,0.5338088206614103
2025-05,3010,688256,17,0.21419813880570016,0.5569730337562373,0.5019363498112903
2025-05,3010,300276,33,0.16890881913303446,0.3954774202888441,0.4715174724748684
2025-05,3010,688258,16,0.1885913853317811,0.5469878048097883,0.513897331049345
2025-05,3010,300287,20,0.1825657894736843,0.3902711106870169,0.43323139653414894
2025-05,3010,601616,43,0.3121149897330595,0.40892062043276334,0.5950165921776993
2025-05,3010,603667,32,0.28165434380776344,0.48690992569202746,0.5964235359282946
2025-05,3010,688279,24,0.22280503550677855,0.5603752993049925,0.554225509106241
2025-05,3010,300846,17,0.21076233183856496,0.4345104320393649,0.3638317095206699
2025-05,3010,301510,19,0.19754098360655736,0.4408311136337182,0.4140981887004705
2025-05,3010,601777,16,0.14436248682824038,0.4721306171526982,0.58273381294964
2025-05,3010,601789,19,0.13864818024263426,0.445743165831286,0.5174058178350025
2025-05,3010,688306,31,0.24603836530442047,0.4982998841226126,0.5371985729495486
2025-05,3010,600580,29,0.18190004502476353,0.40472759657069457,0.4729166666666668
2025-05,3010,000779,20,0.09118541033434635,0.599367347122977,0.40163376446562343
2025-05,3010,600588,19,0.15481727574750825,0.32039008419826875,0.41748570407433877
2025-05,3010,688316,18,0.22539682539682548,0.544140300775328,0.39731329690346073
2025-05,3010,600595,18,0.125,0.5585927319269068,0.5938037865748712
2025-05,3010,688322,24,0.19756173804313837,0.6195529287402077,0.4273093557091633
2025-05,3010,002282,70,0.28245192307692313,0.47111358252690755,0.6060470023119567
2025-05,3010,000816,33,0.19512195121951215,0.4450755928162627,0.47797563261480835
2025-05,3010,000818,18,0.15773353751914243,0.5155437089128202,0.4697458735087432
2025-05,3010,600633,18,0.13040396881644223,0.3528955808133162,0.4627659574468087
2025-05,3010,300378,21,0.15191815856777502,0.3907951511062485,0.4124184506441982
2025-05,3010,000856,24,0.2387459807073954,0.45033512229146155,0.5153362545246715
2025-05,3010,688369,19,0.1797395998729756,0.4526404210196527,0.47640819312362853
2025-05,3010,002881,20,0.18557874762808346,0.5299131784830643,0.3846889952153117
2025-05,3010,002334,43,0.2774049217002237,0.36306246646359364,0.6167587136326398
2025-05,3010,603887,17,0.1435137895812053,0.33374852105541375,0.4620900278847432
2025-05,3010,603893,26,0.1838036668774068,0.5082824491864606,0.4292034688937689
2025-05,3010,688401,16,0.12253765932792593,0.4629224743598564,0.5057347394349934
2025-05,3010,002917,32,0.20170827858081475,0.4110978915179388,0.4549983042224864
2025-05,3010,002918,88,0.2690114068441064,0.5890773081679505,0.5025868440502588
2025-05,3010,600031,17,0.08790072388831438,0.5605831957066059,0.6128311522502413
2025-05,3010,603915,30,0.20626780626780628,0.46171193071439304,0.646961242648168
2025-05,3010,603039,20,0.19864260883959606,0.4327889122065122,0.41856392294220673
2025-05,3010,603928,26,0.09782608695652173,0.4994211953092069,0.5349531734756008
2025-05,3010,002369,16,0.15276381909547732,0.4081128124590225,0.40965544871794846
2025-05,3010,000932,21,0.09896907216494832,0.47099944037078695,0.5731593662628148
2025-05,3010,300442,46,0.3162918621582269,0.4267126820853641,0.5503633678703648
2025-05,3010,000938,63,0.31741233373639666,0.47104270327807646,0.6227008433636751
2025-05,3010,688475,26,0.14404202377661046,0.42585225118475123,0.5193326562429249
2025-05,3010,002380,20,0.10575427682737171,0.4786579050621254,0.4747357702166511
2025-05,3010,603956,34,0.25584594222833557,0.47180858553747423,0.4442655483581081
2025-05,3010,600710,51,0.31672932330827075,0.6085385499159,0.6449000370233248
2025-05,3010,603063,33,0.20925434718538172,0.5168801323657524,0.6250946383095882
2025-05,3010,600714,38,0.2302158273381294,0.37269087033669623,0.6068332483426823
2025-05,3010,300451,17,0.1338842975206611,0.3923253703524839,0.46024171609508074
2025-05,3010,300996,23,0.174468085106383,0.4025667723850827,0.48596587782058354
2025-05,3010,300458,26,0.14220705346985196,0.4538635097950745,0.44710689280926125
2025-05,3010,002410,19,0.11925383077948026,0.48847692925733116,0.4783194182601671
2025-05,3010,605028,87,0.25739810161920706,0.46820371113421355,0.631192844940207
2025-05,3010,600120,20,0.1314102564102565,0.34998997852615743,0.44101633393829426
2025-05,3010,688561,21,0.12317518248175197,0.4178459387051603,0.4701277771382523
2025-05,3010,300515,27,0.18149882903981251,0.4232947695828442,0.5866027752820204
2025-05,3010,600143,31,0.11555959963603268,0.4199778606728589,0.5604499864461918
2025-05,3010,688590,21,0.16645216645216643,0.4284632848242851,0.6116276152377236
2025-05,3010,300539,30,0.18041582830315217,0.4300534271297653,0.5178484897431753
2025-05,3010,603171,18,0.181330028913672,0.5010918139359333,0.4885957006564739
2025-05,3010,300547,26,0.18885542168674707,0.4718059791614306,0.5130731804378412
2025-05,3010,605277,66,0.31066666666666665,0.47257484029397134,0.6387981953179483
2025-05,3010,600186,18,0.1293103448275863,0.3350057164788877,0.314091680814941
2025-05,3010,688620,28,0.1461538461538462,0.3477898480431539,0.4308008393075713
2025-06,3030,300007,29,0.19395828338527943,0.53756272888394,0.5250775853438782
2025-06,3030,600835,30,0.20442708333333337,0.5022197227424291,0.5279785909420365
2025-06,3030,688629,32,0.2015777106411547,0.47429632794622467,0.5275744994982019
2025-06,3030,300571,39,0.203626220362622,0.5721119706877781,0.4483151071304864
2025-06,3030,001333,33,0.1298458664175619,0.3753253622930693,0.36476523088863017
2025-06,3030,001339,35,0.2137706443358922,0.41858596981038904,0.3865609961531072
2025-06,3030,600215,48,0.2835671342685371,0.5539022314049037,0.5302004852509254
2025-06,3030,300031,32,0.19886161508360012,0.4095095233954636,0.4096460142015889
2025-06,3030,600860,36,0.1922503725782414,0.4880411458833935,0.45220803275492283
2025-06,3030,300593,29,0.17096999302163285,0.4617219558141393,0.4250818638517707
2025-06,3030,300605,35,0.24171993027309702,0.5963222923652391,0.5039920406678314
2025-06,3030,301160,29,0.21021699819168183,0.5998202742698292,0.42072693383038223
2025-06,3030,002541,32,0.20975114271203654,0.59411118590894,0.5621114369501466
2025-06,3030,300611,19,0.15575807787903895,0.3516549502799244,0.37032552097667293
2025-06,3030,603267,24,0.12958192985932238,0.4825419464583563,0.46094319519991006
2025-06,3030,603270,36,0.20136396267049528,0.5373796113126837,0.48917568692756075
2025-06,3030,000158,38,0.23630907726931738,0.5563566684583638,0.4141145739506394
2025-06,3030,688041,70,0.1934628975265018,0.5226966907808196,0.5814674836320599
2025-06,3030,300083,27,0.12295081967213106,0.2554493708380721,0.32858008740868333
2025-06,3030,002571,21,0.11556982343499211,0.5272732024941905,0.5011669328092374
2025-06,3030,603286,29,0.2953367875647669,0.5810045166451114,0.47855722806021056
2025-06,3030,002031,35,0.24671385237613752,0.30699250112243237,0.3723208580998664
2025-06,3030,002575,29,0.27748226950354604,0.4756023627034483,0.4845309489272343
2025-06,3030,603300,30,0.1987632508833922,0.5377435952130549,0.5703376205787781
2025-06,3030,002582,23,0.17041198501872667,0.3060772892973252,0.3977637246815141
2025-06,3030,002042,39,0.3124018838304553,0.545033243693581,0.43642002658396106
2025-06,3030,002044,50,0.17697594501718217,0.4550719773307478,0.5746130030959751
2025-06,3030,600828,23,0.13603818615751795,0.465765973512166,0.43222003929273073
2025-06,3030,688071,52,0.2868421052631579,0.5995255459987151,0.6022161554520635
2025-06,3030,600969,27,0.17799752781211364,0.519849798393509,0.4106921579040526
2025-06,3030,300662,28,0.22377840024898854,0.5691516919986466,0.5647733609495738
2025-06,3030,603319,33,0.17246324847615646,0.4701310608583831,0.50814332247557
2025-06,3030,603325,35,0.08819680711855526,0.5136299569746651,0.5918399179980844
2025-06,3030,300126,32,0.14814814814814803,0.4279594735999605,0.396825396825397
2025-06,3030,301231,17,0.12196110210696909,0.5232349075404439,0.4630935590032908
2025-06,3030,300680,29,0.2640692640692641,0.5037083749776903,0.44971810672610457
2025-06,3030,688099,75,0.30020823692734844,0.5052263809944466,0.5710788982051459
2025-06,3030,301255,30,0.2249858677218768,0.44003575613204504,0.3698488013390697
2025-06,3030,300687,32,0.2120129870129871,0.29725395709101965,0.479130571743582
2025-06,3030,688110,28,0.21071138761157693,0.5987090282340825,0.5585865855640424
2025-06,3030,002631,48,0.1626984126984128,0.58706887596408,0.5791385573430204
2025-06,3030,301261,25,0.24737631184407805,0.4586877972722832,0.2788034356797314
2025-06,3030,688114,32,0.2820809248554913,0.5275518026360745,0.41639965102645854
2025-06,3030,601020,30,0.12242686890574217,0.37463035326669647,0.45551894563426715
2025-06,3030,301280,30,0.13407258064516137,0.48461312575377213,0.3595909963840205
2025-06,3030,300715,31,0.11931818181818177,0.41531345273823944,0.48095552385616047
2025-06,3030,300721,21,0.17552238805970144,0.3943444643709193,0.37212719068107875
2025-06,3030,300726,32,0.13298743855816486,0.5253080579657419,0.46572022160664767
2025-06,3030,300727,31,0.17121671722278398,0.5756099766394547,0.4892808303991556
2025-06,3030,002126,38,0.18990469466996118,0.58075400049153,0.4307582896257446
2025-06,3030,688160,31,0.20892639284261894,0.5180012603218809,0.4795238144149881
2025-06,3030,301307,32,0.20323741007194251,0.5279410292680631,0.5199414150518255
2025-06,3030,300738,28,0.16994961062757663,0.38205893318781914,0.4216345265670965
2025-06,3030,601116,47,0.2124513618677043,0.5686322951084528,0.5184725633688688
2025-06,3030,688168,34,0.19826737546761175,0.39572778973017575,0.54211684209984
2025-06,3030,300200,17,0.1446360153256705,0.41067648594048417,0.5606595995288578
2025-06,3030,002695,36,0.16868592730661702,0.4966527397710191,0.424991175432403
2025-06,3030,688182,25,0.1588471849865951,0.40358696201774047,0.5790926833912502
2025-06,3030,601177,29,0.22481389578163768,0.4002968461614831,0.4396953506877346
2025-06,3030,300221,28,0.1571582346609256,0.5855256549731126,0.48677248677248636
2025-06,3030,688200,44,0.1764985727878211,0.5940083678640474,0.5941899122123524
2025-06,3030,600467,109,0.25270758122743686,0.5774784360551469,0.5166586190246256
2025-06,3030,300233,16,0.1825703254274682,0.4922738010552503,0.5716353111432705
2025-06,3030,002170,22,0.10111223458038421,0.5373505429631822,0.6053077357425188
2025-06,3030,600480,38,0.22839969947407968,0.5934567842628444,0.5129857056573386
2025-06,3030,603583,31,0.18315109343936387,0.39764519688502437,0.4220290037039363
2025-06,3030,688220,30,0.2196969696969696,0.4804050899812142,0.4111187847386626
2025-06,3030,300248,32,0.17159763313609477,0.6039515514044388,0.5609492988133766
2025-06,3030,300797,32,0.12258953168044073,0.46502617951154424,0.5431968385909928
2025-06,3030,688227,40,0.29711975745325914,0.601518528300914,0.5774465840147718
2025-06,3030,688228,39,0.24421768707482994,0.4439973843601667,0.39841839968609477
2025-06,3030,603609,24,0.09734513274336276,0.5081758537999692,0.478142076502731
2025-06,3030,002195,34,0.15270935960591125,0.4242165045864098,0.5588260028593054
2025-06,3030,002196,17,0.1248677248677248,0.41464463357118797,0.4437281999205263
2025-06,3030,300809,30,0.2754227472782025,0.5457801493988022,0.38537639645672916
2025-06,3030,002201,27,0.15351506456241026,0.49684250571329935,0.5411255411255412
2025-06,3030,002204,20,0.11221122112211213,0.40213527249362224,0.44720496894409945
2025-06,3030,301397,37,0.12224264705882348,0.5471178641608917,0.555525678945953
2025-06,3030,002760,29,0.14117647058823524,0.43778578661543943,0.49758701374670994
2025-06,3030,002765,25,0.2053401144310235,0.35029066321365343,0.4435374149659863
2025-06,3030,300817,28,0.24784172661870507,0.3574345809911862,0.3618195376584639
2025-06,3030,300819,18,0.1765199161425577,0.41234796826581593,0.4305535688742668
2025-06,3030,603638,58,0.2844483828090386,0.5765985005499008,0.601786243944238
2025-06,3030,603666,35,0.15740501421555952,0.5434867378068451,0.5997763991494397
2025-06,3030,002791,47,0.22171774498675745,0.5170588944968507,0.5067808708065664
2025-06,3030,688288,16,0.12398834574295892,0.37579134091476984,0.44238107351818917
2025-06,3030,002801,29,0.2503321817698645,0.5718263509294276,0.4314363143631436
2025-06,3030,000753,19,0.1238273921200751,0.25984459881645716,0.39824945295404784
2025-06,3030,301525,30,0.19659239842726084,0.5040288420634329,0.44518749119233414
2025-06,3030,600575,24,0.10192837465564741,0.390272945465792,0.3877790834312578
2025-06,3030,603708,115,0.268373245251858,0.5766054442089001,0.5837103033364713
2025-06,3030,002261,34,0.18285714285714283,0.38303675879461524,0.48919083265186286
2025-06,3030,300328,25,0.15136054421768708,0.4841361373080534,0.5220544406914366
2025-06,3030,300873,31,0.15803108808290156,0.4232585202480466,0.42224316682375107
2025-06,3030,603728,56,0.2838633686690224,0.5774540191874297,0.5267690736101981
2025-06,3030,002276,23,0.1711652402896643,0.32795697090964154,0.45199144746656067
2025-06,3030,603757,27,0.14656922452293952,0.48976928102413464,0.59115730139158
2025-06,3030,300885,30,0.17655268667131885,0.4246332069703635,0.4815005516734094
2025-06,3030,600602,32,0.19754170324846354,0.22256795030733562,0.31475752097248766
2025-06,3030,300895,32,0.19809448193727675,0.4558065892555714,0.4070276287348266
2025-06,3030,002852,16,0.13803088803088803,0.559398264283374,0.5405069582504992
2025-06,3030,000815,32,0.1876317638791286,0.5488192451648599,0.5435540069686408
2025-06,3030,300898,27,0.21868026777175642,0.4933381844501891,0.5384489032649348
2025-06,3030,301603,29,0.16508674655696653,0.47437918821066855,0.4955658504301791
2025-06,3030,603813,29,0.11632653061224485,0.2923497229301934,0.42339916217833634
2025-06,3030,000837,30,0.2231638418079096,0.40967114808650773,0.3631813287547653
2025-06,3030,603819,30,0.1910183428209995,0.4855325655472882,0.49407827827171025
2025-06,3030,688381,34,0.14017467248908289,0.4608612030741858,0.5094394236644904
2025-06,3030,002896,31,0.22246924559063286,0.41480697672611233,0.313486590038314
2025-06,3030,002335,32,0.17085751128304327,0.49987885701145995,0.5682743501409334
2025-06,3030,000887,34,0.199191102123357,0.41934479499259764,0.3883816816374614
2025-06,3030,603881,34,0.19276595744680858,0.28355538894520743,0.32381524897304864
2025-06,3030,300403,30,0.20214030915576697,0.3346532865887686,0.37838739101011193
2025-06,3030,002903,29,0.1685701233439928,0.33746605467739965,0.40396946564885516
2025-06,3030,688393,32,0.24666469018677728,0.4464267992547768,0.48616556513946435
2025-06,3030,688395,20,0.12900540990428633,0.42050675100029244,0.4164077066500944
2025-06,3030,603019,103,0.2570588986840424,0.4238864979333476,0.3984559688452885
2025-06,3030,688400,52,0.22937817258883253,0.5524268196076427,0.5028028536072127
2025-06,3030,002910,43,0.15767634854771795,0.5275594114326303,0.49190308048216264
2025-06,3030,300416,28,0.1469225678358702,0.4320325534261207,0.5614128152421367
2025-06,3030,603029,98,0.22534491568727644,0.5668808178239098,0.569043869064936
2025-06,3030,300421,29,0.21366024518388782,0.3155767958656771,0.35923374088972093
2025-06,3030,002361,28,0.15875370919881304,0.38949207137678865,0.48075043971076786
2025-06,3030,002929,35,0.20664686223542528,0.5732790840402855,0.591675092686215
2025-06,3030,688439,41,0.18203573707721754,0.5466769624940656,0.5445457807297883
2025-06,3030,600693,29,0.1832844574780058,0.3175149255332873,0.3778662934653891
2025-06,3030,600694,89,0.2575250836120402,0.3962578806552366,0.5801254764306016
2025-06,3030,603931,27,0.15771109560362873,0.4855075417157538,0.5182736203780628
2025-06,3030,000949,108,0.29058116232464937,0.45075900052843904,0.5930614158462258
2025-06,3030,603062,20,0.1462777535916413,0.5046048971762731,0.5477055378456527
2025-06,3030,300454,34,0.15247700978938006,0.37661281583866807,0.44937595665960983
2025-06,3030,688507,39,0.18952829050548914,0.45098593073874993,0.46957690476857145
2025-06,3030,600081,18,0.18598382749326148,0.4827669495204971,0.4005163890550715
2025-06,3030,603985,21,0.1513002364066195,0.4023613474882423,0.48322614288197463
2025-06,3030,301013,25,0.2213967310549777,0.41908740950535944,0.4455380577427819
2025-06,3030,688521,25,0.1724489795918368,0.5192237874450036,0.6046909117137284
2025-06,3030,002979,31,0.21086200231928887,0.38464240511639475,0.4261851564756127
2025-06,3030,600101,22,0.12129629629629635,0.3129125633882377,0.3595104538500769
2025-06,3030,000993,26,0.15586854460093902,0.466492763445452,0.42073628850488354
2025-06,3030,605011,42,0.1859024012393493,0.5103475178056271,0.4931403665009787
2025-06,3030,688536,17,0.1831362787803359,0.5969565412633845,0.4730598569229375
2025-06,3030,300488,52,0.21216216216216222,0.596804554953723,0.46702780787287834
2025-06,3030,301032,25,0.18639262934089296,0.3548659143683645,0.42824649010431637
2025-06,3030,603110,39,0.23493360572012245,0.5936063417368763,0.3693037974683543
2025-06,3030,605068,16,0.13843648208469073,0.371807989151268,0.5695425237949028
2025-06,3030,002434,30,0.17215189873417724,0.4676392434226408,0.5162923822104796
2025-06,3030,300503,57,0.30604982206405684,0.37525371691539405,0.5711503047739526
2025-06,3030,600126,34,0.25402504472271914,0.329044567541372,0.2866652746901828
2025-06,3030,600778,80,0.30244530244530243,0.5797037493588842,0.44331283627978485
2025-06,3030,605100,26,0.1527061855670102,0.3858872213440453,0.4198800342759216
2025-06,3030,600785,47,0.17714884696016764,0.5419650045115469,0.6031746031746039
2025-06,3030,001256,24,0.1220698805838124,0.4551295342505411,0.3832320162107398
2025-06,3030,301066,19,0.20403587443946192,0.5525641637669972,0.5198143758555067
2025-06,3030,003030,18,0.13865336658354122,0.3279793587875282,0.45451660001269484
2025-06,3030,600797,33,0.2198198198198198,0.3029651377587514,0.35807393912742996
2025-06,3030,003033,21,0.13377630121816164,0.35788393644701905,0.39037814697788237
2025-06,3030,605179,47,0.29597915115413254,0.5385759140253985,0.49664734628935076
2025-06,3030,002469,27,0.18796992481203012,0.42935169569531906,0.46294075317822014
2025-06,3030,688598,33,0.1917808219178081,0.46797552024996963,0.5525148729042726
2025-06,3030,001286,208,0.2822141560798548,0.6031961009750264,0.4921652421652424
2025-06,3030,605208,23,0.12275449101796398,0.3852414131327929,0.5729820158929315
2025-06,3030,600173,33,0.17787742899850523,0.3253039312461611,0.47211050883021494
2025-06,3030,001306,30,0.18983291859225027,0.42271050825004886,0.4031373647069805
2025-06,3030,301099,44,0.24240583232077761,0.5940105156984617,0.5387653663515735
2025-06,3030,300005,23,0.17177914110429449,0.5473478340260274,0.35914057190652987
2025-07,3053,601008,20,0.13244047619047616,0.2184436040898061,0.27794381350866665
2025-07,3053,001323,138,0.2681378476420797,0.5710166466623422,0.5451683807766413
2025-07,3053,001328,26,0.16527446300715998,0.5572434775065119,0.405615500638125
2025-07,3053,605337,35,0.10976532929598792,0.4155197799617669,0.39861319340329826
2025-07,3053,600363,44,0.1670484043365399,0.5872582091002556,0.4879207749711113
2025-07,3053,603677,36,0.17029791018230322,0.26361228073092635,0.31699989640526266
2025-07,3053,000017,38,0.16981132075471694,0.5247712524609884,0.401490947816827
2025-07,3053,001337,34,0.1449383638401195,0.5541182032286538,0.36112515085562197
2025-07,3053,601033,41,0.0907384230287861,0.5303670638313629,0.46649277688603513
2025-07,3053,002105,40,0.26352705410821653,0.43827804616087723,0.31751735402204984
2025-07,3053,603949,33,0.22075557578516147,0.3569648137556034,0.37986132047030435
2025-07,3053,002510,21,0.08119658119658113,0.537410042034699,0.3707224334600758
2025-07,3053,603693,29,0.20265151515151514,0.44658927013941935,0.2195791399817029
2025-07,3053,603696,19,0.13322368421052644,0.40363683051454774,0.2770385352352569
2025-07,3053,603697,20,0.14274981217129978,0.5082068447027772,0.41483979763912304
2025-07,3053,603958,42,0.21222493887530558,0.5102280639853022,0.35949670461354155
2025-07,3053,603967,36,0.11488250652741516,0.33829205756774505,0.348278175313059
2025-07,3053,000958,31,0.10320781032078108,0.3421547506768291,0.38745387453874564
2025-07,3053,301518,23,0.1353039134054954,0.44239052073864416,0.3396103189289211
2025-07,3053,002255,30,0.1613247863247863,0.3478846426398515,0.38076600503214963
2025-07,3053,601777,59,0.14436248682824038,0.43333826589290986,0.5049460431654675
2025-07,3053,300997,21,0.11230856494611452,0.46337753209832155,0.3627427527564534
2025-07,3053,603072,29,0.12416812609457095,0.4560219695187494,0.38711376404494346
2025-07,3053,002123,62,0.23482245131729673,0.5790031212440921,0.3561849043999311
2025-07,3053,300867,19,0.1288529560384033,0.32166294898316244,0.2508492291612231
2025-07,3053,001395,29,0.1292746113989638,0.47758432498927655,0.30623697290363905
2025-07,3053,300466,38,0.16114982578397208,0.29863024148345096,0.3229414017617769
2025-07,3053,300871,27,0.1857433808553972,0.44561077854377695,0.36267552468669817
2025-07,3053,301156,23,0.08355091383812019,0.3632557909058747,0.31377106333527044
2025-07,3053,688685,56,0.2745125741734953,0.5191662805780543,0.5013351709880266
2025-07,3053,600249,37,0.16488549618320614,0.3674515058188503,0.38205030487804864
2025-07,3053,603489,53,0.17391304347826086,0.5830051955796359,0.43999078553328774
2025-07,3053,600746,65,0.2071881606765329,0.5443168736829423,0.44902506963788297
2025-07,3053,002284,43,0.13527397260273977,0.5341314654640172,0.48463687150837975
2025-07,3053,603102,36,0.12347826086956526,0.5887233896928693,0.5225455416519329
2025-07,3053,300758,35,0.16504854368932043,0.47600804797978513,0.4576867500157063
2025-07,3053,301025,30,0.11739130434782608,0.5371076171216723,0.5663005625502279
2025-07,3053,300892,21,0.11098901098901093,0.44702954529178657,0.42014087188273364
2025-07,3053,002014,34,0.0625,0.3842503140195114,0.5334114888628393
2025-07,3053,600448,27,0.10382513661202197,0.4254598352775663,0.37276891486337116
2025-07,3053,300353,34,0.1390212213079256,0.31075274780882867,0.3625832345160996
2025-07,3053,300220,19,0.09180327868852456,0.3718102984857295,0.39811673475039827
2025-07,3053,301336,59,0.28340807174887883,0.5497265018608798,0.27794022908680543
2025-07,3053,600279,36,0.2158273381294964,0.4968434981616744,0.4295812941816207
2025-07,3053,003000,36,0.15778401122019636,0.49663041851825634,0.3972437615817788
2025-07,3053,605066,58,0.1484662576687117,0.5622353629994715,0.5252100840336132
2025-07,3053,301190,26,0.10821806346623253,0.3590929553105102,0.3134350635043602
2025-07,3053,002164,34,0.18036072144288584,0.5676526812765934,0.4661794280669056
2025-07,3053,002165,19,0.1326829268292682,0.3420503871051349,0.20517590414181816
2025-07,3053,300777,53,0.12356551908193214,0.5584797404884748,0.5547048399029615
2025-07,3053,002574,38,0.20845070422535206,0.41173260511266185,0.2990056818181818
2025-07,3053,605098,84,0.20044598612487607,0.5448340618873131,0.5581373876646556
2025-07,3053,002584,26,0.1327433628318584,0.3366424475454079,0.30161143204621454
2025-07,3053,002041,78,0.2951183431952663,0.5598194347157506,0.4079297229982161
2025-07,3053,300918,34,0.18534080298786193,0.5525445046816957,0.5356333945913696
2025-07,3053,600300,38,0.14171122994652408,0.3356361225319701,0.3272661523625847
2025-07,3053,600787,116,0.23760932944606417,0.569714948731939,0.42572159298501994
2025-07,3053,000859,21,0.11788079470198676,0.2565925952382624,0.3119642505831765
2025-07,3053,300240,21,0.15416238437821173,0.4218456813433553,0.32551512494520013
2025-07,3053,301212,33,0.12036710201200129,0.3210970315597111,0.3795841119826692
2025-07,3053,600490,35,0.15353535353535352,0.5600858829816486,0.480769230769231
2025-07,3053,300927,28,0.12855254461335097,0.3505015821901871,0.2816114432586468
2025-07,3053,002050,84,0.30050251256281413,0.5326959465632491,0.5561900754410749
2025-07,3053,300534,32,0.17266187050359716,0.5401084700961275,0.49749494594357024
2025-07,3053,300260,28,0.1681715575620767,0.5656795686994472,0.5047653958944276
2025-07,3053,603326,42,0.18346545866364672,0.5662833198149844,0.4959378856437682
2025-07,3053,000510,24,0.11654135338345861,0.289195291370974,0.24998445370312752
2025-07,3053,605188,19,0.1910377358490567,0.5246421177259315,0.513083632632119
2025-07,3053,603169,28,0.0851318944844125,0.35112564784693495,0.2753872633390705
2025-07,3053,603015,77,0.2496382054992765,0.455636152840952,0.5305237279073372
2025-07,3053,000524,36,0.12290502793296088,0.47826106594821904,0.46171457644365316
2025-07,3053,301256,29,0.0987084870848709,0.2543455758163132,0.2731695376801396
2025-07,3053,603901,44,0.19475021168501272,0.518731839632251,0.4125014451423947
2025-07,3053,300281,22,0.11453201970443339,0.30572426345432063,0.35460583309269395
2025-07,3053,002488,46,0.14473684210526316,0.4695922794793013,0.4266105299336245
2025-07,3053,002923,33,0.19067215363511658,0.586843479943538,0.5262604867743592
2025-08,3074,002495,157,0.2857142857142858,0.5745228516612727,0.5653958944281529
2025-08,3074,000722,51,0.1764295676429567,0.3943382260829597,0.5751014884979694
2025-08,3074,002093,61,0.26071679550245963,0.5891966288199507,0.5320694937222604
2025-08,3074,002094,31,0.18405511811023634,0.4082058116543938,0.5445544554455445
2025-08,3074,600540,42,0.1054613935969867,0.4288867649108652,0.4973367646178709
2025-08,3074,600844,44,0.19839142091152806,0.42011618162896114,0.4639439507860559
2025-08,3074,301277,47,0.20783847980997627,0.5177346742139477,0.3297171822445403
2025-08,3074,603938,49,0.17506297229219148,0.5277074197169956,0.4983888292158967
2025-08,3074,600059,43,0.13479052823315119,0.4813029233745251,0.5765262774608565
2025-08,3074,605388,41,0.1398843930635838,0.6310205757910138,0.43374186135580245
2025-08,3074,300169,36,0.17391304347826086,0.5966480746891508,0.47223764575236
2025-08,3074,000559,67,0.14681107099879664,0.5909878964494931,0.5073995771670197
2025-08,3074,601069,42,0.13157894736842113,0.44681725444947956,0.3942642349993037
2025-08,3074,603065,41,0.14124872057318316,0.4181112133834353,0.44114565141460016
2025-08,3074,000565,26,0.08807134894091428,0.23858085280215713,0.28192720387123915
2025-08,3074,000566,26,0.20684931506849313,0.6332875671766469,0.5380756953944368
2025-08,3074,002809,32,0.17154811715481166,0.3692817374503552,0.26332588573252463
2025-08,3074,300040,58,0.23076923076923073,0.5689340328940797,0.5660377358490567
2025-08,3074,605599,35,0.1631746031746032,0.5137273681938136,0.5458362491252626
2025-08,3074,600396,31,0.1492146596858639,0.5232007249459955,0.5689095899525908
2025-08,3074,600398,103,0.2142857142857144,0.4887353044162553,0.5474562440818784
2025-08,3074,601116,91,0.2124513618677043,0.5689898723247221,0.5000970685303827
2025-08,3074,002825,39,0.09807516040329978,0.6270325066797715,0.577167019027484
2025-08,3074,603086,28,0.1609935602575897,0.36725829205571986,0.44018900770952485
2025-08,3074,300879,25,0.22515413070283596,0.5487056831481563,0.46280546578216214
2025-08,3074,002006,132,0.2764185320145758,0.6209830894506994,0.5312846230100884
2025-08,3074,002688,44,0.23737373737373735,0.6008088785887972,0.47887323943662086
2025-08,3074,002556,52,0.1651376146788991,0.5650986743102859,0.36849710982658973
2025-08,3074,605011,86,0.1859024012393493,0.5678547048768483,0.49833000596088534
2025-08,3074,600794,35,0.13438735177865613,0.3046542282274474,0.3454838237446933
2025-08,3074,600610,26,0.15883977900552493,0.5790716011755759,0.5135016602969737
2025-08,3074,601900,142,0.22215496368038745,0.6347670054444993,0.5687897147923746
2025-08,3074,002427,33,0.13961813842482107,0.2899333722754387,0.36780262344172115
2025-08,3074,002300,52,0.15426997245179064,0.5590260732115389,0.3653516295025728
2025-08,3074,002580,69,0.22807017543859653,0.6286503213152149,0.4472963260033957
2025-08,3074,600798,22,0.13043478260869568,0.3132241957478732,0.36926742108397814
2025-08,3074,002040,18,0.12049335863377608,0.49184925970577403,0.4736164736164735
2025-08,3074,301206,42,0.16691639196883423,0.606025189821902,0.5649150956010157
2025-08,3074,300248,76,0.24550898203592808,0.5773341018719784,0.5419986822967816
2025-08,3074,600310,85,0.2708719851576994,0.5446920786046566,0.4751369792205113
2025-08,3074,300386,37,0.16561371841155237,0.4890041594497902,0.5465019632570004
2025-08,3074,600644,32,0.23008849557522126,0.34928562989491035,0.35393806083935303
2025-08,3074,600969,71,0.18704156479217593,0.5571561876688876,0.550105712482089
2025-08,3074,300798,39,0.1340839303991811,0.547426026790481,0.5102614562833846
2025-08,3074,605136,34,0.12454212454212454,0.5377228475102269,0.41292791115023886
2025-08,3074,600793,29,0.15671117357695008,0.42680375256827385,0.3822068667674368
2025-08,3074,688793,56,0.25712916367121974,0.6340907924327206,0.4815217150331436
2025-08,3074,000678,24,0.1428571428571429,0.46364624212574146,0.49234464124887345
2025-08,3074,002194,37,0.24162257495590833,0.48347943515204056,0.5723846424797461
2025-08,3074,300258,73,0.24984615384615383,0.6376720926209416,0.46936435124508524
2025-08,3074,000507,70,0.1187290969899667,0.6229613109129084,0.45154313771335014
2025-08,3074,600505,42,0.2096680256260921,0.48413358333687023,0.27663578459756816
2025-08,3074,300530,23,0.13586097946287512,0.43599403282492954,0.5486690277619106
2025-08,3074,600982,75,0.1937984496124031,0.5275344608914051,0.4719313227560792
2025-08,3074,002900,18,0.15795868772782506,0.37990784132040445,0.5457111494433121
2025-08,3074,301082,24,0.10285335102853355,0.2809492301019977,0.37367578900904896
2025-08,3074,002204,64,0.23903818953323908,0.5814224980911642,0.5581448764941764
2025-08,3074,300947,23,0.1549352750809061,0.44949214649482805,0.5290792718406253
2025-08,3074,600173,77,0.28104575163398693,0.6182590833057547,0.5613939928130723
2025-08,3074,000520,49,0.21052631578947356,0.6144163012417068,0.36197763390229576
2025-08,3074,600814,130,0.2732123799359658,0.58055031394778,0.4827100787866402
2025-08,3074,002910,87,0.26181818181818184,0.6124047734208027,0.5546528655393074
2025-08,3074,600182,135,0.23412204234122036,0.5335633013292973,0.5473622422774964
2025-08,3074,002457,195,0.28702397743300423,0.4622001131049314,0.5678720778471291
2025-08,3074,605167,45,0.1932443047918304,0.5382284617790384,0.5069692858023926
2025-08,3074,300139,49,0.1328934967012253,0.5508338123842513,0.38655326042932386
2025-08,3074,600530,18,0.19217877094972058,0.42530578679965464,0.5768915596831471
2025-08,3074,603353,49,0.16779572694111522,0.6172709193709358,0.4342397336293011
2025-08,3074,601007,56,0.17903415783274446,0.6381674276510798,0.5534508318234231
2025-09,3096,300016,28,0.25135135135135134,0.5587711872147542,0.43088632457647913
2025-09,3096,600223,79,0.20734341252699784,0.6257075879867234,0.5351043643263759
2025-09,3096,600860,102,0.24826629680998613,0.6161202958389642,0.5067224784240073
2025-09,3096,301132,26,0.1958812260536399,0.3844925931649282,0.4206970674036546
2025-09,3096,600232,32,0.2615384615384615,0.4797890360842635,0.5102603983743912
2025-09,3096,301141,21,0.18589293241534355,0.2774102714661778,0.3915741132788327
2025-09,3096,301151,27,0.18046357615894038,0.4820866963515718,0.5224825839138686
2025-09,3096,001896,50,0.17133443163097195,0.5018129512319912,0.5663382691286649
2025-09,3096,002550,27,0.2344582593250445,0.3253750688466868,0.4163150492264423
2025-09,3096,300069,36,0.22487437185929637,0.5825111055194248,0.40268247036805943
2025-09,3096,600281,37,0.23631508678237656,0.34824802633172947,0.45529720789960115
2025-09,3096,002037,34,0.14848236259228864,0.45084085356687714,0.471837216160424
2025-09,3096,300095,43,0.25292153589315536,0.3650944283880622,0.3665807876334192
2025-09,3096,600980,21,0.22023809523809523,0.4108275773989818,0.5043659585559751
2025-09,3096,300130,29,0.24144927536231875,0.47749192868601387,0.5799835277239035
2025-09,3096,603333,33,0.18068535825545184,0.46319225592172936,0.4663721158566522
2025-09,3096,300149,27,0.22330774598743885,0.4899277451086188,0.4555236728837868
2025-09,3096,002639,40,0.1797570850202428,0.41123523223903446,0.5054306643091689
2025-09,3096,603390,50,0.1288981288981289,0.35683785450943983,0.4842857142857141
2025-09,3096,601083,71,0.13412563667232602,0.4221172506621403,0.45940959409594107
2025-09,3096,688151,27,0.22165754495699763,0.3286403286338779,0.44182825484764526
2025-09,3096,301306,24,0.19949851120514028,0.34039404320242184,0.4864185326857787
2025-09,3096,600403,79,0.19463087248322142,0.6159796254262326,0.4617036506800287
2025-09,3096,300746,50,0.22799999999999998,0.5157945060748014,0.4876097121852417
2025-09,3096,301317,42,0.20759308834266244,0.6010510919666753,0.4060072312638317
2025-09,3096,300753,28,0.2618666666666667,0.5194269573563887,0.5140720413101089
2025-09,3096,600435,20,0.20166073546856456,0.4952229571678093,0.5823118368115188
2025-09,3096,603538,18,0.18960899839314416,0.2856550003192532,0.38293135435992587
2025-09,3096,300771,62,0.16958654519971972,0.560060743836508,0.517177889008606
2025-09,3096,300773,28,0.25569735642661817,0.4294144540108093,0.530814332247557
2025-09,3096,600468,37,0.16440217391304346,0.341559695001869,0.5487804878048781
2025-09,3096,002724,54,0.1652892561983471,0.46001126153448807,0.5826558265582649
2025-09,3096,603585,52,0.15177304964538996,0.3623489656623622,0.5350920856147336
2025-09,3096,600495,34,0.21069692058346834,0.5334507466810596,0.5239994498693434
2025-09,3096,002189,34,0.2516778523489933,0.4869246145108841,0.5742625273734382
2025-09,3096,300254,41,0.22924600152322938,0.524217418251574,0.42994910259844676
2025-09,3096,603607,53,0.22689075630252098,0.5671296083308789,0.5868754660700971
2025-09,3096,300804,29,0.16752750954412754,0.36894162449685947,0.32522013623525503
2025-09,3096,301388,24,0.16571100917431192,0.37571854865903653,0.5264163561670011
2025-09,3096,002200,54,0.11673699015471173,0.3863441287261141,0.4941499803690617
2025-09,3096,300268,70,0.17554076539101493,0.5830402008408485,0.5181923991700829
2025-09,3096,300821,34,0.17263544536271813,0.606081397057545,0.5846264886322625
2025-09,3096,300824,53,0.15035971223021583,0.47096887706231466,0.5814132104454683
2025-09,3096,002235,25,0.2002275312855517,0.23213882753541498,0.38203266787658813
2025-09,3096,002250,29,0.2136075949367089,0.5751482716311033,0.5700268660203246
2025-09,3096,002254,111,0.2116182572614108,0.5469490580257877,0.5711775043936733
2025-09,3096,300865,26,0.18971779826767254,0.31714118186571283,0.43219969478962283
2025-09,3096,002827,23,0.13554987212276215,0.4498500981744434,0.5276381909547744
2025-09,3096,300872,28,0.26408217362491715,0.45247953795994994,0.48485425795389636
2025-09,3096,300333,60,0.22512437810945263,0.5907293207412126,0.5790235829540754
2025-09,3096,300875,18,0.15554628857381148,0.3729619983322065,0.371738238346972
2025-09,3096,300340,24,0.26478717523493633,0.4299424476638283,0.5413717070906349
2025-09,3096,300886,47,0.23316062176165808,0.5580248722890572,0.4194004422372854
2025-09,3096,300348,33,0.21853240492769155,0.5844297255564797,0.5734727572922402
2025-09,3096,002286,50,0.24483043837882545,0.3759858471348538,0.5362860192102458
2025-09,3096,000820,42,0.12413793103448267,0.5485495928099978,0.48872180451127833
2025-09,3096,002317,22,0.2473756275673209,0.44787297652170854,0.5445699937225366
2025-09,3096,300921,43,0.222707423580786,0.5735141164603703,0.5674193514301714
2025-09,3096,600650,47,0.2405566600397615,0.5559712577831034,0.5597058254306174
2025-09,3096,300402,88,0.21846011131725407,0.5753540158934962,0.5693117248775196
2025-09,3096,002342,22,0.19932432432432434,0.35905283041660613,0.5477855477855474
2025-09,3096,002907,41,0.25361980382998595,0.5367107821453501,0.5245901639344261
2025-09,3096,300414,17,0.08379013312451056,0.20198730666047668,0.36832094068822446
2025-09,3096,300960,24,0.20085731781996308,0.4998296869669594,0.573380252535707
2025-09,3096,300963,38,0.18516791044776126,0.4137670752200822,0.5355102399578098
2025-09,3096,002361,94,0.2539473684210526,0.4765101858290303,0.5698732280808088
2025-09,3096,002365,36,0.26154529307282415,0.40895498230463523,0.35959721789681326
2025-09,3096,603042,61,0.1620437956204379,0.4327022048599957,0.5832799487508002
2025-09,3096,300434,40,0.20588235294117652,0.4686662872142512,0.4537089704553823
2025-09,3096,002376,54,0.17169373549883982,0.5265714179134697,0.5263157894736846
2025-09,3096,603955,46,0.26503884572697,0.4281400227390895,0.5680096351839629
2025-09,3096,002393,30,0.16487119437939124,0.46444079077398537,0.5470504184527468
2025-09,3096,603076,57,0.22558814050918463,0.5482681153188554,0.5212635745722547
2025-09,3096,002401,40,0.23636363636363633,0.5291989416402059,0.43792363427745734
2025-09,3096,688520,23,0.20020609450905358,0.5941909035127994,0.4975609756097564
2025-09,3096,603093,24,0.16110183639399,0.30214286241507066,0.4652139118113959
2025-09,3096,000989,33,0.24920127795527147,0.6055311897487536,0.5009861932938853
2025-09,3096,300485,28,0.2391752577319588,0.27786067299536266,0.3645174884112937
2025-09,3096,301024,28,0.24923076923076926,0.2531440176602274,0.37089162312489476
2025-09,3096,301025,73,0.21560402684563762,0.4542344464259437,0.5444957781210896
2025-09,3096,003003,54,0.16191904047976013,0.3848239383771047,0.5555323590814192
2025-09,3096,605069,83,0.17976588628762546,0.40066284183598233,0.5654432898518686
2025-09,3096,002437,32,0.21038961038961035,0.36992333345380723,0.5720122574055162
2025-09,3096,605099,33,0.19031993437243644,0.6142685690004687,0.433486859929558
2025-09,3096,603128,98,0.20171673819742486,0.604581741545833,0.49878020251980054
2025-09,3096,300515,30,0.22801432550736178,0.6012218354014468,0.48334875115633674
2025-09,3096,001236,32,0.24231843575419,0.494048209205051,0.45596781403665615
2025-09,3096,003029,32,0.24322580645161285,0.6009178134950554,0.5601957585644372
2025-09,3096,600800,50,0.231732776617954,0.3839992453202593,0.5056899004267423
2025-09,3096,300531,48,0.2501061571125266,0.5415464963284394,0.5914631660483513
2025-09,3096,003040,22,0.1908548707753478,0.2726360445372889,0.33106853477380166
2025-09,3096,603167,63,0.13516160626836438,0.40439267933960293,0.5174786677676859
2025-09,3096,300546,28,0.21939245167229215,0.318637688455557,0.3867643246046152
2025-09,3096,603176,32,0.14857142857142858,0.3271614400850643,0.5472404115996254
2025-09,3096,301089,40,0.20788912579957364,0.3881084611222,0.5016869884750293
2025-09,3096,301092,66,0.18798063229849038,0.469012463064625,0.5609641034438391
2025-09,3096,001316,53,0.18046234153616703,0.5684985194952751,0.5695176327523309
2025-09,3096,600192,30,0.24791318864774625,0.31316246649940305,0.3916516361762431
2025-09,3096,600193,62,0.21031746031746035,0.4896824793770918,0.5312075983717771
2025-10,3113,301263,50,0.23612823674475947,0.4989929703389661,0.5931372549019606
2025-10,3113,688448,18,0.1428571428571428,0.4570536211632078,0.4197082576848434
2025-10,3113,600698,29,0.16400709219858156,0.2713098041534358,0.5285275577824471
2025-10,3113,603207,56,0.14218793055938272,0.5520689752907698,0.5778298635047571
2025-10,3113,300579,44,0.23447279730380355,0.5034351630998481,0.5803617955780538
2025-10,3113,301509,67,0.2534837425348374,0.5643450134971214,0.5840546335265624
2025-10,3113,000026,26,0.1404775124930595,0.23691957251787793,0.46102284979410485
2025-10,3113,002657,29,0.23894032921810704,0.47726197293945244,0.5865679283504126
2025-10,3113,300030,52,0.24,0.5441014201475897,0.5650994575045208
2025-10,3113,605500,30,0.17975402081362346,0.29299718612052045,0.3539436311994758
2025-10,3113,301287,61,0.19181698196216446,0.4622374109118138,0.5678335151143628
2025-10,3113,601086,76,0.2612546125461255,0.5362475640464354,0.5572039444977747
2025-10,3113,601696,28,0.11232349165596922,0.32747256793324975,0.44444444444444464
2025-10,3113,601089,23,0.11570945945945943,0.4172214993944112,0.5702385460053009
2025-10,3113,002383,76,0.26260869565217393,0.42078753236558275,0.5745493342347527
2025-10,3113,002951,40,0.24673913043478257,0.2793245701738007,0.2331564986737402
2025-10,3113,300730,30,0.21822660098522173,0.3994552842317039,0.5847550477383001
2025-10,3113,002263,27,0.2321428571428572,0.3811034401236931,0.5018670649738612
2025-10,3113,002265,29,0.16821868428957643,0.3455220263825406,0.5067713689795372
2025-10,3113,603716,21,0.18362282878411906,0.38403337213121286,0.49586098378600263
2025-10,3113,002676,22,0.21082621082621078,0.4520017884432184,0.5579617834394901
2025-10,3113,688007,15,0.21144164759725403,0.594000605763005,0.5748751579327358
2025-10,3113,002826,41,0.14561734213006594,0.32782242799047934,0.5631750816377796
2025-10,3113,300468,35,0.18707878224494545,0.33340318661234963,0.5259354237090569
2025-10,3113,301312,27,0.22118826055833918,0.3078757411682627,0.4826488135203048
2025-10,3113,688317,28,0.18014291086874756,0.270409121438107,0.5458377239199155
2025-10,3113,688321,29,0.18835120254998539,0.47123754945105534,0.5178807027289775
2025-10,3113,600744,23,0.14206128133704732,0.37338269542817143,0.5084577771904321
2025-10,3113,603266,19,0.20703856233620366,0.4384777122754334,0.4602944225585734
2025-10,3113,002987,29,0.1523909616395167,0.2509784022078374,0.5249845774213442
2025-10,3113,603102,96,0.22222222222222232,0.5293781539963189,0.5971633209067558
2025-10,3113,301176,32,0.2538008067018305,0.2601269751702296,0.3954983370637298
2025-10,3113,002015,36,0.1956689868522815,0.3371796280703768,0.5248369192886997
2025-10,3113,300892,81,0.22398081534772185,0.5860151768971231,0.5845231296402057
2025-10,3113,301335,67,0.23334218210777813,0.46692919229013335,0.5445157765332604
2025-10,3113,300631,26,0.16811431773606045,0.47282207794350395,0.5868898515124549
2025-10,3113,002161,47,0.2521186440677966,0.4803238038067182,0.5986899563318779
2025-10,3113,688199,37,0.214864864864865,0.5281770503026026,0.5844641607477538
2025-10,3113,301193,34,0.23700173310225303,0.4786897037106293,0.5274629731377883
2025-10,3113,301197,65,0.18591172536781086,0.39595867896826853,0.5800014584053284
2025-10,3113,002167,28,0.20090439276485794,0.44457313783594904,0.5853567888999015
2025-10,3113,002579,32,0.18417159763313606,0.311880907018173,0.43570543554382407
2025-10,3113,002580,108,0.22807017543859653,0.5753341458784512,0.4769494126674931
2025-10,3113,002727,80,0.21027190332326284,0.5762576486088195,0.4682900630377227
2025-10,3113,300649,32,0.17716747442110936,0.2604612870159264,0.37741412354415454
2025-10,3113,605122,62,0.16611074049366248,0.526033174983314,0.5641431353456671
2025-10,3113,688221,23,0.2084848484848485,0.5356634721143384,0.524064524971996
2025-10,3113,600967,29,0.1710158434296366,0.4144013472169475,0.49820498298595317
2025-10,3113,000430,91,0.17456021650879572,0.2963063968756086,0.5574195975173969
2025-10,3113,603155,48,0.23076923076923084,0.4370141893232021,0.5949713716704013
2025-10,3113,603879,44,0.19862068965517243,0.34647480554447424,0.5350206741009899
2025-10,3113,600326,15,0.1338818249813014,0.43823495645661037,0.5209647495361779
2025-10,3113,601519,20,0.19081272084805656,0.4521727090354832,0.5325366364270764
2025-10,3113,000695,80,0.21645663454410669,0.3611192763413999,0.33196357174589086
2025-10,3113,300815,23,0.25358213928690443,0.4927455081374799,0.5534779356768896
2025-10,3113,300949,64,0.21230581784952784,0.3869797532332221,0.5699852406384566
2025-10,3113,300547,21,0.19661545312847917,0.3934689694084227,0.5285314777443102
2025-10,3113,600178,63,0.2190237797246558,0.5450070767737696,0.4874712769449611
2025-10,3113,002623,28,0.17430368373764615,0.2382214987591986,0.4619113573407209
2025-10,3113,600184,37,0.1875,0.3584973650323134,0.5379581151832462
2025-10,3113,605277,19,0.22679546409071816,0.4810513300985391,0.4769386720729853
2025-10,3113,301255,113,0.2583175547741411,0.5934870902135905,0.41940460682318903
2025-10,3113,600826,31,0.16342756183745577,0.4062141252676442,0.5978260869565218
2025-10,3113,301258,69,0.18186515112374058,0.46793120210571676,0.5422879007784664
2025-10,3113,601003,23,0.10200364298724962,0.3301462851269674,0.539517274017984
2025-10,3113,688425,35,0.11804384485666097,0.5151912796205298,0.18018018018018034
2025-10,3113,300965,27,0.12513401746056074,0.36898191447221074,0.507105026890604
2025-11,3133,300007,34,0.21795974539824536,0.4511825231898171,0.5504356040726355
2025-11,3133,300564,73,0.1839080459770115,0.5477754210933822,0.5147432878002828
2025-11,3133,688630,24,0.2587657784011219,0.5428004256466362,0.5218511040808864
2025-11,3133,301125,25,0.21992238033635192,0.45494512651554253,0.5492007104795736
2025-11,3133,688660,17,0.24963924963924966,0.49608953895529556,0.49651324965132454
2025-11,3133,001389,41,0.2364201962191912,0.4035625600134916,0.5430086551938385
2025-11,3133,600869,15,0.1766169154228855,0.41184558608663935,0.5548602419691282
2025-11,3133,300602,21,0.23587365980875097,0.4258879725467278,0.5254810495626826
2025-11,3133,301161,19,0.2165816326530613,0.3069138583418998,0.404663236030785
2025-11,3133,603257,30,0.24797952586206895,0.4179161081743696,0.5304888483258221
2025-11,3133,300066,34,0.21223470661672916,0.38884760003019164,0.4309165526675789
2025-11,3133,688709,21,0.24101255052116566,0.37455835090443057,0.4760554372288624
2025-11,3133,688039,22,0.17810760667903525,0.5494491504301843,0.5702530343550712
2025-11,3133,300642,20,0.25,0.4356764544285401,0.34351601083320055
2025-11,3133,688767,15,0.15372424722662437,0.36523336168216547,0.4915205518827248
2025-11,3133,300663,97,0.2572062084257206,0.5603078321514825,0.5870517331736167
2025-11,3133,301235,25,0.20947630922693272,0.42921410123815334,0.423409119061293
2025-11,3133,688098,18,0.1851528384279475,0.24567640553095496,0.4122924222179804
2025-11,3133,688108,16,0.12700729927007293,0.27143193804153226,0.21233874968990313
2025-11,3133,300690,20,0.16185141509433965,0.2560039433722924,0.37511029328587286
2025-11,3133,601007,115,0.1872791519434629,0.5625532318024791,0.5781584582441115
2025-11,3133,600366,44,0.23992673992673996,0.2840082376818344,0.41090045837937145
2025-11,3133,300158,27,0.19974391805377711,0.4177525425422705,0.47026180990324423
2025-11,3133,002097,27,0.23066754791804367,0.3392350570390105,0.2861981371718884
2025-11,3133,002645,33,0.23868046571798196,0.4742247064440077,0.39053075995174924
2025-11,3133,603380,19,0.1664623682275067,0.38018974649765086,0.3925633218889681
2025-11,3133,600392,29,0.2007434944237918,0.2861704523706209,0.4823801517466225
2025-11,3133,002126,31,0.20542440984429933,0.4391525040839332,0.5430566330488753
2025-11,3133,300748,20,0.19327731092436973,0.437995015159344,0.47387697137304813
2025-11,3133,601162,57,0.19047619047619047,0.3577020100136633,0.47138397502601453
2025-11,3133,301323,19,0.16885999682892028,0.4848354630803174,0.4285520895782164
2025-11,3133,301326,16,0.19404434374494262,0.3472556759775247,0.42034479177484696
2025-11,3133,002148,19,0.12906504065040647,0.2110626946670957,0.3465665236051498
2025-11,3133,300759,43,0.22113775794757384,0.46049983975812286,0.5789502135250554
2025-11,3133,000617,42,0.2606873428331936,0.3531413726734146,0.33148148148148093
2025-11,3133,300772,15,0.13891891891891894,0.40952688734522535,0.5711695376246603
2025-11,3133,688202,37,0.24719868816616564,0.41065129053547994,0.5642633228840126
2025-11,3133,002724,91,0.22314049586776863,0.39350153615800415,0.5872216330858956
2025-11,3133,002173,16,0.16159539473684215,0.4136566077449866,0.37436389114241464
2025-11,3133,301363,43,0.21798365122615815,0.3713166673644243,0.49568296167463816
2025-11,3133,600487,15,0.151978417266187,0.3827305629013269,0.5657616647699552
2025-11,3133,603590,37,0.23405823811279025,0.3768216392023093,0.5647118376583741
2025-11,3133,002195,16,0.14064516129032256,0.28848429925291497,0.5056577086280053
2025-11,3133,301389,20,0.18449873631002534,0.3666786084625835,0.4710413959532204
2025-11,3133,002212,18,0.2222222222222222,0.5424046322017855,0.5434417980543438
2025-11,3133,301421,18,0.16373323185234512,0.5257350263391234,0.49071719226856547
2025-11,3133,600530,77,0.22306855277475512,0.33972642764410327,0.5401714197125288
2025-11,3133,688265,20,0.23045744064852358,0.4550701870650527,0.39180374567277765
2025-11,3133,601609,17,0.12601260126012592,0.2031591362444286,0.40950455005055525
2025-11,3133,688273,31,0.254050405040504,0.3953219175163589,0.5101862630966244
2025-11,3133,300839,50,0.23491655969191272,0.3857069157880072,0.5444040231114914
2025-11,3133,002241,16,0.16062500000000002,0.46532138476587026,0.502149752575647
2025-11,3133,300304,28,0.1657501963864887,0.4432610623609637,0.4681404421326401
2025-11,3133,301526,38,0.2156295224312591,0.33377495317567546,0.41924755133799163
2025-11,3133,300322,24,0.21776392676275824,0.33026893844263205,0.46301568005908866
2025-11,3133,301538,20,0.2137380191693291,0.4738441324855318,0.412064845314216
2025-11,3133,002272,21,0.1956393635827931,0.298431889523844,0.43021294058638476
2025-11,3133,300877,26,0.24024205748865346,0.425030553603535,0.4325450833616875
2025-11,3133,688318,35,0.25027582109819224,0.4404312998766283,0.46969348739056854
2025-11,3133,300885,27,0.1996594295444869,0.22968856740201057,0.4208923018341056
2025-11,3133,688343,21,0.1484433374844334,0.38239259893847904,0.4581739015701282
2025-11,3133,300363,36,0.18656987295825778,0.4325233462921578,0.5361152694610778
2025-11,3133,603800,17,0.15213433137770593,0.2544984555820698,0.4302528866482351
2025-11,3133,301603,20,0.15469613259668513,0.40269740330835224,0.5037866315442875
2025-11,3133,300368,16,0.1837655016910935,0.4285188464239655,0.5549734436535753
2025-11,3133,000831,27,0.21960447119518478,0.4442944758029601,0.5707481798130037
2025-11,3133,603811,43,0.19978858350951378,0.2891060988466155,0.5050484854543633
2025-11,3133,301616,19,0.17325280414150135,0.3876850413992194,0.4330584754830995
2025-11,3133,688379,21,0.18803096092127625,0.33544994197618033,0.4261958146487295
2025-11,3133,301678,25,0.22617840851495186,0.2816299246561268,0.380814100904527
2025-11,3133,002896,34,0.14469898774640377,0.29781413374037236,0.5282061908567929
2025-11,3133,300400,24,0.19282317336792032,0.29480220926707423,0.4266424600022694
2025-11,3133,000887,38,0.23547758284600384,0.5109568529209579,0.5789511136412152
2025-11,3133,002901,33,0.21109976166155942,0.3864583370870403,0.5127719962157046
2025-11,3133,300409,19,0.18570287539936092,0.45867509851627114,0.5647382920110191
2025-11,3133,603928,55,0.17249070631970254,0.3491153360123404,0.5821031652197415
2025-11,3133,300976,24,0.2286790955969853,0.3532526089105683,0.5515434599010671
2025-11,3133,002939,46,0.2181234963913392,0.5462815852991345,0.49694708276797933
2025-11,3133,002941,15,0.12203389830508471,0.3518318417725398,0.5669929125885931
2025-11,3133,600059,102,0.20159857904085254,0.4681861419194987,0.5712967083683597
2025-11,3133,603950,16,0.11608222490931075,0.36215742960280634,0.5541215301286393
2025-11,3133,688489,56,0.23447163215918254,0.4594410519395222,0.5692876908248609
2025-11,3133,688502,33,0.23022019033401764,0.5418332567535488,0.5028882213888347
2025-11,3133,688507,31,0.2011209114296214,0.36612623113767245,0.551087449025827
2025-11,3133,603985,124,0.26123744050766784,0.5093351720992833,0.5716582652529115
2025-11,3133,688511,23,0.17989157220305563,0.47608993696308305,0.5541330181865929
2025-11,3133,002982,113,0.1858864027538727,0.5476841044810964,0.5219756024736919
2025-11,3133,301018,22,0.24351128930154042,0.5057211155688863,0.4553278867578314
2025-11,3133,600749,28,0.15083798882681576,0.2851555584940521,0.28076866063848416
2025-11,3133,300488,155,0.258835494533435,0.5511107573976729,0.4512857791912767
2025-11,3133,600111,18,0.12909054406745635,0.33167694416902593,0.5094965330117578
2025-11,3133,600114,26,0.19596087093720416,0.49883323535421814,0.525646711012564
2025-11,3133,600117,29,0.13897280966767367,0.2607816878250622,0.3555555555555555
2025-11,3133,300499,19,0.09556191839656414,0.3005084020127153,0.5307345779960971
2025-11,3133,001212,31,0.24765850144092216,0.34729709943576104,0.5446676640307757
2025-11,3133,300515,67,0.25706327099084747,0.5063602787864836,0.48458903738623477
2025-11,3133,001230,69,0.2428785607196402,0.4503585485606589,0.5536517735691113
2025-11,3133,605118,55,0.19303797468354433,0.38814164654224803,0.586329770003239
2025-11,3133,688584,24,0.17300902314633193,0.3407263053881805,0.4947203754399688
2025-11,3133,600798,81,0.23728813559322026,0.49851367318447626,0.5619704509212473
2025-11,3133,605167,104,0.22545168892380207,0.4756948684352177,0.575983717774763
2025-11,3133,605169,18,0.1684542586750789,0.36497616011972683,0.5019450370184463
2025-11,3133,301076,18,0.25864588407208966,0.32689449090550005,0.3822616002922905
2025-11,3133,002468,32,0.2480577136514983,0.5081763718337694,0.5566113433844335
2025-11,3133,605228,24,0.23612622415669204,0.5257550659512726,0.4223406354845075
2025-11,3133,605259,51,0.24195906432748537,0.38270583576608636,0.5552418010005559
2025-11,3133,001306,40,0.26256062963301907,0.4118661631069934,0.5600565900123896
2025-11,3133,301095,23,0.20563065856381002,0.4448105903863233,0.44651380637732807
2025-12,3156,301110,25,0.20185488270594654,0.4444719701270974,0.4398505784644396
2025-12,3156,300014,21,0.10744027303754278,0.46081951676123406,0.450985057930875
2025-12,3156,600211,68,0.24079754601226988,0.3734125009427671,0.4809665557695678
2025-12,3156,605378,42,0.23043944265809213,0.46618960222323214,0.4913180741910025
2025-12,3156,000021,34,0.16753536857781093,0.45670043718061226,0.5535357093434311
2025-12,3156,002490,21,0.19790301441677582,0.4286370653455285,0.5263157894736843
2025-12,3156,300001,34,0.19941539460863922,0.5004702785759735,0.5585444378547826
2025-12,3156,300035,26,0.12057373375168079,0.34818363136591496,0.4185448392554997
2025-12,3156,600233,61,0.16156736446591524,0.478191736612683,0.55530793634147
2025-12,3156,300043,26,0.10743801652892548,0.4575868871082561,0.5549407114624508
2025-12,3156,000045,49,0.25262467191601046,0.5319104185210546,0.5730290646953479
2025-12,3156,688006,23,0.10912106135986732,0.3335058924044231,0.3759810639093062
2025-12,3156,688008,28,0.11425402107598437,0.4899272116239789,0.48237182393587125
2025-12,3156,002553,66,0.20603337612323502,0.27381948487564317,0.5517868466075636
2025-12,3156,300618,29,0.18962075848303395,0.3981490285765748,0.5230333183059642
2025-12,3156,600268,38,0.2567365269461078,0.5073047596886439,0.5067227659379865
2025-12,3156,300073,23,0.10408496732026151,0.2948605354701369,0.4279003671100937
2025-12,3156,300631,69,0.2426449985990473,0.36961229531063766,0.5687242132513549
2025-12,3156,300080,22,0.1123595505617977,0.3742057726533933,0.42689075630252094
2025-12,3156,688041,28,0.15753512956039706,0.5215976078967215,0.5561917548570526
2025-12,3156,300084,133,0.23054187192118236,0.4100674315526584,0.5185508511566996
2025-12,3156,600288,20,0.07687338501291996,0.400701088221916,0.5529221724968888
2025-12,3156,300092,22,0.11626506024096395,0.28378324651406844,0.3978956988365419
2025-12,3156,688062,35,0.21284210526315783,0.3991011773919769,0.446571072222127
2025-12,3156,688063,28,0.09867768595041315,0.3901968622315871,0.4686182348288237
2025-12,3156,688772,27,0.11644708882277954,0.3840464676577176,0.4669806032066373
2025-12,3156,688775,33,0.21711892797319932,0.47260632693575844,0.562831543836155
2025-12,3156,688778,23,0.15368129097327277,0.35940986671166014,0.5172812391631023
2025-12,3156,002052,36,0.18548939082819982,0.3831803391684365,0.47426488942139683
2025-12,3156,002062,22,0.19735599622285172,0.44275566281527395,0.4975163760859673
2025-12,3156,600980,81,0.2580532212885154,0.2967533688015429,0.5150290866438396
2025-12,3156,002074,27,0.09487432232626913,0.2950993405108348,0.40326519221377266
2025-12,3156,300686,17,0.08650742414460943,0.37672352356576416,0.4712602641913607
2025-12,3156,300693,34,0.2597219423735644,0.5079395106157032,0.510169376232909
2025-12,3156,601011,17,0.1306666666666667,0.3004085037706889,0.45641389085754763
2025-12,3156,002091,27,0.096132596685083,0.44766434119325427,0.542404473438955
2025-12,3156,601015,20,0.18721461187214605,0.4740732089066609,0.4504359057152085
2025-12,3156,300706,48,0.2376744186046511,0.41611964936437695,0.5709300566708763
2025-12,3156,300163,17,0.11512415349887128,0.40419731565619815,0.40458015267175557
2025-12,3156,688131,23,0.1285191263729326,0.47408497244352577,0.47682081365229273
2025-12,3156,000555,16,0.11047835990888377,0.48074737282585084,0.5428645428645434
2025-12,3156,002654,32,0.23483009708737868,0.4065141471651944,0.5128870277381461
2025-12,3156,688135,22,0.14615638403167275,0.3794694562865984,0.5179255610290093
2025-12,3156,300727,61,0.2509003601440576,0.3574437749649045,0.5361867810970511
2025-12,3156,002670,37,0.19656019656019652,0.27907891837717175,0.39501510574018134
2025-12,3156,603500,43,0.1813989239046887,0.4130197057315993,0.5345197459498875
2025-12,3156,300763,34,0.22617033276931764,0.40236632486659873,0.43798891025521347
2025-12,3156,002156,24,0.09617373319544986,0.3266432281227146,0.4887127761767534
2025-12,3156,300767,33,0.17229437229437228,0.41820500093583735,0.5411542100283819
2025-12,3156,002158,33,0.18673312883435578,0.29513395649787333,0.47668427788534096
2025-12,3156,300768,43,0.25999175937371233,0.5201899524587187,0.48564425770308145
2025-12,3156,601218,33,0.21157024793388435,0.33253283932773775,0.40242516104585085
2025-12,3156,301360,15,0.09922041105598856,0.33367165516359737,0.4337917349069764
2025-12,3156,688215,28,0.1986607142857143,0.45900848911566683,0.5744195791282856
2025-12,3156,002181,20,0.1428571428571428,0.3470401484930172,0.4837652666070902
2025-12,3156,688222,60,0.18105101649405442,0.3268940341793014,0.5546563012831645
2025-12,3156,300801,22,0.1643835616438356,0.4112140272360275,0.41312263326536547
2025-12,3156,300803,36,0.17585788685168002,0.5085978317814726,0.5174559281023158
2025-12,3156,600509,16,0.12944983818770217,0.4312843828381066,0.4887983706720986
2025-12,3156,600516,21,0.13091482649842268,0.41260142746724876,0.5423522242535038
2025-12,3156,688248,26,0.08220078912757567,0.42482986164202113,0.465655335001781
2025-12,3156,002210,25,0.14077669902912626,0.28127729787485056,0.5024660912453761
2025-12,3156,301448,17,0.22187500000000004,0.47725600432731713,0.5240080699394756
2025-12,3156,603659,23,0.11872791519434622,0.34040714208440104,0.49522292993630646
2025-12,3156,300843,35,0.23156394727467045,0.4694788003556191,0.5333280305440663
2025-12,3156,300328,37,0.16828849456210648,0.3416237215703543,0.5278112088539276
2025-12,3156,300331,22,0.11493902439024384,0.3509610508625372,0.5329769187271883
2025-12,3156,300882,32,0.2549019607843137,0.4139352759392164,0.4467229679423089
2025-12,3156,000799,34,0.21750000000000003,0.4588730883737483,0.5722360777168795
2025-12,3156,688330,17,0.13027898643460467,0.4026031810203552,0.46369358985725667
2025-12,3156,300893,30,0.12279325225578652,0.4076369344401562,0.5432519059087697
2025-12,3156,688336,21,0.10703159768580317,0.3862514202936483,0.45514187305232146
2025-12,3156,000813,69,0.23529411764705876,0.4905778502833963,0.5533722109533469
2025-12,3156,300357,41,0.19584055459272087,0.3683363330468671,0.4773239355248713
2025-12,3156,688345,33,0.24592220828105393,0.5121834679126683,0.5731094658910628
2025-12,3156,600617,20,0.12957746478873244,0.37660367049369076,0.3856209150326797
2025-12,3156,688348,30,0.2255379299513114,0.4738397399518014,0.4905742642418676
2025-12,3156,600619,41,0.18855932203389847,0.341476798759308,0.47225004552904754
2025-12,3156,300904,36,0.2542745481191988,0.4012845725051741,0.4664411451344078
2025-12,3156,688356,67,0.2593572778827977,0.34307368453026166,0.5701077191176604
2025-12,3156,300373,46,0.18552456839309428,0.49336102007283766,0.5516908402963895
2025-12,3156,301617,18,0.13053911374180127,0.3365626527407333,0.5356426167762647
2025-12,3156,002871,35,0.23856749311294756,0.3262190722342486,0.5676477699865913
2025-12,3156,300388,28,0.19052523171987645,0.4470373334453327,0.3979483551467984
2025-12,3156,300389,24,0.06963958460598663,0.27320209204217427,0.44427412974683583
2025-12,3156,603859,57,0.2536217503472912,0.5111573576880435,0.5230549349910497
2025-12,3156,600651,31,0.17016317016317017,0.39260135574971416,0.45635579156986417
2025-12,3156,688380,50,0.22248551869404942,0.4272723114789557,0.5271855891588167
2025-12,3156,600010,53,0.20415224913494823,0.4360232812006291,0.35255146304913665
2025-12,3156,600666,77,0.18041237113402053,0.3839560617275245,0.5614507443775736
2025-12,3156,600671,46,0.17069486404833845,0.34655091656781867,0.5687375475457345
2025-12,3156,603025,36,0.13820704375667026,0.41632029135698534,0.5176407697790459
2025-12,3156,603038,31,0.1864850707176533,0.3150638396994731,0.5119848612279227
2025-12,3156,603916,101,0.20938314509122502,0.5288252404018254,0.5712979890310786
2025-12,3156,600691,22,0.14420062695924762,0.31571725681599755,0.4933110367892974
2025-12,3156,002364,36,0.224475018102824,0.4195021656796002,0.506610225567999
2025-12,3156,603948,25,0.10547894148341408,0.32038123747880304,0.4278173439463759
2025-12,3156,300450,22,0.16348116533679724,0.3486349045761075,0.5372009464551751
2025-12,3156,300457,25,0.11451726568005638,0.2778277661036773,0.4260807937632882
2025-12,3156,002392,53,0.224755700325733,0.46055571095969633,0.5299745220780534
2025-12,3156,300465,28,0.18742085268045594,0.33370011330901933,0.47521577801080916
2025-12,3156,300469,26,0.12978102189781027,0.5114822534566195,0.5550820370764968
2025-12,3156,301008,27,0.16236162361623607,0.2680905084148453,0.40326530612244904
2025-12,3156,603088,35,0.2427419354838709,0.46766135398952263,0.5267211754947275
2025-12,3156,600095,81,0.2573781743308168,0.503976780079229,0.5024654832347137
2025-12,3156,603098,35,0.19481382978723405,0.32795828371117325,0.5679731243001116
2025-12,3156,603099,27,0.1639877535399924,0.5271439471979066,0.5137785432524029
2025-12,3156,603101,32,0.17450271247739602,0.4618001437299279,0.5699357847729902
2025-12,3156,300491,37,0.16130148840429215,0.3762266679344852,0.3839099361204221
2025-12,3156,301031,39,0.23388882414637002,0.5152469380617316,0.5455756818655005
2025-12,3156,688549,45,0.24934612031386238,0.49397410701986727,0.48069113195008506
2025-12,3156,688551,48,0.20843230403800472,0.4481021315401923,0.5584419271498737
2025-12,3156,003017,78,0.24854932301740817,0.3293321608556667,0.534653129138511
2025-12,3156,001234,15,0.1482558139534884,0.41666150018686327,0.457283172720534
2025-12,3156,300528,19,0.19373095341750102,0.42291481725825963,0.41444721210959984
2025-12,3156,603158,35,0.20169491525423733,0.41024603556514994,0.48644251626898033
2025-12,3156,300533,71,0.2266026739801167,0.3831802886232035,0.541557361801319
2025-12,3156,600162,31,0.24789915966386544,0.4792179338650323,0.5331076792891893
2025-12,3156,301083,15,0.12229176697159361,0.5112908310431773,0.4301962215066395
2025-12,3156,600173,20,0.14035087719298245,0.16398592304244872,0.2516830657690316
2025-12,3156,688610,33,0.16108663729809092,0.4325310824126699,0.4343886262077619
2025-12,3156,605288,22,0.24924451451846008,0.4947859398645199,0.4987857416749997
2025-12,3156,301099,37,0.210806697108067,0.4540989820599335,0.4954239336902095
2025-12,3156,300003,68,0.21267679413305396,0.4160608672065809,0.5358176238491892
2025-12,3156,300561,37,0.2368257904525728,0.32089132772143436,0.5474363658506882
2026-01,3176,605303,33,0.17431192660550454,0.45475128786430713,0.5487512007684915
2026-01,3176,600203,67,0.254320987654321,0.5869662353413784,0.6088751289989679
2026-01,3176,600208,75,0.25306122448979596,0.3990478523519282,0.4630499999999999
2026-01,3176,600846,33,0.23030667468430543,0.5298729388572377,0.5788159247833107
2026-01,3176,002513,27,0.16455696202531656,0.34245386849408455,0.4208881073990342
2026-01,3176,603213,99,0.23365617433414043,0.44572009664365975,0.3684210526315774
2026-01,3176,600860,182,0.24826629680998613,0.5832967329144533,0.5479088943460952
2026-01,3176,603266,82,0.2688131785847997,0.4332102030429182,0.5808417997097243
2026-01,3176,002562,83,0.26707317073170733,0.46940897852356767,0.5349643451055552
2026-01,3176,301197,128,0.18591172536781086,0.3457209113619178,0.5760981511663947
2026-01,3176,300644,82,0.2258312020460358,0.3652265601220581,0.5941250235531851
2026-01,3176,603301,18,0.08796680497925313,0.23071749945023645,0.5901843031683575
2026-01,3176,002596,17,0.1599229287090559,0.4543300496174236,0.37695745944425335
2026-01,3176,002599,199,0.2654867256637168,0.3795381415663839,0.4054305332050843
2026-01,3176,300119,159,0.22382978723404257,0.5626130605697665,0.47762963986368245
2026-01,3176,002067,40,0.20907617504051867,0.4853572470754862,0.5956175298804781
2026-01,3176,688093,66,0.2574167047010498,0.589747272089132,0.5886407565759353
2026-01,3176,000520,151,0.2699490662139219,0.504727160590487,0.5095789569672302
2026-01,3176,301251,64,0.2313725490196078,0.5320718471113803,0.6200268753573364
2026-01,3176,603351,134,0.24316015985244388,0.3497741818908357,0.5755103254781048
2026-01,3176,002084,39,0.23780487804878048,0.5365785466843352,0.49197278911564624
2026-01,3176,601007,158,0.1872791519434629,0.572866598403184,0.6171612113796272
2026-01,3176,600358,122,0.16718750000000004,0.4557040129604068,0.5692094072724114
2026-01,3176,603363,46,0.2433962264150944,0.5391308235041353,0.5112731135035967
2026-01,3176,688117,105,0.22012769838856805,0.4124466471616417,0.6162193971138659
2026-01,3176,601033,164,0.14207980652962515,0.5887516150641517,0.5622266060554082
2026-01,3176,688151,107,0.2685691946833463,0.23387363825729582,0.39646814404432135
2026-01,3176,000572,17,0.14213197969543145,0.3373532982116266,0.35514317709166526
2026-01,3176,688163,110,0.26347095871238624,0.336114250224556,0.619586942038641
2026-01,3176,000590,116,0.22613803230543317,0.5211472718326293,0.5724204588042686
2026-01,3176,002679,31,0.22399445214979197,0.53086595963927,0.531903791544685
2026-01,3176,300207,43,0.24686054196959695,0.5244440584207495,0.5294929285960678
2026-01,3176,002695,93,0.18310858765081617,0.45195145724386593,0.5996520204866808
2026-01,3176,600448,150,0.27007299270072993,0.3722851085749113,0.4426863147723157
2026-01,3176,000626,23,0.0828402366863904,0.42046552868881165,0.5996472663139323
2026-01,3176,301357,19,0.18709597980668602,0.5121849124180752,0.45556730039155036
2026-01,3176,002727,143,0.26163141993957706,0.5688741913224901,0.4573928207897203
2026-01,3176,601279,19,0.17514124293785305,0.4644054635434518,0.5155642023346294
2026-01,3176,300240,144,0.2672147995889004,0.2507762590175891,0.29737861055985215
2026-01,3176,300791,150,0.15580952380952384,0.5754933490614893,0.6187644840106589
2026-01,3176,300250,27,0.23418747972753806,0.4394892929507573,0.572043672151315
2026-01,3176,002189,114,0.2691275167785234,0.333274965441906,0.5281205719438364
2026-01,3176,300254,121,0.2658035034272658,0.3687218801387295,0.5066166622019824
2026-01,3176,300804,109,0.2672355715248147,0.25848711697509696,0.2704656408552405
2026-01,3176,002752,18,0.1089385474860336,0.5768710100572096,0.39999999999999986
2026-01,3176,000685,30,0.13279352226720642,0.5147219171178792,0.5401052957572002
2026-01,3176,601606,61,0.23492547425474253,0.5442231929851069,0.485686492495831
2026-01,3176,002790,25,0.11267605633802824,0.5405839977894871,0.5116510807910477
2026-01,3176,300841,107,0.20558464223385686,0.5229248682650739,0.5919509659914403
2026-01,3176,300302,34,0.24740484429065757,0.5478458885857107,0.5426725603536212
2026-01,3176,000735,17,0.13847900113507383,0.5425149385306373,0.4174624829467941
2026-01,3176,603686,19,0.2278136688201292,0.4959443730463436,0.4765467995039981
2026-01,3176,603697,143,0.25778078484438427,0.534678800886474,0.5524033523944769
2026-01,3176,300867,31,0.12856474988312294,0.4502918488142581,0.4535521498140354
2026-01,3176,603817,24,0.1245136186770428,0.4459788828350452,0.3652078641426743
2026-01,3176,600635,22,0.1372282608695653,0.40801468607217684,0.4473386183465463
2026-01,3176,002320,21,0.18530351437699688,0.4516123890600999,0.3695414847161573
2026-01,3176,000877,87,0.23802612481857766,0.5171477908690871,0.47004335829720145
2026-01,3176,603026,17,0.18922651933701662,0.5339499517199561,0.5645235679365376
2026-01,3176,002915,77,0.2693103448275862,0.3833964310432673,0.5984499584751687
2026-01,3176,603030,48,0.19884726224783866,0.37166315826909163,0.5572963294538944
2026-01,3176,603909,35,0.20594633792603334,0.5698657585801072,0.4697997014182634
2026-01,3176,600033,20,0.13539192399049882,0.5479469578374138,0.37080122146284666
2026-01,3176,000953,122,0.2185354691075515,0.38766580886417173,0.31662303664921443
2026-01,3176,000955,23,0.23776223776223782,0.5119098357618357,0.397471554993679
2026-01,3176,000967,161,0.24348958333333337,0.5072693964351064,0.6090065929154095
2026-01,3176,300464,25,0.12981455064194014,0.5515486225215162,0.6057971014492756
2026-01,3176,688513,84,0.25249169435215946,0.3980267089851497,0.5920383343737717
2026-01,3176,000980,35,0.24407582938388628,0.5014180031731277,0.5700660308143796
2026-01,3176,301013,30,0.26392326732673266,0.45600144176378754,0.5325132140774598
2026-01,3176,600101,168,0.26458157227388,0.2565341813256553,0.33592554818969905
2026-01,3176,300488,198,0.26595474192728197,0.4945537260638725,0.42524778299426186
2026-01,3176,003016,21,0.1793168880455407,0.4629774053549146,0.36549086272843206
2026-01,3176,300512,23,0.1589882565492321,0.5405217722489317,0.44249919691615863
2026-01,3176,301065,158,0.23094688221709003,0.5001866689278648,0.5718306334322759
2026-01,3176,600802,23,0.1368124118476728,0.3796011568513231,0.36314914063943826
2026-01,3176,300537,102,0.24337517433751743,0.4830255948336608,0.5961536080048546
2026-01,3176,600167,39,0.25905598243688255,0.5792681278755523,0.3721481816128304
2026-01,3176,300539,37,0.261355854827665,0.5451293162904687,0.610664969371956
2026-01,3176,001283,86,0.22444479445581977,0.5538490821267011,0.5972316018210972
2026-01,3176,603167,143,0.16160626836434866,0.4373854308580546,0.617800188578691
2026-01,3176,605188,18,0.18803056027164688,0.41005715969422485,0.5479495468086459
2026-01,3176,600815,20,0.149171270718232,0.33553074690370716,0.34749034749034746
2026-01,3176,603177,46,0.2246376811594204,0.5072105013972934,0.6101682020199455
2026-01,3176,600182,237,0.23412204234122036,0.5444456405348905,0.5202335577001054
2026-01,3176,603181,61,0.2667025862068966,0.49927163265855923,0.5351509937573069
2026-01,3176,600826,94,0.25079113924050633,0.3965399647493637,0.6232080280344058
2026-01,3176,688619,99,0.25142207053469845,0.4915973062213603,0.5601838552140189
2026-02,3190,002927,23,0.23073666384419977,0.48325803606903733,0.5352112676056339
2026-02,3190,000006,40,0.1754554170661553,0.5528454782935223,0.5986360191967668
2026-02,3190,603668,49,0.2601832993890021,0.5315666050423593,0.6054657875248707
2026-02,3190,603933,29,0.1020408163265305,0.2824408570055781,0.24229291834925606
2026-02,3190,603380,76,0.20873219705813673,0.5427955404240713,0.47127032454492435
2026-02,3190,002249,47,0.190276613579212,0.5060644735194916,0.5275658726072913
2026-02,3190,000753,46,0.23991275899672848,0.5068153287621658,0.4940594314579523
2026-02,3190,002805,32,0.17361477572559358,0.4757290846381389,0.5597615979381446
2026-02,3190,600067,31,0.1297872340425532,0.4916254344733317,0.43354655294953826
2026-02,3190,000566,29,0.22946544980443284,0.4399108476450581,0.44342340371221234
2026-02,3190,688148,26,0.21709894332372714,0.49388809231432224,0.464966689639329
2026-02,3190,000965,149,0.22427983539094654,0.5656319528347573,0.6070753230381343
2026-02,3190,301152,55,0.17731309080492685,0.5311636954455329,0.5932745622083051
2026-02,3190,000049,55,0.17232289950576607,0.549722577746555,0.4878188374000799
2026-02,3190,688007,92,0.25675057208237995,0.45822470915841396,0.590781240599242
2026-02,3190,300192,23,0.22123401889938854,0.4643666287600393,0.5950554134697358
2026-02,3190,600408,21,0.15581395348837213,0.38999656474455513,0.4857100547904639
2026-02,3190,002825,43,0.15515840779853773,0.5079400575279831,0.6125794912559618
2026-02,3190,002402,51,0.2428142428142428,0.5573401347237702,0.3934343171897734
2026-02,3190,301010,44,0.21295279912184406,0.5314345079711726,0.4638913996570337
2026-02,3190,600737,67,0.2237583205325141,0.5370749958188638,0.5714788665983491
2026-02,3190,301315,26,0.25497334546872974,0.5395553836806083,0.5876951331496789
2026-02,3190,300200,19,0.24092409240924095,0.5285610771621087,0.455301813174202
2026-02,3190,301565,55,0.1987307949231798,0.5749218202320039,0.529275284786388
2026-02,3190,002549,43,0.1811564900930045,0.5543132363685931,0.486863169789999
2026-02,3190,301319,24,0.19953112789789007,0.44252453761094196,0.5707521976990928
2026-02,3190,000797,29,0.2236503856041131,0.34612515947726674,0.39742513294150583
2026-02,3190,603758,44,0.23903966597077242,0.564260247947789,0.4722378679631222
2026-02,3190,002407,21,0.14754098360655732,0.36057960345731815,0.5397486535008978
2026-02,3190,300478,32,0.2640483383685801,0.5229251509276788,0.5511586208471804
2026-02,3190,301019,33,0.15321100917431196,0.3581873107679062,0.41095890410958863
2026-02,3190,600103,49,0.2286324786324786,0.48660704588007114,0.3457764394372045
2026-02,3190,002564,82,0.247083775185578,0.43241238408660865,0.5696697283564588
2026-02,3190,688719,26,0.24899665551839467,0.47163093019253705,0.43700846566147356
2026-02,3190,300082,21,0.181184668989547,0.5201642164248546,0.4851046698872782
2026-02,3190,300363,93,0.25966303270564917,0.3648316285141211,0.5956932289267618
2026-02,3190,603803,28,0.21440261865793786,0.45444630958176147,0.4719993278158212
2026-02,3190,300086,18,0.19732142857142854,0.3085008848760742,0.36461574362165505
2026-02,3190,603566,173,0.20427236315086783,0.5349567522635019,0.6145386916794697
2026-02,3190,600630,51,0.21062106210621057,0.5383974978152134,0.5088788762258146
2026-02,3190,301617,52,0.2382620882971268,0.3785722857893935,0.5999653688021229
2026-02,3190,002593,38,0.162406015037594,0.5454477957288646,0.4896209386281586
2026-02,3190,002187,21,0.23478260869565215,0.5106238014482198,0.3530689842476914
2026-02,3190,301069,33,0.1936465021966881,0.5725678761115834,0.4779095753824995
2026-02,3190,300663,154,0.26385809312638575,0.4999298946343975,0.6032860375124229
2026-02,3190,002748,32,0.13094367227505477,0.38279847682292556,0.4999034935340673
2026-02,3190,000505,33,0.18601895734597151,0.5593894185846489,0.4949809622706824
2026-02,3190,002893,52,0.216391085549964,0.512038595091185,0.5084973166368518
2026-02,3190,600506,28,0.16032982134677054,0.38183392092932933,0.4280452178331006
2026-02,3190,300937,18,0.15457332652018385,0.3177406357474402,0.29919078515710446
2026-02,3190,600658,100,0.24815361890694232,0.44296838350022,0.6116440019426905
2026-02,3190,002611,73,0.24966261808367074,0.4644963080548676,0.5742030821194847
2026-02,3190,603169,19,0.13265306122448983,0.3222766749296079,0.5262308313155785
2026-02,3190,300128,38,0.17724550898203584,0.5215681044733493,0.5672220069740411
2026-02,3190,688981,62,0.19676269676269675,0.4848678369336944,0.42218291799516766
2026-02,3190,002474,26,0.20642201834862384,0.34526069323100916,0.4178478984346108
2026-02,3190,002213,22,0.23459061637534495,0.45289828646547753,0.4640718562874253
2026-02,3190,603906,37,0.24395509499136436,0.4651542835022986,0.42359404366054576
2026-02,3190,300959,28,0.250625269512721,0.5320988980167664,0.4116365051566451
2026-02,3190,603903,38,0.23748395378690623,0.5524045421311907,0.528541226215645
2026-02,3190,300827,23,0.17469310670443816,0.4630307104316214,0.547438949470128
2026-02,3190,300560,25,0.21861702127659577,0.41849194690139696,0.48016436688311664
2026-03,3212,600838,31,0.22978382706164935,0.3093106873024097,0.533306337315246
2026-03,3212,605339,64,0.28610982925703743,0.4540406897596559,0.4996912591156716
2026-03,3212,600848,64,0.2363488182559088,0.5005227921169824,0.5920223003915843
2026-03,3212,301123,15,0.1913978494623656,0.3130374394000576,0.6243161317006006
2026-03,3212,001360,16,0.22588424437299026,0.2646668606898842,0.5701538562477442
2026-03,3212,600855,30,0.25210871602624174,0.2887185378644593,0.44375147093433753
2026-03,3212,603212,27,0.24637681159420288,0.48065456566199327,0.6489881367759947
2026-03,3212,603219,121,0.28759398496240607,0.5067513524759754,0.6337052018653542
2026-03,3212,301133,28,0.15485996705107097,0.4602684803348544,0.5565862708719856
2026-03,3212,600865,28,0.19725818735719736,0.22359671306584988,0.341985268326903
2026-03,3212,301136,31,0.2946601941747573,0.3508166181945369,0.3886728245017012
2026-03,3212,000036,33,0.28480000000000005,0.5012448406042848,0.5440374391355963
2026-03,3212,605598,26,0.25054723017342995,0.2808246130971571,0.40474899707253625
2026-03,3212,688682,21,0.2552034502156385,0.33673156281972333,0.5852785887322194
2026-03,3212,600877,30,0.25711481844946016,0.34784593016949056,0.534924207981726
2026-03,3212,300053,24,0.24209532798489863,0.3365621671364527,0.5698901167704973
2026-03,3212,300062,38,0.19651500484027096,0.37504608495701697,0.5396582715233158
2026-03,3212,301176,131,0.282035370772572,0.2623164591479581,0.44868835934202783
2026-03,3212,600897,59,0.2299154334038056,0.5088633735792335,0.5829265159301135
2026-03,3212,688711,21,0.270348001150417,0.43589291646420447,0.6356657996574256
2026-03,3212,603278,30,0.21478060046189384,0.26774205612901825,0.47949809545149
2026-03,3212,300078,29,0.2559055118110237,0.26211397315660273,0.4478458049886619
2026-03,3212,002029,32,0.24959999999999993,0.24638855411010463,0.4646464646464645
2026-03,3212,300640,55,0.26121979286536245,0.49007827520982594,0.5774498703385809
2026-03,3212,002058,78,0.2512760109933254,0.40258363988046286,0.6585166164266311
2026-03,3212,600979,218,0.27574750830564776,0.3281669103116698,0.4067040995203733
2026-03,3212,603326,201,0.29105211406096365,0.47753720238544123,0.6622573607482751
2026-03,3212,301238,86,0.27049839228295824,0.4642545539004397,0.6571182366547235
2026-03,3212,600343,17,0.23112313937753726,0.41081437499319934,0.5467412923817013
2026-03,3212,301256,27,0.29391304347826086,0.36564301606953087,0.5942626640975309
2026-03,3212,300141,40,0.266161910308678,0.5540052046349866,0.636820083682008
2026-03,3212,688109,56,0.24237570476678627,0.46858573658071406,0.5185141725136413
2026-03,3212,601007,194,0.1872791519434629,0.5400855820643631,0.6432435478417674
2026-03,3212,002639,15,0.2587917042380522,0.3360573769269995,0.5264559068219633
2026-03,3212,600362,19,0.24963924963924955,0.538264597194542,0.5622468268971106
2026-03,3212,688119,15,0.21753246753246747,0.32607912302243114,0.48065587825527856
2026-03,3212,301279,40,0.2922053934244552,0.3374797300911433,0.5862204503341001
2026-03,3212,002115,24,0.26597805035506783,0.3985388279151691,0.5732233264579034
2026-03,3212,688151,143,0.2685691946833463,0.26059637042523953,0.4433151376894248
2026-03,3212,601106,15,0.18326693227091628,0.29685764996468444,0.4859967051070839
2026-03,3212,002674,95,0.25818639798488674,0.4866872086276568,0.6629877808435161
2026-03,3212,688160,23,0.22186061279568192,0.42713880120906156,0.5262131799405472
2026-03,3212,002682,20,0.2842242503259452,0.5666526558026829,0.5443753533069533
2026-03,3212,300762,18,0.18756218905472655,0.28455207030556207,0.5096601880007862
2026-03,3212,002153,31,0.2811572700296736,0.46846360634308,0.48113620722017164
2026-03,3212,000617,121,0.27326068734283315,0.39225481041840066,0.527319587628866
2026-03,3212,600448,186,0.294403892944039,0.34788639633871526,0.4472088247934675
2026-03,3212,300785,25,0.2708197787898503,0.36519314328909025,0.4145245254955217
2026-03,3212,300244,24,0.27292294446835985,0.5159080147906375,0.6180687998869816
2026-03,3212,000663,68,0.26582278481012656,0.5196985260937768,0.562793765976746
2026-03,3212,300791,186,0.29295238095238096,0.5452302319944887,0.5752881974990127
2026-03,3212,603607,169,0.28046218487394947,0.40322446507990106,0.6380225468263369
2026-03,3212,600505,180,0.29004076878276075,0.3203997652865088,0.38144904458598733
2026-03,3212,688233,23,0.28904182106934884,0.4882903650287463,0.5890677684380489
2026-03,3212,300807,40,0.21649484536082475,0.39897126874732636,0.6463685035963439
2026-03,3212,601399,17,0.1712062256809338,0.26944086854102683,0.4813829787234036
2026-03,3212,301393,186,0.2663300725781004,0.5076947649864206,0.6268074031231928
2026-03,3212,301408,33,0.2848158131177,0.261163451772233,0.3827712312068265
2026-03,3212,601566,32,0.238132911392405,0.21872016168531036,0.24061343204653604
2026-03,3212,688261,18,0.28623910989818413,0.569147627357304,0.658499886441063
2026-03,3212,002228,41,0.24145299145299148,0.2490833335876616,0.39264374951501524
2026-03,3212,603680,17,0.2354818123803446,0.41046176632206843,0.6252771618625274
2026-03,3212,688283,18,0.2421138877509218,0.31746401079042186,0.641583527913394
2026-03,3212,002801,211,0.2951024487756122,0.4639958954377747,0.4703926266315803
2026-03,3212,301517,21,0.24038886433937257,0.2864330662233504,0.4960996181064596
2026-03,3212,603696,20,0.17669584245076586,0.19711638378249896,0.3149710336416302
2026-03,3212,002255,39,0.21559970566593079,0.29873664794109844,0.6469709897610919
2026-03,3212,600580,77,0.2848484848484849,0.4489324911967475,0.6191155544071241
2026-03,3212,002264,25,0.2671102661596958,0.22489001534206482,0.3502974223397224
2026-03,3212,688311,17,0.25498426023084997,0.4260166999059141,0.5786215117993154
2026-03,3212,300337,21,0.26468689477081986,0.3702656741511731,0.5416248746238715
2026-03,3212,688321,128,0.27060439560439553,0.4511749296158778,0.47353154163547245
2026-03,3212,002836,41,0.22606547251389753,0.3214524709437246,0.575249758298421
2026-03,3212,688323,15,0.1869676320272573,0.39299436221129463,0.6565614898260715
2026-03,3212,002279,30,0.23448275862068968,0.34114999828485054,0.5487887706588185
2026-03,3212,300885,30,0.24264705882352933,0.3279368137223043,0.5137153231560432
2026-03,3212,300886,163,0.2930339666090962,0.34258917652931553,0.4527940975543105
2026-03,3212,300346,25,0.24865707849592789,0.41243564512819836,0.656867528665528
2026-03,3212,002286,166,0.29280397022332505,0.3868799631573291,0.5386339381003201
2026-03,3212,688332,67,0.2890139751552795,0.5706162252586878,0.545236711527933
2026-03,3212,603777,247,0.2901044867854947,0.3237340166433874,0.364637150744195
2026-03,3212,688333,21,0.283546462063086,0.4102594810564436,0.6094401779372045
2026-03,3212,002298,90,0.2892086330935252,0.42325715186350726,0.5522969065021676
2026-03,3212,300904,92,0.29152418172936,0.5078723863970666,0.5636128838536617
2026-03,3212,600629,68,0.29106223678053345,0.5746030221150038,0.5675876237657778
2026-03,3212,000859,19,0.19461883408071745,0.3270412847897116,0.6321449910376417
2026-03,3212,688395,202,0.2839548409168663,0.3067000807458089,0.47008602924340087
2026-03,3212,603890,60,0.2955307262569832,0.5458267934307941,0.6156186612576066
2026-03,3212,000901,20,0.25527350732928145,0.24452797479901245,0.4850372376438727
2026-03,3212,002347,22,0.20820820820820818,0.24423259695723326,0.4678510998307958
2026-03,3212,300414,30,0.2929687500000001,0.49949477928613023,0.6273206957201485
2026-03,3212,600021,77,0.2697693574958814,0.5390169443518225,0.435429819574519
2026-03,3212,603023,39,0.280327868852459,0.4307234101192166,0.6342650637952653
2026-03,3212,603898,29,0.18632788868723538,0.5751851748068396,0.6351562500000001
2026-03,3212,688418,24,0.1522381276982503,0.4405420087736686,0.6305530893983857
2026-03,3212,300421,25,0.24525043177892913,0.23146810019382447,0.4374289615097485
2026-03,3212,000917,24,0.27625201938610655,0.4920669324028949,0.6131183437842144
2026-03,3212,600693,22,0.235207100591716,0.24617930848696964,0.32171479455540003
2026-03,3212,002366,147,0.2796257796257796,0.3855619901857573,0.6383773710236919
2026-03,3212,603928,134,0.25233644859813087,0.3908853956063048,0.6405645231546592
2026-03,3212,300976,103,0.25823086076953594,0.46601434256289287,0.6256758468177969
2026-03,3212,002374,50,0.23115577889447236,0.36722428374965904,0.6514476614699333
2026-03,3212,300446,42,0.2632404864652804,0.3028661356054375,0.5029917726252807
2026-03,3212,300456,22,0.24688684353004875,0.387077889135992,0.4915776850307211
2026-03,3212,603076,173,0.2787624879149211,0.44807378895642036,0.5130047116989584
2026-03,3212,301017,34,0.2515868436237737,0.2322558006833922,0.3409090909090909
2026-03,3212,301032,207,0.2759493670886076,0.31521144605295853,0.39845709341038094
2026-03,3212,002427,171,0.2840095465393795,0.2396998215687038,0.36893262315307995
2026-03,3212,600120,222,0.29396325459317585,0.4663970875760333,0.5028940010791192
2026-03,3212,301043,23,0.20853008377760862,0.49705752112653584,0.602283877163316
2026-03,3212,605086,31,0.1896330510649218,0.33130691674671703,0.6112149532710281
2026-03,3212,600776,26,0.2553418803418803,0.3768349092019868,0.5667668527264922
2026-03,3212,300509,29,0.28857327307940606,0.4224549530768897,0.5962539021852234
2026-03,3212,603130,30,0.2488714425907752,0.5348325109525204,0.5198139644067549
2026-03,3212,300516,25,0.2638014079288624,0.30231441181911684,0.38605730117196946
2026-03,3212,600143,93,0.2747353888633226,0.4005583459862998,0.6412883564522905
2026-03,3212,002451,38,0.23436196830692246,0.31709833074778676,0.5961736268257556
2026-03,3212,600151,17,0.16509433962264142,0.19065420579254913,0.3811328114116956
2026-03,3212,600798,160,0.27754237288135586,0.4027533966282512,0.48357051436391973
2026-03,3212,002465,16,0.21355932203389827,0.39476293555953634,0.5454545454545452
2026-03,3212,605277,118,0.27383452330953384,0.3379885619316447,0.5070424413796781
2026-03,3212,600828,23,0.19452887537993924,0.3892034924755441,0.44689889549702627
2026-03,3212,600829,38,0.2648221343873517,0.2632854307517796,0.3427559602858407
2026-03,3212,600193,178,0.28968253968253965,0.3985282319786671,0.5960362123807195
2026-04,3233,601611,31,0.2711085582998277,0.4930285312930927,0.5873243026013997
2026-04,3233,688626,32,0.2799511002444989,0.5207609439952487,0.5082991528347452
2026-04,3233,601616,23,0.13188976377952755,0.3204702688704359,0.5750600635511118
2026-04,3233,300837,30,0.15254677754677748,0.30862035214721995,0.4453389622502578
2026-04,3233,603667,20,0.1580016246953696,0.45384638542100664,0.5684262134335681
2026-04,3233,300158,127,0.29833546734955174,0.3183289059585594,0.37770576679457296
2026-04,3233,000547,29,0.25183530162783263,0.5033400257269335,0.5270630786820807
2026-04,3233,603933,72,0.22769107643057218,0.3340712043599687,0.5610909836261951
2026-04,3233,601698,21,0.2154080081094779,0.5056414097242198,0.6296187712931044
2026-04,3233,002519,19,0.14910313901345296,0.5217322998816482,0.6002293870268892
2026-04,3233,300034,42,0.2982527427874848,0.5230902324926027,0.5698416947078617
2026-04,3233,301293,28,0.1505670173520972,0.4607474893459869,0.5092158925509076
2026-04,3233,600391,26,0.191568218670373,0.4334742181492378,0.5391473311235568
2026-04,3233,603396,24,0.20970495001219225,0.4197576927846429,0.5712516922574548
2026-04,3233,300189,26,0.23046357615894042,0.3474714445964845,0.4572368421052632
2026-04,3233,600879,22,0.22265023112480742,0.45656608130713866,0.6337611056268511
2026-04,3233,301159,49,0.263960396039604,0.4270773358961663,0.6218945479477563
2026-04,3233,600089,25,0.13794301598332182,0.46117529370874977,0.6135611723162264
2026-04,3233,000981,26,0.1912087912087912,0.3246533454700615,0.49141659022408635
2026-04,3233,002009,20,0.12949921752738647,0.3275685299589993,0.48637125019034555
2026-04,3233,002985,32,0.16882148184982593,0.4694524845019175,0.6390879720747147
2026-04,3233,300887,26,0.15660377358490563,0.3226111948926603,0.4248936992655581
2026-04,3233,688568,27,0.20554550934297766,0.4271300294495856,0.5214134002703223
2026-04,3233,002151,29,0.22633744855967086,0.3820028391320787,0.5610268687929065
2026-04,3233,002703,27,0.22725194330132614,0.4699981091451468,0.5744489877331206
2026-04,3233,300629,32,0.21206513693560325,0.4856774378659909,0.6397471089825952
2026-04,3233,301595,19,0.260434632631942,0.5139172048602263,0.5180103703023907
2026-04,3233,001208,32,0.2131004366812227,0.432727929547802,0.6052700065061809
2026-04,3233,301348,27,0.14983101764926765,0.4464651988052736,0.5886666885583246
2026-04,3233,000630,39,0.2948717948717948,0.5257666106441019,0.6067615658362995
2026-04,3233,300505,18,0.15588954910870323,0.44504858295914346,0.4662098616149403
2026-04,3233,000407,54,0.2892156862745099,0.4378831566723369,0.35619681834998174
2026-04,3233,600775,31,0.2623853211009175,0.4628003241374739,0.59042027379205
2026-04,3233,688563,46,0.2727272727272728,0.5366527605098579,0.6323783145659279
2026-04,3233,002173,28,0.21199442119944212,0.45042007272196,0.5406490156858615
2026-04,3233,301363,32,0.1822565091610414,0.4759210532152527,0.5147247119078111
2026-04,3233,600481,25,0.20883534136546178,0.4507809599161434,0.4508917954815693
2026-04,3233,002177,31,0.22089227421109892,0.5385760810650646,0.6403940886699505
2026-04,3233,300102,18,0.20629750271444092,0.5366066203618305,0.5773876934692338
2026-04,3233,002317,74,0.2967079948696024,0.4945827142447999,0.5929706643693387
2026-04,3233,002446,51,0.23220338983050848,0.3877801989227138,0.624744146737623
2026-04,3233,600307,22,0.2018779342723005,0.5512546804782947,0.4778717464488055
2026-04,3233,600783,23,0.17122423222549432,0.5442136738813149,0.5973967278315103
2026-04,3233,300792,19,0.14166666666666672,0.4431609907999696,0.493353808233649
2026-04,3233,605123,33,0.177615796272375,0.36987411745867027,0.576148999731653
2026-04,3233,000505,76,0.26184834123222744,0.49533949139386296,0.576435246995995
2026-04,3233,300118,23,0.15907813378302404,0.3768180441410656,0.49796054917199584
2026-04,3233,002195,18,0.09947089947089938,0.32214543858526734,0.4353972292903591
2026-04,3233,002196,56,0.2978378378378378,0.3823467181553246,0.48528662865587585
2026-04,3233,600162,108,0.2983193277310925,0.38445118536834816,0.5538835513369598
2026-04,3233,002339,26,0.21074380165289253,0.4204398700367247,0.5525777521372002
2026-04,3233,603331,27,0.14530456852791873,0.2968623618460644,0.4980842911877394
2026-04,3233,300129,21,0.2069224981188864,0.4084146431629858,0.48991729091174985
2026-04,3233,605208,226,0.2973621103117505,0.26422624229327996,0.48818091427759763
2026-04,3233,600819,88,0.2738225629791896,0.3907713354445597,0.6341692055308178
2026-04,3233,600179,72,0.2247191011235955,0.5111625164945237,0.4544605257484516
2026-04,3233,002623,27,0.1829626521191775,0.4413070710442254,0.5553531673750256
2026-04,3233,688102,32,0.23283512377393734,0.48301271248821515,0.6262349218631258
2026-04,3233,603650,40,0.19617307360799852,0.38324744217018725,0.627140025229771
2026-04,3233,300418,20,0.19885376866967686,0.5434028843653039,0.577542093100033
2026-04,3233,300423,32,0.28869895536562196,0.39998614691755896,0.600869103073123
2026-05,3251,600841,23,0.30443349753694593,0.5883245172402062,0.6686761323074483
2026-05,3251,300016,35,0.23898781630740396,0.5150035715420201,0.6025802183261666
2026-05,3251,600844,29,0.23177083333333326,0.5479256974542351,0.5981369504821048
2026-05,3251,002506,19,0.30000000000000004,0.4655794226786609,0.5779334500875656
2026-05,3251,600230,25,0.27186406796601703,0.5043919280785214,0.5217391304347825
2026-05,3251,600868,61,0.2760180995475112,0.5185948815457949,0.6809338521400782
2026-05,3251,600871,31,0.2096219931271479,0.39445645911647453,0.41180507892930696
2026-05,3251,301161,137,0.3177134445534838,0.3757479917350414,0.5190830845915324
2026-05,3251,002546,27,0.1707317073170731,0.2726112596854312,0.48690269494979976
2026-05,3251,300063,31,0.2802593659942363,0.5830465195282003,0.6067839195979897
2026-05,3251,300618,124,0.318991899189919,0.564949568131424,0.6817369465189772
2026-05,3251,600895,120,0.316314076484947,0.48344339779264967,0.6173342051702385
2026-05,3251,002563,117,0.25,0.5606231740769785,0.6657796175832839
2026-05,3251,600938,20,0.17018072289156627,0.5431302335297248,0.5311540911459841
2026-05,3251,301209,118,0.2920071047957371,0.5551688077189009,0.6492066007198316
2026-05,3251,000506,29,0.23675310033821872,0.574021381797202,0.601010548710221
2026-05,3251,600980,176,0.30252100840336127,0.28030160027211154,0.5772924823916726
2026-05,3251,603326,240,0.29105211406096365,0.4579745918951215,0.6640316205533594
2026-05,3251,603351,209,0.3021826006762989,0.32777527634742537,0.5952647529162386
2026-05,3251,300143,35,0.21138211382113825,0.521279934054554,0.5852461888908363
2026-05,3251,601007,233,0.25984251968503946,0.5476397488527665,0.6837754691751683
2026-05,3251,601015,39,0.30691056910569103,0.4746451566412407,0.5311823726145977
2026-05,3251,300157,23,0.2753623188405797,0.3470713777403732,0.45403388224144053
2026-05,3251,601022,226,0.2908930150309461,0.5694463208561037,0.581775229323505
2026-05,3251,300164,18,0.3036093418259024,0.4838939713534183,0.47241179872758815
2026-05,3251,000554,31,0.22753792298716458,0.4340413401122503,0.4688365650969528
2026-05,3251,601069,32,0.2486002239641657,0.5875009498117061,0.6743498753035017
2026-05,3251,002112,28,0.21815834767641984,0.36706821061573414,0.5454330336015145
2026-05,3251,600389,28,0.2021136063408191,0.5683830570776405,0.6795463283352555
2026-05,3251,601096,26,0.16887417218543055,0.34461590218559657,0.6145906638517481
2026-05,3251,300727,156,0.30708283313325324,0.3896869754703487,0.6108736427386519
2026-05,3251,603421,35,0.20837927232635067,0.5457136074944194,0.6373785703929246
2026-05,3251,300191,17,0.246607950487979,0.5510301871952598,0.6765643501229617
2026-05,3251,600410,21,0.303086649312012,0.46573284410412596,0.675049460252546
2026-05,3251,603518,229,0.3051438535309504,0.5139547515137914,0.6108234338511526
2026-05,3251,300759,161,0.314835471277189,0.47948817790206677,0.683911529775284
2026-05,3251,601212,29,0.27634660421545665,0.46299696348330216,0.4927815864288701
2026-05,3251,002716,28,0.3015037593984964,0.543914421449124,0.551732320835311
2026-05,3251,600468,41,0.29935622317596566,0.5110650393502035,0.6665521756864091
2026-05,3251,600506,89,0.31571876399462606,0.38929678745121754,0.5300924325567113
2026-05,3251,002200,209,0.23985239852398532,0.32622419932115315,0.6713640697739638
2026-05,3251,002202,38,0.2135219041048637,0.568738957608218,0.5587337524510301
2026-05,3251,603619,20,0.29436860068259385,0.5243417931249423,0.47257667338258325
2026-05,3251,002218,33,0.31269349845201233,0.4458404145815477,0.5301342348176362
2026-05,3251,603656,114,0.3106531881804043,0.4292352872793963,0.6743915149285759
2026-05,3251,300281,220,0.29955456570155903,0.2616723000761442,0.4324183623252653
2026-05,3251,301468,53,0.31288343558282217,0.5854935992594866,0.5609128564365082
2026-05,3251,688277,32,0.30626262626262624,0.5799504797218566,0.572720472785838
2026-05,3251,600550,29,0.2419168591224018,0.4793472346558362,0.603469717696804
2026-05,3251,301517,60,0.31875825627476884,0.4404853991548238,0.6604269605979982
2026-05,3251,600583,32,0.24045261669024043,0.4111409691451326,0.5266457680250786
2026-05,3251,601857,20,0.14143094841930115,0.5697605918192408,0.6642396372229671
2026-05,3251,300897,162,0.31361702127659574,0.31260918649289765,0.49534482556297466
2026-05,3251,301636,21,0.26408045977011485,0.43343469947437807,0.5345148259154395
2026-05,3251,300927,25,0.29754784688995217,0.5198492716268357,0.4626874846324071
2026-05,3251,000878,58,0.3138362242839854,0.5194624309789188,0.68136545500979
2026-05,3251,002910,98,0.27368421052631586,0.5327755882363581,0.6419299233096462
2026-05,3251,603898,68,0.2728372655777376,0.4790348661520174,0.6324152542372883
2026-05,3251,603909,110,0.30122214234363764,0.5706579087304438,0.6540893373299258
2026-05,3251,002358,26,0.20625000000000004,0.38133942400099907,0.6130833245549353
2026-05,3251,603038,126,0.30851606323304437,0.3507067311903308,0.6125426173616575
2026-05,3251,300434,117,0.3167559296097935,0.535203148743339,0.6392387151549452
2026-05,3251,300447,60,0.30912311780336577,0.4993225174322594,0.6460798837886288
2026-05,3251,000952,90,0.2508630609896433,0.36386319629671204,0.6764157539035192
2026-05,3251,600075,34,0.3014084507042253,0.5232673964070839,0.6778661951075742
2026-05,3251,603077,24,0.20195439739413668,0.5100216745353027,0.5765199161425578
2026-05,3251,000968,23,0.22422954303931986,0.5791756531523026,0.508878876225815
2026-05,3251,600081,239,0.3012692050768203,0.23787314583976624,0.37406719355143436
2026-05,3251,600108,25,0.2633832976445396,0.4462041154143257,0.5028312570781428
2026-05,3251,600755,97,0.2768647281921619,0.5110251770372731,0.46694024865305717
2026-05,3251,002995,25,0.22406639004149387,0.37506288347512445,0.5904884083203518
2026-05,3251,002437,187,0.27318295739348375,0.36383142976516974,0.6402781390568395
2026-05,3251,002440,20,0.2707136997538966,0.4959445424448022,0.5350438047559447
2026-05,3251,600785,28,0.1954941860465116,0.4759098663342881,0.6180795062624794
2026-05,3251,002455,17,0.19548872180451127,0.39201140808878604,0.36605874878541006
2026-05,3251,001256,245,0.29918468628146055,0.5045888994036859,0.46610011785869376
2026-05,3251,003035,18,0.18870192307692313,0.5092098040904004,0.6008156769123643
2026-05,3251,301073,68,0.31787878787878787,0.4625683886018023,0.43010826839528316
2026-05,3251,001280,31,0.1765650080256822,0.46517025337791884,0.5612582781456953
2026-05,3251,600173,115,0.31075268817204305,0.3295303691514138,0.503906513858555
2026-05,3251,603176,187,0.3157894736842104,0.252786021878172,0.5090774758241824
2026-05,3251,300552,65,0.3093184979137692,0.4861464943007292,0.6140254821380262
2026-06,3272,000720,18,0.3549549549549549,0.5055063096337128,0.595268817204301
2026-06,3272,002091,143,0.2668743509865006,0.5307567755397098,0.6889437476434055
2026-06,3272,688117,201,0.36424445120097293,0.3613826249151479,0.6013777029054072
2026-06,3272,600201,91,0.32743902439024386,0.524960275085313,0.6924697884034638
2026-06,3272,002498,27,0.3157894736842105,0.38189635504699915,0.5389447236180903
2026-06,3272,600203,163,0.36543209876543215,0.3982000505521376,0.5804193022238134
2026-06,3272,601016,16,0.2911646586345382,0.40876845889394653,0.537767220902613
2026-06,3272,600366,183,0.3278388278388278,0.317915306283675,0.6364370680060721
2026-06,3272,300017,41,0.3772727272727273,0.4831363646051315,0.5514231106978663
2026-06,3272,301488,139,0.35213572636517376,0.49628640374333993,0.6739136583058684
2026-06,3272,300291,60,0.37362637362637374,0.5348730198708656,0.59136674324286
2026-06,3272,000559,62,0.3462972828982419,0.46501247009096336,0.682037092996903
2026-06,3272,603693,21,0.3331530557057869,0.5714690595945612,0.6859099339008037
2026-06,3272,603958,37,0.3753731343283583,0.5551268361920452,0.6362217017954723
2026-06,3272,603697,239,0.3653585926928281,0.5332945303387959,0.5481527574246854
2026-06,3272,600227,30,0.3557951482479784,0.3441833606116952,0.47469771607702654
2026-06,3272,688665,183,0.3777478689995514,0.5668052913630541,0.6814685890349746
2026-06,3272,688148,108,0.3485763589301122,0.558207336777693,0.6748278826546923
2026-06,3272,000035,62,0.3510204081632653,0.570545567286428,0.6232876712328765
2026-06,3272,601778,21,0.3349436392914654,0.3799847323855762,0.5971896955503511
2026-06,3272,002393,206,0.3737704918032788,0.2855357958789123,0.5088726337960875
2026-06,3272,301151,203,0.3758278145695364,0.29991323416147675,0.5442037699866932
2026-06,3272,300192,105,0.37687604224569193,0.3506453545958266,0.6859229572599997
2026-06,3272,301007,170,0.36775599128540304,0.4364820389902389,0.6740197759095957
2026-06,3272,002408,46,0.3343151693667158,0.5351804776688263,0.6034544956061245
2026-06,3272,300748,159,0.342837591240876,0.49931421644525675,0.6739950153482944
2026-06,3272,000601,17,0.37227074235807867,0.5606003665643143,0.560093348891482
2026-06,3272,603507,24,0.24512534818941512,0.4491931419422961,0.6941805195400661
2026-06,3272,002695,189,0.3307310149041873,0.44278925930547247,0.681306368160297
2026-06,3272,688330,45,0.3739822003408445,0.5252011835493621,0.7051935629670898
2026-06,3272,600268,46,0.33195510927347904,0.43563305269860897,0.6186606379078579
2026-06,3272,000990,34,0.31452581032412963,0.4337501963272569,0.5962639159695575
2026-06,3272,603099,143,0.3708381171067737,0.449996489641338,0.4459086110844542
2026-06,3272,301179,21,0.17731696995344892,0.3026523780489397,0.5835491649548985
2026-06,3272,300762,78,0.3663025889967637,0.40251239794100974,0.6936411424241612
2026-06,3272,300629,71,0.29452054794520544,0.4598696555795714,0.6695366178103754
2026-06,3272,002155,41,0.27132545931758534,0.5290656130797801,0.6153708987161196
2026-06,3272,000815,25,0.2967479674796748,0.4305665159888766,0.6815290307656722
2026-06,3272,301595,58,0.3571921352190409,0.5595354084942429,0.6296184950245016
2026-06,3272,300773,204,0.35137533274179233,0.4353619213699424,0.6128830685368609
2026-06,3272,603803,16,0.24642857142857133,0.34098514680546105,0.6157626367129766
2026-06,3272,003009,86,0.3620779220779221,0.4848178708908757,0.5670201870629321
2026-06,3272,600826,190,0.36,0.3109624724904934,0.5963984645491495
2026-06,3272,600630,133,0.33123312331233123,0.5090297196419976,0.6164369981163872
2026-06,3272,300235,107,0.3414769572459746,0.38899827481834903,0.5945203050186204
2026-06,3272,002310,20,0.29292929292929293,0.3286849536373301,0.49823491655969193
2026-06,3272,603130,90,0.31269290123456794,0.5780973313934092,0.6079084466934934
2026-06,3272,605123,72,0.28696,0.4852946864932869,0.7084944398971198
2026-06,3272,301638,28,0.24153795596450878,0.44088378703781517,0.5966288869514674
2026-06,3272,601330,19,0.29769392033542974,0.42908696058097245,0.6243649091114374
2026-06,3272,600152,20,0.26040061633281975,0.447586044237565,0.6505393919581562
2026-06,3272,002328,17,0.24840764331210186,0.4840744109952027,0.665186179827506
2026-06,3272,600156,19,0.30869565217391304,0.5293167745293161,0.5233284732347427
2026-06,3272,002603,141,0.27522935779816515,0.5735702581486519,0.6934864906912828
2026-06,3272,002058,138,0.3313464235624123,0.4149599235478947,0.7017309826688295
2026-06,3272,300801,138,0.3472987872105844,0.44763465639260286,0.5747309847329553
2026-06,3272,601388,42,0.3638443935926774,0.5492210557126009,0.6639676113360322
2026-06,3272,002062,138,0.37350505979760806,0.491532446687968,0.6448447717795158
2026-06,3272,600982,17,0.33333333333333326,0.45352047970448306,0.6037486483239218
2026-06,3272,002901,172,0.334695267279537,0.3438257934023943,0.4900309677571
2026-06,3272,000890,20,0.3634085213032582,0.41696155488106773,0.5155400696864111
2026-06,3272,002470,31,0.33333333333333337,0.33300836005464396,0.5223238720775669
2026-06,3272,600666,26,0.28917910447761197,0.4167269615613829,0.672496025437202
2026-06,3272,600333,145,0.29022988505747116,0.5651228284433707,0.6501685293595884
2026-06,3272,688098,157,0.36331877729257633,0.24751467824502638,0.38027197899583576
2026-06,3272,605222,16,0.2618393960192176,0.4824327712679163,0.6243771798704534
2026-06,3272,001298,186,0.3263736263736263,0.3866716988829791,0.6148405490961633
2026-06,3272,600821,29,0.3184855233853007,0.40729035692586646,0.5885209284257553
2026-06,3272,605259,190,0.3691520467836257,0.3776292973891181,0.5639071514826244
2026-06,3272,002915,173,0.3748275862068966,0.323344394674888,0.5879951000408329
2026-06,3272,605268,40,0.3732651570489408,0.5577896642039214,0.5809784068112533
2026-06,3272,301256,87,0.3623188405797102,0.3026293210589796,0.4769574818736546
2026-06,3272,688108,155,0.3480578827113481,0.3575445547128895,0.3662102576003711
2026-06,3272,603903,120,0.3196405648267009,0.5834004501314927,0.6262736252625029
2026-06,3272,002084,135,0.3739837398373983,0.3686929374931287,0.5638676844783715
2026-07,3295,688621,205,0.4215893545578908,0.48656804720964075,0.6469823331324509
2026-07,3295,300564,235,0.42560175054704596,0.4473492204114575,0.6230032711730857
2026-07,3295,300009,235,0.41943127962085314,0.5067329564799524,0.6834276088911149
2026-07,3295,600844,73,0.38541666666666663,0.5792658206599413,0.6722252622401943
2026-07,3295,300573,190,0.39659618359979365,0.5124275640356469,0.6995779700660845
2026-07,3295,603207,238,0.42187930559382747,0.30956993290431656,0.5157988568745198
2026-07,3295,600218,150,0.4169463087248322,0.4335400734598908,0.6912501196210408
2026-07,3295,300030,234,0.4094736842105263,0.441417317861132,0.7174897733457399
2026-07,3295,603222,172,0.4377022653721683,0.3307636985535788,0.47975374787491626
2026-07,3295,600865,111,0.42041127189642047,0.2735089369872556,0.41499223330159835
2026-07,3295,688680,78,0.4319292967280932,0.5448783255708751,0.5559108350082224
2026-07,3295,300048,89,0.42328042328042326,0.41842916299857896,0.7160787422380762
2026-07,3295,600875,53,0.4019826517967783,0.5565193755452006,0.6191686639068437
2026-07,3295,301157,51,0.4337983357807146,0.3724080340727377,0.7255661803165467
2026-07,3295,300618,168,0.45022502250225016,0.5043546477773106,0.6523714603974909
2026-07,3295,600895,164,0.45524816924328715,0.4840939331689527,0.6732130891147409
2026-07,3295,600272,156,0.43696027633851475,0.4697318848173238,0.6695624046947927
2026-07,3295,600916,103,0.43666666666666665,0.5227097363276775,0.5975076904990496
2026-07,3295,002029,115,0.44079999999999997,0.33285932686662667,0.584259259259259
2026-07,3295,000407,116,0.4183006535947712,0.30509047953612817,0.42344004497167625
2026-07,3295,300640,138,0.42347525891829685,0.43336690958656304,0.6818611960243403
2026-07,3295,600933,185,0.4498896247240617,0.5740279951975189,0.5457400259381412
2026-07,3295,002593,143,0.42105263157894735,0.32799311244994533,0.5533742654615406
2026-07,3295,600310,39,0.4236760124610591,0.5443519581452575,0.6321575813101239
2026-07,3295,002051,25,0.4132841328413285,0.4949836785128082,0.5985936654847046
2026-07,3295,000505,138,0.41706161137440756,0.3670290414276646,0.5172047578589637
2026-07,3295,600977,157,0.4316755190729117,0.5793559405303317,0.5924445258735156
2026-07,3295,002067,159,0.4213938411669368,0.3411469066817077,0.5378903672521654
2026-07,3295,603331,89,0.41953316953316966,0.3887731844566013,0.6689203860842761
2026-07,3295,603332,241,0.42747641509433965,0.2617426694259424,0.4118692357398812
2026-07,3295,002074,166,0.4262995490149537,0.36345094135309364,0.5133826312015661
2026-07,3295,600339,75,0.33920704845814975,0.5658423770681195,0.5745227606461087
2026-07,3295,002081,32,0.3508771929824561,0.5074558675377517,0.5200655200655202
2026-07,3295,601003,205,0.42300884955752216,0.2221432658634263,0.44359001395261
2026-07,3295,601011,156,0.43065693430656937,0.3996037241854256,0.6218303312562702
2026-07,3295,601015,83,0.4247967479674797,0.43379333966502026,0.5465134194065264
2026-07,3295,300157,67,0.4219001610305958,0.4854251229116232,0.5258448899914595
2026-07,3295,300158,189,0.42765685019206146,0.2655297710423995,0.38381038059742606
2026-07,3295,688128,194,0.45072697899838454,0.5698573155674602,0.6906297160104266
2026-07,3295,002115,107,0.4055068836045056,0.46411691121260823,0.6764621817989839
2026-07,3295,603393,77,0.39222412807318463,0.5850092053461577,0.6942030672408881
2026-07,3295,000590,235,0.4515418502202643,0.43079727335910967,0.6026603777488159
2026-07,3295,301313,15,0.38085205992509363,0.5548074132951085,0.6993006993006995
2026-07,3295,002148,181,0.4400406504065041,0.21908311109191828,0.4053611697097549
2026-07,3295,002150,46,0.4556507322464769,0.5106473545715746,0.7057971530671606
2026-07,3295,000617,204,0.45515507124895216,0.3884631789727339,0.5028703703703704
2026-07,3295,601218,64,0.4364963503649635,0.43232505198235643,0.5954452879096462
2026-07,3295,300238,239,0.4571124134256793,0.3917732509569907,0.6984102470416959
2026-07,3295,300788,65,0.41768131286394916,0.564117095080769,0.6186721446940617
2026-07,3295,300253,110,0.4407951598962835,0.4863776755356483,0.5565874591686416
2026-07,3295,600506,133,0.4379758172861621,0.35245148865238884,0.5220683224233487
2026-07,3295,603611,231,0.452683615819209,0.40253427034054834,0.6764059314920661
2026-07,3295,301408,116,0.4351811436054125,0.5184293909673074,0.6051293380621184
2026-07,3295,601566,115,0.42097026604068855,0.26636161629906746,0.36363963186655157
2026-07,3295,603656,158,0.3790824261275272,0.44552430830364476,0.7120073957193888
2026-07,3295,002228,124,0.39743589743589747,0.21710669624529141,0.3635148121840138
2026-07,3295,601611,93,0.44801838024124074,0.3965104839338091,0.5422661477237941
2026-07,3295,600545,16,0.43177892918825556,0.558009034760859,0.7137920201068177
2026-07,3295,601619,70,0.38533541341653665,0.471883433126113,0.6911118090452261
2026-07,3295,002790,144,0.4409534127843987,0.36037920130072404,0.5672562878978149
2026-07,3295,603680,100,0.43714103382259095,0.5042013580129187,0.5975609756097562
2026-07,3295,000738,104,0.4315972222222222,0.47060206915258296,0.6234935819584838
2026-07,3295,002249,152,0.45515507124895216,0.3369911845782206,0.4840710298761752
2026-07,3295,300853,15,0.3533287101248267,0.5622261328690785,0.6865615849479784
2026-07,3295,603696,103,0.45021881838074396,0.1944983679957233,0.3258678313073492
2026-07,3295,601727,196,0.4296028880866426,0.5465936879025122,0.700532144398102
2026-07,3295,688306,194,0.4171997157071785,0.4391222902775023,0.6385209345669975
2026-07,3295,000791,41,0.35472043996333635,0.5275829826618816,0.6960016924053312
2026-07,3295,601868,56,0.3100558659217877,0.4631396879941415,0.617886178861789
2026-07,3295,600618,118,0.4543859649122808,0.5342718700008656,0.6099092138304036
2026-07,3295,300905,17,0.2895299145299145,0.4356796991613423,0.5272123978184317
2026-07,3295,600626,182,0.4338235294117647,0.4260588969206812,0.6169959297130945
2026-07,3295,603817,143,0.4529540481400438,0.43606564976808626,0.5483596080102258
2026-07,3295,600635,141,0.4390243902439025,0.2711151455073914,0.42535736260600504
2026-07,3295,300383,67,0.35663181067694005,0.5729846255167249,0.7077581946960962
2026-07,3295,603839,193,0.45123152709359604,0.35182763475808243,0.6864214992927862
2026-07,3295,301667,38,0.4030575965868689,0.34719357277968954,0.46392741133179094
2026-07,3295,000878,102,0.4348527632109721,0.5169870642093403,0.690623809886511
2026-07,3295,603013,201,0.4311243484735666,0.44961066321231097,0.6344764340363374
2026-07,3295,600010,192,0.40175953079178883,0.5531417441234436,0.7045879476484973
2026-07,3295,603016,41,0.44561968268567487,0.5683996717090567,0.6197010144153763
2026-07,3295,603888,112,0.39119804400978,0.5767550331074888,0.6574671556566548
2026-07,3295,603025,175,0.37577639751552794,0.5777608244428167,0.7100912790564005
2026-07,3295,600021,160,0.4538714991762768,0.5092185246729287,0.4329217930427881
2026-07,3295,000912,79,0.41620626151012885,0.580652076801358,0.5674507438681141
2026-07,3295,603909,154,0.43206326383896476,0.49091900123424476,0.6422473383876917
2026-07,3295,600032,41,0.44833625218914186,0.49252187366065575,0.5100352612844465
2026-07,3295,002939,208,0.3809141940657579,0.34239292896197265,0.5636272163188146
2026-07,3295,603057,78,0.3461143444026018,0.5040667368117412,0.6772948413815284
2026-07,3295,002945,114,0.4051112162801703,0.5486958982093854,0.6910545454545457
2026-07,3295,000952,134,0.42462600690448793,0.3254778951845537,0.6906989192495924
2026-07,3295,000953,241,0.43363844393592677,0.2861545015230234,0.4838277470768336
2026-07,3295,688489,218,0.45146544770099495,0.3594848771481073,0.6052296116655783
2026-07,3295,600075,78,0.45070422535211263,0.49612976508517,0.5737033134293407
2026-07,3295,002961,137,0.35805991440798857,0.5544988896554836,0.6283948088040121
2026-07,3295,600722,53,0.43839758125472417,0.4994374403095285,0.5614973262032087
2026-07,3295,688505,239,0.4125,0.4683190183648605,0.626218851570964
2026-07,3295,603080,188,0.35817575083426034,0.40498013476689554,0.7274538372335048
2026-07,3295,002398,143,0.44099378881987583,0.36601894276022306,0.631463347670907
2026-07,3295,600743,38,0.27692307692307694,0.4535603375703915,0.7094594594594595
2026-07,3295,000989,232,0.40894568690095845,0.3658673545977332,0.48855242294156315
2026-07,3295,600749,190,0.4204545454545454,0.3077785545933388,0.33830969273008
2026-07,3295,600108,69,0.4132762312633832,0.5759741228903689,0.5664283691959232
2026-07,3295,600756,156,0.4527687296416938,0.5347015366983264,0.679159315890054
2026-07,3295,600117,191,0.39577039274924475,0.19266238125288945,0.40296008210446727
2026-07,3295,002437,231,0.40601503759398494,0.3708083634054414,0.6885074366576146
2026-07,3295,688563,108,0.3940263466805791,0.49936905126743597,0.6672411527849696
2026-07,3295,003016,140,0.4345351043643263,0.21475913844292963,0.3815981440290834
2026-07,3295,002445,40,0.30081300813008127,0.30279434182491444,0.26657912015758484
2026-07,3295,300512,142,0.4507678410117435,0.304457760963104,0.524020750319525
2026-07,3295,300531,247,0.39278131634819535,0.4379776501717274,0.6586317412716121
2026-07,3295,605169,180,0.45678233438485805,0.3283186927400641,0.45099044511768815
2026-07,3295,600167,158,0.4390779363336992,0.4090557864491975,0.3967906836882533
2026-07,3295,600829,121,0.4039525691699605,0.30992365657158893,0.4263378658236203
2026-07,3295,605299,36,0.41567695961995255,0.3804958049283166,0.3879842092277325
2026-07,3295,603192,140,0.43571182350913473,0.47950382595363317,0.7137615523814098
2026-08,3296,301263,233,0.4599260172626387,0.44287553839421073,0.5693947144075018
2026-08,3296,601609,180,0.3803894297635605,0.43379458670532167,0.7351506102005778
2026-08,3296,300428,172,0.38302666165978216,0.6021980407341934,0.7366661273796046
2026-08,3296,300699,110,0.4581018518518519,0.5942684427775534,0.7153028213406885
2026-08,3296,688277,77,0.3858585858585859,0.6368638324418604,0.6695055518953577
2026-08,3296,002241,179,0.36832239925023424,0.6141723271879731,0.5188692865186384
2026-08,3296,601069,77,0.40313549832026874,0.6250022860497326,0.6629450105823842
2026-08,3296,688295,38,0.43657230298393257,0.5004785559616277,0.740049465926485
2026-08,3296,603968,80,0.3924050632911392,0.6315733140115852,0.6887900558786635
2026-08,3296,300457,165,0.4575680810639645,0.39662303754368305,0.56078860898138
2026-08,3296,300192,129,0.4469149527515286,0.37264563624019936,0.7406311428631821
2026-08,3296,301563,21,0.396,0.6296225733653075,0.7121581325696872
2026-08,3296,300748,183,0.4603102189781022,0.48866725916829107,0.6782155732002509
2026-08,3296,301175,100,0.38952745849297565,0.5277846913091939,0.7443515808826635
2026-08,3296,300893,170,0.4590787971069661,0.429594222536149,0.606552562771183
2026-08,3296,000155,62,0.4179187534780189,0.6110979424880763,0.6814126044895276
2026-08,3296,688032,83,0.4387367114146039,0.6331557812622437,0.6598801947236517
2026-08,3296,603787,82,0.4513715710723192,0.6271100575211082,0.6629033577597792
2026-08,3296,300768,183,0.4602389781623404,0.4638469809496666,0.6666460701927829
2026-08,3296,300769,19,0.406782285537318,0.5729828231090212,0.7127655457957669
2026-08,3296,688353,119,0.44999999999999996,0.5581549236362465,0.7359737751263395
2026-08,3296,301616,182,0.459879206212252,0.28042648677032683,0.5512844346921062
2026-08,3296,002728,137,0.4605633802816901,0.3506075133178808,0.5298532893320897
2026-08,3296,601279,139,0.45951035781544247,0.2712161160649676,0.4778328027355264
2026-08,3296,601969,119,0.45964912280701753,0.5649436978190363,0.521962313190384
2026-08,3296,605122,245,0.39252948885976413,0.5395162773717131,0.7416267942583734
2026-08,3296,688370,211,0.3773824650571791,0.4132783264969271,0.7508173897705008
2026-08,3296,301211,164,0.4393279402613566,0.6306235084768022,0.6982373356309434
2026-08,3296,688229,58,0.4580952380952381,0.6232331031262796,0.6961262851801849
2026-08,3296,688807,17,0.4562658361486487,0.6077923467178,0.7512392304968725
2026-08,3296,301246,35,0.4563233376792699,0.6075367005984921,0.7410472632921021
2026-08,3296,605277,202,0.4615707685846283,0.34044086255889205,0.5551459859620018
