code,名称,上市日,行业,细分,在面板,收盘,MA100,MA300,多头排列,近60日金叉,站上20周线,RPS50,RPS120,RPS250,量比20/60,距250日新高%,规则选中,随机对照
688120,华海清科,20220608,电子-半导体,半导体设备,True,226.99,191.7647,129.28383333333335,True,False,True,97.97400611620795,98.62227324913893,98.26288361320209,1.204099596453878,-34.01453488372093,True,False
688348,昱能科技,20220608,电力设备-光伏设备,光伏逆变器,True,32.81,44.7871,48.48023333333334,False,False,False,15.424311926605505,6.7546880979716795,17.969503956765102,0.7591430691356393,-51.14651578320428,False,False
301286,侨源股份,20220614,化工-化学制品,其他化学制品,True,36.5,51.0849,40.02213333333333,True,False,False,10.244648318042813,11.691542288557214,84.46245898475198,0.6925067510875903,-44.59623557984214,False,False
301156,美农生物,20220617,化工-化学制品,食品助剂,True,11.0,13.2901,14.091166666666668,False,False,False,21.06269113149847,32.01301186375814,18.683651804670912,1.028457198466705,-31.25,False,False
301238,瑞泰新材,20220617,电力设备-电池,电池化学品,True,16.1,20.609499999999997,20.177066666666665,True,False,False,19.533639143730888,44.27860696517413,40.88013896931094,0.7425345761116023,-39.13043478260869,False,False
001226,拓山重工,20220622,机械设备-工程机械,工程机械零件,True,39.1,46.2641,40.898266666666665,True,False,False,30.33256880733945,36.681974741676235,80.71800810654314,0.6774487827320179,-28.204186558942347,False,False
301220,亚香股份,20220622,化工-化学制品,其他化学制品,True,28.01,36.5081,40.302033333333334,False,False,False,16.59021406727829,38.4424033677765,8.029337965643698,0.7995059839534249,-44.080654821321616,False,False
301289,国缆检测,20220622,社会服务-专业服务,检测服务,True,43.51,50.343199999999996,53.0355,False,False,False,42.2782874617737,33.33333333333333,40.050183362285274,0.6936416883996528,-37.29644040928088,False,False
688349,三一重能,20220622,电力设备-风电设备,风电整机,True,15.6,16.4805,18.857066666666668,False,False,False,72.11391437308869,47.37849215461156,35.842501447596995,0.9306596184146355,-36.352509179926564,False,False
001323,慕思股份,20220623,轻工制造-家居用品,家具,True,17.31,20.445700000000002,24.252466666666667,False,False,False,50.23891437308868,13.260619977037887,7.257286238177958,1.6318500977129922,-39.64435146443515,False,False
301302,华如科技,20220623,国防军工-军工电子,军工电子,True,22.17,25.640500000000003,24.8889,True,False,False,37.34709480122324,74.07194795254497,51.24493341053851,0.6671256101670934,-40.56300268096514,False,False
001316,润贝航科,20220624,商贸-贸易,贸易,True,25.84,34.248799999999996,28.749133333333333,True,False,False,8.161314984709481,25.755836203597397,69.90928392202278,0.8204341766183708,-41.86726659167604,False,False
688047,龙芯中科,20220624,电子-半导体,集成电路设计,True,107.63,142.2757,139.8597,True,False,False,13.53211009174312,11.442786069651742,33.70005790387956,0.7437106625084797,-44.34274485469025,False,False
301112,信邦智能,20220629,机械设备-专用设备,其他专用设备,True,31.1,32.8056,38.07036666666667,False,False,False,49.19724770642202,49.34940681209338,38.795599305153445,1.0792443256878048,-48.806584362139915,False,False
688297,中无人机,20220629,国防军工-航空装备,航空装备,True,41.09,45.7149,48.48203333333333,False,False,False,74.86620795107034,58.840413318025256,20.09264620729589,0.873043708497975,-35.826956114321405,False,False
001268,联合精密,20220630,机械设备-通用设备,机械基础件,True,17.91,24.8114,23.157233333333334,True,False,False,5.2370030581039755,19.517795637198624,47.5583864118896,1.1480811016333017,-42.63292761050609,False,False
601089,福元医药,20220630,医药医疗-化学制药,化学制剂,True,17.3,19.268900000000002,21.346766666666667,False,False,False,73.98700305810397,7.883658629927287,29.781895386990932,1.082231842451153,-44.26546391752577,False,False
001309,德明利,20220701,电子-半导体,集成电路设计,True,349.0,569.1386,300.3066666666667,True,False,False,1.91131498470948,95.36930730960582,99.65257672264042,1.179903133873679,-64.02061855670102,False,False
688237,超卓航科,20220701,国防军工-航空装备,航空装备,True,51.0,52.52620000000001,45.900400000000005,True,False,False,80.92507645259938,89.74358974358975,91.95136074116967,1.5442535451513237,-28.37078651685394,False,True
301234,五洲医疗,20220705,医药医疗-医疗器械,医疗耗材,True,66.1,40.1998,39.38763333333333,True,False,True,99.82798165137615,98.46919249904325,94.24821463038023,2.0335937767362333,-14.983922829581998,True,False
301239,普瑞眼科,20220705,医药医疗-医疗服务,医院,True,32.44,35.8631,36.8384,False,False,False,29.338685015290523,72.2158438576349,31.229492375989192,0.9983177951574849,-30.728165705744182,False,False
301233,盛帮股份,20220706,汽车-汽车零部件,车身附件及饰件,True,31.43,37.588899999999995,38.2775,False,False,False,23.05045871559633,47.4550325296594,30.95927427137618,0.6070115788138584,-34.81957693902945,False,False
688400,凌云光,20220706,机械设备-专用设备,其他专用设备,True,43.35,53.2691,42.467999999999996,True,False,False,11.353211009174311,88.57634902411023,88.47712796757384,0.6655469642489484,-39.20056100981767,False,False
301208,中亦科技,20220707,计算机-软件服务,行业应用软件,True,29.4,31.659200000000002,38.19976666666667,False,False,False,64.60244648318043,36.739380022962116,8.087241845203629,0.9385733130613039,-41.48089171974523,False,False
688322,奥比中光-W,20220707,电子-光学光电,光学元件,True,100.23,99.0719,85.313,True,False,True,51.64373088685015,86.85419058553386,88.2455124493341,0.6837247518962364,-32.459568733153645,False,False
301139,*ST元道,20220708,通信-通信工程,网络优化运维,False,,,,False,False,False,,,,,,False,False
301175,中科环保,20220708,环保-环境治理,固废治理,True,5.57,5.7861,5.5831333333333335,True,False,False,76.73929663608563,70.81898201301186,70.4497201312488,1.0221873591238584,-27.284595300261095,False,False
688053,ST思科瑞,20220708,社会服务-专业服务,检测服务,False,,,,False,False,False,,,,,,False,False
301312,智立方,20220711,机械设备-自动化设备,其他自动化设备,True,53.39,82.62049999999999,51.447466666666664,True,False,False,3.0198776758409784,89.78185993111366,92.91642540050184,0.8586886882733505,-55.33712564831856,False,False
603235,天新药业,20220712,医药医疗-化学制药,原料药,True,24.06,24.5653,26.035966666666667,False,False,False,87.09862385321101,70.01530807500956,40.62922215788458,1.0908913157067932,-17.319587628865985,False,False
688353,华盛锂电,20220713,电力设备-电池,电池化学品,True,89.42,105.4775,77.17196666666666,True,False,False,72.07568807339449,68.36969001148105,97.70314611078942,1.1054941647097223,-35.76149425287356,False,False
001230,劲旅环境,20220715,环保-环境治理,固废治理,True,18.4,17.874699999999997,16.690766666666665,True,False,True,90.04204892966361,90.96823574435516,81.1426365566493,1.6319878773544074,-8.955962394854044,True,False
603170,宝立食品,20220715,食品饮料-调味品,调味品,True,13.09,12.431399999999998,13.2078,False,False,True,96.02446483180428,73.00038270187524,73.07469600463232,1.1969916063245125,-17.776381909547734,False,False
688332,中科蓝讯,20220715,电子-半导体,集成电路设计,True,78.8,96.9157,86.8322,True,False,False,57.68348623853211,57.04171450440108,79.00019301293186,1.008780465611388,-49.968253968253975,False,False
688231,隆达股份,20220722,国防军工-航天装备,航天装备,True,25.57,30.399900000000002,21.73,True,False,False,7.492354740061162,90.06888633754305,93.34105385060799,1.181029015693537,-41.62100456621004,False,False
688375,国博电子,20220722,国防军工-军工电子,军工电子,True,76.08,103.4533,86.23863333333334,True,False,False,20.470183486238533,6.467661691542288,80.833815865663,0.9515370077801198,-54.84598492492137,False,False
001336,楚环科技,20220725,环保-环保设备,环保设备,True,17.14,19.3833,18.640833333333333,True,False,False,27.733180428134556,56.295445847684654,66.8596795985331,0.8467850996863863,-29.609856262833677,False,False
603211,晋拓股份,20220725,汽车-汽车零部件,其他汽车零部件,True,23.07,28.3452,22.41913333333333,True,False,False,33.428899082568805,86.73938002296211,82.82184906388727,1.1385161037012312,-41.520912547528525,False,False
688382,益方生物-U,20220725,医药医疗-生物制品,其他生物制药,True,18.79,20.5991,27.620566666666665,False,False,False,69.22782874617737,31.132797550708,0.5597375024126616,1.2798889757028182,-60.77244258872652,False,False
301306,西测测试,20220726,社会服务-专业服务,检测服务,True,82.95,140.3742,93.82303333333333,True,False,False,5.275229357798166,45.29276693455798,89.09476934954643,0.9605015307063842,-53.75738655368492,False,False
001258,立新能源,20220727,公用事业-电力,风力发电,True,12.73,9.208,7.987333333333334,True,False,True,98.91055045871559,98.50746268656717,92.81991893456862,1.564367557583513,-11.165387299371943,True,False
688253,英诺特,20220728,医药医疗-医疗器械,体外诊断,True,55.82,50.851800000000004,38.39176666666666,True,False,True,54.31957186544343,98.1630309988519,93.37965643698128,0.7991574360700574,-14.674411494955674,False,False
301269,华大九天,20220729,电子-半导体,集成电路设计,True,87.05,97.33,108.12893333333334,False,False,False,39.92737003058104,58.15154994259471,30.55394711445667,0.8043060080035813,-35.9832328283571,False,False
603201,常润股份,20220729,汽车-汽车零部件,其他汽车零部件,True,15.29,16.1877,16.43906666666667,False,False,False,80.5237003058104,66.97282816685802,55.06658946149392,1.1360424968400138,-26.87709230033477,False,False
688130,晶华微,20220729,电子-半导体,集成电路设计,True,18.66,24.1425,23.140133333333335,True,False,False,10.684250764525993,40.14542671259089,39.70276008492569,1.0988145605373811,-39.07933398628794,False,False
301195,北路智控,20220801,计算机-软件服务,行业应用软件,True,25.98,29.9095,33.0269,False,False,False,51.12767584097859,34.711060084194415,15.691951360741168,0.5855386286240344,-35.978314440611136,False,False
301333,诺思格,20220802,医药医疗-医疗服务,医疗研发外包,True,47.32,56.406299999999995,57.15546666666666,False,False,False,62.30886850152905,10.390355912743972,45.628257093225244,1.3478649888333143,-47.95424549054113,False,False
688371,菲沃泰,20220802,电子-电子化学品,电子化学品,True,21.34,29.612800000000004,23.138133333333332,True,False,False,1.7010703363914372,87.29429774205893,83.84481760277939,0.8605168730986615,-52.63041065482796,False,False
301278,快可电子,20220804,电力设备-光伏设备,光伏辅材,True,27.35,35.1378,35.21573333333333,False,False,False,15.558103975535168,33.7734404898584,26.65508589075468,0.7443679229991541,-44.914400805639474,False,False
001236,弘业期货,20220805,非银金融-多元金融,期货,True,7.77,8.523299999999999,10.291633333333333,False,False,False,58.23776758409785,44.508228090317644,4.941131055780737,0.9800087516436162,-43.24324324324324,False,False
301095,广立微,20220805,电子-半导体,集成电路设计,True,63.65,88.16609999999999,76.63136666666666,True,False,False,7.989296636085627,50.459242250287026,76.99285852152094,0.8365469359877971,-48.340232124015905,False,False
301308,江波龙,20220805,电子-半导体,集成电路设计,True,319.8,460.04760000000005,273.8211,True,False,False,4.931192660550459,74.16762342135476,99.44026249758734,0.9976659505222676,-55.773751901535064,False,False
688373,盟科药业-U,20220805,医药医疗-化学制药,化学制剂,True,4.58,5.3475,6.442466666666666,False,False,False,67.35474006116208,27.898966704936857,3.493534066782474,1.2289775498226365,-52.83213182286304,False,False
688380,中微半导,20220805,电子-半导体,集成电路设计,True,34.57,47.5821,38.1138,True,False,False,15.84480122324159,6.257175660160735,83.70970855047288,0.985666987450184,-47.54968896980731,False,False
001229,魅视科技,20220808,计算机-IT设备,其他IT设备,True,34.98,29.5544,26.690133333333332,True,False,True,99.56039755351682,95.54152315346344,89.36498745415943,1.4884487730262483,-26.450798990748538,True,False
301121,紫建电子,20220808,电力设备-电池,锂电池,True,30.67,36.3149,40.592333333333336,False,False,False,25.573394495412842,37.38997321086873,23.798494499131444,0.9732514484659457,-42.033642033642025,False,True
301197,工大科雅,20220808,计算机-软件服务,行业应用软件,True,23.69,27.576,22.7317,True,False,False,19.26605504587156,92.95828549559893,78.15093611271955,0.9213097617153908,-41.59270216962525,False,False
688205,德科立,20220809,通信-通信设备,网络接配及塔设,True,117.3,210.2121,141.16626666666667,True,False,False,0.6498470948012233,23.95713738997321,95.30978575564562,0.7918504991775035,-60.415752708129446,False,True
301132,满坤科技,20220810,电子-元器件,PCB,True,27.98,39.151199999999996,36.16523333333333,True,False,False,32.05275229357798,43.723689246077306,23.219455703532134,0.7825295100856904,-50.0,False,False
301318,维海德,20220810,计算机-IT设备,安防设备,True,20.24,23.271600000000003,28.024666666666665,False,False,False,51.051223241590215,20.34060466896288,6.118509940165992,0.8921817767202455,-44.19630548662808,False,False
301192,泰祥股份,20220811,汽车-汽车零部件,底盘与发动机系统,True,19.23,23.4163,26.97726666666667,False,False,False,25.649847094801224,11.060084194412553,21.231422505307858,0.8912443507640043,-53.81844380403458,False,False
688273,麦澜德,20220811,医药医疗-医疗器械,医疗设备,True,29.05,40.7372,38.58286666666666,True,False,False,14.564220183486237,14.619211634137008,53.445280833815865,0.9744782775363736,-52.007269122749044,False,False
301336,趣睡科技,20220812,轻工制造-家居用品,家具,True,40.01,39.7396,41.7884,False,False,True,72.95489296636084,61.17489475698431,52.71183169272341,1.0362517066327095,-19.723113964687013,False,False
688041,海光信息,20220812,电子-半导体,集成电路设计,True,261.0,288.52819999999997,228.02309999999997,True,False,False,48.432721712538225,77.45885954841178,94.71144566685969,0.8251112149462688,-29.516608155549562,False,False
001339,智微智能,20220815,计算机-IT设备,其他IT设备,True,65.43,72.77680000000001,51.93236666666667,True,False,False,26.337920489296636,97.53157290470723,91.79695039567652,1.122692700885842,-37.87504747436383,False,False
301338,凯格精机,20220816,机械设备-专用设备,其他专用设备,True,76.95,133.856,78.5642,True,False,False,2.3891437308868504,61.30884041331802,96.98899826288361,0.8745126899808627,-58.20887416499212,False,False
688203,海正生材,20220816,化工-塑料,改性塑料,True,9.83,11.7101,12.6729,False,False,False,16.47553516819572,27.51626482969767,25.38120054043621,0.8455967285700806,-41.137724550898206,False,True
301330,熵基科技,20220817,计算机-IT设备,安防设备,True,23.49,29.156,30.216233333333335,False,False,False,42.43119266055046,9.414466130884042,40.68712603744451,0.8768712819287774,-51.04210087536474,False,False
688401,路维光电,20220817,电子-半导体,半导体材料,True,59.42,67.41460000000001,51.8478,True,False,False,40.86391437308868,90.62380405663988,93.07083574599498,0.88006643226852,-40.27540456327269,False,False
001222,源飞宠物,20220818,轻工制造-文娱用品,娱乐用品,True,14.31,16.7329,20.4292,False,False,False,46.59785932721712,10.12246460007654,16.869330245126424,1.5819686537630595,-50.346981263011806,False,True
001330,博纳影业,20220818,传媒-影视院线,发行院线,True,4.99,7.0516,6.800533333333334,True,False,False,2.4464831804281344,1.9900497512437811,70.29530978575565,0.7743039464146337,-62.76119402985074,False,False
301321,翰博高新,20220818,电子-光学光电,面板,True,29.2,30.156,21.7031,True,False,False,73.64296636085626,95.50325296593954,94.40262497587338,1.0966103531113125,-44.62355395410582,False,False
603255,鼎际得,20220818,化工-塑料,塑料助剂,True,25.27,30.3488,31.3422,False,False,False,26.548165137614678,40.6620742441638,37.94634240494113,0.9848381650830386,-36.12234580384227,False,False
688292,浩瀚深度,20220818,通信-通信设备,其他通信设备,True,16.41,21.6774,22.986433333333334,False,False,False,9.193425076452598,2.755453501722158,27.137618220420766,0.7494193760027141,-55.80393213035282,False,False
688403,汇成股份,20220818,电子-半导体,半导体封测,True,18.05,22.2002,16.969833333333334,True,False,False,67.67966360856269,68.3505549177191,94.07450299170044,0.8760427654329777,-56.295399515738495,False,False
001231,农心科技,20220819,化工-农用化工,农药,True,19.14,21.8794,21.936566666666668,False,False,False,35.91360856269113,40.030616150019135,52.538120054043624,0.9660447548017369,-36.55949618826649,False,False
301171,易点天下,20220819,传媒-广告营销,互联网广告,True,32.34,35.641799999999996,30.715733333333336,True,False,False,35.11085626911315,5.185610409491007,90.83188573634433,0.701503310091294,-48.280825203902126,False,False
301300,远翔新材,20220819,化工-化学原料,其他化学原料,True,29.4,37.4327,39.577866666666665,False,False,False,30.504587155963304,11.997703788748565,18.741555684230843,0.9342026840400665,-42.023269572076515,False,False
688271,联影医疗,20220822,医药医疗-医疗器械,医疗设备,True,116.45,112.5457,127.2761,False,False,True,87.57645259938838,68.19747416762341,42.86817216753522,0.8603198270885308,-26.25079164027866,False,False
688381,帝奥微,20220823,电子-半导体,集成电路设计,True,25.56,34.264599999999994,27.457399999999996,True,False,False,4.873853211009174,85.0937619594336,75.21713954834975,0.724973269452214,-52.22429906542057,False,False
301209,联合化学,20220825,化工-化学制品,涂料油墨,True,40.8,59.303200000000004,66.06186666666667,False,False,False,9.288990825688073,4.228855721393035,3.126809496236248,1.1133046821819168,-55.59908586353248,False,False
688247,宣泰医药,20220825,医药医疗-化学制药,化学制剂,True,7.92,8.889299999999999,10.068266666666666,False,False,False,62.175076452599384,41.46574818216609,11.619378498359389,1.453787710262112,-38.88888888888889,False,False
688370,丛麟科技,20220825,环保-环境治理,固废治理,True,21.4,23.105099999999997,23.987233333333332,False,False,False,51.949541284403665,28.568694986605436,68.86701408994402,0.7125094869059555,-29.836065573770497,False,False
301282,金禄电子,20220826,电子-元器件,PCB,True,20.84,26.917700000000004,21.577133333333336,True,False,False,21.292048929663608,86.66283964791427,79.65643698127775,0.770970688694351,-38.56132075471699,False,False
688439,振华风光,20220826,国防军工-军工电子,军工电子,True,39.96,48.001999999999995,54.76606666666667,False,False,False,30.389908256880734,13.279755070799848,17.004439297432928,0.8036325815643182,-43.1336274370286,False,False
301152,天力锂能,20220829,电力设备-电池,电池化学品,True,19.37,26.864099999999997,28.7204,False,False,False,8.218654434250764,11.50019135093762,8.839992279482725,1.0281221292773497,-54.742990654205606,False,False
688416,恒烁股份,20220829,电子-半导体,集成电路设计,True,59.56,85.12219999999999,56.67850000000001,True,False,False,8.23776758409786,19.881362418675852,95.58000386025863,1.1449514259686033,-57.45714285714285,False,False
001259,利仁科技,20220831,家电-小家电,厨房小家电,True,43.5,50.2342,35.46066666666667,True,False,False,3.0389908256880735,95.77114427860697,92.39529048446245,0.5456208469898893,-50.48941497837469,False,False
301115,联检科技,20220831,社会服务-专业服务,检测服务,True,22.77,25.8002,19.4797,True,False,False,52.40825688073395,94.31687715269805,86.85581933989577,0.8543369051074208,-35.44088460447974,False,False
301270,汉仪股份,20220831,计算机-软件服务,行业应用软件,True,29.38,30.8338,37.20406666666666,False,False,False,74.06345565749236,35.39992345962496,7.160779772244741,1.3252649410152013,-39.48506694129763,False,False
603237,五芳斋,20220831,食品饮料-食品加工,其他食品,True,14.45,15.1696,16.3538,False,False,False,71.19648318042813,61.615001913509374,42.289133371935925,0.7097371495191407,-22.10242587601079,False,False
688351,微电生理,20220831,医药医疗-医疗器械,医疗耗材,True,19.9,23.1162,22.735766666666667,True,False,False,21.72209480122324,53.92269422120168,54.91217911600077,0.7267918796380659,-27.636363636363637,False,False
301283,聚胶股份,20220902,化工-化学制品,胶黏剂及胶带,True,25.38,28.6006,28.527766666666665,True,False,False,46.88455657492355,30.15690776884807,69.09862960818374,0.9057332243552801,-39.49940405244339,False,False
301296,新巨丰,20220902,轻工制造-包装印刷,纸包装,True,6.35,7.0947000000000005,8.440766666666667,False,False,False,60.646024464831804,23.230003827018752,8.434665122563212,1.140217469643927,-36.75298804780876,False,False
688293,奥浦迈,20220902,医药医疗-医疗服务,医疗研发外包,True,48.79,46.3178,49.88463333333334,False,False,True,94.61009174311926,76.08113279755071,53.71549893842887,1.628490867590918,-25.918615244457943,False,False
001283,豪鹏科技,20220905,电力设备-电池,锂电池,True,42.22,51.3071,52.06973333333333,False,False,False,13.302752293577983,47.72292384232683,18.760856977417486,0.7011377210949723,-37.60898477907493,False,False
001331,胜通能源,20220908,公用事业-燃气,燃气,True,42.81,43.1055,24.540866666666666,True,False,False,88.18807339449542,92.46077305778797,99.92279482725343,0.914272043134913,-35.30300740516851,False,False
301231,荣信文化,20220908,传媒-出版业,大众出版,True,25.82,29.8541,29.5889,True,False,False,62.46177370030581,10.10332950631458,69.29164254005018,0.6975261184489709,-49.062931544683366,False,False
301328,维峰电子,20220908,电子-其他电子,其他电子,True,42.67,50.6461,37.80396666666667,True,False,False,21.177370030581038,92.99655568312285,88.68944219262691,0.9486713925284131,-48.15939740007289,False,False
301276,嘉曼服饰,20220909,纺织服饰-服装家纺,非运动服装,True,19.43,23.7203,22.9211,True,False,False,33.448012232415905,23.70838117106774,49.50781702374059,0.9431026259629692,-37.72435897435897,False,False
301339,通行宝,20220909,计算机-IT设备,其他IT设备,True,11.37,12.009400000000001,14.368366666666667,False,False,False,70.66131498470948,43.74282433983927,10.181432155954449,1.2009607241915556,-36.0517435320585,False,True
301349,信德新材,20220909,电力设备-电池,电池化学品,True,36.81,48.517999999999994,36.339933333333335,True,False,False,17.79434250764526,88.23191733639494,87.62787106736153,0.7301080511892702,-51.3095238095238,False,False
603182,嘉华股份,20220909,农林牧渔-农产品加工,其他农产品加工,True,12.11,13.4888,14.082600000000003,False,False,False,55.98241590214067,37.198622273249136,45.04921829762594,0.8343902148491116,-29.01524032825322,False,False
688114,华大智造,20220909,医药医疗-医疗器械,医疗设备,True,49.77,51.011100000000006,61.62226666666667,False,False,False,72.26681957186545,39.38002296211251,22.601814321559544,0.9208689093379004,-36.82406702208682,False,True
301205,联特科技,20220913,通信-通信设备,网络接配及塔设,True,253.9,266.8623,170.52156666666667,True,False,False,80.63837920489296,91.8867202449292,98.12777456089557,0.880063004778698,-29.628603104212857,False,False
688391,钜泉科技,20220913,电子-半导体,集成电路设计,True,24.38,30.593600000000002,30.260333333333335,True,False,False,24.579510703363912,29.908151549942595,33.50704497201312,0.9141681962257281,-32.277777777777786,False,False
301161,唯万密封,20220914,机械设备-工程机械,工程机械零件,True,24.51,31.8621,32.18653333333334,False,False,False,20.967125382262996,15.231534634519708,12.623045744064854,0.847442521081051,-46.2853385930309,False,False
688455,科捷智能,20220915,机械设备-通用设备,其他通用设备,True,13.94,20.797800000000002,18.339199999999998,True,False,False,11.792813455657493,4.611557596632224,56.86160972785177,0.6392564011370802,-53.2998324958124,False,False
001238,浙江正特,20220919,轻工制造-家居用品,家具,True,25.69,30.7164,32.594,False,False,False,39.812691131498475,16.20742441637964,51.07122177185871,1.1194053165010147,-37.203617697384495,False,True
301309,万得凯,20220919,机械设备-通用设备,金属制品,True,29.2,32.4608,29.867633333333337,True,False,False,55.23700305810397,78.37734404898585,68.55819339895774,0.68874839297215,-27.018245438640342,False,False
301327,华宝新能,20220919,电力设备-电池,锂电池,True,45.88,56.67509999999999,58.0156,False,False,False,33.90672782874618,43.99158055874474,25.747925110982433,0.6699165347387,-40.33034204708024,False,True
688035,德邦科技,20220919,电子-电子化学品,电子化学品,True,52.54,74.2826,57.20263333333334,True,False,False,8.333333333333332,75.22005357826254,84.34665122563212,0.8049090936538185,-49.167956656346746,False,False
688184,ST帕瓦,20220919,电力设备-电池,电池化学品,False,,,,False,False,False,,,,,,False,False
001332,锡装股份,20220920,机械设备-专用设备,能源及重型设备,True,30.84,40.123200000000004,36.292899999999996,True,False,False,10.378440366972477,43.58974358974359,77.61049990349353,0.7272006309024003,-41.75637393767706,False,False
301326,捷邦科技,20220921,电子-消费电子,消费电子组件,True,75.87,140.8776,114.79766666666666,True,False,False,0.2675840978593272,8.1132797550708,69.38814900598341,1.035161983737216,-60.79880128138886,False,False
301331,恩威医药,20220921,医药医疗-中药,中药,True,20.57,24.152800000000003,28.015600000000003,False,False,False,39.94648318042813,32.39571373899732,4.477900019301293,1.0329680716644596,-45.37971322357939,False,False
688428,诺诚健华,20220921,医药医疗-生物制品,其他生物制药,True,24.86,26.313200000000002,25.481833333333334,True,False,False,80.27522935779817,92.61385380788366,27.041111754487552,1.1180263368319765,-25.813190092509696,False,False
688448,磁谷科技,20220921,机械设备-专用设备,其他专用设备,True,45.93,49.8031,38.18963333333333,True,False,False,55.37079510703364,73.99540757749713,95.44489480795212,1.3672712495386954,-30.97385031559965,False,False
301369,联动科技,20220922,电子-半导体,半导体设备,True,109.41,152.8,91.01676666666667,True,False,False,4.625382262996942,95.38844240336778,98.34008878594865,1.1597825821353551,-55.34285714285714,False,False
688132,邦彦技术,20220923,国防军工-军工电子,军工电子,True,13.2,15.438899999999999,18.0133,False,False,False,28.91819571865443,19.345579793340985,10.750820304960431,0.788402089994837,-40.486925157799824,False,True
301227,森鹰窗业,20220926,轻工制造-家居用品,家具,True,17.88,24.1136,25.001666666666665,False,False,False,17.94724770642202,25.047837734404897,43.756031654120825,1.0861424459472515,-53.449622494142154,False,False
301366,一博科技,20220926,电子-元器件,PCB,True,43.75,42.096000000000004,38.915,True,True,True,88.83792048929664,94.14466130884041,79.38621887666474,0.7425232552163459,-30.26777175645522,False,False
603057,紫燕食品,20220926,食品饮料-休闲食品,熟食,True,22.76,24.8336,22.966833333333334,True,False,False,53.24923547400612,51.62648296976655,74.92762015055008,0.8721571291414941,-33.43082772740566,False,True
688387,信科移动-U,20220926,通信-通信设备,系统设备,True,12.29,16.6849,11.314566666666666,True,False,False,12.155963302752294,15.442020665901262,96.00463231036478,0.95308431689409,-45.25612472160356,False,False
688252,天德钰,20220927,电子-半导体,集成电路设计,True,17.17,21.3502,23.1596,False,False,False,20.527522935779814,25.96632223497895,15.884964292607604,0.8844455690643876,-43.51973684210525,False,False
688392,骄成超声,20220927,机械设备-专用设备,其他专用设备,True,116.23,151.2731,114.15533333333333,True,False,False,24.59862385321101,60.753922694221195,92.0092646207296,1.035559927315171,-51.9313482216708,False,False
301176,逸豪新材,20220928,电子-元器件,PCB,True,38.14,42.3245,31.974000000000004,True,False,False,44.915902140672785,98.27784156142366,78.92298784018529,1.0503675364008773,-53.20245398773006,False,True
301285,鸿日达,20220928,电子-消费电子,消费电子组件,True,62.66,97.9733,66.88693333333335,True,False,False,3.38302752293578,61.576731725985454,93.68847712796757,0.8444892524825677,-53.68810051736881,False,True
301319,唯特偶,20220929,电子-电子化学品,电子化学品,True,81.81,87.62629999999999,46.611066666666666,True,False,False,68.27217125382263,99.71297359357061,99.57537154989384,0.985406757260012,-60.47826086956521,False,False
688137,近岸蛋白,20220929,医药医疗-生物制品,其他生物制药,True,35.46,41.566500000000005,41.90756666666667,False,False,False,29.510703363914377,48.163030998851895,28.006176413819727,1.035006448475809,-34.187082405345215,False,True
688275,万润新能,20220929,电力设备-电池,电池化学品,True,74.05,120.6001,80.55933333333333,True,False,False,1.7201834862385321,75.20091848450058,93.55336807566107,1.0779488742388323,-54.57055214723927,False,False
001255,博菲电气,20220930,电力设备-电网设备,线缆部件及其他,True,24.0,31.569499999999998,33.2654,False,False,False,20.164373088685014,6.812093379257559,14.321559544489482,0.9015309476737927,-56.4665336477417,False,False
001269,欧晶科技,20220930,电力设备-光伏设备,光伏辅材,True,19.64,22.552400000000002,24.706066666666665,False,False,False,44.15137614678899,57.23306544202067,13.858328508010038,0.551167937183123,-34.772500830288934,False,False
301313,凡拓数创,20220930,社会服务-专业服务,其他专业服务,True,33.06,40.1823,31.383433333333336,True,False,False,16.704892966360855,86.52889399158056,84.67477320980505,0.5413735468402086,-52.43849805783341,False,False
688409,富创精密,20221010,电子-半导体,半导体设备,True,146.84,155.93140000000002,97.60019999999999,True,False,False,59.30810397553516,96.76616915422885,98.18567844045552,1.0028668380915258,-52.052244897959184,False,False
603052,可川科技,20221011,电子-消费电子,消费电子组件,True,46.98,76.6196,49.013466666666666,True,False,False,1.0894495412844036,18.21660926138538,92.56900212314225,0.6968910760152163,-59.282371294851785,False,True
688073,毕得医药,20221011,医药医疗-医疗服务,医疗研发外包,True,46.35,53.0125,58.38003333333333,False,False,False,53.78440366972477,46.91924990432453,28.778228141285467,1.399541299075405,-40.955414012738856,False,False
301363,美好医疗,20221012,医药医疗-医疗器械,医疗设备,True,15.92,18.9144,17.299500000000002,True,False,False,41.24617737003058,28.05204745503253,79.46342404941132,1.0100240816613075,-47.26730705531633,False,False
688459,哈铁科技,20221012,机械设备-轨交设备,轨交设备,True,8.19,8.6271,9.395133333333334,False,False,False,75.53516819571865,53.827018752391886,36.691758347809305,0.7864810083578612,-25.205479452054792,False,False
301316,慧博云通,20221013,计算机-软件服务,行业应用软件,True,36.01,43.612899999999996,46.114466666666665,False,False,False,30.409021406727827,51.16724071947952,36.22852731132986,0.9763614403592902,-44.74451434709222,False,False
603163,圣晖集成,20221013,建筑-专业工程,其他专业工程,True,67.0,106.0449,70.65336666666667,True,False,False,5.886850152905199,6.946039035591274,96.75738274464389,0.923206126390867,-55.07576773501408,False,False
688031,星环科技-U,20221018,计算机-软件服务,行业应用软件,True,93.6,130.0124,100.4876,True,False,False,18.253058103975537,0.7079984691924991,94.82725342597953,0.6271950868491294,-63.29411764705883,False,False
688061,灿瑞科技,20221018,电子-半导体,集成电路设计,True,33.37,38.2638,35.10166666666667,True,False,False,42.087155963302756,66.76234213547646,68.59679598533101,0.9742826219570084,-34.6455150802977,False,False
001300,三柏硕,20221019,轻工制造-文娱用品,娱乐用品,True,10.29,14.999400000000001,14.939366666666665,True,False,False,6.460244648318043,7.194795254496747,27.465740204593708,0.9385988376633014,-45.81358609794629,False,False
301299,卓创资讯,20221019,计算机-产业互联网,产联网信息服务,True,43.11,55.1975,57.57600000000001,False,False,False,20.37461773700306,32.03214695752009,11.426365566492954,0.8219549982886111,-37.22149410222805,False,False
603151,邦基科技,20221019,农林牧渔-饲料,畜禽饲料,True,12.43,14.1274,18.642866666666666,False,False,False,56.269113149847094,10.084194412552622,0.9071607797722447,1.643043301283336,-58.949801849405546,False,False
688244,永信至诚,20221019,计算机-软件服务,行业应用软件,True,15.17,17.3886,21.912333333333333,False,False,False,35.760703363914374,11.729812476081133,5.5394711445666855,1.1045884433441457,-48.04794520547945,False,False
301273,瑞晨环保,20221025,机械设备-通用设备,其他通用设备,True,35.49,28.5059,22.527133333333335,True,False,True,97.55351681957187,98.43092231151932,94.38332368268674,1.4109904103592674,-11.672473867595812,True,False
301380,挖金客,20221025,通信-电信服务,电信增值服务,True,30.2,31.5906,34.4912,False,False,False,50.68807339449541,50.420972062763106,37.05848291835553,1.0964913837463997,-32.94849023090586,False,False
688426,康为世纪,20221025,医药医疗-生物制品,诊断试剂,True,17.45,19.0487,23.0117,False,False,False,50.13379204892966,13.298890164561804,26.38486778614167,0.870508570097677,-47.848176927674835,False,False
001322,箭牌家居,20221026,轻工制造-家居用品,其他家居,True,6.26,6.8694,7.988066666666667,False,False,False,61.98394495412845,16.685801760428625,16.348195329087048,0.7318829158447326,-33.686440677966104,False,True
301223,中荣股份,20221026,轻工制造-包装印刷,纸包装,True,16.59,17.673099999999998,17.6226,True,False,False,73.43272171253822,60.42862610026789,59.40938042848871,0.8423650920003081,-20.962363030014288,False,False
688291,金橙子,20221026,计算机-软件服务,行业应用软件,True,38.05,45.72419999999999,39.045566666666666,True,False,False,14.736238532110091,47.95254496747034,78.32464775139934,0.8641168012115191,-40.34179993728442,False,False
688372,伟测科技,20221026,电子-半导体,半导体封测,True,103.2,149.5883,106.83383333333333,True,False,False,8.792048929663608,46.11557596632224,94.03590040532715,1.1308471593666736,-45.36213468869123,False,True
688152,麒麟信安,20221028,计算机-软件服务,基础软件,True,27.44,32.279700000000005,40.96183333333333,False,False,False,25.91743119266055,11.959433601224646,6.408029337965644,0.8601786222735514,-54.80151540108713,False,False
001298,好上好,20221031,电子-其他电子,其他电子,True,16.64,20.569200000000002,20.782266666666665,False,False,False,22.400611620795107,43.87676999617298,34.858135495078166,0.946306268377724,-39.906103286384976,False,False
001299,美能能源,20221031,公用事业-燃气,燃气,True,9.84,10.823699999999999,9.688966666666666,True,False,False,44.71521406727829,78.41561423650975,76.06639644856206,0.45067822071689806,-29.055515501081462,False,False
301389,隆扬电子,20221031,电子-消费电子,消费电子组件,True,42.1,67.3518,53.821333333333335,True,False,False,2.7331804281345566,58.323765786452356,85.48542752364409,0.6917601743699815,-61.45041662851387,False,False
301230,泓博医药,20221101,医药医疗-医疗服务,医疗研发外包,True,24.48,29.1596,28.218200000000003,True,False,False,46.10091743119266,14.695752009184845,39.18162516888631,1.4745285979153882,-51.515151515151516,False,False
301367,瑞迈特,20221101,医药医疗-医疗器械,医疗设备,True,44.6,46.200700000000005,56.05356666666667,False,False,False,70.18348623853211,37.6387294297742,21.40513414398765,1.8824331622484018,-36.584672259348785,False,False
301379,天山电子,20221101,电子-光学光电,面板,True,18.54,22.726,20.20283333333333,True,False,False,36.448776758409785,67.47034060466896,59.98841922408802,1.1946071349117282,-50.42780748663102,False,True
301267,华厦眼科,20221107,医药医疗-医疗服务,医院,True,16.59,16.5428,18.229666666666667,False,False,True,81.07798165137615,67.79563719862227,39.45184327349933,1.0686846107943675,-23.300970873786408,False,False
688419,耐科装备,20221107,电子-半导体,半导体设备,True,34.26,51.1357,37.30446666666667,True,False,False,4.185779816513762,45.75200918484501,82.76394518432735,0.9407749726319671,-56.43992371265099,False,False
603280,南方路机,20221108,机械设备-工程机械,工程机械整机,True,25.78,30.287000000000003,34.83016666666667,False,False,False,50.17201834862385,15.996938384998085,33.835166956186065,0.8553998589963957,-56.62123506646475,False,False
301359,东南电子,20221109,电子-其他电子,其他电子,True,15.55,19.3947,19.989733333333334,False,False,False,12.003058103975535,39.07386146192116,20.285659139162323,0.9443410887918678,-34.60891505466779,False,False
301388,欣灵电气,20221109,电力设备-电网设备,配电设备,True,23.13,28.881600000000002,30.316733333333335,False,False,False,24.751529051987767,23.402219670876388,5.3078556263269645,0.8850431477528594,-46.433534043538685,False,False
688432,有研硅,20221110,电子-半导体,半导体材料,True,26.68,24.0214,16.346666666666668,True,False,True,99.42660550458714,99.17719096823573,96.87319050376375,1.1825281689486518,-52.862190812720854,True,True
301396,宏景科技,20221111,计算机-软件服务,行业应用软件,True,147.21,193.3588,97.65593333333332,True,False,False,11.964831804281346,99.13892078071183,99.15074309978769,1.0463970894084182,-55.606151990349815,False,False
301356,天振股份,20221114,轻工制造-家居用品,家具,True,17.29,22.4848,21.306366666666666,True,False,False,12.194189602446484,38.95905089934941,58.65662999420961,1.0295171478364389,-39.37587657784012,False,False
001338,永顺泰,20221116,食品饮料-酿酒,啤酒,True,8.92,10.9148,11.4321,False,False,False,40.27140672782875,26.578645235361652,22.02277552596024,0.7626570512379669,-33.43283582089553,False,False
301277,新天地,20221116,医药医疗-化学制药,原料药,True,9.82,10.623700000000001,12.4509,False,False,False,70.90978593272172,45.57979334098737,9.341825902335456,1.9608564065559762,-38.854296388542956,False,False
301361,众智科技,20221116,电力设备-电网设备,配电设备,True,29.17,35.3291,34.1404,True,False,False,9.250764525993883,49.04324531190203,47.13375796178344,0.45841482853049026,-41.390395820775574,False,False
688362,甬矽电子,20221116,电子-半导体,半导体封测,True,51.7,59.7792,42.5968,True,False,False,68.57798165137615,90.20283199387677,94.22891333719359,0.9937565923859718,-54.965156794425084,False,True
301335,天元宠物,20221118,轻工制造-文娱用品,娱乐用品,True,21.52,23.083299999999998,28.791766666666668,False,False,False,71.02446483180428,29.927286643704555,6.794055201698514,1.103123635711729,-40.830354687929606,False,False
603130,云中马,20221118,纺织服饰-纺织制造,其他纺织,True,41.72,41.934200000000004,41.21846666666667,True,False,False,62.920489296636084,30.003827018752393,84.80988226211156,0.9277255604808936,-34.587645029789904,False,False
688376,美埃科技,20221118,环保-环保设备,环保设备,True,58.8,74.03960000000001,57.404900000000005,True,False,False,22.381498470948014,59.5292766934558,89.84751978382552,1.0925526031136905,-50.995916326360536,False,False
301165,锐捷网络,20221121,通信-通信设备,网络接配及塔设,True,107.02,75.0851,59.831799999999994,True,False,True,99.71330275229357,99.19632606199771,97.2978189538699,1.5926932317252946,-18.924242424242433,True,False
301365,矩阵股份,20221122,建筑-工程咨询服务,工程咨询服务,True,34.02,33.0582,24.955033333333333,True,False,True,78.91819571865443,96.84270952927669,94.55703532136653,0.9525465969193746,-18.083313267517454,False,False
301377,鼎泰高科,20221122,机械设备-通用设备,金属制品,True,335.0,334.37489999999997,172.54823333333334,True,False,True,95.04969418960245,99.21546115575967,99.96139741362671,0.8587643141679928,-49.2116434202547,False,False
688480,赛恩斯,20221125,环保-环境治理,水治理,True,74.49,89.1806,64.46340000000001,True,False,False,29.931192660550458,75.71756601607348,94.88515730553947,0.8673324860625119,-49.45375585261586,False,False
301290,东星医疗,20221130,医药医疗-医疗器械,医疗耗材,True,25.54,28.2812,27.10063333333333,True,False,False,40.4434250764526,66.3222349789514,58.174097664543524,0.8296290757323711,-28.137310073157007,False,False
301311,昆船智能,20221130,机械设备-专用设备,其他专用设备,True,13.61,15.3093,18.3592,False,False,False,50.917431192660544,35.76349024110218,5.404362092260182,1.0806346704954815,-43.006700167504185,False,False
301391,卡莱特,20221201,计算机-IT设备,其他IT设备,True,47.18,66.1956,65.23043333333332,True,False,False,12.347094801223243,11.404515882127821,71.37618220420768,0.8942737771601417,-52.94234989028526,False,False
688489,三未信安,20221202,计算机-IT设备,安防设备,True,22.15,25.395500000000002,28.262800000000002,False,False,False,30.045871559633024,41.92499043245312,29.492375989191277,1.062059285497134,-44.15027735753908,False,False
001256,炜冈科技,20221205,机械设备-专用设备,印刷包装机械,True,23.76,24.2723,22.7104,True,True,False,73.12691131498471,90.77688480673555,74.34858135495078,0.965818535842661,-20.852764823451032,False,False
001333,光华股份,20221208,化工-化学制品,其他化学制品,True,18.7,22.1898,22.243933333333334,False,False,False,23.432721712538225,26.827401454267125,45.49314804091874,0.48119813622131913,-31.098010316875467,False,False
601022,宁波远洋,20221208,交通运输-航运港口,航运,True,8.38,8.4336,9.305,False,False,False,77.48470948012233,58.304630692690395,38.12005404362092,0.6643999932747854,-24.91039426523297,False,False
688084,晶品特装,20221208,国防军工-地面兵装,地面兵装,True,42.53,57.723600000000005,75.40806666666666,False,False,False,16.743119266055047,1.4351320321469576,0.48253232966608767,1.1176589409874453,-61.99285075960679,False,False
688420,美腾科技,20221209,机械设备-专用设备,其他专用设备,True,21.11,23.851800000000004,24.754533333333335,False,False,False,26.79663608562691,42.805204745503254,23.12294923759892,0.6279550610489201,-26.879113266366474,False,False
688503,聚和材料,20221209,电力设备-光伏设备,光伏辅材,True,58.39,92.8997,69.25463333333333,True,False,False,2.6185015290519877,49.52162265595101,82.84115035707393,1.0018538562531043,-55.998492840994714,False,False
001223,欧克科技,20221212,机械设备-专用设备,其他专用设备,True,36.17,40.0665,36.7611,True,False,False,31.594036697247706,72.71335629544585,79.0194943061185,0.6117572317863785,-32.5186567164179,False,False
688143,长盈通,20221212,通信-通信设备,光纤光缆,True,82.2,113.93440000000001,67.51729999999999,True,False,False,5.638379204892966,98.04822043628015,95.00096506465934,0.9524301943465245,-65.83541147132169,False,False
301368,丰立智能,20221215,机械设备-通用设备,机械基础件,True,41.6,48.131899999999995,58.64503333333333,False,False,False,28.09633027522936,14.045158821278225,7.952132792897124,0.8237882806553026,-49.33625624162708,False,False
301398,星源卓镁,20221215,汽车-汽车零部件,车身附件及饰件,True,33.03,42.546099999999996,46.09986666666667,False,False,False,22.4197247706422,3.2721010332950633,39.60625361899247,1.1155646177893683,-50.12080942313501,False,False
301265,华新科技,20221216,环保-环境治理,固废治理,True,16.87,24.11,16.055799999999998,True,False,False,6.8807339449541285,91.58055874473786,86.37328701022969,0.8564640035045615,-47.016331658291456,False,False
688172,燕东微,20221216,电子-半导体,功率半导体,True,45.87,55.484899999999996,35.7036,True,False,False,50.019113149847094,76.94221201683888,97.14340860837676,0.9042756815566032,-48.052095130237824,False,False
688498,源杰科技,20221221,电子-半导体,集成电路设计,True,1147.01,1186.9021,596.6373333333332,True,False,False,94.78211009174312,99.36854190585534,99.98069870681336,1.0875772264361583,-39.1829268292683,False,False
601136,首创证券,20221222,非银金融-证券,证券,True,15.05,15.351700000000001,18.281233333333333,False,False,False,81.49847094801224,58.17068503635667,23.161551823972207,0.9149949238086773,-36.33671742808799,False,True
688141,杰华特,20221223,电子-半导体,集成电路设计,True,105.86,98.7709,60.36283333333334,True,False,True,96.23470948012233,99.3876769996173,99.2858521520942,1.0365750356789092,-40.19209039548023,True,False
688147,微导纳米,20221223,电力设备-光伏设备,光伏加工设备,True,79.55,91.9826,64.44136666666667,True,False,False,68.08103975535168,91.31266743207041,97.58733835166956,0.8397769118841536,-50.85866073634791,False,False
301280,珠城科技,20221226,电子-消费电子,消费电子组件,True,35.8,43.2068,37.70883333333333,True,False,False,23.29892966360856,59.87370838117106,81.66377147268868,0.8690605307560625,-34.778648205501916,False,False
688410,山外山,20221226,医药医疗-医疗器械,医疗设备,True,10.8,10.9326,10.858833333333333,True,False,False,58.96406727828746,70.1492537313433,66.33854468249373,1.2955290572415363,-15.559030492572312,False,False
301255,通力科技,20221227,机械设备-通用设备,机械基础件,True,19.9,25.163600000000002,28.414366666666666,False,False,False,5.141437308868502,23.478760045924226,7.218683651804671,0.5205738383564396,-44.98202930605475,False,False
301301,川宁生物,20221227,医药医疗-化学制药,原料药,True,8.89,9.422,10.6733,False,False,False,76.1276758409786,55.89360887868351,17.274657402045936,1.1888390133649527,-28.879999999999995,False,False
001301,尚太科技,20221228,电力设备-电池,电池化学品,True,54.46,57.62030000000001,51.893633333333334,True,False,False,55.84862385321101,84.23268274014542,87.12603744450878,1.0569168303133063,-29.235966735966734,False,False
688475,萤石网络,20221228,电子-消费电子,品牌消费电子,True,30.18,28.081300000000002,30.368233333333333,False,False,True,89.46865443425077,80.92231151932644,45.66685967959853,1.2643057291068454,-17.110683878055475,False,False
688496,*ST清越,20221228,电子-光学光电,面板,False,,,,False,False,False,,,,,,False,False
301105,鸿铭股份,20221230,机械设备-专用设备,印刷包装机械,True,45.3,51.28810000000001,45.25993333333333,True,False,False,47.97400611620795,69.99617298124761,81.47075854082223,0.84452561020829,-27.029639175257735,False,False
301297,富乐德,20221230,电子-半导体,半导体设备,True,28.68,41.6617,40.45866666666666,True,True,False,4.071100917431193,22.61768082663605,13.453001351090524,0.8350225809424076,-54.90566037735849,False,False
688525,佰维存储,20221230,电子-半导体,集成电路设计,True,206.8,299.6848,167.59066666666666,True,False,False,12.480886850152906,90.39418293149637,98.7647172360548,0.9902172188011923,-59.211045364891525,False,False
688506,百利天恒,20230106,医药医疗-化学制药,化学制剂,True,284.79,276.62280000000004,308.0806,False,False,True,98.5091743119266,85.11289705319555,50.028951939779965,0.9458752845419487,-30.539024390243895,False,False
688485,九州一轨,20230118,机械设备-轨交设备,轨交设备,True,46.72,47.8869,26.123166666666666,True,False,False,47.821100917431195,98.66054343666283,99.49816637714727,0.7133051452410879,-35.35353535353535,False,False
301317,鑫磊股份,20230119,机械设备-通用设备,其他通用设备,True,38.6,58.434799999999996,42.78273333333333,True,False,False,1.3570336391437308,70.22579410639112,78.4790580968925,0.9481554085489379,-52.579852579852584,False,False
688435,英方软件,20230119,计算机-软件服务,行业应用软件,True,29.93,38.1922,40.365433333333335,False,False,False,20.833333333333336,1.2055109070034442,42.462845010615716,0.9067210783826528,-53.854455750847976,False,False
603173,福斯达,20230130,机械设备-专用设备,其他专用设备,True,32.36,36.645700000000005,39.937266666666666,False,False,False,61.14296636085626,19.460390355912743,25.439104419996138,0.734470437649701,-38.53751187084521,False,False
603281,江瀚新材,20230131,化工-化学制品,有机硅,True,20.21,23.9027,20.33856666666667,True,False,False,24.464831804281346,65.02104860313815,77.39818567844046,0.9824561784621693,-31.67680865449627,False,False
601059,信达证券,20230201,非银金融-证券,证券,True,16.66,16.590700000000002,17.26803333333333,False,False,True,78.63149847094802,73.70838117106774,60.70256707199382,0.7832500650098171,-17.890586495810744,False,False
301260,格力博,20230208,机械设备-专用设备,农用机械,True,13.94,15.1272,17.8914,False,False,False,40.653669724770644,61.32797550707998,8.608376761243003,0.634140369710143,-45.2689438555163,False,False
301373,凌玮科技,20230208,化工-化学原料,其他化学原料,True,71.07,112.27860000000001,59.605366666666654,True,False,False,1.7392966360856268,99.31113662456946,96.12044006948466,0.767208803918763,-63.585592047958194,False,False
301358,湖南裕能,20230209,电力设备-电池,电池化学品,True,62.8,78.2136,59.31943333333333,True,False,False,16.341743119266056,83.60122464600076,95.03956765103261,0.7787662835102926,-42.62220191868433,False,False
301419,阿莱德,20230209,通信-通信设备,其他通信设备,True,27.26,35.8992,28.954000000000004,True,False,False,23.107798165137613,83.88825105243015,79.63713568809109,0.571959142384766,-47.160302384182984,False,False
688515,裕太微-U,20230210,电子-半导体,集成电路设计,True,126.88,172.4751,127.35256666666666,True,False,False,5.217889908256881,85.97397627248372,88.63153831306697,0.8308360491617465,-53.28424153166422,False,False
001314,亿道信息,20230214,电子-消费电子,消费电子组件,True,49.0,51.3503,48.68696666666666,True,True,False,64.315749235474,85.95484117872178,72.03242617255357,1.306884889387281,-23.77100186683261,False,False
001260,坤泰股份,20230216,汽车-汽车零部件,车身附件及饰件,True,16.34,19.0781,19.703433333333333,False,False,False,33.23776758409786,36.586299272866434,36.96197645242231,0.9232781352351088,-37.08124759337698,False,False
603307,扬州金泉,20230216,轻工制造-文娱用品,娱乐用品,True,23.94,25.8579,26.575,False,False,False,42.04892966360856,63.892078071182546,51.30283729009844,0.9350210459847295,-25.28089887640449,False,False
688307,中润光学,20230216,电子-光学光电,光学元件,True,37.76,62.794399999999996,39.02396666666667,True,False,False,0.40137614678899086,92.17374665135858,88.26481374252076,0.9055528953204212,-59.576062520072796,False,False
603190,亚通精工,20230217,汽车-汽车零部件,其他汽车零部件,True,16.32,17.7718,17.553466666666665,True,False,False,41.39908256880734,58.49598163030999,59.29357266936884,0.9181300216968429,-20.968523002421303,False,False
301303,真兰仪表,20230220,机械设备-通用设备,仪器仪表,True,13.81,14.995600000000001,15.227299999999998,False,False,False,80.61926605504587,64.52353616532722,49.48851573055394,0.7722749555192032,-24.53551912568306,False,False
688486,龙迅股份,20230221,电子-半导体,集成电路设计,True,42.25,51.2155,49.99016666666667,True,True,False,16.303516819571865,44.584768465365485,54.024319629415174,1.08853042720863,-34.38422115235284,False,False
001225,和泰机电,20230222,机械设备-专用设备,其他专用设备,True,40.99,46.2794,48.59103333333333,False,False,False,17.201834862385322,2.9468044393417525,74.50299170044393,0.7538345254544242,-52.442278686622565,False,False
001311,多利科技,20230227,汽车-汽车零部件,其他汽车零部件,True,15.73,20.797200000000004,20.652133333333335,True,False,False,21.005351681957187,1.0715652506697282,55.43331403204015,1.3035916543387753,-54.24665503199535,False,False
301408,华人健康,20230301,医药医疗-医药商业,医药流通,True,14.36,17.0972,16.082666666666668,True,False,False,41.76223241590214,19.670876387294296,66.06832657788073,1.1400396081006534,-51.45368492224476,False,False
688522,纳睿雷达,20230301,国防军工-军工电子,军工电子,True,19.29,22.413400000000003,28.188066666666668,False,False,False,38.62767584097859,14.46613088404133,2.702181046130091,1.1873905980287582,-45.22998296422487,False,False
001337,四川黄金,20230303,有色-贵金属,黄金,True,39.26,46.2094,35.350833333333334,True,False,False,18.998470948012233,5.989284347493302,91.71974522292994,1.185513662584497,-46.16017553483269,False,False
603061,金海通,20230303,电子-半导体,半导体设备,True,242.04,289.49240000000003,159.0470333333333,True,False,False,31.020642201834864,92.90088021431305,99.45956379077398,1.1857131165893526,-53.72084130019121,False,True
301322,绿通科技,20230306,汽车-摩托车及其他,其他交通设备,True,32.65,41.6744,33.83293333333334,True,False,False,4.33868501529052,92.38423268274015,79.73364215402432,0.6603323814556123,-48.7843137254902,False,False
001366,播恩集团,20230307,农林牧渔-饲料,畜禽饲料,True,11.42,13.3947,13.210366666666667,True,False,False,16.36085626911315,50.78453884424034,46.34240494113106,0.6638171735634604,-38.63514239656099,False,False
001278,一彬科技,20230308,汽车-汽车零部件,车身附件及饰件,True,14.97,19.0444,19.138033333333333,False,False,False,19.22782874617737,14.332185227707617,38.27446438911407,0.8025797782418491,-42.445213379469436,False,False
301157,华塑科技,20230309,电力设备-其他发电设备,其他发电设备,True,53.18,65.7338,55.7829,True,False,False,17.526758409785934,78.31993876769997,75.06272920285659,0.6492575915995994,-39.75985500679656,False,False
688502,茂莱光学,20230309,电子-光学光电,光学元件,True,300.41,448.18219999999997,384.6773333333333,True,False,False,3.5741590214067283,40.585533869115956,69.2530399536769,1.0450229032105367,-56.68829296424451,False,False
601121,宝地矿业,20230310,钢铁-冶钢原料,铁矿石,True,6.92,6.9659,6.956699999999999,True,False,False,87.63379204892966,56.06582472254114,70.04439297432928,1.4829920757995019,-21.452894438138483,False,False
001368,通达创智,20230313,轻工制造-文娱用品,娱乐用品,True,20.86,24.507800000000003,24.650233333333333,False,False,False,30.48547400611621,22.120168388825107,49.3341053850608,0.9324975612723845,-36.46055437100213,False,False
603153,上海建科,20230313,建筑-工程咨询服务,工程咨询服务,True,13.63,14.554200000000002,16.517566666666664,False,False,False,69.13226299694189,47.034060466896285,22.215788457826672,1.036884520161951,-31.85,False,False
603282,亚光股份,20230315,机械设备-专用设备,其他专用设备,True,14.39,17.2302,18.1725,False,False,False,46.559633027522935,18.044393417527747,33.93167342211928,0.7448104947512704,-36.63584324086305,False,True
603073,彩蝶实业,20230316,纺织服饰-纺织制造,其他纺织,True,15.76,18.0036,18.0918,False,False,False,38.379204892966364,40.12629161882893,45.82127002509168,0.8908226263819015,-26.389537599252687,False,False
301439,泓淋电力,20230317,电力设备-电网设备,线缆部件及其他,True,15.06,16.2626,15.841066666666666,True,False,False,63.417431192660544,72.29238423268274,50.06755452615326,0.7196200027788315,-35.8603066439523,False,False
301246,宏源药业,20230320,医药医疗-化学制药,原料药,True,19.15,25.3321,20.072799999999997,True,False,False,5.925076452599389,69.15422885572139,81.4128546612623,0.7784179160711678,-44.23412929528248,False,False
301378,通达海,20230320,计算机-软件服务,行业应用软件,True,24.68,29.2717,31.07786666666667,False,False,False,24.36926605504587,8.936088786835056,29.40552016985138,1.1116999548271915,-54.79025462538927,False,False
301345,涛涛车业,20230321,汽车-摩托车及其他,其他交通设备,True,248.5,230.8954,197.80193333333332,True,False,True,97.17125382262996,93.78109452736318,94.3254198031268,1.2490080184967205,-12.019826517967779,True,False
603065,宿迁联盛,20230321,化工-塑料,塑料助剂,True,13.79,11.533800000000001,9.638166666666667,True,False,True,99.86620795107034,98.10562571756601,90.00193012931867,1.3867524077141162,-41.41886151231946,True,False
603291,联合水务,20230327,公用事业-水务,水务,True,8.53,10.1958,10.780066666666668,False,False,False,32.129204892966364,30.673555300420972,17.371163867979156,0.7254645753208584,-31.59582999198076,False,False
301314,科瑞思,20230328,电子-其他电子,其他电子,True,37.8,46.892999999999994,44.133966666666666,True,False,False,23.623853211009173,55.60658247225412,49.66222736923374,0.7255574185719027,-35.08500772797527,False,False
301386,未来电器,20230329,电力设备-电网设备,配电设备,True,19.68,22.964499999999997,23.3247,False,False,False,38.36009174311927,37.27516264829698,42.829569581161934,0.7597222337785561,-31.092436974789916,False,False
600925,苏能股份,20230329,煤炭-煤炭开采,动力煤,True,4.4,4.5233,4.7518666666666665,False,False,False,77.90519877675841,71.52698048220437,35.63983786913723,0.710493489179179,-16.19047619047619,False,False
603162,海通发展,20230329,交通运输-航运港口,航运,True,10.64,10.232199999999999,8.142633333333334,True,False,True,58.92584097859327,85.53386911595867,94.1903107508203,1.6669417465842533,-18.027734976887523,True,False
688531,日联科技,20230331,机械设备-专用设备,其他专用设备,True,107.77,126.8469,82.45986666666667,True,False,False,9.957951070336392,97.35935706084959,96.85388921057711,0.839969117093635,-45.65853166599435,False,False
301141,中科磁业,20230403,有色-金属新材料,磁性材料,True,36.1,47.788000000000004,55.28996666666666,False,False,False,13.81880733944954,6.639877535399924,1.9301293186643507,0.6449437417538574,-53.63472900077061,False,False
301203,国泰环保,20230404,环保-环境治理,水治理,True,31.5,41.781800000000004,36.2702,True,False,False,15.309633027522937,68.29314963643321,58.73383516695618,0.7714968242983322,-39.71291866028708,False,False
301281,科源制药,20230404,医药医疗-化学制药,原料药,True,35.45,42.42330000000001,36.198433333333334,True,False,False,58.29510703363915,91.4657481821661,69.58116193784983,0.941190939957623,-38.93195521102497,False,False
688343,云天励飞-U,20230404,计算机-软件服务,行业应用软件,True,54.31,78.6131,73.59123333333334,True,False,False,16.379969418960243,5.415231534634519,72.30264427716658,1.14065093837192,-50.74369671685108,False,False
688535,华海诚科,20230404,电子-半导体,半导体材料,True,81.66,111.67200000000001,81.65933333333334,True,False,False,6.976299694189603,67.22158438576349,88.97896159042656,0.9241067049608478,-56.33155080213904,False,False
688484,南芯科技,20230407,电子-半导体,集成电路设计,True,33.78,41.1448,41.262,False,False,False,26.777522935779817,41.58055874473785,50.588689442192624,0.8308639125944884,-40.201805629314926,False,False
001286,陕西能源,20230410,公用事业-电力,火力发电,True,10.26,10.9299,9.6861,True,False,False,71.73165137614679,88.07883658629927,78.36325033777263,0.8952432733424875,-22.44897959183674,False,False
001287,中电港,20230410,电子-其他电子,其他电子,True,21.15,26.2899,23.260166666666667,True,False,False,32.473241590214066,49.50248756218906,68.75120633082416,0.9665802560535046,-32.79313632030505,False,False
001328,登康口腔,20230410,化工-日用化工,洗护用品,True,30.92,30.0971,37.277433333333335,False,False,True,95.54663608562691,48.105625717566014,15.267322910635011,1.2256282115225965,-31.105169340463455,False,False
001360,南矿集团,20230410,机械设备-专用设备,能源及重型设备,True,14.83,19.322,18.3265,True,False,False,23.01223241590214,4.037504783773441,27.948272534259793,0.7644247117622635,-49.40293415216649,False,False
001367,海森药业,20230410,医药医疗-化学制药,原料药,True,18.08,21.746600000000004,22.879733333333334,False,False,False,42.54587155963303,35.36165327210104,22.659718201119475,0.9133547664808794,-33.70003667033371,False,False
601061,中信金属,20230410,商贸-贸易,贸易,True,11.6,12.2153,11.464066666666666,True,False,False,54.66360856269114,44.68044393417528,87.6664736537348,1.0241819022821659,-31.23888559573208,False,False
601065,江盐集团,20230410,化工-化学原料,无机盐,True,7.0,7.6359,8.085266666666666,False,False,False,66.80045871559633,50.38270187523919,35.41787299749083,1.2089148942796493,-22.822491730981266,False,False
601133,柏诚股份,20230410,建筑-专业工程,其他专业工程,True,21.9,26.8343,18.150166666666667,True,False,False,12.767584097859327,93.41752774588595,93.14804091874156,0.8650890369178614,-50.18198362147407,False,False
603125,常青科技,20230410,化工-化学原料,有机化工原料,True,19.83,22.7239,19.02536666666667,True,False,False,27.427370030581038,87.88748564867967,79.75294344721097,0.7182662104003227,-39.43188759926696,False,False
603135,中重科技,20230410,机械设备-专用设备,其他专用设备,True,9.06,11.3749,10.677266666666668,True,False,False,31.36467889908257,43.80022962112514,46.63192433893071,0.8249551154365248,-42.65822784810126,False,False
301429,森泰股份,20230417,建材-装饰建材,其他建材,True,16.39,18.7667,19.0019,False,False,False,23.662079510703364,47.340221967087636,40.82223508975101,0.9295104040795078,-29.322984044846923,False,False
688433,华曙高科,20230417,机械设备-专用设备,其他专用设备,True,68.93,87.2304,65.24333333333334,True,False,False,13.914373088685014,52.50669728281668,94.90445859872611,0.8387923733428386,-44.86482162853943,False,False
301357,北方长龙,20230418,国防军工-地面兵装,地面兵装,True,91.51,99.56309999999999,113.18766666666667,False,False,False,69.05581039755351,19.804822043628015,67.32291063501255,1.5606822241280875,-50.63919305248395,False,False
301387,光大同创,20230418,电子-消费电子,消费电子组件,True,46.93,74.9734,54.47436666666667,True,False,False,0.2484709480122324,47.32108687332568,81.20054043620922,0.6335509728527962,-60.50328227571116,False,False
688507,索辰科技,20230418,计算机-软件服务,行业应用软件,True,146.11,150.2978,112.2957,True,False,False,64.02905198776759,96.6513585916571,93.41825902335457,0.7748696462856989,-50.32299741602066,False,False
688539,高华科技,20230418,机械设备-通用设备,仪器仪表,True,24.32,33.8175,34.8367,False,False,False,9.441896024464832,2.2770761576731724,49.469214437367306,1.0396026908772718,-57.19816965857092,False,False
603137,恒尚节能,20230419,建筑-装修装饰,装修装饰,True,25.51,16.1013,14.980266666666667,True,False,True,99.94266055045871,98.90929965556832,92.62690600270219,2.291585928898452,-28.362819432743603,True,False
688352,颀中科技,20230420,电子-半导体,半导体封测,True,13.31,15.7874,13.621800000000002,True,False,False,61.945718654434245,66.47531572904707,77.47539085118703,0.80106344360839,-44.95450785773366,False,False
688146,中船特气,20230421,电子-电子化学品,电子化学品,True,247.99,174.1216,83.69426666666666,True,False,True,99.96177370030581,100.0,100.0,0.9936886248034896,-36.41119003051361,False,False
301307,美利信,20230424,通信-通信设备,其他通信设备,True,42.38,55.0713,39.192699999999995,True,False,False,19.208715596330276,95.29276693455799,93.20594479830149,1.0892703484886435,-54.93407060825181,False,False
688478,晶升股份,20230424,电子-半导体,半导体设备,True,38.46,52.235200000000006,41.001866666666665,True,False,False,4.3577981651376145,84.63451970914657,82.30071414784791,0.6423125415587104,-58.50237375917134,False,False
301360,荣旗科技,20230425,机械设备-专用设备,其他专用设备,True,45.86,62.21009999999999,54.1799,True,False,False,10.607798165137615,36.26100267891313,80.62150164060992,0.8637444748396883,-47.70809578107183,False,False
301293,三博脑科,20230505,医药医疗-医疗服务,医院,True,53.43,61.5263,60.222033333333336,True,False,False,46.12003058103976,22.02449292001531,71.70430418838062,1.2953153847782086,-45.96480582524271,False,False
688249,晶合集成,20230505,电子-半导体,半导体制造,True,34.59,40.0304,32.116566666666664,True,False,False,61.23853211009175,73.32567929582855,91.06350125458405,0.8671107692535635,-46.9559883453458,False,False
301390,经纬股份,20230508,建筑-专业工程,其他专业工程,True,29.83,33.9522,35.5338,False,False,False,44.87767584097859,46.95752009184845,24.609148812970467,0.8833660245932348,-29.144893111638957,False,False
603172,万丰股份,20230510,化工-化学制品,纺织化学品,True,16.33,19.4758,18.602833333333333,True,False,False,25.11467889908257,10.619977037887486,59.31287396255549,0.7148750573445459,-47.35654416505481,False,False
688469,芯联集成-U,20230510,电子-半导体,半导体制造,True,7.75,7.620400000000001,6.543699999999999,True,False,True,89.16284403669725,84.7684653654803,90.40725728623818,0.8399315929564165,-26.955702167766248,False,False
688479,友车科技,20230511,计算机-软件服务,行业应用软件,True,28.14,29.0914,19.309766666666665,True,False,False,79.35779816513761,98.98584003061615,95.13607411696584,1.134927666515076,-27.82764811490126,False,True
301325,曼恩斯特,20230512,机械设备-专用设备,其他专用设备,True,30.38,40.4889,51.9382,False,False,False,10.493119266055045,6.199770378874857,0.9457633661455318,0.6425307099933091,-56.618592031986296,False,False
001380,华纬科技,20230516,汽车-汽车零部件,底盘与发动机系统,True,16.56,18.2261,21.523733333333336,False,False,False,47.91666666666667,25.794106391121318,27.311329859100557,0.8056066325216134,-43.24880054832077,False,False
688512,慧智微-U,20230516,电子-半导体,集成电路设计,True,11.18,13.2994,12.0748,True,False,False,12.5,71.33562954458476,67.94055201698514,0.7854176779650652,-33.72851215174867,False,False
301382,蜂助手,20230517,传媒-广告营销,互联网广告,True,35.5,39.6148,36.1182,True,False,False,18.788226299694188,64.63834672789896,73.49932445473847,0.9806691303556523,-31.134820562560616,False,False
301332,德尔玛,20230518,家电-小家电,清洁小家电,True,8.16,8.6021,9.5303,False,False,False,68.96024464831805,56.50593187906621,22.5825130283729,0.8998817178281202,-27.85145888594165,False,False
688552,航天南湖,20230518,国防军工-军工电子,军工电子,True,26.03,34.319599999999994,36.954899999999995,False,False,False,24.732415902140673,8.247225411404516,9.74715305925497,0.927435848002761,-49.29879236462797,False,False
301428,世纪恒通,20230519,通信-电信服务,电信增值服务,True,28.86,33.8213,36.29796666666667,False,False,False,47.362385321100916,10.734787600459242,16.42540050183362,0.6357512277591213,-36.15044247787611,False,False
688361,中科飞测,20230519,电子-半导体,半导体设备,True,302.97,242.4714,160.84099999999998,True,False,True,98.92966360856269,98.41178721775736,99.32445473846748,1.1258753828002608,-32.145576707726754,True,False
688581,安杰思,20230519,医药医疗-医疗器械,医疗设备,True,52.47,55.1686,61.65103333333334,False,False,False,55.61926605504587,63.12667432070417,18.702953097857556,0.6233762052369813,-39.18636995827538,False,False
001324,长青科技,20230522,机械设备-轨交设备,轨交设备,True,19.3,19.371199999999998,19.515233333333335,False,False,False,71.06269113149847,85.22770761576732,53.13646014282957,0.7461523261444027,-15.425065731814191,False,False
688458,美芯晟,20230522,电子-半导体,集成电路设计,True,30.58,37.6466,40.69626666666667,False,False,False,10.091743119266056,18.54190585533869,19.49430611850994,0.8204356677480867,-38.12221772561717,False,False
301305,朗坤科技,20230523,环保-环境治理,固废治理,True,21.74,26.1481,22.730733333333333,True,False,False,63.01605504587155,55.12820512820513,79.71434086083768,0.7471630271207378,-33.455769819406186,False,False
301399,英特科技,20230523,机械设备-通用设备,制冷空调设备,True,15.27,19.5386,19.4101,True,False,False,21.02446483180428,40.68120933792576,29.144952711831696,0.7150973179491632,-39.428798095993656,False,False
001282,三联锻造,20230524,汽车-汽车零部件,其他汽车零部件,True,15.75,19.354499999999998,20.51493333333333,False,False,False,30.313455657492355,39.09299655568312,24.39683458791739,0.7254823351594111,-40.45368620037807,False,False
688562,航天软件,20230524,计算机-软件服务,行业应用软件,True,14.33,17.2633,18.676233333333332,False,False,False,37.71024464831804,10.696517412935323,28.237791932059448,0.9385139633675919,-51.750841750841744,False,False
301252,同星科技,20230525,机械设备-通用设备,制冷空调设备,True,28.65,37.0357,31.30926666666667,True,False,False,18.081039755351682,72.38805970149254,73.53792704111174,0.9079961093940626,-38.02725502920181,False,False
301337,亚华电子,20230526,计算机-软件服务,行业应用软件,True,23.45,26.9511,28.613399999999995,False,False,False,49.82798165137615,39.64791427477994,27.021810461300905,0.7877285703117922,-31.029411764705884,False,False
301353,普莱得,20230530,机械设备-通用设备,其他通用设备,True,16.92,19.5999,20.06,False,False,False,30.905963302752294,39.68618446230386,35.939007913530205,0.9890932059495806,-27.999999999999993,False,False
001373,翔腾新材,20230601,电子-光学光电,光学元件,True,26.4,34.1365,33.288333333333334,True,False,False,8.944954128440367,9.012629161882893,39.14302258251303,1.0377999740136545,-40.47350620067645,False,False
688593,新相微,20230601,电子-半导体,集成电路设计,True,26.55,33.200700000000005,24.604333333333333,True,False,False,9.155198776758409,88.82510524301568,91.2179116000772,0.9258644264565647,-37.880205896116045,False,False
301310,鑫宏业,20230602,汽车-汽车零部件,其他汽车零部件,True,47.9,40.699600000000004,32.881,True,False,True,99.78975535168195,98.64140834290089,92.80061764138198,1.0710401741260063,-30.41836141778037,True,False
688523,航天环宇,20230602,国防军工-航天装备,航天装备,True,41.81,59.3947,42.460800000000006,True,False,False,7.511467889908256,21.373899732108686,94.53773402817988,0.9962189558631841,-53.93345085940944,False,True
688570,天玛智控,20230605,机械设备-自动化设备,工业控制设备,True,14.88,16.3429,18.474666666666664,False,False,False,64.22018348623854,45.77114427860697,13.086276780544296,0.555930295601761,-33.6306868867083,False,True
301323,新莱福,20230606,化工-橡胶,橡胶制品,True,65.44,72.55109999999999,59.4035,True,False,False,37.06039755351682,92.25028702640643,88.09110210384095,0.7347579113867151,-39.54175905395417,False,False
688576,西山科技,20230606,医药医疗-医疗器械,医疗设备,True,38.18,45.5247,45.28243333333333,True,False,False,19.686544342507645,24.492920015308076,40.223895000965065,0.9506867689599203,-33.530640668523674,False,False
688623,双元科技,20230608,机械设备-自动化设备,其他自动化设备,True,59.59,64.6603,56.807966666666665,True,False,False,53.096330275229356,57.175660160734786,85.21520941903108,0.7215517046591925,-24.18575063613231,False,False
301320,豪江智能,20230609,机械设备-自动化设备,工业控制设备,True,12.44,15.2241,17.543799999999997,False,False,False,33.27599388379205,22.65595101415997,4.439297432928006,0.7739636809561544,-45.676855895196496,False,False
301383,天键股份,20230609,电子-消费电子,消费电子组件,True,21.42,26.974,33.67166666666667,False,False,False,15.92125382262997,9.529276693455797,2.3933603551437943,0.7756721333066868,-49.85955056179775,False,False
688472,阿特斯,20230609,电力设备-光伏设备,光伏电池组件,True,10.61,12.3969,12.611966666666667,False,False,False,25.267584097859324,22.751626482969765,76.00849256900213,0.8907615622397427,-55.32631578947369,False,False
301355,南王科技,20230612,轻工制造-包装印刷,纸包装,True,9.51,11.2522,12.159633333333334,False,False,False,32.310779816513765,29.31496364332185,24.10731519011774,0.8871972621774661,-41.11455108359132,False,False
301287,康力源,20230614,轻工制造-文娱用品,娱乐用品,True,34.14,38.1888,40.22836666666666,False,False,False,44.43807339449541,37.69613471106009,40.24319629415171,0.881054157548559,-26.087897813379513,False,False
301232,飞沃科技,20230615,电力设备-风电设备,风电零部件,True,97.71,136.5167,82.46866666666666,True,False,False,13.149847094801222,3.1955606582472256,99.63327542945378,0.9471405772069816,-46.31318681318681,False,False
301225,恒勃股份,20230616,汽车-汽车零部件,其他汽车零部件,True,51.4,70.56320000000001,70.40193333333333,True,False,False,4.032874617737003,1.3011863758132414,45.55105192047868,1.1841366362047407,-58.43777795746745,False,True
301448,开创电气,20230619,机械设备-通用设备,其他通用设备,True,40.0,39.3923,42.3653,False,False,True,95.5848623853211,69.78568694986606,86.95232580582899,1.1308338136131237,-41.648431801604666,False,False
688334,西高院,20230619,社会服务-专业服务,检测服务,True,18.52,19.9168,19.61453333333333,True,False,False,67.52675840978594,40.37504783773441,51.109824358232004,0.6820267896667002,-31.559497413155945,False,False
301262,海看股份,20230620,传媒-广播电视,广播电视,True,20.34,21.5629,23.940066666666667,False,False,False,68.78822629969419,33.19938767699962,29.685388921057708,1.3479654905733076,-42.62341325811002,False,False
688443,智翔金泰-U,20230620,医药医疗-生物制品,其他生物制药,True,22.63,26.378600000000002,28.7045,False,False,False,29.281345565749234,48.27784156142365,9.708550472881683,0.8598220903171545,-38.87088060507834,False,False
301315,威士顿,20230621,计算机-软件服务,行业应用软件,True,37.44,44.739399999999996,51.3585,False,False,False,27.675840978593275,10.026789131266742,16.5026056745802,0.8366180246203702,-47.467377578223655,False,False
301376,致欧科技,20230621,轻工制造-家居用品,家具,True,18.16,17.2098,18.187966666666664,False,False,True,78.87996941896024,69.93876769996173,68.13356494885157,0.6684539441690042,-14.460668864813941,False,False
688543,国科军工,20230621,国防军工-地面兵装,地面兵装,True,38.01,46.9088,46.17046666666667,True,False,False,39.75535168195719,20.436280137772673,39.85717043041884,1.1981676408499373,-44.69663902226103,False,False
300804,广康生化,20230627,化工-农用化工,农药,True,38.0,41.6061,41.03113333333334,True,False,False,61.42966360856269,84.61538461538461,39.56765103261918,1.0245851432080348,-28.932111464372547,False,False
301170,锡南科技,20230627,汽车-汽车零部件,底盘与发动机系统,True,22.03,25.831300000000002,27.109466666666666,False,False,False,34.61391437308868,33.237657864523534,23.817795792318087,0.8673276675803785,-29.930025445292618,False,False
688620,安凯微,20230627,电子-半导体,集成电路设计,True,12.49,13.0149,12.565733333333334,True,True,False,65.90214067278288,87.14121699196326,69.36884771279675,1.3577987719974585,-28.546910755148748,False,False
688629,华丰科技,20230627,国防军工-军工电子,军工电子,True,127.16,140.3937,98.86356666666667,True,False,False,64.77446483180428,96.38346727898967,97.56803705848291,1.0479447342988768,-39.35520793590233,False,False
301295,美硕科技,20230628,电力设备-电网设备,输变电设备,True,38.59,41.651199999999996,32.5807,True,False,False,36.92660550458716,90.43245311902028,90.42655857942482,1.4791974277375683,-26.662865830482694,False,False
301397,溯联股份,20230628,汽车-汽车零部件,底盘与发动机系统,True,24.59,25.866799999999998,25.6804,True,False,False,44.99235474006117,86.03138155376962,76.31731325998842,0.9692232358417611,-33.986577181208055,False,False
688631,莱斯信息,20230628,计算机-软件服务,行业应用软件,True,42.2,50.8383,69.53463333333335,False,False,False,33.33333333333333,8.228090317642557,0.8299556070256708,0.7622179200416824,-58.62745098039215,False,False
688429,时创能源,20230629,电力设备-光伏设备,光伏电池组件,True,10.26,12.591899999999999,14.176366666666667,False,False,False,27.484709480122326,22.043628013777266,13.298591005597373,0.825495780791963,-44.66019417475729,False,False
301210,金杨精密,20230630,电力设备-电池,锂电池,True,23.3,27.702999999999996,29.248066666666666,False,False,False,23.872324159021407,66.80061232300038,28.710673615132215,1.0508127346925853,-39.053099659952906,False,False
301291,明阳电气,20230630,电力设备-电网设备,输变电设备,True,39.43,48.6916,45.463800000000006,True,False,False,22.171253822629968,67.52774588595484,51.76606832657789,0.9345295502299106,-43.39649727246626,False,False
688582,芯动联科,20230630,电子-元器件,被动元件,True,37.71,54.128499999999995,62.77116666666666,False,False,False,20.45107033639144,3.4634519709146576,3.976066396448562,0.9981660283737395,-56.44490644490645,False,False
301395,仁信新材,20230703,化工-塑料,合成树脂,True,11.4,12.9023,12.222100000000001,True,False,False,56.84250764525994,52.43015690776885,56.475583864118896,0.8058674831915802,-30.61472915398661,False,False
301488,豪恩汽电,20230704,汽车-汽车零部件,汽车电子电气系统,True,99.41,130.2859,123.61036666666666,True,False,False,7.64525993883792,16.95369307309606,86.2960818374831,0.5263690415232849,-54.26270991488382,False,False
301202,朗威股份,20230705,机械设备-通用设备,金属制品,True,31.04,37.8548,40.871900000000004,False,False,False,22.916666666666664,32.62533486414084,17.56417679984559,1.1348626242207125,-42.154304882594104,False,False
301292,海科新源,20230707,电力设备-电池,电池化学品,True,66.27,74.9955,49.2421,True,False,False,61.4105504587156,95.65633371603522,98.88052499517468,0.9747702480495914,-37.98427849522741,False,False
301486,致尚科技,20230707,电子-消费电子,消费电子组件,True,126.0,197.3909,133.19203333333334,True,False,False,1.2041284403669725,10.46689628779181,93.86218876664736,0.7217825026724843,-56.92307692307692,False,False
301261,恒工精密,20230710,机械设备-通用设备,机械基础件,True,54.77,67.4381,69.35806666666667,False,False,False,10.416666666666668,32.740145426712594,22.543910441999614,0.670199338068762,-39.733714788732385,False,False
688603,天承科技,20230710,电子-电子化学品,电子化学品,True,81.46,124.3074,87.78479999999999,True,False,False,1.0129969418960245,78.45388442403369,93.1673422119282,0.650841154311309,-60.82712190430393,False,False
301370,国科恒泰,20230712,医药医疗-医药商业,医药流通,True,8.77,9.4963,10.5209,False,False,False,71.65519877675841,39.743589743589745,28.295695811619375,1.099422741582823,-29.159935379644597,False,False
301381,赛维时代,20230712,商贸-电子商务,跨境电商,True,22.82,19.8994,20.96673333333333,False,False,True,96.63608562691131,78.12858783008036,76.18220420768192,1.4055702607638383,-11.067809820732656,False,False
301393,昊帆生物,20230712,化工-化学原料,有机化工原料,True,51.38,56.73,54.39576666666667,True,False,False,41.99159021406727,75.96632223497896,52.67322910635013,1.3428906969918506,-27.77621591228563,False,False
688638,誉辰智能,20230712,电力设备-电池,锂电设备,True,31.85,36.7978,38.23276666666666,False,False,False,28.631498470948014,48.679678530424795,34.394904458598724,0.7941687331294551,-35.32994923857867,False,False
301272,英华特,20230713,机械设备-通用设备,制冷空调设备,True,32.37,38.4962,39.98103333333333,False,False,False,18.482415902140673,43.51320321469575,40.49411310557807,0.8380596201594548,-37.9409509202454,False,True
301456,盘古智能,20230714,电力设备-风电设备,风电零部件,True,22.99,27.241200000000003,27.766599999999997,False,False,False,24.560397553516818,43.01569077688481,35.70739239529048,0.9394149148405839,-37.71335681387158,False,False
301329,信音电子,20230717,电子-消费电子,消费电子组件,True,18.81,23.4718,22.135233333333332,True,False,False,17.69877675840979,42.78606965174129,53.65759505886894,0.5623013598474047,-43.10344827586208,False,False
301503,智迪科技,20230717,计算机-IT设备,其他IT设备,True,20.93,24.483900000000002,27.6642,False,False,False,34.174311926605505,24.26329889016456,13.665315576143602,0.8211293601941598,-36.843693421846716,False,False
688627,精智达,20230718,机械设备-专用设备,其他专用设备,True,371.88,393.57380000000006,237.58320000000003,True,False,False,62.61467889908256,95.57979334098738,99.67187801582706,0.960959265315844,-47.988811188811184,False,False
301505,苏州规划,20230719,建筑-工程咨询服务,工程咨询服务,True,15.79,19.8262,21.50583333333333,False,False,False,28.822629969418962,5.797933409873708,20.787492762015056,0.9331998904995257,-42.35122307411464,False,False
688563,航材股份,20230719,国防军工-航空装备,航空装备,True,53.02,55.174699999999994,56.539566666666666,False,False,False,74.19724770642202,48.23957137389973,53.15576143601621,0.739365109079938,-30.209293142029747,False,False
688610,埃科光电,20230719,机械设备-通用设备,仪器仪表,True,118.48,153.0883,91.17483333333334,True,False,False,4.606269113149847,96.32606199770379,98.28218490638872,1.0827547443048364,-55.01898253606681,False,False
301512,智信精密,20230720,机械设备-自动化设备,其他自动化设备,True,28.47,33.942,32.598933333333335,True,False,False,24.71330275229358,52.391886720244926,52.69253039953677,0.7372050615268574,-32.917059377945336,False,True
688602,康鹏科技,20230720,化工-化学制品,其他化学制品,True,6.48,7.4747,8.305466666666666,False,False,False,58.8111620795107,32.47225411404516,20.03474232773596,0.7753113880097764,-44.13793103448276,False,False
301499,维科精密,20230721,汽车-汽车零部件,汽车电子电气系统,True,23.21,31.912999999999997,29.589733333333335,True,False,False,7.8172782874617734,38.021431305013394,36.13202084539664,0.9418629944369853,-40.318848032913344,False,False
301468,博盈特焊,20230724,机械设备-专用设备,其他专用设备,True,29.93,40.579,33.01626666666667,True,False,False,26.28058103975535,4.879448909299656,88.1104033970276,0.6976421949640049,-50.30715590237422,False,False
688450,光格科技,20230724,机械设备-通用设备,仪器仪表,True,29.18,42.4807,33.0889,True,False,False,5.657492354740061,76.82740145426713,66.76317313259989,1.2447157914381237,-56.44125988953574,False,False
301446,福事特,20230725,机械设备-工程机械,工程机械零件,True,34.43,39.2438,33.43313333333334,True,False,False,34.65214067278288,31.592039800995025,83.30438139355337,0.7007373951950824,-30.863453815261042,False,False
301515,港通医疗,20230725,医药医疗-医疗器械,医疗设备,True,17.78,20.9777,21.667366666666666,False,False,False,27.924311926605505,32.68274014542671,33.082416521906964,0.92975207082195,-33.28330206378987,False,False
301172,君逸数码,20230726,计算机-软件服务,行业应用软件,True,21.28,28.6159,24.9309,True,False,False,3.153669724770642,29.793340987370836,60.470951553754105,0.9694422994339504,-45.1405001288992,False,False
688612,威迈斯,20230726,汽车-汽车零部件,汽车电子电气系统,True,29.66,30.9111,31.56263333333333,False,False,False,48.318042813455655,76.29161882893226,50.646593321752555,0.6518471675321647,-27.16110019646365,False,True
688651,盛邦安全,20230726,计算机-软件服务,行业应用软件,True,21.99,26.735899999999997,28.452599999999997,False,False,False,18.711773700305812,9.146574818216608,34.0281798880525,1.0802745056029484,-49.63353183692166,False,False
301519,舜禹股份,20230727,环保-环保设备,环保设备,True,11.43,13.151999999999997,13.7111,False,False,False,31.154434250764524,47.28281668580176,26.674387183941324,0.935248562233035,-27.15105162523901,False,False
688646,逸飞激光,20230728,机械设备-自动化设备,激光设备,False,,,,False,False,False,,,,,,False,False
301371,敷尔佳,20230801,化工-日用化工,化妆品,True,25.63,26.0359,25.247866666666667,True,True,False,51.62461773700306,88.90164561806353,67.12989770314611,0.9192782904854249,-20.403726708074544,False,False
603119,浙江荣泰,20230801,汽车-汽车零部件,其他汽车零部件,True,48.78,63.021499999999996,61.84826666666667,True,False,False,7.110091743119266,6.333716035208573,82.37791932059449,0.5964815356835225,-47.88461538461538,False,False
301509,金凯生科,20230803,医药医疗-医疗服务,医疗研发外包,True,27.22,33.1807,35.135666666666665,False,False,False,55.600152905198776,41.61882893226177,18.60644663192434,1.1630541081306287,-40.48972452995191,False,False
301518,长华化学,20230803,化工-化学制品,其他化学制品,True,24.14,33.1875,31.881366666666672,True,False,False,18.100152905198776,6.371986222732491,72.84308048639258,0.9735584728170036,-51.67167167167167,False,True
301362,民爆光电,20230804,电子-光学光电,LED,True,109.87,131.65769999999998,66.43593333333334,True,False,False,10.263761467889907,99.92345962495216,99.17004439297433,1.0109851892130715,-54.36723844332766,False,False
688347,华虹宏力,20230807,电子-半导体,半导体制造,True,219.5,208.9513,130.85386666666665,True,False,True,98.8914373088685,97.09146574818217,99.53676896352056,0.9759504192278631,-45.19350811485643,False,False
603296,华勤技术,20230808,电子-消费电子,消费电子组件,True,73.9,73.5939,65.49296666666666,True,False,True,76.37614678899082,93.89590508993494,82.01119475004826,1.4028532960909461,-16.854185418541846,True,False
300904,威力传动,20230809,电力设备-风电设备,风电零部件,True,41.27,51.762100000000004,59.98876666666667,False,False,False,18.86467889908257,16.24569460390356,25.632117351862576,0.9469074077456652,-55.87040205303677,False,False
301487,盟固利,20230809,电力设备-电池,电池化学品,True,16.06,21.358900000000002,22.430266666666668,False,False,False,7.836391437308869,27.229238423268278,19.861030689056168,0.8471565966807996,-45.59620596205962,False,False
688671,碧兴物联,20230809,环保-环境监测,环境监测,True,21.66,24.318,23.280966666666668,True,False,False,46.13914373088685,68.71412169919633,57.26693688477128,0.7710040456432525,-39.105988192296884,False,False
301348,蓝箭电子,20230810,电子-半导体,半导体封测,True,18.46,25.534200000000002,23.4256,True,False,False,7.702599388379205,10.543436662839648,43.79463424049411,0.682680260119099,-49.76870748299319,False,False
301372,科净源,20230811,环保-环境治理,水治理,True,27.05,31.821600000000004,27.860533333333333,True,False,False,19.285168195718654,74.20589360887868,75.44875506658946,0.8849942748520307,-32.97819623389494,False,False
301510,固高科技,20230815,机械设备-自动化设备,工业控制设备,True,25.99,32.9546,33.22286666666666,False,False,False,10.818042813455657,17.29812476081133,35.86180274078363,0.7843878695247524,-37.53905311223264,False,False
688548,广钢气体,20230815,电子-电子化学品,电子化学品,True,29.23,31.568100000000005,19.458333333333332,True,False,False,79.39602446483181,97.2636815920398,98.37869137232195,1.0348804570107069,-46.85454545454545,False,False
301498,乖宝宠物,20230816,农林牧渔-饲料,宠物食品,True,43.6,46.867399999999996,72.39356666666667,False,False,False,75.40137614678899,14.255644852659778,0.7913530206523837,1.3314538073379971,-56.176500150768916,False,False
688592,司南导航,20230816,通信-通信设备,通信终端及配件,True,22.58,28.1648,28.823666666666668,False,False,False,30.160550458715598,22.541140451588213,35.379270411117545,0.894657303407827,-39.28475396611992,False,False
301511,德福科技,20230817,电力设备-电池,锂电池,True,63.33,89.4551,49.97403333333334,True,False,False,5.084097859327217,99.52162265595102,96.83458791739046,0.8125072311495761,-62.665802039733535,False,False
688573,信宇人,20230817,电力设备-电池,锂电设备,True,15.45,19.5718,24.012,False,False,False,9.365443425076453,14.791427477994642,0.8685581933989578,0.7707613324048109,-53.407720144752716,False,False
301533,威马农机,20230818,机械设备-专用设备,农用机械,True,25.56,28.682100000000002,35.2033,False,False,False,48.24159021406727,9.701492537313433,8.010036672457055,1.0057244085637984,-42.432432432432435,False,False
688693,锴威特,20230818,电子-半导体,功率半导体,True,55.18,85.22229999999999,53.35966666666666,True,False,False,0.668960244648318,95.90508993494068,90.44585987261146,0.705353239079168,-60.58571428571429,False,False
301418,协昌科技,20230821,机械设备-自动化设备,工业控制设备,True,34.49,41.4195,38.642833333333336,True,False,False,35.62691131498471,65.34634519709147,52.924145917776485,0.7034526205800773,-39.51245177130831,False,False
301469,恒达新材,20230822,轻工制造-造纸,特种纸,True,27.04,31.214899999999997,29.669566666666668,True,False,False,27.599388379204893,52.31534634519709,59.00405327156919,0.968760515861446,-34.33705682370083,False,False
301421,波长光电,20230823,电子-光学光电,光学元件,True,62.88,93.98559999999999,90.43533333333333,True,False,False,0.9938837920489296,14.006888633754306,37.15498938428875,0.9037484785690488,-52.48961088024178,False,True
603275,众辰科技,20230823,机械设备-自动化设备,工业控制设备,True,35.9,42.6677,45.8525,False,False,False,24.48394495412844,32.24263298890165,4.709515537541016,0.46431601941075423,-40.71994715984148,False,False
688591,泰凌微,20230825,电子-半导体,集成电路设计,True,27.12,33.9225,41.6301,False,False,False,17.507645259938837,4.496747034060467,4.07257286238178,0.9937317399498614,-56.68423574508864,False,False
301528,多浦乐,20230828,机械设备-通用设备,仪器仪表,True,44.5,52.296400000000006,45.434133333333335,True,False,False,68.65443425076452,74.0145426712591,74.79251109824358,0.9040739114490844,-47.855636278415744,False,False
301525,儒竞科技,20230830,家电-家电零部件,家电零部件,True,39.4,50.2783,57.51106666666668,False,False,False,11.62079510703364,9.491006505931878,16.36749662227369,0.7086503676733071,-53.03373465252116,False,False
603270,金帝股份,20230901,机械设备-通用设备,金属制品,True,23.71,27.3848,26.2892,True,False,False,26.968654434250766,67.62342135476463,48.25323296660876,0.7987438422225299,-32.024082568807344,False,False
301507,民生健康,20230905,医药医疗-化学制药,化学制剂,True,12.16,13.255200000000002,14.299733333333334,False,False,False,64.29663608562691,47.99081515499426,32.31036479444123,1.1378326026233707,-30.830489192263933,False,False
301251,威尔高,20230906,电子-元器件,PCB,True,28.15,46.0343,39.667166666666674,True,False,False,2.675840978593272,28.97053195560658,50.62729202856592,1.233230355680903,-53.79185817465528,False,False
688549,中巨芯-U,20230908,电子-电子化学品,电子化学品,True,18.4,18.3888,12.075333333333335,True,False,True,97.49617737003058,99.06238040566399,97.0276008492569,0.8922196766291006,-54.67980295566504,False,False
301529,福赛科技,20230911,汽车-汽车零部件,车身附件及饰件,True,74.97,95.9739,68.51906666666667,True,False,False,5.409021406727828,44.776119402985074,95.7923180853117,0.9535040730303608,-41.0427807486631,False,False
603075,热威股份,20230911,家电-家电零部件,家电零部件,True,18.54,22.4481,21.8976,True,False,False,22.457951070336392,49.65556831228473,45.43524416135881,0.8379392830790806,-34.18530351437701,False,False
688702,盛科通信-U,20230914,电子-半导体,集成电路设计,True,322.0,282.2804,167.04926666666665,True,False,True,93.23394495412845,99.44508228090318,99.80698706813357,1.243263240428931,-25.142392188771357,True,False
301550,斯菱智驱,20230915,汽车-汽车零部件,轮胎轮毂,True,70.15,103.29790000000001,79.7394,True,False,False,2.025993883792049,6.391121316494451,91.02489866821077,0.8343644948777084,-50.62640765765766,False,False
301548,崇德科技,20230920,机械设备-通用设备,机械基础件,True,59.2,76.7063,62.487633333333335,True,False,False,13.723241590214066,63.030998851894374,78.67207102875892,0.9568861889861816,-39.43734015345268,False,False
688716,中研股份,20230920,化工-塑料,合成树脂,True,27.9,33.014300000000006,37.8166,False,False,False,23.279816513761467,16.838882510524304,20.26635784597568,1.111196622631275,-50.57573073516386,False,False
301500,飞南资源,20230921,环保-环境治理,固废治理,True,21.43,24.8992,19.344033333333332,True,False,False,37.404434250764524,85.93570608495982,84.5203628643119,0.82647959406037,-32.076069730586376,False,False
301520,万邦医药,20230925,医药医疗-医疗服务,医疗研发外包,True,41.83,33.3904,31.5684,True,False,True,99.61773700305811,95.92422502870264,83.2271762208068,2.325742702337473,-37.239309827456864,True,False
603276,恒兴新材,20230925,化工-化学原料,有机化工原料,True,14.68,16.3599,16.778333333333332,False,False,False,47.84021406727829,47.68465365480291,46.57402045937078,0.6689054454823892,-22.4920802534319,False,False
301558,三态股份,20230928,商贸-电子商务,跨境电商,True,6.65,7.3687000000000005,8.440699999999998,False,False,False,56.65137614678899,29.181017986988135,16.985138004246284,0.9650574071469764,-34.547244094488185,False,False
688719,爱科赛博,20230928,电力设备-其他发电设备,其他发电设备,True,42.03,61.3755,48.51116666666666,True,False,False,2.198012232415902,65.2315346345197,74.67670333912372,0.8954602471705652,-54.903433476394845,False,False
688657,浩辰软件,20231010,计算机-软件服务,行业应用软件,True,29.95,33.983799999999995,34.66323333333334,False,False,False,31.00152905198777,33.83084577114428,67.53522486006563,1.1201459724226352,-29.6618130577736,False,False
301559,中集环科,20231011,机械设备-通用设备,金属制品,True,13.46,14.784,16.119766666666663,False,False,False,54.243119266055054,40.41331802525832,28.276394518432735,1.0097580505003005,-28.25159914712153,False,False
301517,陕西华达,20231017,国防军工-军工电子,军工电子,True,37.81,55.5,52.13843333333334,True,False,False,4.720948012232416,4.171450440107156,45.45454545454545,0.9768639508296962,-57.79191783880331,False,False
603193,润本股份,20231017,化工-日用化工,洗护用品,True,21.81,22.026300000000003,26.270966666666666,False,False,False,76.4908256880734,70.95292766934558,20.768191468828412,1.0989474322297896,-38.074957410562185,False,False
603273,天元智能,20231023,机械设备-专用设备,其他专用设备,True,14.22,15.988600000000002,18.0774,False,False,False,53.669724770642205,35.95484117872177,20.613781123335265,1.0380102354603278,-39.25672789406236,False,False
301489,思泉新材,20231024,电子-电子化学品,电子化学品,True,84.74,146.1668,121.4802,True,False,False,0.45871559633027525,30.176042862610025,91.91275815479636,0.9117309485399789,-57.60032022415691,False,False
001378,德冠新材,20231030,化工-塑料,塑料薄膜,True,17.04,19.1671,17.9431,True,False,False,37.1368501529052,68.98201301186376,59.10055973750241,1.1940809085922437,-21.25693160813309,False,False
301555,惠柏新材,20231031,化工-塑料,合成树脂,True,28.93,37.5062,33.48016666666666,True,False,False,18.82645259938838,56.19977037887486,56.938814900598345,0.6147033005520777,-38.27608278216342,False,False
603107,上海汽配,20231101,汽车-汽车零部件,底盘与发动机系统,True,12.29,13.0928,14.497033333333336,False,False,False,62.04128440366973,53.310371220818986,27.504342790966994,1.1795854734433562,-24.462200368776898,False,False
001376,百通能源,20231103,公用事业-电力,热力服务,True,11.44,13.7704,13.946566666666664,False,False,False,44.36162079510703,1.282051282051282,51.70816444701794,0.9947934774314942,-52.863617634940255,False,False
603062,麦加芯彩,20231107,化工-化学制品,涂料油墨,True,37.28,45.216899999999995,46.67353333333333,False,False,False,34.26987767584097,32.37657864523536,27.118316927234126,0.6433498157867983,-33.28561202576951,False,False
001326,联域股份,20231109,电子-光学光电,LED,True,46.96,57.7671,47.85053333333333,True,False,False,16.99159021406728,70.85725220053578,86.89442192626906,0.7755604819089438,-36.56625692286911,False,False
688648,中邮科技,20231113,机械设备-专用设备,其他专用设备,True,30.75,44.20219999999999,52.67293333333333,False,False,False,12.308868501529052,1.1863758132414848,13.839027214823393,0.7927446034864648,-60.064935064935064,False,False
001306,夏厦精密,20231116,机械设备-通用设备,机械基础件,True,50.11,62.899499999999996,78.29876666666667,False,False,False,15.825688073394495,5.931879066207425,6.851959081258445,0.8723097471282824,-54.68029302704169,False,False
688653,康希通信,20231117,电子-半导体,集成电路设计,True,11.01,14.1107,13.264866666666666,True,False,False,16.1697247706422,38.882510524301566,47.19166184134337,1.1910239232269506,-36.651323360184115,False,False
301568,思泰克,20231128,机械设备-专用设备,其他专用设备,True,54.75,71.1988,53.30573333333333,True,False,False,49.77064220183486,90.70034443168772,88.61223701988034,0.7532691719960115,-55.203730976926856,False,False
688652,京仪装备,20231129,电子-半导体,半导体设备,True,114.14,137.96130000000002,102.06316666666667,True,False,False,25.324923547400612,76.17680826636051,95.75371549893843,0.9731925504058826,-50.447165060345576,False,False
301508,中机认检,20231201,社会服务-专业服务,检测服务,True,23.76,26.7148,30.560099999999995,False,False,False,53.8704128440367,30.463069269039416,10.287589268480989,0.7508286451080415,-33.277169334456616,False,False
601083,锦江航运,20231205,交通运输-航运港口,航运,True,11.53,11.165,11.097633333333333,True,False,True,92.01070336391437,84.3857634902411,67.26500675545262,0.890933597799908,-11.239414934565062,False,False
688720,艾森股份,20231206,电子-半导体,半导体材料,True,49.13,65.68690000000001,47.845866666666666,True,False,False,23.31804281345566,70.55109070034443,92.1057710866628,1.1225815252862181,-53.47537878787878,False,False
301516,中远通,20231208,电力设备-其他发电设备,其他发电设备,True,14.91,18.2915,17.372300000000003,True,False,False,17.851681957186543,69.46039035591275,35.996911793090135,1.4768671828300548,-34.02654867256637,False,False
001239,永达股份,20231212,机械设备-工程机械,工程机械零件,True,11.54,14.100299999999999,15.6614,False,False,False,37.61467889908257,21.852277076157673,4.806022003474233,1.1112104848994655,-45.230185097294736,False,False
301459,丰茂股份,20231213,汽车-汽车零部件,底盘与发动机系统,True,33.56,35.8074,40.95586666666666,False,False,False,35.301987767584095,37.06467661691542,19.301293186643505,0.714992544930203,-36.64338304700774,False,False
603231,索宝蛋白,20231215,农林牧渔-农产品加工,粮油加工,True,15.02,16.164299999999997,17.355733333333333,False,False,False,67.12538226299695,41.427477994642175,46.091488129704686,0.8925482890294055,-30.26926648096564,False,False
301413,安培龙,20231218,机械设备-通用设备,仪器仪表,True,58.57,82.5073,88.65703333333333,False,False,False,3.211009174311927,1.2437810945273633,65.85601235282765,0.7661331509051907,-60.958538861485145,False,False
603373,安邦护卫,20231220,社会服务-专业服务,其他专业服务,True,33.21,32.4036,31.660566666666668,True,True,True,71.63608562691131,93.47493302717183,49.411310557807376,0.8655741194431069,-23.479262672811053,False,False
001358,兴欣新材,20231221,化工-化学制品,其他化学制品,True,24.49,26.1714,26.258533333333336,False,False,False,54.20489296636085,58.38117106773824,70.005790387956,1.4264408315268453,-23.27694235588973,False,True
601096,宏盛华源,20231222,建筑-专业工程,钢结构,True,4.5,5.1139,4.720466666666667,True,False,False,56.899847094801224,59.41446613088404,59.93051534452808,0.9546352710451306,-35.98862019914652,False,False
301526,国际复材,20231226,建材-玻璃玻纤,玻纤制造,True,27.88,23.758699999999997,12.210799999999999,True,False,True,99.36926605504587,99.86605434366629,99.90349353406678,1.0214725990921218,-46.64114832535885,True,True
603004,鼎龙科技,20231227,化工-化学制品,其他化学制品,True,18.24,21.051099999999998,22.333133333333333,False,False,False,56.82339449541285,38.595484117872175,33.198224281026825,0.8823117411412797,-30.034522439585743,False,False
301578,辰奕智能,20231228,电子-其他电子,其他电子,True,21.93,24.0115,26.299666666666667,False,False,False,40.8065749235474,48.90929965556831,29.241459177764913,1.2234244946949993,-28.074778615939657,False,False
301566,达利凯普,20231229,电子-元器件,被动元件,True,21.12,26.986800000000002,21.460166666666666,True,False,False,13.742354740061163,83.6777650210486,83.03416328894035,0.7556959534987969,-47.645017352503714,False,False
688717,艾罗能源,20240103,电力设备-光伏设备,光伏逆变器,True,56.01,99.89470000000001,80.02313333333335,True,False,False,0.6307339449541285,3.635667814772292,52.80833815865663,1.0025702768345661,-61.5315934065934,False,False
603325,博隆技术,20240110,机械设备-专用设备,能源及重型设备,True,54.16,61.235099999999996,73.45443333333333,False,False,False,74.6368501529052,11.385380788365863,7.87492762015055,0.9036586056843287,-43.53039307684288,False,False
001387,雪祺电气,20240111,家电-白色家电,冰洗,True,11.72,12.8081,13.525733333333333,False,False,False,52.73318042813455,51.72215843857635,33.48774367882648,0.8050620413081473,-27.92127921279213,False,False
603312,西典新能,20240111,电力设备-电网设备,输变电设备,True,32.36,37.721199999999996,41.93803333333333,False,False,False,44.571865443425075,16.724071947952545,38.87280447790002,0.6584204090736729,-47.14145704018294,False,False
301567,贝隆精密,20240116,电子-消费电子,消费电子组件,True,32.44,40.3796,43.07833333333333,False,False,False,14.315749235474007,14.925373134328357,23.74059061957151,0.8594259239852994,-43.92394122731203,False,False
601033,永兴股份,20240118,环保-环境治理,固废治理,True,14.79,14.4365,14.880466666666667,False,False,True,89.39220183486239,76.7891312667432,59.891912758154795,1.114864594057124,-9.04059040590407,False,False
001379,腾达科技,20240119,机械设备-通用设备,金属制品,True,15.54,19.0168,21.0472,False,False,False,21.788990825688074,11.481056257175661,19.455703532136653,0.9384887767702159,-39.36792820912993,False,False
301577,美信科技,20240124,电子-其他电子,其他电子,True,49.3,69.8605,63.08903333333333,True,False,False,12.42354740061162,52.334481438959045,37.07778421154217,0.8373615783308929,-52.99837925445705,False,False
603375,盛景微,20240124,电子-半导体,集成电路设计,True,32.94,42.898199999999996,40.18076666666666,True,False,False,8.486238532110093,58.99349406812093,20.59447983014862,0.77637040521994,-39.44852941176471,False,False
603082,北自科技,20240130,机械设备-自动化设备,其他自动化设备,True,35.73,36.8897,37.6105,False,False,False,51.41437308868502,76.06199770378875,50.14475969889982,0.6957597490081912,-29.26153236982776,False,False
301502,华阳智能,20240202,电力设备-电机制造,电机制造,True,46.05,61.2072,51.15956666666667,True,False,False,2.886085626911315,85.01722158438577,72.61146496815286,0.6358002151255789,-48.08927967534663,False,False
688709,成都华微,20240207,电子-半导体,集成电路设计,True,24.75,37.700900000000004,39.799499999999995,False,False,False,8.352446483180428,1.320321469575201,26.761243003281223,1.001230476596782,-56.433726456609755,False,False
301589,诺瓦星云,20240208,计算机-IT设备,其他IT设备,True,138.8,157.9933,160.8676,False,False,False,32.931957186544345,43.130501339456565,51.14842694460528,0.9017322376531198,-33.45478952919743,False,False
688584,上海合晶,20240208,电子-半导体,半导体材料,True,23.86,26.257599999999996,23.2371,True,False,False,63.53211009174312,77.11442786069652,85.15730553947114,1.0513939044816376,-48.41081081081081,False,False
301591,肯特股份,20240228,化工-塑料,其他塑料制品,True,26.4,36.9102,34.1657,True,False,False,22.649082568807337,16.2265595101416,33.449141092453196,0.6367623559240564,-54.49060506809171,False,False
603341,龙旗科技,20240301,通信-通信设备,通信终端及配件,True,35.72,38.3243,41.040866666666666,False,False,False,76.45259938837921,47.971680061232306,48.73576529627485,1.020060212421765,-30.16617790811339,False,True
301588,美新科技,20240313,轻工制造-家居用品,家具,True,29.25,33.1443,24.40983333333333,True,False,False,22.84021406727829,96.05817068503636,90.65817409766454,0.9244262159605892,-47.16401734104046,False,False
688695,中创股份,20240313,计算机-软件服务,基础软件,True,19.09,22.117099999999997,27.122433333333333,False,False,False,31.05886850152905,15.652506697282817,6.022003474232774,1.0295028540986855,-45.45714285714286,False,False
301538,骏鼎达,20240320,化工-塑料,改性塑料,True,37.1,55.9231,53.4133,True,False,False,1.261467889908257,5.013394565633371,23.142250530785564,0.8780502748867778,-55.45148895292987,False,False
603344,星德胜,20240320,电力设备-电机制造,电机制造,True,22.06,27.09,27.709799999999994,False,False,False,16.016819571865444,23.34481438959051,39.664157498552406,0.44972004965107126,-42.25130890052357,False,False
001359,平安电工,20240328,化工-非金属材料,非金属材料,True,72.46,79.009,53.6898,True,False,False,65.27140672782875,94.89092996555684,94.17100945763366,1.2205254707871807,-44.23150927422459,False,True
301536,星宸科技,20240328,电子-半导体,集成电路设计,True,104.31,92.8796,72.06920000000001,True,False,True,98.31804281345565,97.70378874856488,93.39895773016792,1.480013601047428,-23.86131386861313,True,False
001389,广合科技,20240402,电子-元器件,PCB,True,140.58,162.90890000000002,103.21263333333333,True,False,False,21.597859327217126,96.24952162265595,95.830920671685,1.0477516635079684,-40.535510342202095,False,False
301587,中瑞股份,20240408,电力设备-电池,锂电池,True,21.27,24.8573,23.823266666666665,True,False,False,23.146024464831804,64.92537313432835,51.09052306504536,0.9169190654472575,-30.399214659685857,False,False
688691,灿芯股份,20240411,电子-半导体,半导体制造,True,58.0,100.7414,96.35826666666668,True,False,False,0.8792048929663608,0.5549177190968235,57.01602007334492,0.997912743634423,-63.52201257861636,False,False
301539,宏鑫科技,20240415,汽车-汽车零部件,轮胎轮毂,True,14.33,16.5885,18.718966666666667,False,False,False,44.457186544342505,18.56104094910065,14.225053078556263,1.0460755698330073,-37.1766768960982,False,False
688530,欧莱新材,20240509,电子-半导体,半导体材料,True,38.09,51.2144,29.581499999999995,True,False,False,23.8914373088685,98.81362418675852,96.40995946728431,0.8645039977033638,-61.79155381683217,False,False
301596,瑞迪智驱,20240513,机械设备-通用设备,机械基础件,True,49.82,51.46509999999999,56.105366666666654,False,False,False,34.63302752293578,72.78989667049368,31.692723412468638,0.9865476986184017,-26.3780109354219,False,False
301392,汇成真空,20240605,机械设备-专用设备,其他专用设备,True,118.71,173.27020000000002,147.9701,True,False,False,5.198776758409786,65.92039800995025,47.230264427716655,0.8988771825679167,-58.87264412416852,False,False
300784,利安科技,20240607,化工-塑料,其他塑料制品,True,39.0,46.218999999999994,51.21156666666666,False,False,False,26.22324159021407,7.979334098737084,16.75352248600656,0.7213179266189984,-38.46639318396971,False,False
688692,达梦数据,20240612,计算机-软件服务,基础软件,True,231.0,244.4282,247.09430000000003,False,False,False,61.0282874617737,53.00420972062763,67.67033391237213,0.8563194364347814,-26.910299003322258,False,False
301565,中仑新材,20240620,化工-塑料,塑料薄膜,True,20.68,22.5996,23.737266666666667,False,False,False,58.37155963302752,54.99425947187141,46.65122563211735,0.48785240170305966,-32.66037121458808,False,False
301580,爱迪特,20240626,医药医疗-医疗器械,医疗耗材,True,49.02,52.174499999999995,39.583800000000004,True,False,False,95.85244648318043,96.42173746651359,89.53869909283922,1.0145567285592625,-41.649803594810145,False,False
603381,永臻股份,20240626,电力设备-光伏设备,光伏辅材,True,15.05,20.2705,21.570100000000004,False,False,False,11.391437308868502,19.709146574818217,13.491603937463811,0.7767285968331339,-51.82458386683738,False,True
603350,安乃达,20240703,电力设备-电机制造,电机制造,True,27.45,32.5287,36.30643333333333,False,False,False,37.595565749235476,28.530424799081516,16.406099208646978,0.8402289630481178,-38.80962995987517,False,False
603285,键邦股份,20240705,化工-化学制品,其他化学制品,True,30.65,40.3316,30.89406666666667,True,False,False,4.587155963302752,70.68503635667814,82.62883613202085,0.9692294754248593,-43.32470414201184,False,False
301603,乔锋智能,20240710,机械设备-通用设备,机床制造,True,99.06,111.3195,81.51623333333335,True,False,False,21.158256880733944,96.95752009184845,93.28314997104806,0.8353486578869034,-38.083630226889184,False,True
301552,科力装备,20240722,汽车-汽车零部件,车身附件及饰件,True,23.44,27.0723,28.6189,False,False,False,35.79892966360856,46.747034060466895,27.890368654699866,1.3536952495067054,-29.862357869539203,False,False
301606,绿联科技,20240726,电子-消费电子,品牌消费电子,True,50.72,67.4113,61.8037,True,False,False,12.060397553516818,22.00535782625335,75.10133178922987,0.876730342381097,-40.71303331385154,False,False
603391,力聚热能,20240731,机械设备-专用设备,能源及重型设备,True,53.78,60.9991,54.38183333333334,True,False,False,27.809633027522935,46.09644087256027,86.75931287396256,1.03739886343508,-27.097736207130264,False,False
301608,博实结,20240801,通信-通信设备,通信终端及配件,True,47.97,54.54280000000001,57.228633333333335,False,False,False,27.44648318042813,41.25526215078454,50.8010036672457,0.8935225906262736,-31.40283140283141,False,False
688721,龙图光罩,20240806,电子-半导体,半导体材料,True,34.18,45.6354,46.353633333333335,False,False,False,18.616207951070336,25.54535017221584,28.31499710480602,1.0126964892477779,-50.63547082611207,False,True
603310,巍华新材,20240814,化工-化学制品,氟化工,True,14.69,15.7656,17.084733333333332,False,False,False,56.76605504587155,57.48182166092614,30.225825130283727,0.4835432974479299,-28.620019436345967,False,False
301611,珂玛科技,20240816,电子-半导体,半导体材料,True,77.45,112.47689999999999,83.83983333333333,True,False,False,12.442660550458715,7.500956754688098,89.38428874734608,0.8465157674797015,-58.01712922810061,False,False
301571,国科天成,20240821,电子-其他电子,其他电子,True,56.5,64.13810000000001,54.5186,True,False,False,62.8822629969419,78.16685801760428,79.79154603358425,1.2049316175712304,-26.623376623376625,False,False
603207,小方制药,20240826,医药医疗-化学制药,化学制剂,True,22.51,24.665399999999998,28.541566666666665,False,False,False,70.71865443425077,36.81592039800995,11.966801775718974,1.2154273190515554,-39.39149165320409,False,False
301586,佳力奇,20240828,国防军工-航空装备,航空装备,True,31.42,38.4761,47.278933333333335,False,False,False,25.80275229357798,9.797168006123231,2.026635784597568,0.9451001554435,-48.927178153446036,False,False
001277,速达股份,20240903,机械设备-专用设备,能源及重型设备,True,28.03,32.536100000000005,38.64516666666666,False,False,False,35.39755351681958,21.890547263681594,10.441999613974136,1.0282296640582154,-50.0,False,False
688710,益诺思,20240903,医药医疗-医疗服务,医疗研发外包,True,69.13,64.8982,51.307566666666666,True,False,True,94.13226299694189,93.28358208955224,93.49546419610114,1.4557523825609147,-17.721970959295408,True,False
301607,富特科技,20240904,汽车-汽车零部件,汽车电子电气系统,True,31.35,39.1163,32.0711,True,False,False,34.5565749235474,70.53195560658247,80.60220034742328,1.0807852101563549,-45.354715007843815,False,False
301600,慧翰股份,20240911,通信-通信设备,通信终端及配件,True,89.21,99.04310000000001,112.30830000000002,False,False,False,32.49235474006117,24.41637964026024,37.63752171395483,0.9517805368978489,-40.10741859684458,False,True
603091,众鑫股份,20240920,轻工制造-家居用品,其他家居,True,47.01,52.064800000000005,50.0077,True,False,False,40.63455657492355,65.7099119785687,66.84037830534646,1.0802297999381802,-22.69363591514554,False,False
301551,无线传媒,20240926,传媒-广播电视,广播电视,True,21.48,24.644900000000003,35.28136666666666,False,False,False,57.60703363914374,4.439341752774588,0.6948465547191662,1.165284641540183,-57.633136094674555,False,False
688615,合合信息,20240926,计算机-软件服务,行业应用软件,True,114.1,123.1071,132.72843333333333,False,False,False,40.92125382262997,4.42020665901263,58.75313646014283,1.031268696334257,-51.32252559726963,False,False
301618,长联科技,20240930,化工-化学制品,纺织化学品,True,31.96,37.2236,39.368133333333326,False,False,False,43.17660550458716,51.607347876004596,19.011773788843854,0.9529819386455346,-33.7891029625026,False,False
001279,强邦新材,20241011,轻工制造-包装印刷,印刷,True,24.92,29.1625,35.08433333333333,False,False,False,33.00840978593273,24.62686567164179,6.446631924338931,0.6563432719502154,-40.23980815347722,False,False
301522,上大股份,20241016,有色-金属新材料,其他金属新材料,True,23.66,28.8004,33.275400000000005,False,False,False,25.19113149847095,6.926903941829315,9.168114263655665,0.8896270384601731,-50.564145424153786,False,False
301556,托普云农,20241017,计算机-软件服务,行业应用软件,True,58.9,73.2505,91.28256666666667,False,False,False,33.52446483180428,0.8419441255262151,2.354757768770508,0.9789229746493958,-60.34471150609304,False,False
301592,六九一二,20241024,国防军工-军工电子,军工电子,True,93.48,116.2701,128.04770000000002,False,False,False,27.714067278287462,41.733639494833525,3.898861223701988,0.9768151722401158,-46.97072838665759,False,False
301626,苏州天脉,20241024,电子-消费电子,消费电子组件,True,205.5,280.3975,189.2074333333333,True,False,False,19.896788990825687,91.75277458859549,91.16000772051727,0.9454644841093278,-46.478799874986976,False,False
301613,新铝时代,20241025,汽车-汽车零部件,其他汽车零部件,True,38.18,42.959799999999994,48.85153333333333,False,False,False,52.31269113149847,32.85495598928435,11.407064273306311,0.9744414734465435,-39.24252068746023,False,False
688726,拉普拉斯,20241029,电力设备-光伏设备,光伏加工设备,True,41.96,57.25990000000001,50.335100000000004,True,False,False,6.173547400611621,11.308840413318025,49.81663771472689,0.6610080673614541,-49.237841761432364,False,False
301628,强达电路,20241031,电子-元器件,PCB,True,72.5,104.48769999999999,94.96286666666667,True,False,False,2.503822629969419,40.10715652506697,32.00154410345493,0.5508408903587372,-49.65277777777778,False,False
301633,港迪技术,20241107,机械设备-自动化设备,工业控制设备,True,56.33,55.6788,66.5769,False,False,True,80.9059633027523,53.69307309605817,6.485234510712218,1.5641779593749148,-32.70815912077409,False,False
603205,健尔康,20241107,医药医疗-医疗器械,医疗耗材,True,21.08,23.7546,26.99863333333333,False,False,False,45.546636085626915,36.39494833524684,15.865662999420962,1.074808689128745,-33.29113924050634,False,False
688750,金天钛业,20241120,有色-稀有金属,钛,True,14.51,17.256,19.458433333333332,False,False,False,37.27064220183486,26.693455797933407,9.882262111561474,0.6275580812810294,-42.35200635677394,False,False
301631,壹连科技,20241122,电子-消费电子,消费电子组件,True,57.78,73.2546,67.9015,True,False,False,5.791284403669724,51.320321469575205,59.96911793090137,1.0058578541845575,-40.99264705882353,False,False
603395,红四方,20241126,化工-农用化工,复合肥,True,23.41,25.3917,30.53063333333333,False,False,False,72.01834862385321,28.22426329889016,11.271955220999807,1.18901880342649,-40.05121638924455,False,True
688449,联芸科技,20241129,电子-半导体,集成电路设计,True,48.96,61.458400000000005,52.25223333333333,True,False,False,3.5168195718654434,61.13662456946039,78.55626326963908,0.729445973334362,-44.69671297865131,False,False
301622,英思特,20241204,有色-金属新材料,磁性材料,True,42.48,54.6554,68.82163333333334,False,False,False,17.450305810397555,9.031764255644854,1.3317892298784018,0.7586139518088377,-55.25123775413463,False,False
688708,佳驰科技,20241205,国防军工-航空装备,航空装备,True,46.94,50.8254,59.86929999999999,False,False,False,67.58409785932722,37.54305396096441,12.661648330438139,0.7044890308346549,-43.95893027698185,False,False
301617,博苑新材,20241211,化工-化学制品,其他化学制品,True,45.48,49.7446,49.5386,True,False,False,55.46636085626911,34.57711442786069,89.32638486778615,0.6307225535307674,-43.11444652908069,False,False
688605,先锋精科,20241212,电子-半导体,半导体设备,True,64.25,74.2506,66.7266,True,False,False,39.58333333333333,72.33065442020667,73.20980505693882,0.9973097453335873,-45.038494439692045,False,False
301585,蓝宇股份,20241220,化工-化学制品,纺织化学品,True,25.54,27.2156,30.91976666666666,False,False,False,64.41131498470948,37.504783773440494,19.84172939586952,0.792107782623418,-29.055555555555557,False,False
301598,博科测试,20241220,机械设备-专用设备,其他专用设备,True,47.79,56.50320000000001,60.79376666666667,False,False,False,22.075688073394495,28.473019517795638,24.6670526925304,0.8770550162070014,-33.25418994413407,False,True
603194,中力股份,20241224,机械设备-工程机械,工程机械整机,True,35.6,34.5723,37.606566666666666,False,False,True,79.09021406727828,71.31649445082282,43.35070449720131,0.7013166114533109,-21.360724541639055,False,False
001391,国货航,20241230,交通运输-物流,跨境物流,True,4.39,4.8553,5.877266666666667,False,False,False,54.032874617737,36.93073096058171,8.338158656629995,1.1288069480219105,-35.5359765051395,False,False
301581,黄山谷捷,20250103,电子-半导体,半导体材料,True,34.84,44.971199999999996,49.47853333333334,False,False,False,19.93501529051988,26.4638346727899,9.3611271955221,0.6154163372226598,-45.76587795765877,False,False
603072,天和磁材,20250103,有色-金属新材料,磁性材料,True,32.39,36.407799999999995,44.23356666666667,False,False,False,53.97553516819572,32.721010332950634,4.8832271762208075,0.6769689439163161,-43.63035154890359,False,False
301458,钧崴电子,20250110,电子-元器件,被动元件,True,32.68,43.023,37.433,True,False,False,24.159021406727827,65.49942594718713,54.429646786334686,0.624086241399602,-51.063192572626534,False,False
688758,赛分科技,20250110,化工-化学原料,其他化学原料,True,23.01,20.1928,18.978733333333334,True,False,True,97.99311926605505,94.9100650593188,83.88342018915267,1.607895299991292,-14.524517087667165,True,False
301601,惠通科技,20250115,机械设备-专用设备,其他专用设备,True,16.1,19.8801,27.664066666666663,False,False,False,37.480886850152906,3.1572904707233063,0.8106543138390272,0.9662967633773492,-54.71167369901546,False,False
688583,思看科技,20250115,机械设备-通用设备,仪器仪表,True,72.58,84.6585,74.92293333333333,True,False,False,31.230886850152906,46.34519709146575,72.6307662613395,0.7682152049061641,-40.547182175622545,False,False
301602,超研股份,20250122,医药医疗-医疗器械,医疗设备,True,15.14,17.083,21.934666666666665,False,False,False,57.11009174311926,17.106773823191734,3.956765103261919,1.2175674392428604,-46.69014084507042,False,True
688545,兴福电子,20250122,电子-电子化学品,电子化学品,True,61.49,76.1244,49.1561,True,False,False,27.255351681957187,94.10639112131649,96.29415170816445,0.76876049550575,-56.35911994322213,False,False
001356,富岭股份,20250123,化工-塑料,其他塑料制品,True,8.83,10.076500000000001,12.7851,False,False,False,42.985474006116206,23.30654420206659,3.7637521713954833,0.9755232898288606,-43.65028717294193,False,False
001395,亚联机械,20250127,机械设备-专用设备,其他专用设备,True,29.34,28.429000000000002,32.93643333333333,False,False,True,92.6414373088685,65.1932644469958,36.67245705462266,2.3060842867156177,-33.04427202190781,False,False
688411,海博思创,20250127,电力设备-电池,其他电池,True,206.49,245.99560000000002,207.01886666666667,True,False,False,45.489296636085626,62.70570225794106,96.8924917969504,0.6054581354101957,-45.228116710875334,False,False
301173,毓恬冠佳,20250303,汽车-汽车零部件,车身附件及饰件,True,30.33,37.1771,43.636966666666666,False,False,False,31.54625382262997,12.055109070034444,10.480602200347423,1.022301310785463,-46.23293742244283,False,False
301557,常友科技,20250304,电力设备-风电设备,风电零部件,True,73.32,79.6331,70.41366666666666,True,True,False,63.03516819571865,75.9854573287409,87.85948658560123,0.7371979819044966,-32.01668984700974,False,False
603409,汇通控股,20250304,汽车-汽车零部件,其他汽车零部件,True,17.32,23.8567,23.727166666666665,True,True,False,5.33256880733945,12.380405663987753,20.073344914109246,0.8208387975857223,-42.47758219860511,False,False
301275,汉朔科技,20250311,电子-其他电子,其他电子,True,46.25,43.2209,51.780300000000004,False,False,True,81.05886850152905,42.93915040183697,32.348967380814514,0.7514535494941514,-41.31455399061033,False,False
603271,永杰新材,20250311,有色-工业金属,铝,True,41.4,45.903099999999995,41.7358,True,True,False,55.40902140672783,74.18675851511672,76.76124300328122,0.7066453833227663,-23.897058823529417,False,True
301479,弘景光电,20250318,电子-光学光电,光学元件,True,45.37,66.7722,65.27453333333334,True,True,False,2.293577981651376,32.89322617680826,18.39413240687126,0.6202614560091642,-52.080692860160546,False,False
301501,恒鑫生活,20250319,轻工制造-家居用品,其他家居,True,28.3,31.718200000000003,43.14556666666667,False,False,False,71.6934250764526,16.054343666283966,1.0615711252653928,0.947951404018229,-53.93130392316458,False,False
603124,江南新材,20250320,有色-金属新材料,其他金属新材料,True,100.16,133.76,93.63356666666667,True,True,False,38.51299694189603,84.2900880214313,95.29048446245898,1.0903254182195532,-52.600444844067965,False,False
001382,新亚电缆,20250321,电力设备-电网设备,线缆部件及其他,True,17.6,19.563699999999997,20.617600000000003,False,False,False,52.61850152905198,61.53846153846154,26.423470372514956,1.0098813063899794,-29.68437874550539,False,False
301629,矽电股份,20250324,电子-半导体,半导体设备,True,211.0,324.1349,244.06416666666667,True,True,False,2.8096330275229358,16.59012629161883,87.5313646014283,0.7591961329160319,-51.93621867881548,False,False
688757,胜科纳米,20250325,社会服务-专业服务,检测服务,True,26.82,37.251599999999996,31.130033333333333,True,True,False,29.701834862385322,54.7646383467279,66.35784597568038,0.9320227249681271,-64.10599571734475,False,False
301535,浙江华远,20250327,汽车-汽车零部件,其他汽车零部件,True,16.33,17.8945,20.22876666666667,False,False,False,60.89449541284404,10.294680443934174,30.592549700829956,1.3694776501306374,-45.602931379080616,False,False
301616,浙江华业,20250327,机械设备-通用设备,机械基础件,True,34.42,41.446099999999994,46.5223,False,False,False,37.8631498470948,14.370455415231534,32.85080100366724,1.0442388338255102,-45.9315111530003,False,False
301658,首航新能,20250402,电力设备-光伏设备,光伏逆变器,True,24.95,36.4069,33.49426666666666,True,True,False,7.893730886850153,55.56831228473019,17.255356108859292,0.6744480239033603,-59.064807219032,False,False
603257,中国瑞林,20250408,建筑-工程咨询服务,工程咨询服务,True,62.7,63.4806,59.98669999999999,True,True,False,89.85091743119266,88.5380788365863,78.42115421733256,0.781140580079511,-25.53444180522565,False,False
603210,泰鸿万立,20250409,汽车-汽车零部件,其他汽车零部件,True,13.74,15.348400000000002,18.63993333333333,False,False,False,67.66055045871559,23.89973210868733,9.727851766068326,0.6629518967348995,-37.46017296313154,False,False
301665,泰禾股份,20250411,化工-农用化工,农药,True,22.43,24.6809,27.92136666666667,False,False,False,69.8585626911315,33.75430539609644,21.443736730360936,1.3422386840159235,-31.027060270602714,False,False
001335,信凯科技,20250415,化工-化学原料,其他化学原料,True,30.65,42.1787,41.85333333333333,True,True,False,9.097859327217126,7.807118254879448,31.09438332368269,0.6895276507775535,-45.76181206866041,False,False
603120,肯特催化,20250416,化工-化学制品,其他化学制品,True,44.48,46.4204,42.645766666666674,True,True,False,40.825688073394495,85.68694986605433,75.6031654120826,0.9935788471734389,-26.321020374358127,False,False
301662,宏工科技,20250417,机械设备-专用设备,其他专用设备,True,69.15,96.80949999999999,89.08800000000001,True,True,False,6.899847094801223,4.3628013777267505,53.02065238370971,1.1151512324468658,-49.011945140834676,False,False
001400,江顺科技,20250424,机械设备-通用设备,其他通用设备,True,68.86,111.13240000000002,71.92033333333333,True,True,False,4.376911314984709,77.363184079602,92.22157884578267,0.9415973557677569,-55.51966927201085,False,False
603202,天有为,20250424,汽车-汽车零部件,汽车电子电气系统,True,54.83,71.2983,86.205,False,False,False,42.31651376146789,6.544202066590127,2.9723991507431,0.925041426914352,-46.266170129361036,False,False
301560,众捷汽车,20250425,汽车-汽车零部件,底盘与发动机系统,True,22.96,34.1661,35.618433333333336,False,False,False,5.045871559633028,10.045924225028703,7.797722447403976,0.6663562538914936,-51.3249947000212,False,False
301636,泽润新能,20250516,电力设备-光伏设备,光伏辅材,True,39.64,55.718500000000006,,False,False,False,15.175840978593271,12.571756601607348,12.758154796371358,0.8597181441339725,-63.25546903967372,False,False
688755,汉邦科技,20250516,机械设备-专用设备,其他专用设备,True,24.6,27.766399999999997,,False,False,False,51.452599388379205,46.57481821660926,11.831692723412468,1.118389488450446,-40.594059405940584,False,False
301595,太力科技,20250519,化工-橡胶,橡胶制品,True,37.21,46.82770000000001,,False,False,False,29.26223241590214,15.862992728664372,57.38274464389114,0.8520124694599095,-45.4638721969808,False,False
603014,威高血净,20250519,医药医疗-医疗器械,医疗设备,True,32.97,35.0298,,False,False,False,73.68119266055045,52.88939915805587,45.917776491024895,0.8241194584118715,-28.419452887538,False,False
001390,古麒绒材,20250529,纺织服饰-纺织制造,其他纺织,True,17.7,19.644399999999997,,False,False,False,73.10779816513761,31.898201301186376,18.22042076819147,0.8841664230613469,-45.954198473282446,False,False
301590,优优绿能,20250605,电力设备-其他发电设备,其他发电设备,True,70.75,116.24520000000001,,False,False,False,1.5099388379204892,0.9567546880979716,8.994402624975875,0.9691136117134438,-57.219736364735766,False,False
603049,中策橡胶,20250605,汽车-汽车零部件,轮胎轮毂,True,50.28,47.005900000000004,,False,False,True,95.66131498470948,73.4404898584003,76.56823007141479,1.2031109633489283,-14.808539478143,False,False
688775,影石创新,20250611,电子-消费电子,品牌消费电子,True,131.35,171.43600000000004,,False,False,False,16.95336391437309,5.262150784538845,30.34163288940359,1.481224774247529,-62.6846590909091,False,True
603382,海阳科技,20250612,化工-化纤,锦纶,True,18.45,22.816,,False,False,False,31.746941896024467,5.75966322234979,4.226983207874928,1.238149748642284,-55.871801004544366,False,False
301678,新恒汇,20250620,电子-半导体,半导体材料,True,41.43,58.8245,,False,False,False,10.034403669724771,2.5066972828166856,21.656050955414013,0.8026881080110556,-59.08956255554458,False,False
603400,华之杰,20250620,机械设备-通用设备,其他通用设备,True,40.94,49.32730000000001,,False,False,False,11.773700305810397,72.94297742058936,69.56186064466318,1.5991323292383004,-39.10456641380337,False,False
001388,信通电子,20250701,电力设备-电网设备,电网自动化,True,20.38,23.7254,,False,False,False,41.035932721712534,21.488710294680445,8.936498745415943,2.2808810562161197,-41.48722365776629,False,False
688729,屹唐股份,20250708,电子-半导体,半导体设备,True,21.48,27.032899999999998,,False,False,False,31.517584097859324,53.78874856486797,69.33024512642348,1.6098823013991126,-50.18552875695732,False,False
301630,同宇新材,20250710,电子-电子化学品,电子化学品,True,142.0,180.63580000000002,,False,False,False,28.05810397553517,90.89169536930731,78.3053464582127,0.8574907663267435,-51.48119041924352,False,False
600930,华电新能,20250716,公用事业-电力,风力发电,True,4.35,5.7166999999999994,,False,False,False,21.76987767584098,30.309988518943744,3.0496043234896737,1.0084516412306779,-41.76706827309237,False,True
301609,山大电力,20250723,电力设备-电网设备,电网自动化,True,37.34,43.5613,,False,False,False,32.396788990825684,43.16877152698048,,1.2431907765199317,-43.697225572979484,False,False
603262,技源集团,20250723,食品饮料-食品加工,保健品,True,19.01,25.6193,,False,False,False,16.68577981651376,17.011098354381936,,0.9038534634996439,-53.18886973651809,False,False
001221,悍高集团,20250730,轻工制造-家居用品,其他家居,True,39.88,52.09530000000001,,False,False,False,22.89755351681957,5.281285878300804,,1.4105377505816183,-49.671882887430584,False,False
301491,汉桑科技,20250806,电子-消费电子,消费电子组件,True,39.52,45.7879,,False,False,False,43.78822629969419,19.594336012246462,,0.9373176799148903,-52.108579738245275,False,False
603406,天富龙,20250808,化工-化纤,涤纶,True,27.53,31.2778,,False,False,False,58.199541284403665,22.426329889016454,,0.978018045160549,-50.9531444860146,False,False
301632,广东建科,20250812,社会服务-专业服务,检测服务,True,15.69,18.3818,,False,False,False,51.75840978593273,10.79219288174512,,1.0290009728666762,-64.38946890603722,False,True
603370,华新精科,20250905,电力设备-电机制造,电机制造,True,33.11,40.9714,,False,False,False,19.82033639143731,14.944508228090317,,0.7509471323505561,-51.895975592038354,False,False
301575,艾芬达,20250910,轻工制造-家居用品,其他家居,True,27.3,30.4729,,False,False,False,44.514525993883794,34.730195177956375,,1.048811521448508,-48.373676248108936,False,False
603418,友升股份,20250923,汽车-汽车零部件,车身附件及饰件,True,44.78,49.499300000000005,,False,False,False,51.165902140672785,47.66551856104095,,0.5538748939960095,-42.787785869426344,False,False
301584,建发致新,20250925,医药医疗-医药商业,医药流通,True,21.98,24.3379,,False,False,False,67.6414373088685,34.80673555300421,,1.5626961345807,-43.56867779204108,False,False
301656,联合动力,20250925,汽车-汽车零部件,汽车电子电气系统,True,16.91,19.695999999999998,,False,False,False,54.58715596330275,11.86375813241485,,0.8214689036394627,-48.271642704190874,False,False
301668,昊创瑞通,20250926,电力设备-电网设备,配电设备,True,39.13,42.184799999999996,,False,False,False,72.19036697247707,36.5097588978186,,1.2776067127026396,-42.97580880209851,False,False
001285,瑞立科密,20250930,汽车-汽车零部件,底盘与发动机系统,True,42.78,47.4117,,False,False,False,50.11467889908256,35.533869115958666,,0.7647964467536722,-31.74856413529036,False,False
301563,云汉芯城,20250930,电子-其他电子,其他电子,True,112.42,141.6726,,False,False,False,53.65061162079511,64.56180635285112,,0.6073157914709733,-49.86845039018952,False,False
601026,道生天合,20251017,电力设备-风电设备,风电零部件,True,15.36,17.0199,,False,False,False,60.760703363914374,43.455797933409876,,1.1752638547493284,-47.0892180502928,False,False
001386,马可波罗,20251022,轻工制造-家居用品,其他家居,True,15.2,17.2564,,False,False,False,65.53899082568807,8.495981630309988,,0.875439300280399,-50.114867082376115,False,False
603175,超颖电子,20251024,电子-元器件,PCB,True,74.12,87.3686,,False,False,False,34.49923547400612,89.3417527745886,,0.7801220629898697,-28.928948125419506,False,False
688759,必贝特-U,20251028,医药医疗-生物制品,其他生物制药,True,21.62,34.3925,,False,False,False,5.370795107033639,1.7030233448143897,,1.3834013528471136,-60.58340929808569,False,False
688765,禾元生物-U,20251028,医药医疗-生物制品,血液制品,True,33.76,55.450700000000005,,False,False,False,6.823394495412844,0.6697282816685802,,1.49968345091242,-73.64147407870081,False,False
688783,西安奕材-U,20251028,电子-半导体,半导体材料,True,24.1,34.1121,,False,False,False,21.42584097859327,69.91963260619977,,0.866738152052212,-61.07881136950905,False,False
603334,丰倍生物,20251105,化工-化学制品,其他化学制品,True,33.73,43.644000000000005,,False,False,False,30.561926605504585,27.918101798698814,,1.0025020765303885,-49.04833836858007,False,False
603376,大明电子,20251106,汽车-汽车零部件,汽车电子电气系统,True,26.1,29.4578,,False,False,False,40.40519877675841,20.130118637581322,,0.9322980356765236,-59.256946612550735,False,False
603092,德力佳,20251107,机械设备-通用设备,其他通用设备,True,51.71,62.851800000000004,,False,False,False,22.744648318042813,34.74933027171833,,0.9360525350868002,-33.3204384268214,False,False
301638,南网数字,20251118,计算机-软件服务,行业应用软件,True,24.23,26.509300000000003,,False,False,False,53.99464831804281,92.44163796402603,,0.7521454794910704,-31.086461888509664,False,False
688727,恒坤新材,20251118,电子-半导体,半导体材料,True,37.76,53.4194,,False,False,False,9.040519877675841,17.27898966704937,,0.7414959778339254,-49.51871657754011,False,False
001233,海安集团,20251125,汽车-汽车零部件,轮胎轮毂,True,44.76,55.71110000000001,,False,False,False,36.14296636085627,3.3677765021048605,,1.075752544638906,-48.2842287694974,False,False
001280,中国铀业,20251203,有色-稀有金属,其他金属,True,63.7,74.18639999999999,,False,False,False,50.076452599388375,18.90547263681592,,0.8180174080174795,-36.46519050468782,False,False
688795,摩尔线程-U,20251205,电子-半导体,集成电路设计,True,563.0,635.3157,,False,False,False,43.08103975535168,74.30156907768848,,0.8873693840205756,-40.17511794958983,False,False
688796,百奥赛图,20251210,医药医疗-医疗服务,医疗研发外包,True,109.11,101.2281,,False,False,True,92.10626911314985,97.66551856104095,,1.3289496264720833,-23.361663271756694,False,False
688790,昂瑞微-UW,20251216,电子-半导体,集成电路设计,True,93.31,129.5989,,False,False,False,7.931957186544343,8.706467661691542,,0.6883678651094305,-56.81092339736173,False,False
688802,沐曦股份-U,20251217,电子-半导体,集成电路设计,True,665.0,714.6922999999999,,False,False,False,67.50764525993884,93.60887868350555,,1.0683603797082577,-32.272782824785104,False,False
001325,元创股份,20251218,化工-橡胶,橡胶制品,True,36.44,46.265600000000006,,False,False,False,38.321865443425075,26.942212016838884,,0.6441095664935924,-44.97130776200544,False,False
688807,优迅股份,20251219,电子-半导体,集成电路设计,True,219.84,337.02139999999997,,False,False,False,0.7071865443425076,90.92996555683122,,0.7189814132457152,-56.755055472499805,False,False
301449,天溯计量,20251223,社会服务-专业服务,检测服务,True,39.2,46.5136,,False,False,False,37.633792048929664,25.143513203214695,,1.3417760226258448,-51.66461159062885,False,True
301667,纳百川,20251223,汽车-汽车零部件,底盘与发动机系统,True,70.4,86.1074,,False,False,False,13.379204892966362,83.37160352085725,,0.7898925865308768,-44.1801458928005,False,False
603248,锡华科技,20251223,电力设备-风电设备,风电零部件,True,19.4,24.8924,,False,False,False,12.213302752293579,61.595866819747414,,0.6223571847458785,-46.849315068493155,False,False
688805,健信超导,20251224,医药医疗-医疗器械,医疗设备,True,39.06,47.9725,,False,False,False,10.359327217125381,59.75889781859931,,0.6098702953672069,-36.06154853494844,False,False
001369,双欣材料,20251230,化工-化纤,其他化学纤维,True,13.0,14.784499999999998,,False,False,False,56.07798165137615,65.11672407194796,,0.8576845527912971,-33.26488706365504,False,True
001396,誉帆科技,20251230,建筑-基础建设,基建工程,True,34.19,42.06679999999999,,False,False,False,23.967889908256883,40.50899349406812,,0.7334972038551888,-39.39017904626839,False,False
688809,强一股份,20251230,电子-半导体,半导体材料,True,413.33,449.4514,,False,False,False,45.79510703363914,95.4267125908917,,0.8849656466239011,-33.8672,False,False
301687,新广益,20251231,化工-塑料,塑料薄膜,True,45.92,59.8059,,False,False,False,25.783639143730884,46.842709529276696,,0.8240237368370824,-49.51072017592083,False,False
603402,陕西旅游,20260106,社会服务-旅游,旅游景区,True,66.04,80.2504,,False,False,False,65.04204892966361,6.42939150401837,,1.4185763591840939,-47.32392119326793,False,False
603352,至信股份,20260115,汽车-汽车零部件,其他汽车零部件,True,27.01,32.3817,,False,False,False,44.801223241590215,7.462686567164178,,1.0600053281861321,-60.43650212391973,False,False
688785,恒运昌,20260128,电子-半导体,半导体设备,True,224.0,343.3289,,False,False,False,2.1788990825688073,2.4684270952927667,,0.7206216731251268,-54.23714962817685,False,False
601112,振石股份,20260129,建材-玻璃玻纤,玻纤制造,True,15.41,18.3355,,False,False,False,38.85703363914373,26.59778032912361,,0.6109617037538193,-37.23014256619145,False,True
001220,世盟股份,20260203,交通运输-物流,跨境物流,True,30.51,34.8305,,False,False,False,55.772171253822634,,,0.7864810853142452,-46.38903531892461,False,False
688712,北芯生命,20260205,医药医疗-医疗器械,医疗设备,True,32.5,39.525099999999995,,False,False,False,14.793577981651376,,,0.5216534557582001,-34.52860596293312,False,False
603284,林平发展,20260210,轻工制造-造纸,大宗用纸,True,39.28,43.650200000000005,,False,False,False,63.551223241590215,,,1.1358035658109356,-32.22912353347136,False,False
688818,电科蓝天,20260210,国防军工-航天装备,航天装备,True,45.0,66.10340000000001,,False,False,False,3.82262996941896,,,0.730300703287435,-51.10290122786048,False,False
688816,易思维,20260211,机械设备-自动化设备,其他自动化设备,True,50.03,61.7909,,False,False,False,19.495412844036696,,,0.4070792717707023,-43.52635737667908,False,False
301680,固德电材,20260306,汽车-汽车零部件,底盘与发动机系统,True,90.76,109.55929999999998,,False,False,False,44.476299694189606,,,0.4459798914583669,-33.35780894338791,False,False
301682,宏明电子,20260325,国防军工-军工电子,军工电子,False,,,,False,False,False,,,,,,False,False
688781,视涯科技-UW,20260325,电子-光学光电,面板,False,,,,False,False,False,,,,,,False,False
001257,盛龙股份,20260331,有色-稀有金属,钨钼,False,,,,False,False,False,,,,,,False,False
688813,泰金新能,20260331,机械设备-专用设备,其他专用设备,False,,,,False,False,False,,,,,,False,False
301683,慧谷新材,20260401,化工-化学制品,涂料油墨,False,,,,False,False,False,,,,,,False,False
603459,红板科技,20260408,电子-元器件,PCB,False,,,,False,False,False,,,,,,False,False
301696,三瑞智能,20260410,国防军工-航空装备,航空装备,False,,,,False,False,False,,,,,,False,False
688811,有研复材,20260410,有色-金属新材料,其他金属新材料,False,,,,False,False,False,,,,,,False,False
301666,大普微-UW,20260416,计算机-IT设备,其他IT设备,False,,,,False,False,False,,,,,,False,False
603293,埃泰克,20260416,汽车-汽车零部件,汽车电子电气系统,False,,,,False,False,False,,,,,,False,False
301513,尚水智能,20260417,机械设备-专用设备,其他专用设备,False,,,,False,False,False,,,,,,False,False
001312,福恩股份,20260421,纺织服饰-纺织制造,其他纺织,False,,,,False,False,False,,,,,,False,False
688820,盛合晶微,20260421,电子-半导体,集成电路设计,False,,,,False,False,False,,,,,,False,False
688808,联讯仪器,20260424,机械设备-通用设备,仪器仪表,False,,,,False,False,False,,,,,,False,False
301599,理奇智能,20260430,机械设备-自动化设备,其他自动化设备,False,,,,False,False,False,,,,,,False,False
301531,春光集团,20260511,有色-金属新材料,磁性材料,False,,,,False,False,False,,,,,,False,False
603407,长裕集团,20260511,化工-化学原料,无机盐,False,,,,False,False,False,,,,,,False,False
001393,维通利,20260515,电力设备-电网设备,配电设备,False,,,,False,False,False,,,,,,False,False
001365,天海电子,20260518,汽车-汽车零部件,汽车电子电气系统,False,,,,False,False,False,,,,,,False,False
001237,惠康科技,20260522,机械设备-通用设备,制冷空调设备,False,,,,False,False,False,,,,,,False,False
603435,嘉德利,20260522,电子-其他电子,其他电子,False,,,,False,False,False,,,,,,False,False
688635,长进光子,20260527,通信-通信设备,其他通信设备,False,,,,False,False,False,,,,,,False,False
301669,高特电子,20260609,电力设备-电池,其他电池,False,,,,False,False,False,,,,,,False,False
#数据来源:通达信,,,,,False,,,,False,False,False,,,,,,False,False
