date,S1 次新池不择时,S2 次新池+红轴择时,S3 全市场不择时,S0 沪深300持有
2013-01-04,1.0,1.0,1.0,1.0
2013-01-07,1.0,1.0,1.0,1.0
2013-01-08,1.0,1.0,1.0,1.0
2013-01-09,1.0,1.0,1.0,1.0
2013-01-10,1.0,1.0,1.0,1.0
2013-01-11,1.0,1.0,1.0,1.0
2013-01-14,1.0,1.0,1.0,1.0
2013-01-15,1.0,1.0,1.0,1.0
2013-01-16,1.0,1.0,1.0,1.0
2013-01-17,1.0,1.0,1.0,1.0
2013-01-18,1.0,1.0,1.0,1.0
2013-01-21,1.0,1.0,1.0,1.0
2013-01-22,1.0,1.0,1.0,1.0
2013-01-23,1.0,1.0,1.0,1.0
2013-01-24,1.0,1.0,1.0,1.0
2013-01-25,1.0,1.0,1.0,1.0
2013-01-28,1.0,1.0,1.0,1.0
2013-01-29,1.0,1.0,1.0,1.0
2013-01-30,1.0,1.0,1.0,1.0
2013-01-31,1.0,1.0,1.0,1.0
2013-02-01,1.007803873393974,1.0,1.0066329757270955,1.0
2013-02-04,0.998907482370577,1.0,1.0010213762804465,1.001458
2013-02-05,1.007438074340183,1.0,1.0105081418509907,1.010098579624
2013-02-06,1.0145166760099409,1.0,1.0154605906665957,1.0115935255218436
2013-02-07,1.0214174582930302,1.0,1.019527024633594,1.0056878425198472
2013-02-08,1.037695093228633,1.0,1.0312948306204026,1.0100625846348086
2013-02-18,1.0493333174601094,1.0,1.039092773892841,0.9975580098370297
2013-02-19,1.0338055348805784,1.0,1.0225026349058588,0.978746060887523
2013-02-20,1.057964729737544,1.0,1.0411347160599251,0.9849434809450628
2013-02-21,1.0416448322746081,1.0,1.0200321523428328,0.9515479872801395
2013-02-22,1.0395640699664868,1.0,1.0174717142406133,0.9464077250528522
2013-02-25,1.054789972364432,1.0,1.028348407079126,0.949397427056294
2013-02-26,1.0439396495737205,1.0,1.0148072569621647,0.9358352848107949
2013-02-27,1.0403617378842287,1.0,1.016134129632042,0.9456428385956123
2013-02-28,1.0588112047448208,1.0,1.0369902982839676,0.9740802100378595
2013-03-01,1.0799337896757277,1.0,1.050129474305423,0.97229374693265
2013-03-04,1.0482443720764052,1.0,1.0154083909602587,0.9275235090613893
2013-03-05,1.0758996603421322,1.0,1.0390946332004305,0.9553408666216495
2013-03-06,1.0958317412380252,1.0,1.0576691929847628,0.9653671690168435
2013-03-07,1.0783848727724843,1.0,1.045311706825831,0.9542837885493612
2013-03-08,1.0678504140559966,1.0,1.0376478360200827,0.9498358718109325
2013-03-11,1.0692166298166579,1.0,1.0376072404054568,0.944549085348433
2013-03-12,1.0342175257703206,1.0,1.010667946058016,0.9311327101401439
2013-03-13,1.0250762948818584,1.0,1.0012411465301803,0.9208883880631821
2013-03-14,1.0290381605510877,1.0,1.0045817952888916,0.9232946694211911
2013-03-15,1.0327119260071307,1.0,1.0059166302614428,0.925300065443174
2013-03-18,1.0189408989064739,1.0,0.9930549568279958,0.9117740290865256
2013-03-19,1.0182354193002126,1.0,0.9972103830102576,0.9199407890650536
2013-03-20,1.0473137006056432,1.0,1.023001705995949,0.9506382932553654
2013-03-21,1.0601776362107356,1.0,1.0330873505994655,0.9524616175018292
2013-03-22,1.0610987784721013,1.0,1.0360362231598639,0.953664576524734
2013-03-25,1.0599638353469991,1.0,1.035997598594478,0.9518049306005109
2013-03-26,1.052066222420133,1.0,1.028219801410748,0.9380237470103461
2013-03-27,1.053875207521281,1.0,1.0317819541130286,0.9410863945443348
2013-03-28,1.0224158044690694,1.0,1.0024457627760186,0.9106808342230018
2013-03-29,1.0213768244820298,1.0,1.0024022502051766,0.9093321159075176
2013-04-01,1.0301569425947035,1.0,1.0071910588074389,0.908749234021221
2013-04-02,1.011652218774477,1.0,0.9961692117519723,0.906525524645571
2013-04-03,0.9967716227254506,1.0,0.984259246575192,0.9057595105772455
2013-04-08,1.003059281009174,1.0,0.9865092023591151,0.9018221739847663
2013-04-09,1.0117084603036508,1.0,0.9947124228087557,0.9079834230774302
2013-04-10,1.0063804018777978,1.0,0.9905705461668243,0.9065615210368909
2013-04-11,1.0051372870512925,1.0,0.9872598525314784,0.9038998564111264
2013-04-12,0.9981856613785457,1.0,0.97977815866307,0.898285734402957
2013-04-15,0.9830668016907176,1.0,0.9667161279388188,0.889025306766997
2013-04-16,0.9939554387390968,1.0,0.9771923614230106,0.8971918932349584
2013-04-17,1.005284510262988,1.0,0.9850773173814457,0.8967908484586824
2013-04-18,1.0123701999694266,1.0,0.9871136895156432,0.8990516581876468
2013-04-19,1.033367425704548,1.0,1.0079488237243548,0.9240983383330964
2013-04-22,1.0434192171804915,1.0,1.0127022000300718,0.92293212623012
2013-04-23,1.016119865871493,1.0,0.9841371151864835,0.8934010669871348
2013-04-24,1.042227331306132,1.0,1.0050736072426205,0.9100987329291245
2013-04-25,1.0270843635519933,1.0,0.9904562591592478,0.9000366813378601
2013-04-26,1.005943925518812,1.0,0.9723700877815947,0.8925627767360306
2013-05-02,1.0153224172655746,1.0,0.97602944463238,0.8932920005246241
2013-05-03,1.036534178043912,1.0,0.9960502605890809,0.9091872383819594
2013-05-06,1.0575430671498474,1.0,1.0141486172663163,0.9211821456179327
2013-05-07,1.0575215459611105,1.0,1.0159188821005052,0.9226772242402704
2013-05-08,1.074503069203609,1.0,1.0263005443255806,0.9274170171411926
2013-05-09,1.082201788650559,1.0,1.0287107091207566,0.9219851356717965
2013-05-10,1.0888084005670646,1.0,1.0350139502663622,0.9267610186745765
2013-05-13,1.0975944661637982,1.0,1.0404948049385694,0.9230789971473823
2013-05-14,1.0838472381083408,1.0,1.030772186514602,0.909516197442296
2013-05-15,1.1059729266359282,1.0,1.0437900074914483,0.914511260398649
2013-05-16,1.1069695548003597,1.0,1.05305250654537,0.9315010505943351
2013-05-17,1.1254151941756132,1.0,1.068166371828249,0.9458293997545772
2013-05-20,1.1530827256500757,1.0,1.0853345481178822,0.9524643929938557
2013-05-21,1.1720312144340477,1.0,1.1001923929800541,0.9543969432472402
2013-05-22,1.1486582071370504,1.0,1.0886531529619683,0.9556729719603616
2013-05-23,1.1455403304971912,1.0,1.0828416794969402,0.9431679911222604
2013-05-24,1.1700562932442706,1.0,1.1016063715148718,0.9484912312641542
2013-05-27,1.1862345793603146,1.0,1.1119818247484283,0.9492566636877844
2013-05-28,1.1678562016799412,1.0,1.1078521616449715,0.9655535020899763
2013-05-29,1.1792159634389021,1.0,1.1170495356677814,0.9648969257085551
2013-05-30,1.1858733790729037,1.0,1.120333391037165,0.9619076750327099
2013-05-31,1.18417559249839,1.0,1.115196799780179,0.9519548163191466
2013-06-03,1.1697969067565608,1.0,1.1061630777335827,0.9518091672322497
2013-06-04,1.1433142361670938,1.0,1.0840829999324888,0.9385380920135304
2013-06-05,1.151440751470512,1.0,1.089690207597743,0.9370063978473643
2013-06-06,1.1315361647364313,1.0,1.0726628757618941,0.925558990684863
2013-06-07,1.1172779809641185,1.0,1.0563470233365955,0.9106473097859393
2013-06-13,1.092912353715645,1.0,1.0272078962670905,0.8815903754252895
2013-06-14,1.1267703934565083,1.0,1.0484236474749697,0.8878611277656895
2013-06-17,1.131697087375906,1.0,1.0519567790248021,0.8832309319843914
2013-06-18,1.1339452894832527,1.0,1.0552824197203359,0.8891370972265711
2013-06-19,1.1328769358474493,1.0,1.0511108019486306,0.882975377142791
2013-06-20,1.0953364583971088,1.0,1.0172749033723485,0.8541736033157703
2013-06-21,1.0915581798307479,1.0,1.0107499146437524,0.8532254706160897
2013-06-24,1.029416687644086,1.0,0.9516302153743956,0.7997051965207542
2013-06-25,1.0335766730815523,1.0,0.9481962474748313,0.7978090954998035
2013-06-26,1.067609814886556,1.0,0.9703246547057468,0.7997780883474969
2013-06-27,1.04424752157012,1.0,0.9527925349839419,0.7976266852898422
2013-06-28,1.0363182046549704,1.0,0.9494029935973717,0.8129754155948745
2013-07-01,1.066501531140378,1.0,0.9718853315106,0.8178969456357182
2013-07-02,1.0891837283074728,1.0,0.9896851754637304,0.8210687499908937
2013-07-03,1.0969730898782695,1.0,0.9903949737468405,0.8152720046159581
2013-07-04,1.0991526369682025,1.0,0.9947723885664415,0.8222719300475906
2013-07-05,1.0840388033584412,1.0,0.9887748654925861,0.8244591733815173
2013-07-08,1.0404844212774411,1.0,0.9495722770459638,0.8020371817022337
2013-07-09,1.0514440136758916,1.0,0.9562875388523612,0.8017821338784523
2013-07-10,1.076030026841738,1.0,0.982948531870191,0.824422857774912
2013-07-11,1.0990197752738728,1.0,1.0090753951429956,0.8636150960106735
2013-07-12,1.101743723249583,1.0,1.0035722240761942,0.8447295610911121
2013-07-15,1.130346564724304,1.0,1.026919274626655,0.8563597976882145
2013-07-16,1.1464644014148613,1.0,1.0386233212118698,0.8602605165666845
2013-07-17,1.1319642123434273,1.0,1.027186503996659,0.8476456563517505
2013-07-18,1.1381195694943482,1.0,1.0284573709363878,0.8340468770868994
2013-07-19,1.1161157869097802,1.0,1.006953355227633,0.813849597911363
2013-07-22,1.1462899101092696,1.0,1.0266462611754934,0.8189898719717712
2013-07-23,1.17718564355291,1.0,1.0518672881657456,0.8425055281656968
2013-07-24,1.1948317086438447,1.0,1.059444532079206,0.8367453178696278
2013-07-25,1.1559174630139128,1.0,1.0347706173873727,0.8327716143550649
2013-07-26,1.1592231710568148,1.0,1.0360846151048122,0.827813292163195
2013-07-29,1.1421208224127302,1.0,1.0198874120325863,0.8100583526728786
2013-07-30,1.131333616899325,1.0,1.0176033242554623,0.8149802672237191
2013-07-31,1.1391742832651717,1.0,1.0234518269092723,0.8165116151458325
2013-08-01,1.1825106892160062,1.0,1.053894616612182,0.8358711055409399
2013-08-02,1.1889673134428054,1.0,1.0580317836481288,0.8365999851449717
2013-08-05,1.209533725409372,1.0,1.0720873677674838,0.8481208035404031
2013-08-06,1.2205104062952974,1.0,1.084221083684238,0.8538083016489452
2013-08-07,1.1974413756423177,1.0,1.0715857508851705,0.8489962380608518
2013-08-08,1.2052238534694972,1.0,1.0762908672763718,0.847939237744466
2013-08-09,1.2046178749125285,1.0,1.079424097273524,0.851439530917875
2013-08-12,1.2094719663448834,1.0,1.092273138223204,0.8761576719399519
2013-08-13,1.2196898502581792,1.0,1.100377898610345,0.878490879820328
2013-08-14,1.2217036606306266,1.0,1.099605336495833,0.8748451426690738
2013-08-15,1.2109206174732958,1.0,1.0892459910390686,0.864745930342102
2013-08-16,1.1793478461500357,1.0,1.06635459848726,0.8582931962098892
2013-08-19,1.2101331992964979,1.0,1.0890398726103105,0.8686107387215284
2013-08-20,1.2177730260169626,1.0,1.0916020152527586,0.8616106047781715
2013-08-21,1.2297922774779146,1.0,1.0996244199126424,0.8601518980242822
2013-08-22,1.2345814052840578,1.0,1.1008076948094878,0.8585838411141838
2013-08-23,1.234054332274361,1.0,1.0995560288125805,0.8523496638438538
2013-08-26,1.257247005243098,1.0,1.1222940803878267,0.8702873625194476
2013-08-27,1.268307975498066,1.0,1.1289289474608872,0.872219400464241
2013-08-28,1.2471753984484168,1.0,1.1187173480577255,0.8675163934569378
2013-08-29,1.248549091478199,1.0,1.1200963248718576,0.8637973506781879
2013-08-30,1.2059890653554382,1.0,1.0999988537259107,0.8620472972457138
2013-09-02,1.2284226605257471,1.0,1.1098770761782584,0.8644170652658423
2013-09-03,1.2501514853475224,1.0,1.1247785834469626,0.8770678090160078
2013-09-04,1.25249266691488,1.0,1.1279805030455958,0.8756460820975928
2013-09-05,1.2660987114088877,1.0,1.1331918337556077,0.872328259092525
2013-09-06,1.2727038297454105,1.0,1.1410006159281356,0.8783071969803451
2013-09-09,1.2751238325896077,1.0,1.1486878856442244,0.9089680229197321
2013-09-10,1.2728727631500083,1.0,1.1569560069064844,0.9223843909380274
2013-09-11,1.2457700608755193,1.0,1.1414294727976657,0.9252649973909268
2013-09-12,1.2462743027835597,1.0,1.142803994991826,0.9343797828802249
2013-09-13,1.258315553623683,1.0,1.1474941127160259,0.927342968735354
2013-09-16,1.2722231111327829,1.0,1.1580350075315164,0.9233693041143229
2013-09-17,1.2604592085050794,1.0,1.1370875539000922,0.9048483626123979
2013-09-18,1.2687808610629256,1.0,1.1483186935703644,0.9067802138665753
2013-09-23,1.3056257991694031,1.0,1.1719495663607076,0.9215453160889646
2013-09-24,1.3115618300860106,1.0,1.1724514188532913,0.9109364864101486
2013-09-25,1.302432302459706,1.0,1.1678517235041554,0.9054681346822284
2013-09-26,1.2866011631408956,1.0,1.1462061048309193,0.8888437397294627
2013-09-27,1.2921235841459273,1.0,1.150250946350594,0.8927813174964643
2013-09-30,1.3117516478087916,1.0,1.1671772948372803,0.8979951603906436
2013-10-08,1.3349931510871973,1.0,1.1855919332674314,0.9100624193559732
2013-10-09,1.3534054370928985,1.0,1.2028219585925979,0.9144006869090432
2013-10-10,1.337588296766501,1.0,1.1948340212791406,0.905505397026792
2013-10-11,1.3447174295232198,1.0,1.2083428438338322,0.9200523412300274
2013-10-14,1.3645495233605316,1.0,1.2220256839668924,0.9215474262845261
2013-10-15,1.3599157461153673,1.0,1.2211418886083287,0.9196518032286588
2013-10-16,1.3194397706811376,1.0,1.1873793999902111,0.9024432786866443
2013-10-17,1.3210785235547795,1.0,1.1900632879954887,0.8993803861987818
2013-10-18,1.3299269984421391,1.0,1.1975609998025614,0.9040832462382151
2013-10-21,1.3734715987003767,1.0,1.2298735327427694,0.9208901537857835
2013-10-22,1.3587673564716711,1.0,1.2166350328818125,0.9114473461488641
2013-10-23,1.3243408104944092,1.0,1.1883513342279932,0.9012755937658429
2013-10-24,1.3174619848869835,1.0,1.1826065426840096,0.8945673995214437
2013-10-25,1.2930482194741284,1.0,1.1597360269311459,0.8827188543147821
2013-10-28,1.2949883549181305,1.0,1.1597098096055356,0.8817708142652482
2013-10-29,1.2568835758373056,1.0,1.1226800553067386,0.883994640258825
2013-10-30,1.2776813825370987,1.0,1.1405775967375038,0.8971555524629983
2013-10-31,1.2577821710404486,1.0,1.1288612632023827,0.8845047620177175
2013-11-01,1.247736693709987,1.0,1.124489186893134,0.8886247851991961
2013-11-04,1.2580839259625036,1.0,1.1297556015199772,0.8869479502295251
2013-11-05,1.2813066996272802,1.0,1.147322636732158,0.888187903463946
2013-11-06,1.2715229954704026,1.0,1.1384862881047257,0.8769585438004515
2013-11-07,1.2542797849750644,1.0,1.123428532522441,0.8720730077529391
2013-11-08,1.2393244131069252,1.0,1.107355035936941,0.8599328794120105
2013-11-11,1.2528083751047534,1.0,1.118455221485729,0.8628497717389759
2013-11-12,1.2658548608014264,1.0,1.1302114356257633,0.8717819925760177
2013-11-13,1.243342043319275,1.0,1.1095052793589393,0.8524589447105704
2013-11-14,1.2732660089201477,1.0,1.1281844229054552,0.8585105507590707
2013-11-15,1.299165875765914,1.0,1.1508028940281523,0.8756455628416712
2013-11-18,1.3304402673742688,1.0,1.1769637429085247,0.9045567523900147
2013-11-19,1.3343483047342266,1.0,1.177236473527739,0.8983225472525427
2013-11-20,1.3437838404827036,1.0,1.1888989889828045,0.9030252657874098
2013-11-21,1.3349737804182062,1.0,1.185010506099726,0.8975204237671697
2013-11-22,1.3317983353012286,1.0,1.1808098091557122,0.8929996133926547
2013-11-25,1.3348456994174662,1.0,1.1811035305837836,0.8894633349236197
2013-11-26,1.3487165072753644,1.0,1.1875329352708541,0.8889892509661055
2013-11-27,1.369822571490117,1.0,1.2058058020689983,0.8989788231792115
2013-11-28,1.3815052377919126,1.0,1.2155266667866664,0.9083488794532085
2013-11-29,1.4072129005745917,1.0,1.23134528882566,0.9080936334180821
2013-12-02,1.3115196681673726,1.0,1.1593984206924195,0.9004374959947343
2013-12-03,1.3279043912309842,1.0,1.1799473001888132,0.9093698359550021
2013-12-04,1.337748031946177,1.0,1.193036128848699,0.9214007988846868
2013-12-05,1.3247037780928108,1.0,1.1921735101229216,0.9187397933775078
2013-12-06,1.3204534019373853,1.0,1.1885670886233501,0.9128332152458839
2013-12-09,1.346286436779605,1.0,1.2019988639020602,0.9122864281499516
2013-12-10,1.3452863709358067,1.0,1.2043180058841418,0.9132707852059255
2013-12-11,1.3354246300742512,1.0,1.1909858935942375,0.8982502206016436
2013-12-12,1.3497973807081323,1.0,1.2006628429251214,0.8970833935650822
2013-12-13,1.358349182993951,1.0,1.207950995026033,0.89617195683722
2013-12-16,1.3461872567646793,1.0,1.1886220094240878,0.8815527037053343
2013-12-17,1.335710112253809,1.0,1.1806001579497294,0.8772145828504004
2013-12-18,1.3348358794361692,1.0,1.1785343961486112,0.8775058180919068
2013-12-19,1.3276597785261441,1.0,1.1697809077043786,0.8682823544379428
2013-12-20,1.3134806231051346,1.0,1.1580133134380006,0.8480114345912345
2013-12-23,1.3064095738302495,1.0,1.1550124290326336,0.8503807785394824
2013-12-24,1.3278136449580056,1.0,1.166701781848364,0.8516929160807688
2013-12-25,1.3679284183352731,1.0,1.186285511248773,0.8579639310218716
2013-12-26,1.350155892866768,1.0,1.1653026083838847,0.8431254448348484
2013-12-27,1.3818254430815162,1.0,1.1887489498846053,0.8573439123365433
2013-12-30,1.392986413174617,1.0,1.1972262245393752,0.8558126961091101
2013-12-31,1.3848627611926263,1.0,1.1957941784742285,0.8671873026530964
2014-01-02,1.409131867608548,1.0,1.2065165802864315,0.8641616861541398
2014-01-03,1.4139561946610262,1.0,1.204990154473572,0.8524955033910588
2014-01-06,1.3729454962954128,1.0,1.1697656049025096,0.8329537489668256
2014-01-07,1.393474344685838,1.0,1.1799994721306215,0.8326988651196418
2014-01-08,1.4123659163819728,1.0,1.1854010436391293,0.8341569208324664
2014-01-09,1.3820855488888113,1.0,1.171492229805946,0.8267921493784365
2014-01-10,1.3560459497803983,1.0,1.1481633762563592,0.8202299000888199
2014-01-13,1.3620944106313517,1.0,1.147355975030998,0.8160007947239619
2014-01-14,1.3996058274676981,1.0,1.1738764688753116,0.8231465136833596
2014-01-15,1.422885377271953,1.0,1.1861195954038855,0.8216878980611128
2014-01-16,1.4232514795546662,1.0,1.1846020636073724,0.822781564653432
2014-01-17,1.4180845010363639,1.0,1.1757071956824015,0.8103855376003634
2014-01-20,1.4008935976942776,1.0,1.1652227353095856,0.8056828703256685
2014-01-21,1.4338614941682504,1.0,1.1864443929404236,0.8135938704293962
2014-01-22,1.4607563680179636,1.0,1.2146565253481372,0.8345333358726376
2014-01-23,1.4874194662631295,1.0,1.2256166293945254,0.8300994602591462
2014-01-24,1.5044065652733893,1.0,1.2420983180846803,0.835166387364568
2014-01-27,1.5026466138875445,1.0,1.237137587257712,0.824138015219419
2014-01-28,1.5015311861480902,1.0,1.2350331739211462,0.8255167981188811
2014-01-29,1.5210052282460977,1.0,1.2501627323885913,0.828460591020973
2014-01-30,1.5150345227378899,1.0,1.244154787099205,0.8191080994089373
2014-02-07,1.5537180530663695,1.0,1.2679158044346586,0.8227220043435296
2014-02-10,1.5914586621470121,1.0,1.3049062384629821,0.8431773415375228
2014-02-11,1.5954723768397643,1.0,1.3086091442266516,0.8498097745060569
2014-02-12,1.6244897351896457,1.0,1.3238856074094878,0.8519334491325475
2014-02-13,1.5826116657266147,1.0,1.298118010793805,0.8475741056733364
2014-02-14,1.6240913916786743,1.0,1.3222916611000617,0.853498648671993
2014-02-17,1.6699569633944218,1.0,1.348886710427426,0.859460336732967
2014-02-18,1.671736861048789,1.0,1.350753020390919,0.8486552013795601
2014-02-19,1.666945156944863,1.0,1.351156131217447,0.8583799413321684
2014-02-20,1.6359266866059192,1.0,1.3311969453276733,0.850518039449507
2014-02-21,1.6406219466987095,1.0,1.3255446138018483,0.8419856424777497
2014-02-24,1.664375775626697,1.0,1.3297838688182417,0.8235048996110056
2014-02-25,1.5878862460900338,1.0,1.2759011213055973,0.8024536438622495
2014-02-26,1.5923524634942339,1.0,1.2839321907261931,0.8044284822797945
2014-02-27,1.5527733877744954,1.0,1.2655043127376624,0.8009630043781331
2014-02-28,1.5657036733998155,1.0,1.2764723709392918,0.8100170901796235
2014-03-03,1.597762818628838,1.0,1.3019963398560581,0.8143020805866739
2014-03-04,1.593443876405496,1.0,1.3030800316047086,0.8119544476883424
2014-03-05,1.6009341484351731,1.0,1.2991151861464532,0.8044284419127192
2014-03-06,1.6016612441494478,1.0,1.3022952163673982,0.8079679270571352
2014-03-07,1.5991127300617363,1.0,1.2960269307735812,0.8059932534434074
2014-03-10,1.540766549605149,1.0,1.2512657743668747,0.7797630090033452
2014-03-11,1.5273076685118323,1.0,1.2478123109452854,0.7837873658928115
2014-03-12,1.5167504398311524,1.0,1.2442086437797073,0.7858369698546211
2014-03-13,1.5437430060596904,1.0,1.259976456271323,0.7955986366941552
2014-03-14,1.54291330288981,1.0,1.257653304535879,0.7890779102678099
2014-03-17,1.5865058871785918,1.0,1.2842773466192001,0.7965299620523791
2014-03-18,1.5972895640649243,1.0,1.2944816758384872,0.7947417522875715
2014-03-19,1.5949788770774838,1.0,1.2932013775330695,0.7882956019347671
2014-03-20,1.5394166896225017,1.0,1.259092658541265,0.7757017913982572
2014-03-21,1.5590328590923672,1.0,1.2818593904183184,0.802305260036052
2014-03-24,1.5570015016251015,1.0,1.2888412325554577,0.8087509804951817
2014-03-25,1.5571034575183682,1.0,1.2893869101441626,0.8079689182970429
2014-03-26,1.5745436576416454,1.0,1.2962713669399717,0.8066648564629114
2014-03-27,1.5351501991590983,1.0,1.271787683659268,0.8010012625056853
2014-03-28,1.479955518246084,1.0,1.2434235728339307,0.7995850922735752
2014-03-31,1.4723407666835988,1.0,1.2326570054414177,0.7974613942684967
2014-04-01,1.5016589012840997,1.0,1.251578507231966,0.8036839855279737
2014-04-02,1.488152883189458,1.0,1.2479802466605632,0.8102412431658965
2014-04-03,1.4950476617143624,1.0,1.249126466795299,0.8043913013902387
2014-04-04,1.5125271148816668,1.0,1.265517585813818,0.8118801844061818
2014-04-08,1.5183627369088588,1.0,1.2756901861104177,0.8310689725646219
2014-04-09,1.5469048279483637,1.0,1.2906850640017313,0.8315908838793926
2014-04-10,1.5505338053404083,1.0,1.294926877665342,0.8444822057612907
2014-04-11,1.5373389758532663,1.0,1.2925087687198347,0.8434012685379164
2014-04-14,1.5554506692374472,1.0,1.3004113104593844,0.8426185921607132
2014-04-15,1.5480695061174505,1.0,1.2934365587071173,0.8281617849750118
2014-04-16,1.544133225525063,1.0,1.2961258117429275,0.829279803384728
2014-04-17,1.5468648398528706,1.0,1.2954145345411754,0.8263731776738645
2014-04-18,1.5531568536602007,1.0,1.3011047081282863,0.8262244305018832
2014-04-21,1.532261823850496,1.0,1.2828074838589367,0.8124008695551562
2014-04-22,1.5090089941098785,1.0,1.2726778102383594,0.815940500143808
2014-04-23,1.5001127019718066,1.0,1.2671797485397165,0.81515801320417
2014-04-24,1.4885901319723747,1.0,1.2555150674725435,0.8137795810038417
2014-04-25,1.457475471940406,1.0,1.2313790560702365,0.8053585898996141
2014-04-28,1.4045870691934266,1.0,1.188486313371229,0.7931002268027519
2014-04-29,1.4203846999152572,1.0,1.207092593696222,0.8017069504640155
2014-04-30,1.440483107650214,1.0,1.2194484063815993,0.8019675052229163
2014-05-05,1.4622091013229241,1.0,1.2338071287923578,0.801110201959833
2014-05-06,1.4796668886558684,1.0,1.2423074580928675,0.8014458671344542
2014-05-07,1.452725434777846,1.0,1.2217742944989722,0.7940308899717261
2014-05-08,1.449719220703988,1.0,1.2215176075314669,0.7941055288753835
2014-05-09,1.4313966263503035,1.0,1.2096810041101005,0.7934345097034837
2014-05-12,1.4634825088892387,1.0,1.2378438225524422,0.8105361971256329
2014-05-13,1.4592193131460731,1.0,1.2359019480123985,0.8086363002795703
2014-05-14,1.4600902963112299,1.0,1.2360846292288787,0.8078163430710869
2014-05-15,1.4321484823173456,1.0,1.2134014272412403,0.7973833950003237
2014-05-16,1.4229857122198837,1.0,1.2108470132260925,0.7982031051303842
2014-05-19,1.421074069072251,1.0,1.2060287294364365,0.7868390875226429
2014-05-20,1.4371100871022484,1.0,1.2146483012245168,0.7870625498234993
2014-05-21,1.4502732637706992,1.0,1.22581146310664,0.7945892289874614
2014-05-22,1.4541131385399773,1.0,1.2267673035717803,0.7929499914080603
2014-05-23,1.4751338136528016,1.0,1.238041911763791,0.7996940310849858
2014-05-26,1.4961691611690202,1.0,1.25570602210886,0.8026377048134098
2014-05-27,1.493858456870556,1.0,1.2529750702790179,0.7994704964302161
2014-05-28,1.5189234334575543,1.0,1.2668056492325555,0.807741818186283
2014-05-29,1.4982497731798725,1.0,1.2527118145500742,0.802525421524436
2014-05-30,1.5019763564587016,1.0,1.255694573461095,0.8030470630484269
2014-06-03,1.5002742759227714,1.0,1.2527252677024885,0.8007366966480366
2014-06-04,1.4912089626427352,1.0,1.2427292603069104,0.7927629606228154
2014-06-05,1.5153275844491434,1.0,1.2581105853303025,0.8012209486497003
2014-06-06,1.514382789514685,1.0,1.2556973352862606,0.7960050002739908
2014-06-09,1.5062928115680414,1.0,1.2496157771233092,0.7957072944038883
2014-06-10,1.5254877418599866,1.0,1.2663954117057898,0.8057300234841998
2014-06-11,1.5404788989389258,1.0,1.2749903212669471,0.805543899848775
2014-06-12,1.5404986129036704,1.0,1.2743150940820471,0.8030104642837507
2014-06-13,1.5611119045948287,1.0,1.2881096296460819,0.8117287488944793
2014-06-16,1.577600115650358,1.0,1.2983582138729735,0.8176900848263604
2014-06-17,1.5602060589214257,1.0,1.2869544637293826,0.8101640652856186
2014-06-18,1.5402470825372978,1.0,1.2789479227776015,0.8070716690484234
2014-06-19,1.492265828016693,1.0,1.2400570478765467,0.7948881151324684
2014-06-20,1.5111309492086074,1.0,1.2536472994117869,0.7993220010386775
2014-06-23,1.5378072629022022,1.0,1.2688997498669994,0.7987257068259025
2014-06-24,1.5497623574667612,1.0,1.278228957102506,0.8039046443089616
2014-06-25,1.54581376205424,1.0,1.2723094072976087,0.800328072546431
2014-06-26,1.5751089560932439,1.0,1.2917513897056385,0.8064009619609133
2014-06-27,1.590776871045636,1.0,1.303022740142209,0.8074073503614404
2014-06-30,1.6096977121051095,1.0,1.315016513567607,0.813033364778759
2014-07-01,1.618136658167022,1.0,1.3255160970015432,0.8130707643135388
2014-07-02,1.628827178406124,1.0,1.3341742178852878,0.8155668915599813
2014-07-03,1.6405049961607978,1.0,1.3418464931127883,0.8197768478542138
2014-07-04,1.643837236481281,1.0,1.34435477174647,0.8194415591234414
2014-07-07,1.6449559102519333,1.0,1.3438317081796827,0.8186221175643179
2014-07-08,1.6619586434052303,1.0,1.3554116328257089,0.8201496664356929
2014-07-09,1.634851867601792,1.0,1.3334226912458038,0.8085617717986231
2014-07-10,1.632703744833119,1.0,1.3338166862698961,0.8072575616607119
2014-07-11,1.6425430302842328,1.0,1.3446938100286703,0.8117289612947506
2014-07-14,1.6620542915780319,1.0,1.3612112550305175,0.821118230190047
2014-07-15,1.6390658597657253,1.0,1.3518760539797148,0.8224221659395887
2014-07-16,1.6078568666017719,1.0,1.3310309220479235,0.8211556358040418
2014-07-17,1.6041605990597962,1.0,1.3299109709049626,0.8167961205335581
2014-07-18,1.6017108864448089,1.0,1.3302131388698786,0.8207829023978824
2014-07-21,1.5967322502003065,1.0,1.3291024886606113,0.8216028645173779
2014-07-22,1.6184102440810992,1.0,1.3493405391988054,0.8315886257327221
2014-07-23,1.5886786372583788,1.0,1.3340462624856437,0.8335636487188373
2014-07-24,1.566240132849837,1.0,1.325203184542781,0.8483185588648093
2014-07-25,1.5777348290217508,1.0,1.3345330397289168,0.8574099888601636
2014-07-28,1.6059876599681173,1.0,1.3581832909723162,0.8811816808013115
2014-07-29,1.6302476623739177,1.0,1.37427154956774,0.8840878179845943
2014-07-30,1.6462180924926821,1.0,1.380883437035763,0.8810695421739949
2014-07-31,1.6568611206916457,1.0,1.391635019792254,0.8917260782865895
2014-08-01,1.6038075619184489,0.9851260732909689,1.3607297877664595,0.883902073675703
2014-08-04,1.627078287061337,0.9993855211233158,1.38364431047665,0.9011531904476316
2014-08-05,1.6505311026359437,1.013180567259751,1.3924397601808407,0.8987687391057072
2014-08-06,1.6583222491805947,1.0183880480846659,1.39713928736747,0.8964211551591631
2014-08-07,1.651510371679298,1.0133509152452018,1.38383875447642,0.8829703557259999
2014-08-08,1.6693347343421776,1.0239043509027026,1.3963356533538456,0.884610031676583
2014-08-11,1.692911410919241,1.0380841595662151,1.4178037321060746,0.8973899928042147
2014-08-12,1.6992888212585555,1.0443480183156202,1.424410459167166,0.8942598965093136
2014-08-13,1.6977788861473968,1.043437091297503,1.4244889708871016,0.8949681503473488
2014-08-14,1.6994114154504643,1.0443652742570246,1.4185647438536981,0.8863612416454584
2014-08-15,1.718750227339768,1.0553009559763453,1.4383649116598969,0.8957876934503577
2014-08-18,1.7500134260395737,1.074898441598196,1.4596318989185755,0.900929514810763
2014-08-19,1.755955992985402,1.0774500819165969,1.4670640049608612,0.9010412300705994
2014-08-20,1.7541094484889075,1.076143296108748,1.4664078389312754,0.8977992837248056
2014-08-21,1.7636709404374016,1.0807398498643308,1.4657526579045759,0.8932905357219396
2014-08-22,1.7786907870990039,1.092880927142278,1.4765860822550867,0.8973889526998319
2014-08-25,1.7651204434232932,1.0856911616846086,1.4660885917773472,0.8888942688735753
2014-08-26,1.7295251911767795,1.059672121585014,1.4386209279090867,0.8817777813569735
2014-08-27,1.7404023047558468,1.066816379669194,1.4464727071170977,0.8831560000292344
2014-08-28,1.7296608520667953,1.0603314009510265,1.431925845787914,0.8770083511130309
2014-08-29,1.7487416644411817,1.0726964535501167,1.4509306541192428,0.8872544396790845
2014-09-01,1.7839529290778318,1.0956762545532563,1.4776268990057644,0.89362581381042
2014-09-02,1.8094274590114727,1.1105716508245091,1.4979079405737221,0.9052876306806461
2014-09-03,1.8338495517657531,1.125744386448707,1.5093501672445162,0.9136705941407489
2014-09-04,1.845931707404893,1.133795220919104,1.5222048352184505,0.9201905475005373
2014-09-05,1.8551821397311445,1.1382661127583185,1.5309548745260106,0.9288348175037574
2014-09-09,1.864682296200475,1.144058699938546,1.540633712110064,0.927158270658163
2014-09-10,1.8870361157509359,1.1572118928522608,1.5523000151361477,0.9223889685138974
2014-09-11,1.8869521978815424,1.1568603692265693,1.5513069255525729,0.9189982666656404
2014-09-12,1.9072812647509916,1.1685473604738748,1.571603074865127,0.9248109307023005
2014-09-15,1.9340019308137895,1.1824508394688653,1.591692419528263,0.9243642470227711
2014-09-16,1.8636358524358543,1.140782960085862,1.535487859212512,0.9061071287798245
2014-09-17,1.8744733475310875,1.1475515597057906,1.5482073929889455,0.9108016698140329
2014-09-18,1.8882743262517154,1.1572309432159922,1.5584707934500017,0.9135586664685598
2014-09-19,1.9127475197583874,1.171701199211942,1.5745228922755883,0.919780914545877
2014-09-22,1.887524751919373,1.1573431520390267,1.5559747725388258,0.9022692057138381
2014-09-23,1.9186270787794977,1.1754054511288863,1.5793862875261029,0.9099818028842801
2014-09-24,1.9496485507391585,1.1935246489039433,1.6050258211814392,0.9259283239980242
2014-09-25,1.9521711061186546,1.1937717002227646,1.603575424508694,0.9239162817499765
2014-09-26,1.9635835937431954,1.2027260655692662,1.6131853762976447,0.9240280756200684
2014-09-29,1.9877213568495424,1.217720127370895,1.6328368876834294,0.9278655642181185
2014-09-30,2.0001470886838466,1.2246619455292596,1.6430263179811169,0.9289084851122994
2014-10-08,2.0214152470388753,1.23670546759569,1.662716579920168,0.9390800330242792
2014-10-09,2.0232750342948016,1.2401711682040637,1.6682314351003815,0.940309288787508
2014-10-10,2.008213723404645,1.2302078042069673,1.6574775090894764,0.9344596247019608
2014-10-13,2.0055274129917278,1.2274254209488307,1.6590458158463035,0.9299144130874104
2014-10-14,2.0067430069256926,1.2247928104651487,1.652218642485061,0.9265983382903409
2014-10-15,2.0090531372811675,1.2273243601581292,1.6584225582490415,0.9329696284644252
2014-10-16,1.9751092005530149,1.207195461770104,1.6332372803769606,0.9257036609979444
2014-10-17,1.953632063583569,1.1939152749022859,1.6158863033606228,0.9246974211184397
2014-10-20,1.9826658701906688,1.2116074605824767,1.6395273367336947,0.9295779741071025
2014-10-21,1.9695539963796755,1.2035735544338801,1.6286543011625025,0.9214553217693547
2014-10-22,1.9422219430399195,1.1868964467789849,1.6118125066676634,0.915941333123887
2014-10-23,1.9015043894165529,1.1639057363922958,1.5807450070059381,0.9074093396058379
2014-10-24,1.9044633620695,1.1684300265325427,1.5827405115518034,0.905360409317008
2014-10-27,1.9315611598354905,1.1844946342989053,1.5966964314480514,0.8971632761710518
2014-10-28,1.9869529020179277,1.21716333771357,1.6376428758858932,0.9150850097758447
2014-10-29,2.0127614921099086,1.232497068453095,1.6588336429116093,0.9280142458789676
2014-10-30,2.0123629179435047,1.2345949364300322,1.662054841569291,0.9343859916911729
2014-10-31,2.004617320015744,1.2291533514659485,1.6605605040434162,0.9488801871942862
2014-11-03,2.029184100211304,1.2416801699172937,1.6833431367921379,0.950407884295669
2014-11-04,2.0281254770187322,1.2391941839882514,1.6734056753061695,0.9505570983335033
2014-11-05,2.0326655781367142,1.243150751095536,1.6713015689314652,0.946830914508036
2014-11-06,2.058495303098188,1.2590475311336768,1.6846066204287278,0.9477625961279119
2014-11-07,2.0395926399747175,1.247932445420414,1.6686337003204743,0.9461978400817047
2014-11-10,2.04768526106621,1.2518755505222883,1.689297521488325,0.9697080178142149
2014-11-11,1.9703903375839136,1.2040182656719125,1.6320732864279663,0.9670258054369407
2014-11-12,2.0042277141200895,1.2231245254092071,1.6593804925566844,0.9803272453907258
2014-11-13,1.9600061266813489,1.19603098201213,1.637525485422171,0.9747383997647532
2014-11-14,1.9489686866570506,1.1908168561340362,1.630951562210941,0.9752228447494363
2014-11-17,1.9772958411106267,1.2097226209902425,1.6521780491285876,0.9698571686576251
2014-11-18,1.9874370627836366,1.2142471968996809,1.6591327139011605,0.9601702352570727
2014-11-19,2.010530040201778,1.2304297432240605,1.6673385161689143,0.9585677111344285
2014-11-20,2.0077292541436575,1.2279350182785906,1.6651391893721774,0.9585303269936944
2014-11-21,2.038552035174402,1.2496980236227715,1.6829481624422389,0.9762286309513059
2014-11-24,2.0596642342895164,1.2626146502000106,1.705943951245897,1.0009691931455047
2014-11-25,2.0926722619099087,1.2791730938775845,1.7271636789610452,1.0144572530231406
2014-11-26,2.1176096495684336,1.2922493179524732,1.7400148567726164,1.0279454766593363
2014-11-27,2.142209175374381,1.3077402561962004,1.7566855870577212,1.0392354018294858
2014-11-28,2.1393187699510374,1.3089658449880484,1.7615493864731162,1.0586846923747246
2014-12-01,2.102445774234525,1.2860753825964188,1.7451804856371647,1.0620375467954752
2014-12-02,2.130197113526677,1.3017443045421215,1.7650045652113753,1.100564020843028
2014-12-03,2.148980377394441,1.3131454246407657,1.7795940948607556,1.1169206033207968
2014-12-04,2.171577592486013,1.3259063402404703,1.808855898300893,1.1675930572522548
2014-12-05,2.1078434081297353,1.2898482235820392,1.7622531650437414,1.1744865266622722
2014-12-08,2.0867097091292672,1.2758078366870425,1.768368832878683,1.2219169905550014
2014-12-09,1.9819547122828265,1.2113012320625745,1.6972434938073855,1.1675563474791903
2014-12-10,2.049209819282628,1.2520741533128859,1.751677161649666,1.2113735696437369
2014-12-11,2.073231716205932,1.2648896948201733,1.7733485117300574,1.1981841342174562
2014-12-12,2.0993265790381974,1.2812815493135292,1.7945208299983464,1.2025059843895782
2014-12-15,2.141359388630362,1.3103595244877713,1.819745087008716,1.2106289123141298
2014-12-16,2.1351997280554604,1.3109164051223479,1.817558983394664,1.2424115531491127
2014-12-17,2.1058280965268605,1.2936960029889226,1.8002024647369466,1.2642829661307495
2014-12-18,2.0916753296361548,1.2839701839786382,1.797732382092835,1.2597745330735275
2014-12-19,2.0534378958443917,1.2599978794577331,1.7802234261549197,1.274156119143095
2014-12-22,1.939539704411266,1.1919078986890121,1.706038419398583,1.2785901824377128
2014-12-23,1.9182389846430241,1.1795581935011534,1.6776524576015654,1.2515774076533515
2014-12-24,1.9594355049788408,1.2068567801656573,1.7040687201526836,1.2159950619537667
2014-12-25,1.983127158507283,1.2226903540968639,1.7330354951341318,1.2556389329635833
2014-12-26,1.9858911110520565,1.2216378215362433,1.747634012103925,1.2966619125424363
2014-12-29,1.9409300506455112,1.195979706042892,1.723515954407202,1.3006115447280409
2014-12-30,1.9108959343665788,1.1763594414333394,1.6946621318121877,1.3015805003288634
2014-12-31,1.926941130741365,1.186877161064245,1.7103436945653303,1.3298976856940181
2015-01-05,1.9238443483383258,1.185622116301472,1.7312090088930498,1.3704728640845427
2015-01-06,1.969421039301133,1.2139544165589387,1.7535638097060968,1.3695409425369651
2015-01-07,1.9615635924438157,1.2055687720450083,1.7532663412982346,1.3689451922269615
2015-01-08,1.9558504029462331,1.2023255954895564,1.7466354684096124,1.3370145456182676
2015-01-09,1.948188391192419,1.196436486133829,1.7329404960311532,1.3319846968976516
2015-01-12,1.923116246469002,1.1835182998431062,1.7064379456216368,1.319614555017563
2015-01-13,1.9641858037785678,1.2091967293454662,1.7307424383313998,1.3196515042251034
2015-01-14,1.9566331441629519,1.2066427778509163,1.72396163822291,1.3149561841730706
2015-01-15,1.9639757889446112,1.2079487959661965,1.7432973168636554,1.3524758289760808
2015-01-16,1.9884012164766225,1.2228398380488925,1.7616036051577009,1.3637284278731618
2015-01-19,1.9475156523647472,1.1989906680727802,1.7010133453007263,1.2588808951529893
2015-01-20,2.021563819945369,1.2401838513489993,1.755627634806152,1.2745300435606361
2015-01-21,2.0659168702273005,1.2701589567446412,1.7992089965412423,1.3314480062459673
2015-01-22,2.0878231133805034,1.283259499865661,1.8235326387588504,1.3384873718549897
2015-01-23,2.0644501915793247,1.2699520748875268,1.8117658836802093,1.34021937451417
2015-01-26,2.0986406396858133,1.2901107314806821,1.8482407554330804,1.3530935218257532
2015-01-27,2.112757771507127,1.2971924137752184,1.8538601410235933,1.340746543439093
2015-01-28,2.1136263262580974,1.3003116178406775,1.8419683765336337,1.322187929784809
2015-01-29,2.0994600651292714,1.2889999320031738,1.833206425088238,1.3058879969864219
2015-01-30,2.071797410612682,1.2714370870648268,1.8123281961618072,1.288948017889514
2015-02-02,2.059661491089984,1.2655511824049004,1.8006992220888325,1.2594723546164166
2015-02-03,2.1022008698746255,1.2895352369167619,1.8283443392407952,1.290454115067626
2015-02-04,2.1003802720369817,1.2888102008045355,1.8236602785932896,1.276826919612512
2015-02-05,2.100493230652642,1.2870566713680658,1.8178187595454274,1.263688370609699
2015-02-06,2.0659491107369496,1.2655608717646851,1.7803240967115628,1.2433227688289532
2015-02-09,2.050860773810402,1.2578071723005426,1.7733212340956062,1.255783349618157
2015-02-10,2.07721883265764,1.2725096977156416,1.7956437101349496,1.27859590994732
2015-02-11,2.1041997051811236,1.2873448525944822,1.8170495264104582,1.2888349059941782
2015-02-12,2.1158117817221767,1.297511494651792,1.8348658428514288,1.2921098354903093
2015-02-13,2.1517294533758142,1.3174643451212709,1.865399243423696,1.3021236867153592
2015-02-16,2.201816884665952,1.349184433570404,1.9016646193930915,1.3134547670371564
2015-02-17,2.2090819726530477,1.351873796625098,1.9123189412193853,1.322038193939744
2015-02-25,2.201876035927084,1.351522548868953,1.9047211020463999,1.3056250897619823
2015-02-26,2.225218379143461,1.3629056180037593,1.9254444715600685,1.3383009688834553
2015-02-27,2.2575520249088434,1.3788590249517367,1.9420989037966947,1.340672438200317
2015-03-02,2.310478293951851,1.4138417105655163,1.9831105819322428,1.3512503437377175
2015-03-03,2.2940540182146796,1.4067728902466463,1.965514810517746,1.316316468601066
2015-03-04,2.341712638412887,1.4360265201059992,1.996117813715917,1.324823821937635
2015-03-05,2.359411508899643,1.448046622981618,2.0006092708418053,1.311873669078195
2015-03-06,2.319026390068481,1.4253799942437784,1.9821054759516499,1.3051358859138091
2015-03-09,2.35563656702029,1.445980113091216,2.0078547635742945,1.327383232225096
2015-03-10,2.391330912481501,1.4686187749150283,2.031132990735915,1.3208325959740648
2015-03-11,2.3927697165873116,1.469819946420369,2.030699426417407,1.3221507869048472
2015-03-12,2.3585068372741955,1.4519339741913715,2.0255164310252596,1.3474104776886642
2015-03-13,2.4037125896484133,1.4789301043744918,2.051967489350315,1.3567089573951938
2015-03-16,2.482733102907072,1.5257524567571146,2.1125875236051668,1.3894219237759065
2015-03-17,2.5158462506800774,1.5468154940476078,2.1390272633263008,1.4083194513611823
2015-03-18,2.572857917774524,1.5806539134352549,2.186555236984276,1.440919230021291
2015-03-19,2.596843934700715,1.5962595768189305,2.1977014715985908,1.4386598686686176
2015-03-20,2.641829236878389,1.6264341212399938,2.224401618544504,1.4578587846160003
2015-03-23,2.741588826990731,1.6851550371666109,2.2762722008857863,1.4872973270537508
2015-03-24,2.776051688616592,1.707801838548293,2.2954836952055855,1.4879755346348873
2015-03-25,2.837186948980664,1.7414903524545327,2.318134807099293,1.476155056987748
2015-03-26,2.7588667621140783,1.695399424183035,2.293051712276,1.4796934006593476
2015-03-27,2.790921431483047,1.7165385457127709,2.3207634823362366,1.4875994024990706
2015-03-30,2.784751850823616,1.7182946686834932,2.344620346782743,1.5304764800773014
2015-03-31,2.8180085870320064,1.7406547901454004,2.354553793696277,1.5162093783300206
2015-04-01,2.9119735280760004,1.7993377656509235,2.412046060684502,1.543313137177048
2015-04-02,2.987927905457596,1.8434726178532275,2.461394899752351,1.543877989785255
2015-04-03,3.0596803366387233,1.8820739025565565,2.5072381500920744,1.5610814222254321
2015-04-07,3.128164896860903,1.9229833827978604,2.5641831298909388,1.594132638096789
2015-04-08,3.083990757736927,1.8979311992162597,2.5505443319800793,1.6077592838872403
2015-04-09,3.0413613290950314,1.8705943538082934,2.5216205664913347,1.5960901670047867
2015-04-10,3.12623836924102,1.9172044892675415,2.5957567108462234,1.6264318410795477
2015-04-13,3.2081915402432166,1.9697579292594463,2.657462865105308,1.6551920353253573
2015-04-14,3.1869783397113487,1.9622006910667367,2.6610766760663402,1.6620064609347915
2015-04-15,3.040509973616127,1.8675681390086107,2.561678076766236,1.6414906531810127
2015-04-16,3.0598901074171234,1.8757395133345334,2.5968024179695024,1.6906926940194604
2015-04-17,3.0488839034300907,1.8683742119441715,2.6099040567877125,1.7214108895771
2015-04-20,2.9701604801658448,1.8210326953654068,2.5625692081403235,1.6940060282150327
2015-04-21,3.1017082886368588,1.897008790007363,2.644050738938735,1.7300697225497024
2015-04-22,3.2075209242947675,1.958053919625487,2.723034806984339,1.7747159018098198
2015-04-23,3.223123170506964,1.976809234596999,2.7520438714249904,1.7754311123182491
2015-04-24,3.243253547527978,1.9831253398659636,2.7527812641815594,1.7618029031000944
2015-04-27,3.2515192099774297,1.9927991826638687,2.779334871552716,1.8008779296879511
2015-04-28,3.1379953035529065,1.924479585430939,2.699908811993952,1.7773872779731015
2015-04-29,3.2134910005045167,1.9699200454714663,2.748939699601353,1.7888318746559704
2015-04-30,3.222103298698914,1.9767784685279257,2.766732675085393,1.7809270266018657
2015-05-04,3.260524208017964,1.9904734573917886,2.785875918124761,1.794554680209423
2015-05-05,3.198693070110303,1.9421807385096623,2.7008077538571533,1.723104485616885
2015-05-06,3.191528387287577,1.9432396772323726,2.6698213926105394,1.707105460467932
2015-05-07,3.1373820682995657,1.9156559180260886,2.619599791271099,1.676085647145769
2015-05-08,3.289074715314843,2.007405978060541,2.734138888912171,1.709024082283478
2015-05-11,3.4590169902733026,2.107752941210328,2.8571264217571324,1.7575860015815632
2015-05-12,3.5285629047004927,2.152960702294583,2.9150343322615706,1.7782147884821262
2015-05-13,3.5587439541996417,2.1760414406116464,2.933071746130775,1.7677126519413506
2015-05-14,3.615349896647909,2.2046433454928693,2.9617065266914144,1.7615009096824288
2015-05-15,3.582888508601535,2.1852238579253807,2.938204534050324,1.7310463204549293
2015-05-18,3.7095964532286714,2.2559555400375833,3.0172283152470705,1.7143313371846165
2015-05-19,3.8140653032930922,2.323346558349379,3.0993901728218525,1.7721917341459346
2015-05-20,3.9092820568661706,2.3872200407347712,3.17143016385827,1.7825820942832322
2015-05-21,4.079764490739932,2.4859354728474856,3.289651650597733,1.8137897590078487
2015-05-22,4.102267355923857,2.5094357649000125,3.3375269722170104,1.8548974901060025
2015-05-25,4.1596408320224265,2.537018897677182,3.4037127589052902,1.9094444605975496
2015-05-26,4.34596012407387,2.651676889505879,3.5285972769129508,1.9461096131299436
2015-05-27,4.437235577521918,2.7078069505963365,3.580289678287815,1.9401623021522185
2015-05-28,4.24095272199289,2.5781809564308795,3.375961110704262,1.8108524248760756
2015-05-29,4.31086477382031,2.617584944519297,3.4214008686816664,1.8127719284464443
2015-06-01,4.530162215934855,2.7475494685547774,3.5947130381568826,1.8999934497836446
2015-06-02,4.7258329495982965,2.8759865550057113,3.747133289890588,1.9313129418098782
2015-06-03,4.761539219891528,2.897803533023745,3.7566616782477507,1.9264189948153319
2015-06-04,4.708159446688071,2.867088934468705,3.7372160206616094,1.9400464827846555
2015-06-05,4.745589465686641,2.8887940343422365,3.79223533917436,1.9588688137606323
2015-06-08,4.6033194018367904,2.805539900939488,3.7173529682680573,2.003478133256403
2015-06-09,4.614173262725212,2.804435818145831,3.7036407461558136,1.9899266071630566
2015-06-10,4.737129770760886,2.8806131043339507,3.80116911832143,1.986012421526767
2015-06-11,4.842071686290888,2.9461699062009115,3.8753485980961937,1.9843183529312047
2015-06-12,4.943107811288328,3.007558585340251,3.947538942990291,1.9939561871713916
2015-06-15,4.817089698558055,2.9335906205270774,3.8795813416729388,1.9535626227316736
2015-06-16,4.625010176936939,2.8146659020062255,3.717358606644904,1.897661428282207
2015-06-17,4.734081508515374,2.887772121069699,3.795739459998953,1.9249535949437615
2015-06-18,4.538843314972731,2.7738905849529605,3.675066918353192,1.8487235076303936
2015-06-19,4.236505785128712,2.588249625855655,3.456048630957157,1.7427158529793594
2015-06-23,4.2362438718021656,2.5895008580743495,3.453817441532535,1.7994464821413965
2015-06-24,4.311736588459635,2.6280526815315435,3.53554253737739,1.8342675710173146
2015-06-25,4.107059785421532,2.5129150068926074,3.4072318530897965,1.7702718097320915
2015-06-26,3.7654326731358165,2.300502040246056,3.1438825068977705,1.6345255970900248
2015-06-29,3.4940778617118475,2.1283104669375987,2.9261343241175393,1.580769319252928
2015-06-30,3.6343318563122633,2.2227606560834183,3.051868231658055,1.6858730905207362
2015-07-01,3.454882297498882,2.1007413770671803,2.8818765234114956,1.604184109919554
2015-07-02,3.24153771090557,1.971798403741174,2.690255223291894,1.5500894175489568
2015-07-03,3.0729098732507345,1.8743892656042869,2.519938110714606,1.470659735614913
2015-07-06,2.967890285595132,1.8014324260730188,2.4023537522048257,1.5132353349609646
2015-07-07,2.8315123315475357,1.7224036527743172,2.2757869149037377,1.487711594566178
2015-07-08,2.774402666901471,1.6884203614691575,2.2025500906469824,1.38825509904624
2015-07-09,2.853619129946247,1.740637293300404,2.2893029260778777,1.477208932772727
2015-07-10,2.9426125455231977,1.7974863208792864,2.391042297825308,1.5566384570879166
2015-07-13,3.074123863003342,1.8781622662087494,2.5206662492059904,1.5960151834984124
2015-07-14,3.1703834063445804,1.9403864348824902,2.577273008115641,1.5587099245993203
2015-07-15,3.0198150755922613,1.844637602554857,2.4457288922092277,1.5045011108416053
2015-07-16,3.0577569124313513,1.8667593990257636,2.485857622097697,1.516284363541717
2015-07-17,3.223118533627208,1.9696290313312397,2.610746570009778,1.5756878360521906
2015-07-20,3.287408197892109,2.0179117675683482,2.670542692582539,1.5794521542925193
2015-07-21,3.376841201772281,2.069898756895438,2.726143722135067,1.5822762147443943
2015-07-22,3.420156114961948,2.0956237407493985,2.7632787090510567,1.5796037502176907
2015-07-23,3.5169267702759175,2.154691434919772,2.8518831475097053,1.614914212450057
2015-07-24,3.469159928157848,2.140301502911397,2.817321042286507,1.5870569422852934
2015-07-27,3.255018817309754,1.997295888606783,2.6081304995833223,1.452628458102902
2015-07-28,3.1245266807623517,1.9065687599635908,2.5299881007486755,1.4498423167202608
2015-07-29,3.2672115210809682,1.9971644447353625,2.6576988192623956,1.495016503624631
2015-07-30,3.159929045030475,1.925269541208778,2.5795225146508702,1.451611689474897
2015-07-31,3.1053119535261144,1.8923354288350742,2.5372634486385546,1.4522895921338816
2015-08-03,2.9557460264302504,1.8018635173791804,2.4428393866384543,1.4566943864668238
2015-08-04,3.1290583674230996,1.9069160751528418,2.5719028349232853,1.5016042744015958
2015-08-05,3.116613113434539,1.9000778772680242,2.557139218957162,1.4708859557601623
2015-08-06,3.1046684650575376,1.8917954822781358,2.5513382025444473,1.457709759368463
2015-08-07,3.233750800984562,1.9723923786386925,2.63557127340818,1.4861686270006134
2015-08-10,3.392158053510091,2.0715985755860453,2.7656008030095975,1.5529882546391882
2015-08-11,3.412422298893021,2.0859170871746664,2.7880567626755752,1.5460991987416086
2015-08-12,3.372173695700659,2.0610632407739384,2.758589500732854,1.5269754977523737
2015-08-13,3.443079057339049,2.103225176309246,2.83188179853354,1.5489975383809584
2015-08-14,3.4354082909271835,2.096112927371249,2.85691702893803,1.5483206264566858
2015-08-17,3.4650684884872183,2.115162799496725,2.913637192643411,1.549562379599104
2015-08-18,3.233716624803437,1.9632899176710028,2.712618376662525,1.4548112887737576
2015-08-19,3.2997605130284975,2.008119604242297,2.7670623419284412,1.4776998347800352
2015-08-20,3.213086535335818,1.9480794840492204,2.6738446446148325,1.4306439612413
2015-08-21,3.019374986614734,1.835127677547097,2.529433973557583,1.3658572494564876
2015-08-24,2.7899072656161747,1.6924709677532654,2.3352577360664366,1.247352742779144
2015-08-25,2.5963475066147015,1.569847708459727,2.168311832116013,1.1597910749415337
2015-08-26,2.49100756369255,1.5116675173583785,2.079503939368733,1.153315961370135
2015-08-27,2.5655186754778367,1.559125976321299,2.1514423747369626,1.2214146556251957
2015-08-28,2.7036903148660363,1.6489066692072858,2.2802683091600358,1.2731757659012803
2015-08-31,2.5834347256614416,1.571613341387163,2.197498527596985,1.2828875506435753
2015-09-01,2.4343911315236495,1.4834175863707693,2.07465060607569,1.2812313428156945
2015-09-02,2.360210613424578,1.4394131853231353,2.0166577097103815,1.282925130650897
2015-09-07,2.4034460851450374,1.4636802718372683,2.034173048162122,1.2394083102192186
2015-09-08,2.512655027294904,1.5316193568460679,2.1198617685460195,1.2709165482816116
2015-09-09,2.605638640106033,1.5875801347346488,2.19346034157095,1.2957998233804173
2015-09-10,2.5645851954358463,1.566758568605532,2.1659027629146594,1.279725426571383
2015-09-11,2.5901810859827687,1.582804094330752,2.183741780394881,1.275584235090998
2015-09-14,2.413998442096461,1.4796549914319663,2.044461289980311,1.2502498565978557
2015-09-15,2.284185496718839,1.4040287369761708,1.934291611505797,1.2016513944220404
2015-09-16,2.430721773820844,1.496027260820667,2.058109431430058,1.2613181927606727
2015-09-17,2.4020488257220975,1.4800442149493453,2.0264872536534595,1.2341758865706556
2015-09-18,2.4343224567109374,1.5001219209529628,2.05061244698785,1.2400863548914425
2015-09-21,2.5381179328950263,1.559590498388501,2.123657485241508,1.2621078083816049
2015-09-22,2.5619312111074635,1.5692903753195364,2.144926121192934,1.2740031744756013
2015-09-23,2.5588126155648454,1.5697020278486025,2.1301701354787568,1.2458451563133417
2015-09-24,2.6095984389264,1.6001237530359491,2.1618994621044862,1.254239660976581
2015-09-25,2.516279685839442,1.5457581470867154,2.0880484109238586,1.2342132163097679
2015-09-28,2.5933798115553577,1.5902749636314135,2.1284212566451193,1.238354001650487
2015-09-29,2.55785858994634,1.5692526800615867,2.0881848351700487,1.2141491343342268
2015-09-30,2.5593190508201014,1.5684700449704048,2.0958272565370217,1.223409449781794
2015-10-08,2.6728742427304626,1.6340069086016622,2.1818622267342533,1.258719493321396
2015-10-09,2.728945249699464,1.6653674440396053,2.210600888350709,1.2752829831340122
2015-10-12,2.857958696977991,1.7388638723997785,2.2998287049926525,1.3162399714203445
2015-10-13,2.8981454463356204,1.7656301441728983,2.3281859357245573,1.315223834162408
2015-10-14,2.855441459678583,1.7388337424742768,2.3089045690473013,1.3006182734840344
2015-10-15,2.946118639640895,1.7955823737592724,2.379531441915252,1.331185404147456
2015-10-16,2.9862113875385288,1.8210606826481057,2.4212921070276843,1.3491044908726848
2015-10-19,2.994198515229962,1.8218600358709347,2.4212904606020933,1.3491800407241739
2015-10-20,3.086492169238687,1.8780163194495592,2.4702081205882758,1.3658559060275246
2015-10-21,2.9053102554762127,1.7698257909756845,2.326090468911436,1.326329401962994
2015-10-22,3.034405504133093,1.8461463442196606,2.415156863032094,1.345791959607399
2015-10-23,3.129880675380157,1.9053029328278894,2.4794893671158453,1.3636358151998336
2015-10-26,3.15751049422007,1.9188130499734268,2.49937277288407,1.3704117215655618
2015-10-27,3.1735041223713445,1.936392376875279,2.5183534373370686,1.3719178040475621
2015-10-28,3.110949559946872,1.8920679167076724,2.4606548138487385,1.3460557815234615
2015-10-29,3.1330522605549325,1.9090015380787348,2.4852163515574395,1.349255356116143
2015-10-30,3.120372760949813,1.9074560639474745,2.48363787047985,1.3496695775104706
2015-11-02,3.071060066356151,1.8465800915210846,2.4240501237420014,1.3275727871874692
2015-11-03,3.0987488225785875,1.8465800915210846,2.425772926450808,1.3236206030000122
2015-11-04,3.2957721835607656,1.8465800915210846,2.565863040156912,1.3855078079138807
2015-11-05,3.271756357545888,1.8465800915210846,2.5813641762552644,1.4145314254740609
2015-11-06,3.401057827017775,1.8465800915210846,2.65531115846579,1.4476215591101755
2015-11-09,3.488821755825312,1.8465800915210846,2.706339950598033,1.4652767516450833
2015-11-10,3.5127408393985347,1.8465800915210846,2.7278804258680234,1.4626040868500825
2015-11-11,3.6307318985751587,1.8465800915210846,2.7867107612430395,1.462792762777286
2015-11-12,3.7318975349626973,1.8465800915210846,2.8086681787032832,1.4483374446955213
2015-11-13,3.535378903741239,1.8465800915210846,2.731601749869471,1.4298537622263168
2015-11-16,3.6122763151361728,1.8465800915210846,2.8062098909132693,1.4373833721382008
2015-11-17,3.546351220686285,1.8465800915210846,2.77984520060536,1.4351252428605716
2015-11-18,3.466535431705088,1.8465800915210846,2.72245188616364,1.4189757785026615
2015-11-19,3.5972286282101713,1.8465800915210846,2.805698598147392,1.4414495168825865
2015-11-20,3.6706370931971435,1.8465800915210846,2.8595269047414007,1.441185731620997
2015-11-23,3.645487101918893,1.8465800915210846,2.833237773797685,1.433129503381236
2015-11-24,3.7589986397261677,1.8465800915210846,2.8716367080873564,1.4333559378427703
2015-11-25,3.8497288977062585,1.8465800915210846,2.938415337323537,1.4438208695449604
2015-11-26,3.779805763259379,1.8465800915210846,2.931100059828236,1.4353889556668178
2015-11-27,3.537292794371686,1.8465800915210846,2.7369079582808915,1.3590076031689193
2015-11-30,3.6195587543564294,1.8465800915210846,2.7653964080017497,1.362697308811523
2015-12-01,3.572035853782393,1.8465800915210846,2.7603159648339304,1.371994992549544
2015-12-02,3.489399262332839,1.8465800915210846,2.746220999416906,1.4209326819387937
2015-12-03,3.6094009879421476,1.8465800915210846,2.820441920448457,1.4313609068915425
2015-12-04,3.602548684271116,1.8465800915210846,2.8076080674614676,1.4042938721422233
2015-12-07,3.683082575317246,1.8465800915210846,2.8551710261457255,1.4079071202752451
2015-12-08,3.6406457001592796,1.8465800915210846,2.7978107832553194,1.3834376945248614
2015-12-09,3.6073911473991167,1.8465800915210846,2.788791696613643,1.3883696499058427
2015-12-10,3.611280118406338,1.8465800915210846,2.775753558426736,1.3837769231039543
2015-12-11,3.5646128658450387,1.8465800915210846,2.7571033988986713,1.377904173842301
2015-12-14,3.638208464737622,1.8465800915210846,2.8113569290670077,1.4169415769914275
2015-12-15,3.6977134963644174,1.8465800915210846,2.8418578604055664,1.4104293135035748
2015-12-16,3.734388781983923,1.8465800915210846,2.862532223948871,1.4070795438840038
2015-12-17,3.8731686650236044,1.8465800915210846,2.9488079146589063,1.4336564623088848
2015-12-18,3.8389484004424,1.8465800915210846,2.9432382230509107,1.4382484639576603
2015-12-21,3.840245219716083,1.8465800915210846,2.9705061784528173,1.4752905531468898
2015-12-22,3.885025208965181,1.8465800915210846,3.0006784236908266,1.47916761672056
2015-12-23,3.8050999900106772,1.8465800915210846,2.9553346824360673,1.4753276975875536
2015-12-24,3.8381281988621376,1.8465800915210846,2.9592221177508895,1.4614374873147664
2015-12-25,3.874629597259987,1.8465800915210846,2.989773020164739,1.464750566098509
2015-12-28,3.797345392688479,1.8465800915210846,2.910084731416508,1.4229275431846982
2015-12-29,3.8251248690129707,1.8465800915210846,2.943537489507449,1.4356883573919788
2015-12-30,3.8699236941998625,1.8465800915210846,2.9854900597967946,1.4371183029959411
2015-12-31,3.7705066970635657,1.8465800915210846,2.9272876280561073,1.4241310648917667
2016-01-04,3.4099897448558596,1.8465800915210846,2.6731868194316055,1.3247495026593596
2016-01-05,3.2992646614916614,1.8465800915210846,2.6198786394837135,1.3284389300242663
2016-01-06,3.3991690560670396,1.8465800915210846,2.695382252265483,1.3515524389677582
2016-01-07,3.08389965771447,1.8465800915210846,2.4533888148081626,1.2582696411826426
2016-01-08,3.093865229257042,1.8465800915210846,2.4887959848425405,1.2837168864059205
2016-01-11,2.8537772081396184,1.8465800915210846,2.3063214432394057,1.2193449031370955
2016-01-12,2.87750034210095,1.8465800915210846,2.2969902205950072,1.2280412709862694
2016-01-13,2.7601154129961474,1.8465800915210846,2.201304565566847,1.2053040868539588
2016-01-14,2.8798376763467255,1.8465800915210846,2.2881175629274577,1.2302623185804438
2016-01-15,2.7760589210170945,1.8465800915210846,2.193902964201206,1.1911498189481342
2016-01-18,2.856766289088325,1.8465800915210846,2.2404404451459743,1.1957428926499982
2016-01-19,2.96430532947607,1.8465800915210846,2.331172621770671,1.2308654486358068
2016-01-20,2.938082627637514,1.8465800915210846,2.316012567443819,1.2124196990225506
2016-01-21,2.8200633964566713,1.8465800915210846,2.2185735419356796,1.176693327751453
2016-01-22,2.8763008804950294,1.8465800915210846,2.2548096641325888,1.1890097768130277
2016-01-25,2.9164901074542824,1.8465800915210846,2.2838045060738628,1.1948620829345014
2016-01-26,2.682296740390229,1.8465800915210846,2.1081566514783923,1.122684049090677
2016-01-27,2.666982873510187,1.8465800915210846,2.07723938751385,1.1187445507624179
2016-01-28,2.5342961479879875,1.8465800915210846,1.9832003824982323,1.08944463097795
2016-01-29,2.6416110050309745,1.8465800915210846,2.063527379584531,1.124788393696137
2016-02-01,2.611638910282955,1.8465800915210846,2.0437119594575934,1.1076139997127907
2016-02-02,2.7241847876392136,1.8465800915210846,2.118313340897558,1.1307553790087899
2016-02-03,2.7394164913908003,1.8465800915210846,2.1288363982233647,1.1258976539005683
2016-02-04,2.806273890354386,1.8465800915210846,2.1786822643160315,1.1397056627280049
2016-02-05,2.7662345818356586,1.8465800915210846,2.158173706299471,1.1316354069302281
2016-02-15,2.7689257989959564,1.8465800915210846,2.1550244773653047,1.1249033078944002
2016-02-16,2.892309015575549,1.8465800915210846,2.2412439881429833,1.1594817106757662
2016-02-17,2.9320352117215744,1.8465800915210846,2.2778560330109285,1.169503111101137
2016-02-18,2.922284354750928,1.8465800915210846,2.2770207500259634,1.1657548536300575
2016-02-19,2.93972757629191,1.8465800915210846,2.289212644030126,1.1649516485359064
2016-02-22,2.992848017364664,1.8465800915210846,2.3402637308283243,1.1907704719224077
2016-02-23,2.968886019178516,1.8465800915210846,2.3260434749064958,1.1794486262753692
2016-02-24,2.9693709452683916,1.8465800915210846,2.340080800309284,1.18721293658214
2016-02-25,2.7377953060080276,1.8465800915210846,2.148833708084711,1.1141162360767778
2016-02-26,2.72608758106051,1.8465800915210846,2.146369960360913,1.125629513260395
2016-02-29,2.5573442033326828,1.8465800915210846,2.0198074293939827,1.0985097213974124
2016-03-01,2.6298377228482166,1.8465800915210846,2.07061299496483,1.118858515476578
2016-03-02,2.739470479399165,1.8465800915210846,2.179123813520892,1.1650270932592035
2016-03-03,2.7335290574909097,1.8465800915210846,2.1830646747443803,1.1677043255195132
2016-03-04,2.6215136229912517,1.8465800915210846,2.117402088864477,1.1812450248782371
2016-03-07,2.6868157528261243,1.8465800915210846,2.1678885204388267,1.1853758387302367
2016-03-08,2.725730703542447,1.8465800915210846,2.1811511374114794,1.186447418488449
2016-03-09,2.66538991435349,1.8465800915210846,2.1296412803776894,1.1727925951490654
2016-03-10,2.6295662608086756,1.8465800915210846,2.0863107987850196,1.150263249396252
2016-03-11,2.635391248582669,1.8465800915210846,2.088685067611416,1.152214095867228
2016-03-14,2.7605279196351438,1.8465800915210846,2.1574549288458664,1.1703061616005352
2016-03-15,2.7351841111589614,1.8465800915210846,2.1492050760459374,1.1737866521251352
2016-03-16,2.707665245977536,1.8465800915210846,2.1243278075172536,1.179600417413111
2016-03-17,2.8238722918127355,1.8465800915210846,2.1932002810854008,1.1926821860422225
2016-03-18,2.937170747971958,1.8465800915210846,2.2702298383343775,1.2109278381242967
2016-03-21,3.0177330831446607,1.8465800915210846,2.3280000832886456,1.2405713516015795
2016-03-22,3.029050609203086,1.8465800915210846,2.3246189675488065,1.231468039023527
2016-03-23,3.083399747581623,1.8465800915210846,2.34821765117389,1.235445680789573
2016-03-24,3.0442273763613663,1.8465800915210846,2.314290676671728,1.2147519656363477
2016-03-25,3.064621623506124,1.8465800915210846,2.3328350069973176,1.2207953566653884
2016-03-28,3.0342426448459694,1.8465800915210846,2.3206926193851487,1.2100084088938932
2016-03-29,2.973118428611248,1.8465800915210846,2.2780749834585867,1.196850777455581
2016-03-30,3.0952998461879693,1.8465800915210846,2.367738826076664,1.2277570550818164
2016-03-31,3.085735207825696,1.8465800915210846,2.3779944672710793,1.2283684780952473
2016-04-01,3.067936203329201,1.8465800915210846,2.363821797022727,1.2298216380048337
2016-04-05,3.171577515615365,1.8465800915210846,2.4320886267488677,1.2460392959452036
2016-04-06,3.1858355643325114,1.8465800915210846,2.4485939728607775,1.2434001847163916
2016-04-07,3.127780172245837,1.8465800915210846,2.4039687861617542,1.2249257447718755
2016-04-08,3.0947901089465333,1.8465800915210846,2.3876133843739478,1.2158220966367308
2016-04-11,3.1763858307766473,1.8465800915210846,2.444072407585267,1.232690412405469
2016-04-12,3.147296528906935,1.8465800915210846,2.4255841175846644,1.2282921730140062
2016-04-13,3.1759393410932213,1.8465800915210846,2.4644255624462272,1.2446628510959368
2016-04-14,3.2231696746594567,1.8465800915210846,2.493970616376852,1.2501704842120362
2016-04-15,3.2170443168910836,1.8465800915210846,2.496182272196627,1.2487165359388976
2016-04-18,3.1658792287955673,1.8465800915210846,2.4598627469639096,1.2319625061762054
2016-04-19,3.181965854207452,1.8465800915210846,2.467767496307392,1.2357113680824996
2016-04-20,3.036945627769808,1.8465800915210846,2.355509507005693,1.2137552484944096
2016-04-21,2.9797047588381655,1.8465800915210846,2.32641497284145,1.2059520160018389
2016-04-22,3.0129915271823293,1.8465800915210846,2.3479786585323676,1.2115367797879435
2016-04-25,2.9933257642227087,1.8465800915210846,2.341918357242463,1.2065258636667404
2016-04-26,3.040908252257827,1.8465800915210846,2.367749878881356,1.2131050492013151
2016-04-27,3.0392241576655814,1.8465800915210846,2.3670348854721626,1.208132531604639
2016-04-28,3.0557405127990513,1.8465800915210846,2.3635480278773233,1.2062587180481201
2016-04-29,3.059187518477256,1.8465800915210846,2.3575840893080713,1.205072965728279
2016-05-03,3.187918760873078,1.8465800915210846,2.4273615203109475,1.2267221015575875
2016-05-04,3.193197091107483,1.8465800915210846,2.431651300955962,1.225154350711797
2016-05-05,3.2387449036130658,1.8465800915210846,2.4464242339677575,1.2268756925745472
2016-05-06,3.102591815199003,1.8465800915210846,2.3527525429712512,1.1957780743948603
2016-05-09,2.962761212442417,1.8465800915210846,2.251834256430918,1.1710302513671842
2016-05-10,2.9499004859203612,1.8465800915210846,2.2445905120162255,1.1723687389444966
2016-05-11,2.9328132640293205,1.8465800915210846,2.2288619502361615,1.1776092272075782
2016-05-12,2.92480550874772,1.8465800915210846,2.225765691729796,1.180324794085519
2016-05-13,2.935830508352203,1.8465800915210846,2.219115682534441,1.1745105141498537
2016-05-16,2.9983193040100464,1.8465800915210846,2.2603083599529046,1.1822752031588981
2016-05-17,3.0083162734754922,1.8465800915210846,2.2544346970221016,1.1791007942384166
2016-05-18,2.914976816857524,1.8465800915210846,2.1877243828477746,1.1723693078041098
2016-05-19,2.9480761779927627,1.8465800915210846,2.201979284751496,1.1704184852759236
2016-05-20,2.9785334420029286,1.8465800915210846,2.2299240441088792,1.1763852787138602
2016-05-23,3.0365644216027663,1.8465800915210846,2.2611324943051327,1.180095597882924
2016-05-24,3.021911590867881,1.8465800915210846,2.230374004599785,1.1710690466547176
2016-05-25,3.0163329921496542,1.8465800915210846,2.229198824048696,1.169462339922707
2016-05-26,3.051647138420015,1.8465800915210846,2.2402858725635832,1.1714890181577933
2016-05-27,3.0446765591914673,1.8465800915210846,2.2467812772484317,1.1708775008903147
2016-05-30,3.0204871123374564,1.8465800915210846,2.234225647261539,1.1725600518590942
2016-05-31,3.1533771436026,1.8465800915210846,2.320677098509207,1.212072980486642
2016-06-01,3.200405768073815,1.8465800915210846,2.3383914996088997,1.2085543326242894
2016-06-02,3.2327030419422007,1.8465800915210846,2.3666218837750836,1.2111176763637854
2016-06-03,3.2570932432790265,1.8465800915210846,2.372852742556522,1.219876479399248
2016-06-06,3.2685567959239124,1.8465800915210846,2.377637605591688,1.2169695137488397
2016-06-07,3.2838248409405204,1.8465800915210846,2.3819488391841466,1.2165107162421565
2016-06-08,3.303294931250787,1.8465800915210846,2.3810772693691495,1.2124950143678412
2016-06-13,3.1139248551909247,1.8465800915210846,2.2724551309172667,1.1753926669281856
2016-06-14,3.1335387601058464,1.8465800915210846,2.2784641864887094,1.1791409941430195
2016-06-15,3.2801549231261227,1.8465800915210846,2.3510074230011453,1.19470919268869
2016-06-16,3.308935762311175,1.8465800915210846,2.3448757285176085,1.1874417766695649
2016-06-17,3.3191308164936313,1.8465800915210846,2.364707192712178,1.1941353859646509
2016-06-20,3.3701492171775387,1.8465800915210846,2.3707291894297917,1.1950918884088086
2016-06-21,3.305943690911243,1.8465800915210846,2.3462525762982773,1.1926060972809185
2016-06-22,3.3811821109047164,1.8465800915210846,2.3796195721258737,1.2032012098491618
2016-06-23,3.3629527026209036,1.8465800915210846,2.379574335849692,1.1978842637028386
2016-06-24,3.353494929384523,1.8465800915210846,2.365403425900833,1.1843050476895032
2016-06-27,3.454938357950603,1.8465800915210846,2.4168648058380384,1.2008675537814406
2016-06-28,3.477425869431876,1.8465800915210846,2.4495708884262113,1.2072549683000042
2016-06-29,3.481227717992976,1.8465800915210846,2.44546550820135,1.212993051164334
2016-06-30,3.4720659600528707,1.8465800915210846,2.445161154875869,1.2143697982774058
2016-07-01,3.452417686126534,1.8465800915210846,2.44359452101404,1.2150583459530289
2016-07-04,3.508920719877091,1.8465800915210846,2.488230562962454,1.2344895590215097
2016-07-05,3.5280702463692903,1.8465800915210846,2.501307736202472,1.2364017833484342
2016-07-06,3.5760899767201115,1.8465800915210846,2.51724096058802,1.2404559447960337
2016-07-07,3.5824985923561226,1.8465800915210846,2.5221564247505954,1.240188006311958
2016-07-08,3.570980022769385,1.8465800915210846,2.518630890187386,1.2354827330160103
2016-07-11,3.5176225073232437,1.8465800915210846,2.5083126087422203,1.2400725513691646
2016-07-12,3.5567837279441763,1.8465800915210846,2.5342686248818502,1.2667713134001428
2016-07-13,3.5764734454384577,1.8465800915210846,2.548596194588831,1.272929088754581
2016-07-14,3.5697840405738788,1.8465800915210846,2.5539119937615045,1.2706339976075562
2016-07-15,3.5512006431284444,1.8465800915210846,2.5466819530151703,1.2712845622143314
2016-07-18,3.5192487940232504,1.8465800915210846,2.5328296369989896,1.2658142247431234
2016-07-19,3.542370385389571,1.8465800915210846,2.541709611152279,1.2610712188430109
2016-07-20,3.549896871413835,1.8465800915210846,2.550129444113355,1.257054707010996
2016-07-21,3.545190296841067,1.8465800915210846,2.550618944496348,1.262791904693794
2016-07-22,3.497105950613612,1.8465800915210846,2.5343522423920897,1.2524256459481626
2016-07-25,3.48585303457639,1.8465800915210846,2.537789059434054,1.2548741380859914
2016-07-26,3.5405040294259953,1.8465800915210846,2.56647824113856,1.2698297280637
2016-07-27,3.353221614980522,1.8465800915210846,2.456525502244488,1.2503987935648693
2016-07-28,3.336775328083462,1.8465800915210846,2.4532993326938355,1.2515078972947615
2016-07-29,3.3089119792937156,1.8465800915210846,2.440087911751177,1.2457709850935623
2016-08-01,3.2759836445362716,1.8465800915210846,2.4051252298904418,1.2352903137959703
2016-08-02,3.3090871607718575,1.8465800915210846,2.433993760187,1.2399189466017637
2016-08-03,3.301997810091239,1.8465800915210846,2.4449249564454716,1.2416015166123022
2016-08-04,3.3209937916028993,1.8465800915210846,2.4551975586953576,1.2444708577171932
2016-08-05,3.300455939897664,1.8465800915210846,2.4527139489352097,1.2463836094255047
2016-08-08,3.317237327952766,1.8465800915210846,2.473500823491618,1.257399147765607
2016-08-09,3.353988685036786,1.8465800915210846,2.4938118357474774,1.2661204682545093
2016-08-10,3.3433947392825307,1.8465800915210846,2.484388894766372,1.2609179792504517
2016-08-11,3.280663700534327,1.8465800915210846,2.4475042771189415,1.2575904167032097
2016-08-12,3.311908548671049,1.8465800915210846,2.4728936238973205,1.2811903584630624
2016-08-15,3.398807559627965,1.8465800915210846,2.5283876852874494,1.3190200661774012
2016-08-16,3.4248711323999013,1.8465800915210846,2.540250269865222,1.3131293225618532
2016-08-17,3.434153867976538,1.8465800915210846,2.5523153946898613,1.3111399316381718
2016-08-18,3.413897036399147,1.8465800915210846,2.548952981564886,1.3078883046077092
2016-08-19,3.418855663489146,1.8465800915210846,2.5553224373102914,1.308653419265905
2016-08-22,3.3896609274701124,1.8465800915210846,2.527605386528787,1.2977902872325784
2016-08-23,3.3890426778163594,1.8465800915210846,2.537718167462627,1.299817435661236
2016-08-24,3.4073045499146155,1.8465800915210846,2.533782311490648,1.2955332373932966
2016-08-25,3.391250664008865,1.8465800915210846,2.518653903998918,1.2875009313214583
2016-08-26,3.4045215473208685,1.8465800915210846,2.526057465911256,1.286850743351141
2016-08-29,3.406642350217102,1.8465800915210846,2.540645461890187,1.2870038785895994
2016-08-30,3.4084447859772906,1.8465800915210846,2.541559671042804,1.2886486695464368
2016-08-31,3.419994284687042,1.8465800915210846,2.547023557584187,1.2946924318066095
2016-09-01,3.4032692531357673,1.8465800915210846,2.5315176057886983,1.2846326716114722
2016-09-02,3.3910145014479838,1.8465800915210846,2.525243265169937,1.289834149298827
2016-09-05,3.4035141424113524,1.8465800915210846,2.5341117316351207,1.2926640454223886
2016-09-06,3.472150873939917,1.8465800915210846,2.567710160659617,1.3017294983729357
2016-09-07,3.470216813087604,1.8465800915210846,2.566230991525325,1.3009640814278924
2016-09-08,3.4899950106643907,1.8465800915210846,2.5846817042044563,1.3003526283096212
2016-09-09,3.4623185304771695,1.8465800915210846,2.5652288070227867,1.292052477483121
2016-09-12,3.344293353715976,1.8465800915210846,2.4940187126137157,1.2707090626075772
2016-09-13,3.3543500198481855,1.8465800915210846,2.507994514378221,1.269829731936253
2016-09-14,3.32883595621516,1.8465800915210846,2.4990344830808366,1.2614907600866276
2016-09-19,3.381331513824146,1.8465800915210846,2.528238282620043,1.2709771706024793
2016-09-20,3.373756116116919,1.8465800915210846,2.5308986050807922,1.2686817858323713
2016-09-21,3.3897719255310275,1.8465800915210846,2.5431720846350485,1.27235335092057
2016-09-22,3.416072111185879,1.8465800915210846,2.560320763555655,1.2817242333501
2016-09-23,3.4112771838718743,1.8465800915210846,2.5543726992852775,1.2756040001358533
2016-09-26,3.3156035187499917,1.8465800915210846,2.503879412415059,1.2546815433256249
2016-09-27,3.341469963718952,1.8465800915210846,2.5197696461859564,1.2626374789918526
2016-09-28,3.3283289911767504,1.8465800915210846,2.512883458611807,1.2588887083167257
2016-09-29,3.343191490866672,1.8465800915210846,2.521893511295988,1.2640904364594905
2016-09-30,3.36261247449173,1.8465800915210846,2.538999897038746,1.2676855096607813
2016-10-10,3.4403957008002566,1.8465800915210846,2.5811273728144277,1.2830625348929665
2016-10-11,3.4672332108574575,1.8465800915210846,2.603627637856972,1.2878817177740247
2016-10-12,3.4794674650936837,1.8465800915210846,2.6002771755836065,1.2854334546285362
2016-10-13,3.4774633279464293,1.8465800915210846,2.6053551128237276,1.2864283801224188
2016-10-14,3.468894065764358,1.8465800915210846,2.6037013464718957,1.2875372813860844
2016-10-17,3.4375588406839146,1.8465800915210846,2.579661532675156,1.2765983646434282
2016-10-18,3.5082845056377394,1.8465800915210846,2.620386644467695,1.2933524415810085
2016-10-19,3.5119381155205005,1.8465800915210846,2.6196581125928526,1.2913632655258571
2016-10-20,3.5299367369380814,1.8465800915210846,2.6254251098317556,1.2923188743423462
2016-10-21,3.49850410194324,1.8465800915210846,2.611637014051544,1.2959141054507666
2016-10-24,3.534826121511524,1.8465800915210846,2.6348781500158793,1.3112136673797181
2016-10-25,3.5514552114700004,1.8465800915210846,2.6509872625481474,1.3112516925760724
2016-10-26,3.5473992488805592,1.8465800915210846,2.639584354511042,1.3062413998587392
2016-10-27,3.5560182851229936,1.8465800915210846,2.645604746212179,1.3026845045269237
2016-10-28,3.541118088355484,1.8465800915210846,2.6208370880491607,1.3005428912014816
2016-10-31,3.55903808507738,1.8465800915210846,2.624235912015452,1.2989744364746925
2016-11-01,3.6069830066070057,1.8465800915210846,2.6586804095744174,1.3077723903329355
2016-11-02,3.58438012868923,1.8465800915210846,2.6443041952244615,1.2978267813044535
2016-11-03,3.6109154315061485,1.8465800915210846,2.66622766121177,1.3100665856789357
2016-11-04,3.610760886703366,1.8465800915210846,2.66733210853708,1.3058206598747504
2016-11-07,3.611896969012002,1.8465800915210846,2.6703849944374647,1.30666160837971
2016-11-08,3.6276649382801742,1.8465800915210846,2.686472017799022,1.3123220664672108
2016-11-09,3.612805071431053,1.8465800915210846,2.6732317479534986,1.3053601979046023
2016-11-10,3.6729660487882816,1.8465800915210846,2.705484961199576,1.319818367456594
2016-11-11,3.681666958923935,1.8465800915210846,2.723154974511782,1.3299928472513165
2016-11-14,3.707077819363491,1.8465800915210846,2.7321779793531067,1.3349271207146192
2016-11-15,3.7168266715881244,1.8465800915210846,2.7438730390963917,1.3347736040957368
2016-11-16,3.7193577641314484,1.8465800915210846,2.7425406198365856,1.3346201051312658
2016-11-17,3.685616876314069,1.8465800915210846,2.7320137573112957,1.3373360570452082
2016-11-18,3.6888237988179884,1.8465800915210846,2.734928829492774,1.3299539620103187
2016-11-21,3.734919216474705,1.8465800915210846,2.7474651643911283,1.3390189282153808
2016-11-22,3.7938080214357335,1.8465800915210846,2.770505268779298,1.3495757534454311
2016-11-23,3.752429798975971,1.8465800915210846,2.752149514601304,1.352405813800406
2016-11-24,3.697292442835061,1.8465800915210846,2.739311188699382,1.3578370755486286
2016-11-25,3.690168545874367,1.8465800915210846,2.7477744794267966,1.3704595290029287
2016-11-28,3.6677182087786635,1.8465800915210846,2.7359950305257073,1.375852287249555
2016-11-29,3.6425971160689476,1.8465800915210846,2.7010264173087064,1.3870214561174472
2016-11-30,3.6497139609908844,1.8465800915210846,2.6937223277163254,1.3769239399169122
2016-12-01,3.6602006312239954,1.8465800915210846,2.701886883841251,1.3875579235048905
2016-12-02,3.582227531537523,1.8465800915210846,2.6504144096883264,1.373367368621206
2016-12-05,3.5644175651178545,1.8465800915210846,2.63637450208934,1.349996776109379
2016-12-06,3.58028254975006,1.8465800915210846,2.648878996083252,1.346095285426423
2016-12-07,3.618681587292367,1.8465800915210846,2.681562952125614,1.3525215443190486
2016-12-08,3.590526569662022,1.8465800915210846,2.670093842171352,1.3503791501928473
2016-12-09,3.5695966587785355,1.8465800915210846,2.66573183514847,1.3593294632003257
2016-12-12,3.3648709162392354,1.8465800915210846,2.5354362223223577,1.326319506515969
2016-12-13,3.371597248274977,1.8465800915210846,2.543490941915052,1.3245979437965114
2016-12-14,3.347318411814019,1.8465800915210846,2.5300212367610646,1.31438529364984
2016-12-15,3.3807673781153706,1.8465800915210846,2.5520120031530666,1.299468334952208
2016-12-16,3.4335075243319277,1.8465800915210846,2.583578090729052,1.3014188369229713
2016-12-19,3.4268105564041784,1.8465800915210846,2.5823706461784757,1.2947256398446763
2016-12-20,3.4180955249921015,1.8465800915210846,2.5816772649307995,1.2868847813697768
2016-12-21,3.4542061041586356,1.8465800915210846,2.6022203713229155,1.2982827198783689
2016-12-22,3.445356015786351,1.8465800915210846,2.599090499103057,1.2972116366344693
2016-12-23,3.390820198468379,1.8465800915210846,2.568965814704187,1.2863098700401934
2016-12-26,3.406643045922456,1.8465800915210846,2.576555669541852,1.2920468120605726
2016-12-27,3.4185398350253906,1.8465800915210846,2.5813819334909125,1.2896759061604415
2016-12-28,3.4048182180218793,1.8465800915210846,2.5734546131056213,1.284015518608303
2016-12-29,3.3955907415024353,1.8465800915210846,2.572286981108614,1.282409215194524
2016-12-30,3.3881671937660416,1.8465800915210846,2.572346262739112,1.287305453578137
2017-01-03,3.4106326299235907,1.8465800915210846,2.5985592110974656,1.2996593522294384
2017-01-04,3.4583830432889346,1.8465800915210846,2.6346867345602254,1.3097577053962612
2017-01-05,3.4591418175719246,1.8465800915210846,2.6375236640341915,1.309528497797817
2017-01-06,3.427001720886855,1.8465800915210846,2.618915931784752,1.3016870411530037
2017-01-09,3.4373481096474965,1.8465800915210846,2.6346207020997916,1.3079221220801265
2017-01-10,3.4247944235563947,1.8465800915210846,2.624265071456829,1.305741815902619
2017-01-11,3.385712477523156,1.8465800915210846,2.592315131326208,1.2965232786823466
2017-01-12,3.3488596998930444,1.8465800915210846,2.5693033221631385,1.2899447195663123
2017-01-13,3.2780940375441956,1.8465800915210846,2.5255255432498815,1.2908244618650566
2017-01-16,3.1339574752471666,1.8465800915210846,2.4216614402627483,1.2905185364675944
2017-01-17,3.1795178189764934,1.8465800915210846,2.4465962801712267,1.2931576468746708
2017-01-18,3.154513693931746,1.8465800915210846,2.440102788769451,1.2982061343280695
2017-01-19,3.1270224753347016,1.8465800915210846,2.430966265372562,1.2943050248944135
2017-01-20,3.1799755644519467,1.8465800915210846,2.4627422017422504,1.3041728064042086
2017-01-23,3.207427885567194,1.8465800915210846,2.48592562031265,1.3076158226131158
2017-01-24,3.1859131203198996,1.8465800915210846,2.4842511074883094,1.3077322004213283
2017-01-25,3.217764755751218,1.8465800915210846,2.488354006263724,1.3121641048485564
2017-01-26,3.229708345763369,1.8465800915210846,2.5012685411138316,1.3168682131644383
2017-02-03,3.2192582860635257,1.8465800915210846,2.493279397722961,1.307615897098745
2017-02-06,3.2674439581978882,1.8465800915210846,2.5175018448608,1.3108810139938005
2017-02-07,3.2705223703571207,1.8465800915210846,2.5278746813292976,1.3079656146186784
2017-02-08,3.2927866571358457,1.8465800915210846,2.5439868205624534,1.3147683437803102
2017-02-09,3.3226865074641148,1.8465800915210846,2.5649507744682603,1.3197828702434882
2017-02-10,3.293203974720372,1.8465800915210846,2.5658607243863685,1.3263910230747973
2017-02-13,3.328954669524493,1.8465800915210846,2.5777303078094107,1.335215502551314
2017-02-14,3.330356225539251,1.8465800915210846,2.5846855199556,1.3349043973392196
2017-02-15,3.2948084735537835,1.8465800915210846,2.5577083072518176,1.3294619921112676
2017-02-16,3.3258238721441487,1.8465800915210846,2.5748197414862664,1.3368870373372088
2017-02-17,3.281104398457727,1.8465800915210846,2.5521489423306063,1.3293068878355068
2017-02-20,3.3087871533982867,1.8465800915210846,2.574546090300503,1.3486270341433082
2017-02-21,3.346231377613451,1.8465800915210846,2.5959414347057557,1.3530195123935131
2017-02-22,3.351917232284784,1.8465800915210846,2.6110269410346865,1.35566331252073
2017-02-23,3.370159114301715,1.8465800915210846,2.6059148900207436,1.3492496693891944
2017-02-24,3.3882713196325644,1.8465800915210846,2.6099627999658246,1.3494830895819987
2017-02-27,3.356723419498443,1.8465800915210846,2.5920255695392127,1.3387533495367323
2017-02-28,3.3705040659451466,1.8465800915210846,2.605795545907428,1.3412407532601713
2017-03-01,3.385437575623711,1.8465800915210846,2.613850140240934,1.3434175870027123
2017-03-02,3.369860157445477,1.8465800915210846,2.5921314791328043,1.3343992247411633
2017-03-03,3.391639212355677,1.8465800915210846,2.598663123492816,1.331599655167656
2017-03-06,3.441374647730652,1.8465800915210846,2.627044586572974,1.3388302412952167
2017-03-07,3.4538651993054663,1.8465800915210846,2.6335461572254326,1.3417850396377553
2017-03-08,3.4425284891192556,1.8465800915210846,2.6296492230494106,1.3397240578168714
2017-03-09,3.4300241080354645,1.8465800915210846,2.6108283230520106,1.3313266674224755
2017-03-10,3.4482430064532013,1.8465800915210846,2.6090348680055957,1.3316768063360074
2017-03-13,3.470979547535579,1.8465800915210846,2.6259477734148255,1.3432996815017084
2017-03-14,3.467048151160914,1.8465800915210846,2.629646443420416,1.3427166894399365
2017-03-15,3.4793368683130157,1.8465800915210846,2.627913591082904,1.3453994373854374
2017-03-16,3.5220606385919018,1.8465800915210846,2.653017454728118,1.3523188266919104
2017-03-17,3.5152342226420212,1.8465800915210846,2.633318719437895,1.3384791958195452
2017-03-20,3.529160683169778,1.8465800915210846,2.6422915487871954,1.3399180609550512
2017-03-21,3.5255760273860224,1.8465800915210846,2.6460582496398324,1.3464099639603786
2017-03-22,3.521785729839637,1.8465800915210846,2.6315756965539627,1.3401518504478906
2017-03-23,3.4967925940424642,1.8465800915210846,2.633428531238711,1.3447391902319736
2017-03-24,3.4850203545337832,1.8465800915210846,2.6397356140195862,1.3554298667943179
2017-03-27,3.473022110199187,1.8465800915210846,2.6412712263338083,1.350881044161356
2017-03-28,3.4754396328950383,1.8465800915210846,2.6298341690189284,1.347692964897135
2017-03-29,3.4398914511567193,1.8465800915210846,2.617118197027574,1.3461377272156438
2017-03-30,3.327716970215244,1.8465800915210846,2.5703000165994805,1.3351357435711104
2017-03-31,3.3336459104521596,1.8465800915210846,2.5728902607312207,1.343027730951359
2017-04-05,3.4004702265407722,1.8465800915210846,2.6243739230841348,1.361609862636802
2017-04-06,3.408500590650575,1.8465800915210846,2.6274799193479614,1.3655748705568005
2017-04-07,3.406884065570871,1.8465800915210846,2.6345059648592066,1.3669745847991215
2017-04-10,3.329341997947726,1.8465800915210846,2.607758821596527,1.3621149901501606
2017-04-11,3.3397840125905613,1.8465800915210846,2.6328773905495764,1.3668578745458633
2017-04-12,3.3008813542342073,1.8465800915210846,2.5985576428624135,1.3637086340029099
2017-04-13,3.3059241100067878,1.8465800915210846,2.606740178123559,1.36569146635675
2017-04-14,3.2549169734884096,1.8465800915210846,2.5582023790085846,1.3548069053698868
2017-04-17,3.1771201502054436,1.8465800915210846,2.51727068781521,1.35216367709751
2017-04-18,3.1529072489915775,1.8465800915210846,2.4996816262722454,1.3455164404608988
2017-04-19,3.1284380806206538,1.8465800915210846,2.4673117892442624,1.339024323635675
2017-04-20,3.1086453381371006,1.8465800915210846,2.4492767449156583,1.3450887647974208
2017-04-21,3.0812037878407637,1.8465800915210846,2.434762523610618,1.347032418062553
2017-04-24,2.985943983221823,1.8465800915210846,2.3650290479284033,1.3332320709395022
2017-04-25,3.009544265562633,1.8465800915210846,2.379969460925304,1.3370811119283048
2017-04-26,3.022345367789585,1.8465800915210846,2.3848887624223662,1.3387136879659691
2017-04-27,3.046633450865084,1.8465800915210846,2.395621102067339,1.3393750125278243
2017-04-28,3.0577154649389904,1.8465800915210846,2.4112271234371807,1.3366534025023677
2017-05-02,3.045793226069229,1.8465800915210846,2.415018009099488,1.3314057012441434
2017-05-03,3.0404859426488464,1.8465800915210846,2.4130048142841494,1.3262358529062124
2017-05-04,3.044804902965951,1.8465800915210846,2.4052638768636188,1.3227757035659802
2017-05-05,3.014680156347584,1.8465800915210846,2.3762383205725417,1.3143006796332328
2017-05-08,2.937118248572272,1.8465800915210846,2.3276724487307643,1.3049323443888072
2017-05-09,2.949660537088802,1.8465800915210846,2.3426604199072014,1.3030662911363309
2017-05-10,2.903221310465883,1.8465800915210846,2.301120460209193,1.2980520920480385
2017-05-11,2.891576864788728,1.8465800915210846,2.291951951821104,1.305554833140076
2017-05-12,2.879741789790575,1.8465800915210846,2.289789906224931,1.3170619934393728
2017-05-15,2.8951017514912154,1.8465800915210846,2.2972439916482084,1.3225436054560678
2017-05-16,2.953141789862041,1.8465800915210846,2.3451407437584075,1.3341277648962573
2017-05-17,2.973070106250073,1.8465800915210846,2.3501402512473404,1.3268581027053374
2017-05-18,2.968052777658906,1.8465800915210846,2.3411924526900263,1.3224263966423015
2017-05-19,2.966373179911603,1.8465800915210846,2.33838486234017,1.3247194840140792
2017-05-22,2.897721607252599,1.8465800915210846,2.296733645125256,1.3276351915983942
2017-05-23,2.796648084643028,1.8465800915210846,2.232352866161685,1.3327280001933657
2017-05-24,2.8085564736364703,1.8465800915210846,2.2402522176878197,1.3327280001933657
2017-05-25,2.8211193379729567,1.8465800915210846,2.2550710278342367,1.3569463334128797
2017-05-26,2.828659190538713,1.8465800915210846,2.253741357903767,1.3550411807607678
2017-05-31,2.816665812529636,1.8465800915210846,2.2515548861477743,1.3597838248934306
2017-06-01,2.734277428576543,1.8465800915210846,2.195437688864096,1.3617269559792036
2017-06-02,2.775532044528804,1.8465800915210846,2.219225901396449,1.3574116432557053
2017-06-05,2.7986313696660208,1.8465800915210846,2.236723814178964,1.350841770902348
2017-06-06,2.814069817952476,1.8465800915210846,2.247722886131793,1.3603273818176242
2017-06-07,2.890416793283169,1.8465800915210846,2.297857655005221,1.376498953732672
2017-06-08,2.891179329740722,1.8465800915210846,2.3073973207718113,1.3871503026366552
2017-06-09,2.8878805722330028,1.8465800915210846,2.3062083388537102,1.3936810062614686
2017-06-12,2.849349969725596,1.8465800915210846,2.2758583792778473,1.393059424532676
2017-06-13,2.9037430047169295,1.8465800915210846,2.308507435382337,1.3963247558237804
2017-06-14,2.9124145449962624,1.8465800915210846,2.3101549634865517,1.3808911782976603
2017-06-15,2.9596433291845337,1.8465800915210846,2.334115727354786,1.3785201881445235
2017-06-16,2.9448362651368027,1.8465800915210846,2.327521846179952,1.3763821033327113
2017-06-19,2.9616642207488915,1.8465800915210846,2.3429023245265324,1.3901046329029383
2017-06-20,2.9634301327449437,1.8465800915210846,2.34524992955399,1.387343885101993
2017-06-21,2.9635098200422028,1.8465800915210846,2.3507314916672364,1.4035549983994096
2017-06-22,2.9111386805493282,1.8465800915210846,2.3134404772852473,1.4046820530631245
2017-06-23,2.9056502891894356,1.8465800915210846,2.316496211393042,1.417315763448374
2017-06-26,2.9390570074803297,1.8465800915210846,2.348304363936345,1.4348479594422305
2017-06-27,2.9502617985286452,1.8465800915210846,2.354703094939444,1.437413467593713
2017-06-28,2.9192199704938204,1.8465800915210846,2.3352008880185977,1.4263338845855005
2017-06-29,2.9419898733480894,1.8465800915210846,2.346116016944759,1.435663534524574
2017-06-30,2.951518988588121,1.8465800915210846,2.3471797727087127,1.4351969438758536
2017-07-03,2.9794210738523184,1.8611055152000882,2.3731755916143866,1.4288992996861263
2017-07-04,2.9723407105227064,1.8566067654637841,2.368567525220422,1.4171208827588135
2017-07-05,2.996049700439675,1.8732582109160876,2.394439561986361,1.434069648516609
2017-07-06,2.99993252209905,1.8767729821853179,2.3993285611290514,1.434924354027125
2017-07-07,3.0140939566800573,1.8885095240087941,2.418662110987608,1.4348081251544487
2017-07-10,2.9877492321934493,1.866903002475542,2.4068928985858955,1.434885604793207
2017-07-11,2.9323136766018356,1.83502870388384,2.377790330173137,1.4431663296184685
2017-07-12,2.931312769675194,1.8358342862984167,2.3741178461933075,1.439007124256508
2017-07-13,2.916371125801695,1.8254807880390795,2.372468004195156,1.451058808922156
2017-07-14,2.9040304593116417,1.8160063197728697,2.3606186810229084,1.458833582020361
2017-07-17,2.718277537393412,1.6998485782216222,2.223515505601774,1.4434778997360145
2017-07-18,2.748070466620444,1.7122512864517525,2.248947914558438,1.4453832905636659
2017-07-19,2.7725067789767577,1.725906320838587,2.2791007982866365,1.4701080171320482
2017-07-20,2.7863407308508976,1.7310413267327505,2.2891075257325175,1.4772218698269501
2017-07-21,2.7671807089652516,1.7240732819035751,2.2900854273684264,1.4701075693018637
2017-07-24,2.7824462086908524,1.7323860336714276,2.3037110928335953,1.4760556245272587
2017-07-25,2.784220007480834,1.7332765486681851,2.292665026080857,1.4668037078727219
2017-07-26,2.779531800806264,1.7303056739207379,2.295815816011321,1.4613618661165142
2017-07-27,2.839893401667686,1.7689919697694374,2.3266870655800087,1.4641998308605124
2017-07-28,2.8316141763964104,1.7622136222667333,2.3246125389938346,1.4680477480160141
2017-07-31,2.8446358668567333,1.7719237506908052,2.344978413994628,1.474267866324358
2017-08-01,2.850779673894199,1.770790709753884,2.3456617382706897,1.486980478135673
2017-08-02,2.8214270509397648,1.7544910984402904,2.327381453395333,1.483715069005687
2017-08-03,2.839085692803593,1.7651134530826806,2.3357319138228028,1.4709254451108582
2017-08-04,2.8076327110503683,1.751781531352213,2.3205867433810026,1.4631501332080021
2017-08-07,2.8191242864378303,1.7632035428366857,2.342685458600306,1.4705756201340328
2017-08-08,2.8396985882487997,1.769357274267927,2.347004859073067,1.473024128541556
2017-08-09,2.839811321107059,1.7731685501929877,2.3576902956971777,1.4726352501716207
2017-08-10,2.8071291902010875,1.7512875737736149,2.3341079319183207,1.4667270375479324
2017-08-11,2.7821403791244927,1.7349250986908176,2.2930454663363316,1.4401763447142397
2017-08-14,2.844326551838498,1.773196422251252,2.3384449410389143,1.4586422858061656
2017-08-15,2.859677110354167,1.7841237114981205,2.3408513421627166,1.463035716371014
2017-08-16,2.8864890710523396,1.8033155430767995,2.3527445706421792,1.4611703458326408
2017-08-17,2.909667456854379,1.8160312480754879,2.376376070231565,1.4689057816434787
2017-08-18,2.887450884024674,1.8054807309736929,2.366734424639362,1.470693439979739
2017-08-21,2.912465211920627,1.8191410058165358,2.390591846136191,1.4769527112602927
2017-08-22,2.8895021566321857,1.8072824649307113,2.377939410576421,1.4813451686235808
2017-08-23,2.8798939607192438,1.8022644726126242,2.366449096083449,1.4827835547823143
2017-08-24,2.8594563844857395,1.7871391915876218,2.351265900942849,1.47450369141241
2017-08-25,2.8920657276318336,1.8092202019386066,2.3755756851245984,1.4985277800565922
2017-08-28,2.9409041720937523,1.838048599382697,2.409812861219021,1.516799329278822
2017-08-29,2.937874590004766,1.8373461818536336,2.4074401761916695,1.5143496983620368
2017-08-30,2.936020842745705,1.836474779780826,2.4140459011164896,1.5142330934352628
2017-08-31,2.9599490255898013,1.8509119280407265,2.427746728270144,1.5095298854470527
2017-09-01,2.9918572927589513,1.8656564459680438,2.4418841236596247,1.5127949985892746
2017-09-04,3.0082568213667624,1.8775696161715323,2.453522182876652,1.5193650672681478
2017-09-05,3.013292342619278,1.881513219762887,2.4541114595612443,1.523797055169369
2017-09-06,3.0429382980114044,1.8970840389778765,2.466057503652164,1.5208424126793956
2017-09-07,3.039712886148405,1.8997817845457563,2.45589241496066,1.5131834502891421
2017-09-08,3.0455125366752553,1.9002158762208654,2.458750053700324,1.5116672404719524
2017-09-11,3.080936221964836,1.925091729977126,2.4768064580402114,1.5114344437169198
2017-09-12,3.0567774202858224,1.9074585803008224,2.4704837167483578,1.5162166222968398
2017-09-13,3.06532350685199,1.9151192152782879,2.4816121217652354,1.5179663362789706
2017-09-14,3.0665971546985693,1.9121353917163728,2.4830584095532844,1.512913026345498
2017-09-15,3.0510347933027635,1.905031258825268,2.4671391397438196,1.5134183392962974
2017-09-18,3.081561898486867,1.9206194594993344,2.482692868982462,1.5178889770705786
2017-09-19,3.066656821593614,1.9145353685250024,2.4758847328320526,1.5134567412575324
2017-09-20,3.0967644334860687,1.9319301081116484,2.49550345692883,1.5175778839639766
2017-09-21,3.07148247476385,1.9084492809224534,2.4727286026852626,1.515711263166701
2017-09-22,3.0650328120122037,1.900534123619407,2.462356633859952,1.5156339618922794
2017-09-25,3.0203127631174436,1.8753892731211743,2.4314066962258334,1.507704165003659
2017-09-26,3.018485875661402,1.8740689495687106,2.4320629126034063,1.5091817150853626
2017-09-27,3.0492498451207464,1.891740349887465,2.4506942372462204,1.5092601925345468
2017-09-28,3.0302596107995186,1.8831715561384441,2.439821812195661,1.509765794699046
2017-09-29,3.054584100240133,1.8986453365393232,2.4578736754699344,1.5151692464782738
2017-10-09,3.0900096986882337,1.9237565812228339,2.486901338345578,1.5327800586300908
2017-10-10,3.128049671028262,1.939100158822605,2.5112897796784885,1.5357735780845956
2017-10-11,3.122583532879792,1.9364509425528649,2.4998070779860866,1.540787878817042
2017-10-12,3.111333552976766,1.9303716295815774,2.495775144495,1.544830906211058
2017-10-13,3.1308087506133617,1.9437409183118977,2.508141353588397,1.5479406508252609
2017-10-16,3.0500526040605442,1.891315102761834,2.455580080433859,1.544908235090294
2017-10-17,3.048455920897694,1.8901659217051408,2.4594759884163704,1.5447923669726622
2017-10-18,3.0149528637646505,1.8707254818136236,2.43992305324135,1.5569606964473057
2017-10-19,2.9896789374217394,1.8526283262039236,2.4065220898948816,1.5519068020266378
2017-10-20,3.0215190390323103,1.872446392237343,2.4346872955972696,1.5502353984008552
2017-10-23,3.051276884655292,1.8884878454827299,2.4504506997184228,1.5517515286204913
2017-10-24,3.0291466263627225,1.880886918515098,2.4424290759746414,1.562947415899488
2017-10-25,3.0510433733129014,1.8954468984728137,2.4593260208049683,1.5698275104242776
2017-10-26,3.0660829226933375,1.902488681666989,2.4694801400231357,1.5763203170073923
2017-10-27,3.0479076642069227,1.8921992746432958,2.452919601268778,1.5874381042032455
2017-10-30,2.9582294528422133,1.8372624618354463,2.3909098589002213,1.5825392702136742
2017-10-31,2.9895443234513084,1.8545715394865412,2.4118904914071075,1.581372938771527
2017-11-01,3.0034304352466146,1.8647068280266343,2.4141965454026386,1.577368902490557
2017-11-02,2.9750027326018307,1.8484925759443445,2.388111393722356,1.5775629188655638
2017-11-03,2.956198061721378,1.8399382373880477,2.3706541830489654,1.5758134015885419
2017-11-06,2.986175528313361,1.8599363348510045,2.3984729786001378,1.5867763354233932
2017-11-07,2.9973154044967067,1.8657435880150197,2.4092163465555845,1.599760926176163
2017-11-08,3.0055742609592544,1.8695552897041745,2.416350965507104,1.5973500864604155
2017-11-09,3.023794676772172,1.8807594610146448,2.428774908336443,1.608234429949557
2017-11-10,3.0328231989307284,1.8820411656698075,2.4365553134141793,1.6223852846986833
2017-11-13,3.0368262220250646,1.8824341953027295,2.4475152236537996,1.6286444471270507
2017-11-14,3.0059818384414614,1.8612185304737596,2.4297526573537827,1.6173709702640373
2017-11-15,2.9751157096865786,1.8421981503290732,2.4050270032492858,1.6073028359741435
2017-11-16,2.9725587199840877,1.8386668425467434,2.394827984609113,1.6196646020856207
2017-11-17,2.8452989929787686,1.7577158959222938,2.3101918448201384,1.6258452422071794
2017-11-20,2.858678612941471,1.764999984517721,2.3168881087173414,1.6347857651940765
2017-11-21,2.8502545583322423,1.7590036176335337,2.3159688779465424,1.6637868646686194
2017-11-22,2.845095389975726,1.7583824303902906,2.3108879987659146,1.6675570057039586
2017-11-23,2.7793542756306495,1.7201958186045494,2.2644330931922565,1.6183423957946175
2017-11-24,2.7738600287352657,1.7208952694366233,2.265061689131434,1.619041519709601
2017-11-27,2.73725495373955,1.7012485710277425,2.239750583326665,1.597699314396789
2017-11-28,2.7709501545518482,1.7233077214026196,2.2727533573176206,1.5999536681294029
2017-11-29,2.7617575320052223,1.7192666192508903,2.2734407143026867,1.599371284994204
2017-11-30,2.7553074892160474,1.715418337887379,2.263051648443236,1.580828174315981
2017-12-01,2.7808480774675632,1.7275964219687556,2.2834257874341968,1.5779131271625424
2017-12-04,2.742162385902533,1.7025831530460964,2.2471986216431032,1.5860772496824815
2017-12-05,2.6620818477013772,1.6520970467918819,2.1843852512806823,1.5944358767883082
2017-12-06,2.6851392652135777,1.663093536251378,2.2047058288299146,1.5846396627613206
2017-12-07,2.6824142457825135,1.6622946680477375,2.1998001357878643,1.566718972815153
2017-12-08,2.7145190225505678,1.6812540082515361,2.222707051327382,1.579431330560575
2017-12-11,2.7426364284245768,1.700718651734348,2.2481353442015024,1.6008894846175712
2017-12-12,2.7139323831454125,1.680926594124121,2.2228529034782465,1.579897020805781
2017-12-13,2.7261131116232127,1.690295505863471,2.2377531988588313,1.5932313516613814
2017-12-14,2.7242934180618574,1.6911654125273388,2.2375824184468645,1.5837452521935897
2017-12-15,2.720866552597018,1.6876429534216228,2.2292019710436874,1.5659011944371244
2017-12-18,2.69903944046308,1.6745466708616856,2.221628052690514,1.5675735769127834
2017-12-19,2.718368771524042,1.6898340973772576,2.2384146966800014,1.5871666790506163
2017-12-20,2.6897228749915794,1.669308658223547,2.215228738190869,1.5853779422033263
2017-12-21,2.692190851649003,1.6706545632882919,2.221909162252996,1.5998397597921052
2017-12-22,2.686701278008643,1.6659997313593569,2.2203851821234033,1.594630681534222
2017-12-25,2.642893246724646,1.6394380376864395,2.1951165885557042,1.5894991600010446
2017-12-26,2.67300354312404,1.6581222089617722,2.2141951005866307,1.594242225494488
2017-12-27,2.6587440447530604,1.650071705685347,2.2007005828385706,1.5695952406883433
2017-12-28,2.663125821447058,1.652896242146118,2.2084850352530436,1.5805196235635341
2017-12-29,2.688696879964445,1.6701633723879872,2.231228778290843,1.5851458045017044
2018-01-02,2.709763477226993,1.6815547867116196,2.2522752929988954,1.6073045577028338
2018-01-03,2.736639223267753,1.6979563061460843,2.269779498601152,1.6167121112790686
2018-01-04,2.737044159645413,1.6999794082161728,2.2750829335445326,1.6235928380246725
2018-01-05,2.736363055173495,1.7012635330566046,2.2790959344444808,1.6274797192789034
2018-01-08,2.7327708524135317,1.699960341218221,2.2838099693013794,1.63583845511712
2018-01-09,2.7293375857358946,1.6979921075764084,2.2815521807750505,1.6473842029333365
2018-01-10,2.7108603589982425,1.6835553325358927,2.268028933600868,1.6546541094208815
2018-01-11,2.7276278178823574,1.6951438063525592,2.274488291488833,1.653798653246311
2018-01-12,2.710099078513046,1.6834462946822422,2.263641672292261,1.661379666272792
2018-01-15,2.6437625216001868,1.642407172433583,2.203498808940757,1.6615358359614216
2018-01-16,2.657987532258248,1.6514136967726327,2.2192882667540568,1.6745971691679142
2018-01-17,2.6634690567572354,1.6559429691520755,2.2159281367708834,1.670437469799701
2018-01-18,2.661591015327481,1.6609817820553867,2.221119908452764,1.679611512383841
2018-01-19,2.6596924169820957,1.6616769092901733,2.224100530276738,1.6850148226191801
2018-01-22,2.6806213484814387,1.674920437427001,2.241603649888805,1.7050344837267186
2018-01-23,2.6815233038586808,1.6760969570794457,2.2474878366121898,1.7228384538057933
2018-01-24,2.706173352934232,1.6916752964989017,2.2634942024207536,1.7256277292625049
2018-01-25,2.6982859054718524,1.6859242965904104,2.26099728288128,1.7158865607308178
2018-01-26,2.701098695813074,1.6878099144301708,2.2557247023743425,1.7225647912251825
2018-01-29,2.664103159727011,1.6620642901383698,2.228315764732281,1.6912175571544663
2018-01-30,2.66294772520785,1.6569422441207604,2.227658481964853,1.6731468975562707
2018-01-31,2.6068358357801187,1.6197117261226026,2.176806087491305,1.6809638398616535
2018-02-01,2.495440819251726,1.5583041864604166,2.093427420423589,1.6693366129813307
2018-02-02,2.475409075548701,1.5352698570940526,2.0847245649614186,1.6791172561967884
2018-02-05,2.4487741871418782,1.5225837564773925,2.0736152751772927,1.680138159488556
2018-02-06,2.312902613424285,1.440732193344132,1.96273624832927,1.6309957984616752
2018-02-07,2.31935095657695,1.4415271802007288,1.9614984663505806,1.5922237663406442
2018-02-08,2.345149484266429,1.4599569010958757,1.9835347237405814,1.5774542986840683
2018-02-09,2.2855800592308184,1.41679796583071,1.9200904314565348,1.5100465215927008
2018-02-12,2.3398996710626405,1.4571173151081163,1.9730054077609567,1.5294521294416885
2018-02-13,2.3368164726099963,1.4543135241584446,1.9719015706802654,1.547404838537075
2018-02-14,2.3463438387625066,1.456892592394811,1.9808517053704833,1.5597005173840905
2018-02-22,2.3780888676766176,1.4844017753282086,2.0175852951711963,1.593248115812505
2018-02-23,2.385115682081561,1.4874193994578389,2.0201190794122184,1.6004766825139463
2018-02-26,2.4475499305620416,1.5244691061727558,2.069960431971365,1.6190182048808703
2018-02-27,2.4640764380770035,1.5289212919584525,2.0688435563865326,1.5956849145121272
2018-02-28,2.4664315039483595,1.5365225412118897,2.0763138561872134,1.5817785204821542
2018-03-01,2.5057897960169706,1.5579495113640516,2.102418675760447,1.5919129754628831
2018-03-02,2.492999423016462,1.5510748868227169,2.0978012589748314,1.5791076274882598
2018-03-05,2.5236338372803138,1.569028751539237,2.104861414766527,1.5796176792519387
2018-03-06,2.5489548687687944,1.5875886304896731,2.1283602732769697,1.5985509767554524
2018-03-07,2.5328170763739344,1.578343940419469,2.1124283339613745,1.586766458954811
2018-03-08,2.5565076190781038,1.5962128969512204,2.127987692332175,1.6029118076746764
2018-03-09,2.604720358812378,1.6252812276273945,2.1644891580222057,1.6152077441513488
2018-03-12,2.640420683987805,1.6462588376595755,2.1961438512186566,1.6224357988064262
2018-03-13,2.6352959885280214,1.639402450555305,2.187465146254619,1.6080577727574035
2018-03-14,2.604794046101675,1.6202230497502152,2.1659483992770356,1.6010659375614542
2018-03-15,2.5796400841374636,1.6046141515650507,2.15476598656669,1.6101007526471136
2018-03-16,2.5744640537048804,1.6046452389869135,2.151831571675717,1.5945053167569738
2018-03-19,2.600017757729753,1.6154820796423395,2.1569844713132067,1.601537085203872
2018-03-20,2.6056093680125616,1.6183419457375865,2.1623700776194283,1.6028727671329321
2018-03-21,2.5835282998733167,1.604052617014077,2.1524918972854152,1.5960765866002884
2018-03-22,2.588017108581427,1.6075161208842004,2.1521910278902405,1.5798524680974964
2018-03-23,2.4440050380365137,1.5157480261704488,2.0412090166980947,1.5344032722952679
2018-03-26,2.4878975209826355,1.5401663518340376,2.069155652273611,1.5243866877337242
2018-03-27,2.557626958678191,1.581282988763223,2.1214664905224727,1.5375467180089293
2018-03-28,2.551697604541726,1.5783131860090447,2.1059097297335225,1.5096556205442473
2018-03-29,2.57568110728433,1.5983158891118734,2.126024176202267,1.5298472644690264
2018-03-30,2.629220255414876,1.6349273361248586,2.1603929790000915,1.5316540140883643
2018-04-02,2.650113246867689,1.6476727231424149,2.1630355037241498,1.5270973433964516
2018-04-03,2.6354622546860202,1.637482189673967,2.14620535304999,1.5175514579028804
2018-04-04,2.618790101166405,1.6277270428288442,2.140166650417336,1.5147227419853495
2018-04-09,2.625824249819553,1.6303981223390678,2.148005939182144,1.5139759836735507
2018-04-10,2.628533938776008,1.632014093836247,2.152109569280567,1.5431624126868093
2018-04-11,2.6540262133813246,1.645563267049126,2.1708191024884975,1.5475619687253794
2018-04-12,2.6453321885322123,1.6396849708190286,2.1623129078497088,1.5318093354457234
2018-04-13,2.6337272812198256,1.6344519003752818,2.1506619176172297,1.5209671889694387
2018-04-16,2.6229040422382375,1.6266659453817767,2.1379881748917438,1.4964552817520071
2018-04-17,2.5656001295246007,1.5901141135582866,2.0840371082146247,1.4726900754225034
2018-04-18,2.5969137172826366,1.6100472010241442,2.109121105140198,1.4795645926945755
2018-04-19,2.596930802390747,1.6133186592139568,2.1142209368947027,1.4974776812183288
2018-04-20,2.5408349095915783,1.578859306085709,2.0639219944129907,1.47744442479899
2018-04-23,2.5162550186386183,1.5655941357247587,2.0454832752102012,1.4794877304384868
2018-04-24,2.575764955165133,1.6038191301205522,2.093176975302476,1.5098142699370147
2018-04-25,2.5915179401333965,1.614568259701639,2.1038675831414038,1.503960720012469
2018-04-26,2.5474583689993024,1.5850056714233145,2.066697370535568,1.4751282890491098
2018-04-27,2.5559056139261322,1.5863809374301554,2.073638394703563,1.475678511900925
2018-05-02,2.5439967394177274,1.5792860558530308,2.0663914859411676,1.4782712790463353
2018-05-03,2.567942222724155,1.5992413109292247,2.0797234256414994,1.4897411859004557
2018-05-04,2.564465968456129,1.5992264436092496,2.079510587332776,1.483259322000603
2018-05-07,2.6190610755607517,1.632386185130294,2.1172606371557574,1.5067496998831267
2018-05-08,2.639897458712083,1.6420473167074743,2.133081269202994,1.524151152167077
2018-05-09,2.664091244434113,1.6520639761285947,2.1338399480406682,1.5214015834885675
2018-05-10,2.6874475377090357,1.66773929935044,2.151864219910776,1.5297692921977548
2018-05-11,2.6544025386947188,1.6460947632474698,2.1225693012126188,1.5217946048775277
2018-05-14,2.6368802071309574,1.634232362289434,2.1160882764624827,1.5360933869849571
2018-05-15,2.6740378412872046,1.6565402820765602,2.1396402163882104,1.541907500454695
2018-05-16,2.653362051165331,1.6458248059029525,2.1360208950018826,1.5295722404510574
2018-05-17,2.6448848429405514,1.6390198322067273,2.1274089682572077,1.5182197552824295
2018-05-18,2.6591164772913443,1.646250988130386,2.139405803633373,1.533579584546622
2018-05-21,2.698157998573509,1.6653554045449963,2.162630407500429,1.540729132569778
2018-05-22,2.715007886064315,1.6779357279501093,2.176192040066952,1.5351116341524287
2018-05-23,2.6879684138425337,1.6634691521128393,2.1517396934606627,1.5147637294417384
2018-05-24,2.6819947631113275,1.6590013144811286,2.1529653371290998,1.5040392022372908
2018-05-25,2.6682510154029933,1.647961376306964,2.134134965954133,1.5008566552853568
2018-05-28,2.6619846942695027,1.6445048196030772,2.113230387519721,1.507494944271684
2018-05-29,2.6423524772074063,1.6323420122243175,2.095259109395966,1.4961028049778227
2018-05-30,2.5451029493183412,1.5679283877070924,2.0218066207493,1.4644811760918115
2018-05-31,2.588703604922129,1.6022496499355698,2.0538139541811837,1.4959850951518985
2018-06-01,2.517913597960584,1.5772562689657703,2.005010591114768,1.483571410832328
2018-06-04,2.5161692135929337,1.5772562689657703,2.001383392241908,1.4981845892290264
2018-06-05,2.5803375524108874,1.5772562689657703,2.032609926282152,1.513701287019671
2018-06-06,2.601932095272565,1.5772562689657703,2.0401170108293964,1.5105588431478183
2018-06-07,2.5698790801883966,1.5772562689657703,2.0255257950666596,1.5101660978486
2018-06-08,2.55358604444079,1.5772562689657703,2.0035666275694135,1.4907604634912452
2018-06-11,2.5412097836916403,1.5772562689657703,1.989867010298616,1.490878233567861
2018-06-12,2.564127385205781,1.5772562689657703,2.0067805242603045,1.5088701520905579
2018-06-13,2.502488875709104,1.5772562689657703,1.9742692190682287,1.4942959752915153
2018-06-14,2.49640444669811,1.5772562689657703,1.9637755582583123,1.4885220156429888
2018-06-15,2.4079846088092642,1.5772562689657703,1.9143920280185043,1.4831797101288462
2018-06-19,2.2177527293731654,1.5772562689657703,1.770395547358386,1.4313277474627417
2018-06-20,2.261128987684165,1.5772562689657703,1.7954304388229365,1.4372205237990459
2018-06-21,2.1880372744593495,1.5772562689657703,1.7488011059229263,1.4206824272316902
2018-06-22,2.2257195149573077,1.5772562689657703,1.776583112137664,1.42783130120552
2018-06-25,2.2270200860962754,1.5772562689657703,1.7725261475562055,1.4087397688771008
2018-06-26,2.2592520081795158,1.5772562689657703,1.7909671668691183,1.3973092543924321
2018-06-27,2.247095091573634,1.5772562689657703,1.7804308539340385,1.369065442433398
2018-06-28,2.2250833996820143,1.5772562689657703,1.762975140894433,1.3553556210928699
2018-06-29,2.298552161734655,1.5772562689657703,1.8189840033247628,1.3910245149731713
2018-07-02,2.2731864037246803,1.5772562689657703,1.79435928002035,1.3505637849061467
2018-07-03,2.3244383321527806,1.5772562689657703,1.8189760970599476,1.3511917970661278
2018-07-04,2.2730009257551242,1.5772562689657703,1.7820523698550477,1.333435785660882
2018-07-05,2.2037046374788583,1.5772562689657703,1.7334788419169516,1.3256578547231221
2018-07-06,2.2136700783541294,1.5772562689657703,1.7376147585165038,1.3352821307484122
2018-07-09,2.2725818604413908,1.5772562689657703,1.7813148213146452,1.372679377384283
2018-07-10,2.3070436925746276,1.5772562689657703,1.803105028325969,1.3766464207849236
2018-07-11,2.2486628914317297,1.5772562689657703,1.7555641066357235,1.3531553262606497
2018-07-12,2.3116401751178404,1.5772562689657703,1.805597910293474,1.3843847980354194
2018-07-13,2.317210840706258,1.5772562689657703,1.8069158120895357,1.3904733223771788
2018-07-16,2.317783819352486,1.5772562689657703,1.8073053931717515,1.3838741359891769
2018-07-17,2.324028323327652,1.5772562689657703,1.8131594335610388,1.376567280551154
2018-07-18,2.3109697618545417,1.5772562689657703,1.8126675500329736,1.3696541596682261
2018-07-19,2.274661769674055,1.5772562689657703,1.7916021720644482,1.3685543273780127
2018-07-20,2.3034809403066197,1.5772562689657703,1.8109043510557212,1.3944419010346951
2018-07-23,2.3148165648881927,1.5772562689657703,1.8224831574593616,1.4076793380012174
2018-07-24,2.3451647458514513,1.5772562689657703,1.8570756781033873,1.4299530481664104
2018-07-25,2.339115312357884,1.5772562689657703,1.8614662696936979,1.4285002158694733
2018-07-26,2.30903647058142,1.5772562689657703,1.85554732690645,1.4120010383761812
2018-07-27,2.288025230749616,1.5772562689657703,1.844615522385308,1.406501294331706
2018-07-30,2.245069118045242,1.5772562689657703,1.81384121906492,1.4040652340899233
2018-07-31,2.2542396882898705,1.5772562689657703,1.8167018074743009,1.405243244821325
2018-08-01,2.2145818331159797,1.5772562689657703,1.782126005323871,1.3775093641415315
2018-08-02,2.144343326329497,1.5772562689657703,1.7350186174255875,1.3471049774561996
2018-08-03,2.108548636908677,1.5772562689657703,1.7135897413219534,1.3250286210856475
2018-08-06,2.0590859779210584,1.5772562689657703,1.6751030607225434,1.3083332604599685
2018-08-07,2.1147428195835274,1.5772562689657703,1.7236263616812462,1.3464371583376045
2018-08-08,2.0671423200745975,1.5772562689657703,1.693224879557416,1.3253425273779291
2018-08-09,2.1253466941065975,1.5772562689657703,1.7330464578025242,1.3584972960428154
2018-08-10,2.1469300548370267,1.5772562689657703,1.7454783793582958,1.3614832730995172
2018-08-13,2.1549198781616115,1.5772562689657703,1.7561960037495536,1.3555907734935424
2018-08-14,2.1543630576448605,1.5772562689657703,1.754435666417877,1.348637948416294
2018-08-15,2.1028224540710845,1.5772562689657703,1.7204474111621275,1.3165835216583355
2018-08-16,2.0810841635346913,1.5772562689657703,1.7014126114135488,1.3104561419485374
2018-08-17,2.045160778778867,1.5772562689657703,1.6693318466491338,1.291914497996108
2018-08-20,2.0633460320883925,1.5772562689657703,1.6794953833159385,1.306841278105955
2018-08-21,2.0970164942695106,1.5772562689657703,1.6972898785144896,1.33060749358959
2018-08-22,2.071718091377468,1.5772562689657703,1.678883329327689,1.3232612096174816
2018-08-23,2.095493198784971,1.5772562689657703,1.693005950438917,1.3286826107932845
2018-08-24,2.089358778089154,1.5772562689657703,1.689282679348688,1.3312748705669424
2018-08-27,2.1325134521162723,1.5772562689657703,1.7292562090286694,1.3637220329872706
2018-08-28,2.1321005534034576,1.5772562689657703,1.7322289996045446,1.361207329558442
2018-08-29,2.1218618192831427,1.5772562689657703,1.7230691347422429,1.3557475269595831
2018-08-30,2.0851872793893875,1.5772562689657703,1.6973733732198555,1.3416057245058677
2018-08-31,2.0663723391680255,1.5772562689657703,1.6792178734766185,1.3350063659470235
2018-09-03,2.056361286786772,1.5772562689657703,1.674832906083449,1.3298599164062976
2018-09-04,2.086668135812185,1.5772562689657703,1.6964342418366032,1.3465935437344378
2018-09-05,2.0554435361630663,1.5772562689657703,1.6722594870794905,1.3202743729221482
2018-09-06,2.0535866487059287,1.5772562689657703,1.6638846511410597,1.3070359817848578
2018-09-07,2.0531923742956018,1.5772562689657703,1.669241402361512,1.3129673110701974
2018-09-10,2.004627096531922,1.5772562689657703,1.6317045858419315,1.29395423143859
2018-09-11,2.0159725456989435,1.5772562689657703,1.638533296377362,1.2915578282019655
2018-09-12,2.0215819355757234,1.5772562689657703,1.64097574680501,1.282875976480792
2018-09-13,2.0421936452096054,1.5772562689657703,1.6582620659392164,1.2966245583207368
2018-09-14,2.016192346227785,1.5772562689657703,1.642196223141861,1.2989416264064557
2018-09-17,1.9720335977674701,1.5772562689657703,1.6113701984994349,1.2840934246750035
2018-09-18,2.005355485518063,1.5772562689657703,1.6450418043014576,1.3098626115213816
2018-09-19,2.0316712251652342,1.5772562689657703,1.6623717447127706,1.3270676569237148
2018-09-20,2.0198532823876145,1.5772562689657703,1.6567532716486246,1.3261254388872992
2018-09-21,2.0431499207146095,1.5772562689657703,1.6786468126219296,1.3662712342987344
2018-09-25,2.040545741833502,1.5772562689657703,1.6741898753951447,1.3538969157296907
2018-09-26,2.0486250539583746,1.5772562689657703,1.6811806650375485,1.368941418257279
2018-09-27,2.005601202617182,1.5772562689657703,1.653142776995659,1.3634807109398508
2018-09-28,2.0256483827770286,1.5772562689657703,1.6685345137845369,1.3776609103336253
2018-10-08,1.9525726276457673,1.5772562689657703,1.6139841166033038,1.3181872888345225
2018-10-09,1.9610237897348248,1.5772562689657703,1.620029180935981,1.317322557973047
2018-10-10,1.9784674427649733,1.5772562689657703,1.6243465749439543,1.3144152270876006
2018-10-11,1.827982858634319,1.5772562689657703,1.512475721711387,1.2514849692603278
2018-10-12,1.8343497149302102,1.5772562689657703,1.4956925534790273,1.2702222022200935
2018-10-15,1.8216901055776846,1.5772562689657703,1.4726509893657729,1.2524670362774608
2018-10-16,1.7943477685456104,1.5772562689657703,1.4460902769950792,1.2423320730199037
2018-10-17,1.808422025501911,1.5772562689657703,1.4610141204788967,1.2492058963799226
2018-10-18,1.7546722641138166,1.5772562689657703,1.4159337165469243,1.2195085246052828
2018-10-19,1.800101740393711,1.5772562689657703,1.4442912649644981,1.2557657325503224
2018-10-22,1.8877052092228737,1.5772562689657703,1.5138610703582567,1.3100135564307638
2018-10-23,1.8630320138235303,1.5772562689657703,1.4932975570538103,1.274935323430217
2018-10-24,1.8624737640286417,1.5772562689657703,1.4955772409656605,1.2768999987636231
2018-10-25,1.8480621325952522,1.5772562689657703,1.4848686070566235,1.2793350470612657
2018-10-26,1.854946060912647,1.5772562689657703,1.4906985518964992,1.2711255540642732
2018-10-29,1.831772187046917,1.5772562689657703,1.476059076770579,1.2320003095101748
2018-10-30,1.8492236513787725,1.5772562689657703,1.4888551751421417,1.2451198808061488
2018-10-31,1.8788421754314997,1.5772562689657703,1.510434901730987,1.2627184052014628
2018-11-01,1.8882571938394506,1.5772562689657703,1.5172106634693319,1.2720284280030134
2018-11-02,1.945155629790737,1.5772562689657703,1.5595563297907735,1.317555597469669
2018-11-05,1.9581106394970647,1.5772562689657703,1.5702830860957495,1.3064393808938177
2018-11-06,1.9354751772178083,1.5772562689657703,1.5716956528920283,1.298621647638549
2018-11-07,1.9358797559958756,1.5772562689657703,1.5650139459780295,1.2902156697133849
2018-11-08,1.9286003204498643,1.5772562689657703,1.5623266158079667,1.2866017756225177
2018-11-09,1.9263484019772839,1.5772562689657703,1.559561585314765,1.2682960055589603
2018-11-12,1.9714348265469077,1.5772562689657703,1.6029037525351768,1.2831439468960388
2018-11-13,2.0051130603637826,1.5772562689657703,1.6301631793656335,1.2961075501915293
2018-11-14,2.007476457332337,1.5772562689657703,1.6316524677086213,1.2829870534609404
2018-11-15,2.0639841403219314,1.5772562689657703,1.6589715629194974,1.2981109048471378
2018-11-16,2.0832243470344807,1.5772562689657703,1.674710064166761,1.3041601016637256
2018-11-19,2.0900580935434414,1.5772562689657703,1.6817767968223993,1.3190092685812687
2018-11-20,2.0389164505992707,1.5772562689657703,1.6359696693518582,1.2884873941062982
2018-11-21,2.057174401053998,1.5772562689657703,1.6513384659581505,1.2917872103226042
2018-11-22,2.059701623427654,1.5772562689657703,1.6564478152443645,1.286877127136168
2018-11-23,1.9699788491332786,1.5772562689657703,1.5858338911329555,1.2585156421312138
2018-11-26,1.9555432607051508,1.5772562689657703,1.5828943148503078,1.2576120279001637
2018-11-27,1.973135535790374,1.5772562689657703,1.595181655071808,1.2559620409195589
2018-11-28,2.0041373406517984,1.5772562689657703,1.6124846641222046,1.2726964791527708
2018-11-29,1.9505449842443259,1.5772562689657703,1.5733015144559461,1.2562379682843674
2018-11-30,1.9677944911408933,1.5772562689657703,1.5813869169265133,1.270222409347309
2018-12-03,2.027709978784978,1.5772562689657703,1.6312644508449692,1.3054977558772929
2018-12-04,2.039008614568816,1.5772562689657703,1.6413392661908754,1.308168804285818
2018-12-05,2.0196997851946357,1.5772562689657703,1.6309622200327745,1.3018830531812244
2018-12-06,1.9852470846840284,1.5772562689657703,1.605075177224171,1.2737181152087018
2018-12-07,1.9837177850900534,1.5772562689657703,1.6054303155625291,1.2739537530600158
2018-12-10,1.9586484876843526,1.5772562689657703,1.5845992422600972,1.259379722125009
2018-12-11,1.973081736490998,1.5772562689657703,1.6005430850210494,1.2654688230814832
2018-12-12,1.9744098534749237,1.5772562689657703,1.6011810758103622,1.2698296286458222
2018-12-13,1.993312537338329,1.5772562689657703,1.6165657151017074,1.2897456365415034
2018-12-14,1.9410477188907835,1.5772562689657703,1.5737541962436734,1.2680624328999677
2018-12-17,1.9445993496068488,1.5772562689657703,1.5724859029883749,1.2660195843205657
2018-12-18,1.935203557216513,1.5772562689657703,1.558036230474214,1.2530568097967074
2018-12-19,1.9147847461948797,1.5772562689657703,1.5396527818352146,1.2382469313617201
2018-12-20,1.9197696987180994,1.5772562689657703,1.5475061424154581,1.2287409096696562
2018-12-21,1.9107660482270494,1.5772562689657703,1.5365999981434981,1.2134996074261137
2018-12-24,1.9359891487259255,1.5772562689657703,1.552356135661955,1.217034531782546
2018-12-25,1.9254883143908943,1.5772562689657703,1.5397356419363453,1.2087063644815577
2018-12-26,1.9228766985685302,1.5772562689657703,1.5367804433908927,1.2024996572999451
2018-12-27,1.902359791560945,1.5772562689657703,1.5137174651758303,1.1978640211210536
2018-12-28,1.905742138649608,1.5772562689657703,1.5167202330087348,1.2059555925837266
2019-01-02,1.8980472049877641,1.5772562689657703,1.5149654275676157,1.1893785270080708
2019-01-03,1.8732652229818436,1.5772562689657703,1.504558283002027,1.1874148630599803
2019-01-04,1.9203054712030279,1.5772562689657703,1.540587509948084,1.215697897683206
2019-01-07,1.9562705060615573,1.5772562689657703,1.5664944377407855,1.222925221684933
2019-01-08,1.956014666368068,1.5772562689657703,1.5687148719444064,1.2202543530007732
2019-01-09,1.9538971942619576,1.5772562689657703,1.5682200190622884,1.232588684000905
2019-01-10,1.9515947972475929,1.5772562689657703,1.5652323112799769,1.2302714172749836
2019-01-11,1.964780927914024,1.5772562689657703,1.583350692845067,1.239070318451334
2019-01-14,1.9477283137154684,1.5772562689657703,1.573772331530822,1.2281503917348224
2019-01-15,1.9667041881935234,1.5772562689657703,1.590541213337234,1.2522700372781026
2019-01-16,1.975693694769252,1.5772562689657703,1.5870801841416882,1.2523877506616068
2019-01-17,1.949105132745315,1.5772562689657703,1.5704692777288762,1.2454232223801778
2019-01-18,1.9607106040782218,1.5772562689657703,1.584391694903743,1.2680762253720506
2019-01-21,1.9729325295306213,1.5772562689657703,1.5943353296500087,1.274999921562582
2019-01-22,1.9585931083351245,1.5772562689657703,1.5795031514518165,1.2581099976016425
2019-01-23,1.963030289114386,1.5772562689657703,1.5855968455920881,1.2572695801232445
2019-01-24,1.9684173169642372,1.5772562689657703,1.5946335660323276,1.2643932695642228
2019-01-25,1.9553905140293684,1.5772562689657703,1.578844418424064,1.2746386482275016
2019-01-28,1.9420341332721462,1.5772562689657703,1.5675604044511748,1.2743187139267966
2019-01-29,1.904132234584244,1.5772562689657703,1.5407913152815258,1.278401631086218
2019-01-30,1.875838465626082,1.5772562689657703,1.5184403902840575,1.2681961508652568
2019-01-31,1.845069371928794,1.5772562689657703,1.49034142012828,1.2814830419378722
2019-02-01,1.8940216240565322,1.5772562689657703,1.5294760699914725,1.2997339234211513
2019-02-11,1.9436789249636373,1.5772562689657703,1.5687825229919028,1.3230667468144082
2019-02-12,1.9683027148044423,1.5772562689657703,1.5935243848109302,1.3325518123223206
2019-02-13,2.0037009214360446,1.5772562689657703,1.621033333210833,1.3591668696698342
2019-02-14,2.0147763427434486,1.5772562689657703,1.630280139673828,1.3611675633019882
2019-02-15,2.01397521968614,1.5772562689657703,1.629100853851426,1.3357137298682409
2019-02-18,2.0780685037575948,1.5772562689657703,1.6867809782178784,1.3783777621139623
2019-02-19,2.0757079678623556,1.5772562689657703,1.6897313321683338,1.3758966821421574
2019-02-20,2.0805043454802545,1.5772562689657703,1.695059917242256,1.3807398384632978
2019-02-21,2.0736041337557953,1.5772562689657703,1.6926364854611642,1.3770173638588006
2019-02-22,2.1150052735427876,1.5772562689657703,1.732407688630576,1.4079548129726165
2019-02-25,2.215187380382962,1.5772562689657703,1.8178399978656843,1.4918815914191013
2019-02-26,2.1976294724337544,1.5772562689657703,1.8097817286417976,1.4738313160445216
2019-02-27,2.185922443340159,1.5772562689657703,1.8036552760058102,1.4713906513851518
2019-02-28,2.205834466976242,1.5772562689657703,1.8143395189532168,1.467788687070561
2019-03-01,2.2285398024556637,1.5772562689657703,1.8251085659237456,1.49988629007942
2019-03-04,2.2660530861301917,1.5772562689657703,1.8609190256484687,1.5167360126621723
2019-03-05,2.3215214513647267,1.5772562689657703,1.9091869016379643,1.525420843070676
2019-03-06,2.372715992617917,1.5772562689657703,1.9470379018716983,1.5380284463386549
2019-03-07,2.401879185888598,1.5772562689657703,1.981044778893017,1.5220990857199255
2019-03-08,2.308228356014312,1.5772562689657703,1.8975017749398557,1.4615849923689583
2019-03-11,2.408007262135037,1.5772562689657703,1.9799959459065186,1.4904016020785047
2019-03-12,2.451174508155268,1.5772562689657703,2.0184673642879436,1.5004871497197698
2019-03-13,2.393787248124196,1.5772562689657703,1.9730308414484852,1.4881201346317796
2019-03-14,2.332397534455602,1.5772562689657703,1.9261297045171626,1.4779146067484747
2019-03-15,2.372055485938525,1.5772562689657703,1.953286806403637,1.496444700087887
2019-03-18,2.4225985945938997,1.5772562689657703,2.004437919248203,1.5389482189044832
2019-03-19,2.4290628353289527,1.5772562689657703,2.0115369637685756,1.5318244275991744
2019-03-20,2.424136870513534,1.5772562689657703,2.010385160671589,1.5323850753396757
2019-03-21,2.4452340370332637,1.5772562689657703,2.032485503207126,1.532906086265291
2019-03-22,2.446037733390427,1.5772562689657703,2.043859999522642,1.5316659652415026
2019-03-25,2.4262035179195522,1.5772562689657703,2.023162865004351,1.4953256585501828
2019-03-26,2.369262829177826,1.5772562689657703,1.9722200499918634,1.4784359552368584
2019-03-27,2.396142990596429,1.5772562689657703,1.986606175850279,1.4954852786726498
2019-03-28,2.377363722341235,1.5772562689657703,1.9548999952014336,1.4895212833813036
2019-03-29,2.438741294781183,1.5772562689657703,2.0080446587172696,1.5469944621005713
2019-04-01,2.521928167390243,1.5772562689657703,2.0867261482907455,1.5874174273952593
2019-04-02,2.5400474659524486,1.5772562689657703,2.0980270914837647,1.586336396127203
2019-04-03,2.5575885272743166,1.5772562689657703,2.121381388603484,1.6065082497403564
2019-04-04,2.5642591076291996,1.5772562689657703,2.1297244739523955,1.6225974298615062
2019-04-08,2.54943519574353,1.5772562689657703,2.1356219491006923,1.6209569838599163
2019-04-09,2.5495120116397674,1.5772562689657703,2.142475607007676,1.6281216137285772
2019-04-10,2.5411658231636065,1.5772562689657703,2.1355747347871867,1.6321642396954652
2019-04-11,2.49303625457851,1.5772562689657703,2.105164545242271,1.596904595625324
2019-04-12,2.4935369208404867,1.5772562689657703,2.1116494230146055,1.593222133627812
2019-04-15,2.4731317552123464,1.5772562689657703,2.093555945885079,1.5878991784793615
2019-04-16,2.519993224628637,1.5772562689657703,2.13179310808823,1.6318839857232397
2019-04-17,2.542859202052364,1.5772562689657703,2.147836645629607,1.632484519029986
2019-04-18,2.5233109366446467,1.5772562689657703,2.1370865872490596,1.6264818734535125
2019-04-19,2.546665353562637,1.5772562689657703,2.151457036953647,1.645692250860872
2019-04-22,2.5131443476493387,1.5772562689657703,2.125111947086916,1.6078709515515877
2019-04-23,2.465001902650087,1.5772562689657703,2.0799942569632837,1.6051890228043995
2019-04-24,2.490226329406801,1.5772562689657703,2.098432036627522,1.609592056293952
2019-04-25,2.4087591135150226,1.5772562689657703,2.0203022057529205,1.5744128123115915
2019-04-26,2.3917892456044125,1.5772562689657703,2.0030496157810926,1.5533613385981728
2019-04-29,2.3121895064987372,1.5772562689657703,1.9323465401293665,1.5578039520265639
2019-04-30,2.327862363384395,1.5772562689657703,1.944715347785264,1.5629275692247795
2019-05-06,2.0395899345799298,1.4983325773330551,1.7073043917670714,1.4716354069787907
2019-05-07,2.070765507553272,1.5242843185271322,1.729609755970291,1.4861633917164856
2019-05-08,2.0772422690495675,1.5230315794956772,1.7280563624762337,1.46491125521494
2019-05-09,2.068319909296096,1.517364880793884,1.7194743402318622,1.4378558092423752
2019-05-10,2.1412220531828057,1.571140377262402,1.7831021911669716,1.4900054015877873
2019-05-13,2.1347869812435345,1.5680779821720097,1.7685592966574222,1.4653115420672729
2019-05-14,2.1280892406492926,1.5561834742798195,1.7587477502444466,1.4559057072787431
2019-05-15,2.1690562934125452,1.5920693774319026,1.795159435647434,1.4888048085461207
2019-05-16,2.1774712055814796,1.5984463410810852,1.8127027675559129,1.4954478556018536
2019-05-17,2.097144777416937,1.5430608369775607,1.7488965237908571,1.4574664709652776
2019-05-20,2.1008781597283406,1.534989708597744,1.7396561968394755,1.4450998679591371
2019-05-21,2.130271354841037,1.5607254142158284,1.7723292197507483,1.4647113182672107
2019-05-22,2.120455986505969,1.5550527349599161,1.7572345534711664,1.4577876278657615
2019-05-23,2.0652275689704593,1.5182820833638808,1.7189346808751615,1.4333740584618937
2019-05-24,2.0625847000379585,1.5097775195126886,1.7063283040816117,1.4377372490958515
2019-05-27,2.125830864178805,1.5562631078708176,1.7578864875033866,1.455586757043377
2019-05-28,2.1242782071683957,1.559212413743518,1.7549628327558096,1.4700349111937896
2019-05-29,2.142579496475652,1.5704062566265506,1.762572731876546,1.4668728660998118
2019-05-30,2.1380133420734033,1.5626109729218582,1.75654204245185,1.4586275737194647
2019-05-31,2.148104967693233,1.5717810306316657,1.7682292178760557,1.4548657732068422
2019-06-03,2.122067912788963,1.5575831022843447,1.7444753146498935,1.4563468265639667
2019-06-04,2.0929755105528347,1.5313892534590559,1.719493839491956,1.4430197967540799
2019-06-05,2.106944630421369,1.54250596455787,1.7201307640259609,1.4428596215566403
2019-06-06,2.0516204818027495,1.5009944250123715,1.6759047219505991,1.430412071601471
2019-06-10,2.087573796086219,1.5215026597967238,1.6916996575735408,1.448742802299044
2019-06-11,2.153514869830448,1.5753406873758364,1.7541829253746144,1.493288745984135
2019-06-12,2.151214413722974,1.5743124094535765,1.7458906642237269,1.4822428891300903
2019-06-13,2.1612199577878677,1.581657760670378,1.7561433205746302,1.480041758439732
2019-06-14,2.104987785771152,1.5403705065014661,1.7147829213616577,1.4685151932250036
2019-06-17,2.1056653315736567,1.5482298059968247,1.7146272683969621,1.4683551250689422
2019-06-18,2.105739070896906,1.5432310846931658,1.7172791573707804,1.4735986212205632
2019-06-19,2.141254691258329,1.568929625081953,1.7425192107045868,1.49553166309881
2019-06-20,2.172037453099071,1.589234594442448,1.7666062179651405,1.5407176567676775
2019-06-21,2.218809810349056,1.6236223255418116,1.7967942526335583,1.5429994596173504
2019-06-24,2.2129221493691467,1.6194112812995654,1.7957023017672904,1.546040711552256
2019-06-25,2.184171041168044,1.6013856858822255,1.7777115521935913,1.5301520511596338
2019-06-26,2.1931386551394505,1.6049661806349866,1.776501430791821,1.5278308104980245
2019-06-27,2.2151107776515992,1.6249090714099281,1.7840228764026942,1.544879874512372
2019-06-28,2.1798531755788524,1.5987672458037854,1.7608599152986335,1.5425579200609798
2019-07-01,2.2533426460880612,1.6499328755644722,1.8111440616705283,1.5868231621350495
2019-07-02,2.2591559995602726,1.649999277143372,1.812648039233142,1.5873436401322303
2019-07-03,2.2345523672649112,1.63137284011364,1.797662283851421,1.57077494721653
2019-07-04,2.2293783736315547,1.6238240024037012,1.7942256583377238,1.5627310087118342
2019-07-05,2.24045747072151,1.6331003376373672,1.799297006106269,1.5720167563655996
2019-07-08,2.162815580198008,1.5759755573349907,1.738303996435714,1.5359562639913291
2019-07-09,2.180910461873272,1.5854557822582582,1.7457986295214742,1.5330348751772176
2019-07-10,2.175993871027265,1.5806383768102104,1.7318061448845201,1.531074123571866
2019-07-11,2.1730312321049414,1.5835627150908318,1.734719123651992,1.531835067411281
2019-07-12,2.1750676334497587,1.5829571699665017,1.736589958863382,1.5438814183814034
2019-07-15,2.1975803871783226,1.5981407137729033,1.7534567104563736,1.55008473392046
2019-07-16,2.2069378456784596,1.600716382533005,1.7600020057812604,1.5432411098202015
2019-07-17,2.202722252821048,1.6035555652587272,1.756104760279138,1.5426006647596258
2019-07-18,2.1588831432295943,1.5724866396465937,1.7269564848542864,1.5286324157402276
2019-07-19,2.16738304960683,1.5827326758660087,1.7372285392161957,1.5451615180516265
2019-07-22,2.10245843444992,1.5381355417841713,1.6911274664236995,1.5349557262248954
2019-07-23,2.1387877449102852,1.5643356307407517,1.7142146697465948,1.5390786173055355
2019-07-24,2.167715790505314,1.5865337001521151,1.738678180004023,1.5512850498193855
2019-07-25,2.176553425578869,1.5921478151498114,1.7434921539700938,1.564052125779399
2019-07-26,2.1779956129805482,1.5908597113318252,1.7454371014489145,1.567333507139284
2019-07-29,2.188836912786889,1.596308340710417,1.7478062693148326,1.5654918902683952
2019-07-30,2.2064641401425975,1.6049413529604322,1.755685859367089,1.5720152949751434
2019-07-31,2.194835426279276,1.5936654521799611,1.7430313095722056,1.5582868854041254
2019-08-01,2.1989402593807625,1.5931317771809441,1.738204605843377,1.5453188219437923
2019-08-02,2.170386687632143,1.572566924901623,1.7103715875560654,1.5229858743290605
2019-08-05,2.1509405724360535,1.5602128407537383,1.690924569366011,1.4939288268327366
2019-08-06,2.097478348705326,1.5216472232599951,1.6466554046166766,1.478840145681726
2019-08-07,2.086670603684378,1.5148575959598194,1.638020199669477,1.4727561973223915
2019-08-08,2.1025444195986056,1.5280607347630935,1.6491904305141156,1.4925677136887723
2019-08-09,2.07691024567624,1.513068226579401,1.6283667482778177,1.4780793588919956
2019-08-12,2.121890270325575,1.5489735263150375,1.6552317709056124,1.5047749501929442
2019-08-13,2.1168602003211987,1.5447942448598944,1.6424514277827025,1.4912078992420044
2019-08-14,2.1336326915629202,1.5558469696310202,1.6514198518267893,1.497931755659687
2019-08-15,2.147284650878234,1.56395505784005,1.657920647315772,1.5034546300428042
2019-08-16,2.1564865721599524,1.5677891032281475,1.6694399522003862,1.5102983555187588
2019-08-19,2.224603182433942,1.6179980425557206,1.7205596989780991,1.5429963149157397
2019-08-20,2.2288506131323045,1.621753991947898,1.726660147243447,1.5416353921659842
2019-08-21,2.2341140350305286,1.624986776933799,1.7283174776888033,1.5392335242249897
2019-08-22,2.2348351638071535,1.6219159830570522,1.7350255481961672,1.5441559930354611
2019-08-23,2.2283848426275004,1.6178121346412828,1.7272843521869126,1.5552028850096369
2019-08-26,2.2208908356992554,1.6104144253377717,1.7123606154010704,1.5328297363058885
2019-08-27,2.2449836704745887,1.628157852464434,1.7436684641000597,1.5536409656357135
2019-08-28,2.2430080512996637,1.6290043450693474,1.7443058035623271,1.5477573272988512
2019-08-29,2.2433460176573554,1.6308951909820686,1.744658900264504,1.5427147339265115
2019-08-30,2.2114896465246865,1.6020162464678822,1.719231651031463,1.5465175257456403
2019-09-02,2.2646369336465897,1.6471146823763159,1.7612148576048434,1.5662093334009597
2019-09-03,2.285405060240894,1.6621717031080827,1.7776552303109805,1.568370702281053
2019-09-04,2.3015164325474644,1.673336790562861,1.7944356392707452,1.5824593762996435
2019-09-05,2.325956050107659,1.6916389269222418,1.812094675192975,1.5983884123814756
2019-09-06,2.339234175420394,1.7032147452187192,1.819902827350759,1.6077533700896187
2019-09-09,2.393765808292396,1.7406826903298187,1.8624437918513237,1.6176796393965518
2019-09-10,2.39536068696325,1.7422291763916575,1.86476031285172,1.6120759971256824
2019-09-11,2.3727703299444136,1.727524129399244,1.856559412825379,1.6001885487228775
2019-09-12,2.3911292811072364,1.7397771224984955,1.8612194405717521,1.6173185671369557
2019-09-16,2.3970091733530374,1.7473569296473621,1.8629908478189758,1.6112358320059537
2019-09-17,2.350639665948017,1.7141233456011822,1.8252091668184645,1.5843813643939104
2019-09-18,2.360605151120208,1.7182206276161978,1.831128996103554,1.592026004477111
2019-09-19,2.395223284432043,1.7440817822441148,1.8517642153625564,1.5977493379632062
2019-09-20,2.3997163400399666,1.7459154789180218,1.8572727911563613,1.60227256633898
2019-09-23,2.393420244768297,1.7390417246914878,1.843970299952785,1.5839025113659038
2019-09-24,2.3981374502594885,1.7475095227909936,1.8470870900049465,1.5881853837566373
2019-09-25,2.3472812501596674,1.713439655255149,1.8109696684095855,1.5758578888079182
2019-09-26,2.274687051096203,1.6573247864767953,1.7516245822820515,1.563731662353541
2019-09-27,2.3014982893255356,1.6812467412516554,1.7777605158360235,1.5683743816590692
2019-09-30,2.2706526172677,1.6624169711296293,1.7507259917656257,1.5528051291723395
2019-10-08,2.270666274538955,1.6645308452258445,1.754400298833743,1.5619697850447147
2019-10-09,2.302244053791399,1.685230362167386,1.7696558250144525,1.5641315512272167
2019-10-10,2.335631753519621,1.7075723844800976,1.794943141209005,1.5768588896595526
2019-10-11,2.3342953746053845,1.706760799365692,1.795020801348433,1.5919872738469465
2019-10-14,2.372661283770342,1.7351534011224712,1.8200697437274098,1.6087970674714964
2019-10-15,2.3415041593908374,1.7077951510093565,1.7976371354123015,1.6018325849664123
2019-10-16,2.335432078384614,1.700521259401515,1.7857984486710208,1.596309466213448
2019-10-17,2.3305264050236407,1.6990498771458595,1.7815598711812175,1.5972704445121084
2019-10-18,2.2939871786755974,1.6783194499799525,1.7556882052390401,1.574538091545812
2019-10-21,2.2743627999607385,1.6702754457816598,1.7523899154326004,1.5791404663874002
2019-10-22,2.3111456061634907,1.6964178586088958,1.77340007734607,1.5852643731160507
2019-10-23,2.3073408636941193,1.681690488505546,1.766604198936472,1.5751392895649585
2019-10-24,2.304202286478535,1.680720109441662,1.7639300852336084,1.5749392468751835
2019-10-25,2.309873814563379,1.688462267201081,1.7777707596332961,1.5856252096652317
2019-10-28,2.3548597563428566,1.7135142935320082,1.809582228649278,1.5976315637528167
2019-10-29,2.3103064218062945,1.6841653427069008,1.7788094330956037,1.590947073290075
2019-10-30,2.285052033178152,1.6657411384117153,1.7596730454526175,1.5832627989260837
2019-10-31,2.2619882696007507,1.6517618671655678,1.7419457586602105,1.5814214642909328
2019-11-01,2.290926451973267,1.6714498114374643,1.7596521029347256,1.6079972519983416
2019-11-04,2.3034406278329524,1.6843744790456707,1.771741306518657,1.618402602216023
2019-11-05,2.3121802174379136,1.6837204897968765,1.770315808233202,1.6284075671029221
2019-11-06,2.29701864791512,1.6712246563545445,1.7556753860826788,1.6211237000552707
2019-11-07,2.3083608083770524,1.6806909800205387,1.7668971223049157,1.6239250018089664
2019-11-08,2.310657132581767,1.680757512951883,1.7652148671346124,1.6162811868254512
2019-11-11,2.2513676453429503,1.6368908819319508,1.7249176754109259,1.5877053354423774
2019-11-12,2.25344213758425,1.637102603043953,1.7247660585593532,1.587984771581415
2019-11-13,2.2536849622394097,1.6389044719434072,1.7192348868152392,1.5864237825509506
2019-11-14,2.27338499501458,1.65454503528357,1.7352789261841397,1.5887843811393862
2019-11-15,2.245819983881733,1.6348917228946416,1.7127323765698472,1.5770575636221964
2019-11-18,2.2595420443328544,1.6474169156043512,1.7219649547214395,1.5895841318500477
2019-11-19,2.2993348429096,1.677169122194476,1.7553795545491646,1.6055928336419094
2019-11-20,2.2867956344221136,1.6641549874784944,1.7425863220260962,1.5896236073185068
2019-11-21,2.282224356288349,1.6573021600266689,1.7403997016022525,1.5821793999654343
2019-11-22,2.247642451530645,1.6329455149258263,1.7260563291703286,1.5660506631621864
2019-11-25,2.2106526109328435,1.6076903302430696,1.7174780415612254,1.57745777619266
2019-11-26,2.214001017934481,1.6105275412434095,1.7162187031122136,1.582901582978301
2019-11-27,2.211380925738244,1.602976204205587,1.7129904775775437,1.57633729011369
2019-11-28,2.2041099844159353,1.596892179766788,1.7072853213055375,1.5708941974509274
2019-11-29,2.200574269973467,1.5977207148727206,1.7108287479658015,1.5572462686634736
2019-12-02,2.2074762959938083,1.6048731067415563,1.7135379905209993,1.560127174260501
2019-12-03,2.230020169742889,1.6183537161694168,1.726605464874429,1.5662506734194734
2019-12-04,2.2371634603541435,1.620522992550193,1.7275714562738367,1.5656899556783892
2019-12-05,2.2642804087172914,1.6467080402115024,1.7504048368683907,1.5776565240096392
2019-12-06,2.2863765614919105,1.658272690287796,1.7638260540711452,1.5853002698684662
2019-12-09,2.2863169154060135,1.660319719615294,1.7658795925390962,1.5823785614710983
2019-12-10,2.3007408015000514,1.6668766052502977,1.7773517500861633,1.5846192095141414
2019-12-11,2.2938936379727313,1.6640173020158466,1.771144230102999,1.585820350874953
2019-12-12,2.288188598909769,1.6632278730881718,1.7695339872477776,1.5811453524805739
2019-12-13,2.31409147387992,1.6794093216845,1.7871373673188016,1.6126559982101596
2019-12-16,2.3583313617849155,1.7138380008214311,1.8158347196008582,1.6203403040416307
2019-12-17,2.3816917397682102,1.7310111354397848,1.8334128866725758,1.6422959151613947
2019-12-18,2.3882864891647424,1.7410854570911471,1.8360897031839887,1.6386779372602942
2019-12-19,2.399207116805096,1.7490080181249652,1.8483997510384769,1.6364018136054397
2019-12-20,2.3704040573680896,1.7284590791198255,1.8327599910441918,1.6323762651439704
2019-12-23,2.3261483550610293,1.692152406052868,1.7939338367399795,1.61196503232461
2019-12-24,2.3725165146487095,1.7259361127797992,1.8239950551155018,1.6224137896641384
2019-12-25,2.3829223402686006,1.7372780488136026,1.8328206182186608,1.621479279321292
2019-12-26,2.40911129059025,1.7520689462692247,1.850025846092892,1.6357093814766155
2019-12-27,2.3837082545926025,1.7329026291033158,1.8349217219709486,1.63416363611112
2019-12-30,2.400352316900886,1.7421839586821726,1.8447767993926552,1.6582740863983032
2019-12-31,2.4117823050904867,1.7515459613185866,1.850864839088826,1.6643317616359161
2020-01-02,2.463748044732739,1.7851257732951027,1.884688886381071,1.6868568276978966
2020-01-03,2.4683572498907864,1.7971599963775753,1.8972403068452843,1.6840920693572998
2020-01-06,2.485524891230913,1.806303083125839,1.9088567364044908,1.677626839903037
2020-01-07,2.514827189354076,1.8267698502532876,1.9345350966014834,1.690190587307071
2020-01-08,2.486296672321667,1.8040769447389091,1.9133130721133238,1.6708362148918179
2020-01-09,2.5314781844083143,1.8351006112663244,1.942996721291796,1.6918169052422143
2020-01-10,2.5385368924277705,1.8377875471106941,1.9346270446691516,1.6912890583677787
2020-01-13,2.5814231924552757,1.8710016141577834,1.9702951244320581,1.7074713120782417
2020-01-14,2.576904355643941,1.8694829748121315,1.9545143331302217,1.7016163929491253
2020-01-15,2.5866837789269232,1.866423110006007,1.9501724154558284,1.692264309253477
2020-01-16,2.5921582576196966,1.8624157281116664,1.9471678184554086,1.6850671091462222
2020-01-17,2.5822513636421323,1.8661750067415253,1.9440045320159003,1.6873840764212977
2020-01-20,2.607443132195397,1.8916410764376919,1.9603189113282513,1.6997036675632498
2020-01-21,2.5783059853239862,1.8663145368793044,1.9463141251918925,1.670713521809291
2020-01-22,2.602217029549947,1.8727701842247546,1.9504842750298972,1.6777472257361081
2020-01-23,2.5168195080013236,1.806487941664242,1.879830320547256,1.6256632408603566
2020-02-03,2.286651748352107,1.6513763384350308,1.7144879931623662,1.4968960812150487
2020-02-04,2.2896442940116435,1.6532706684849177,1.714157375700698,1.5364575477454812
2020-02-05,2.3452022314543512,1.6935638440399878,1.7582931320013668,1.5537380857849747
2020-02-06,2.3991240675260244,1.7305219656469022,1.8053212400105954,1.5827277309895509
2020-02-07,2.4364827997837644,1.7551942908935403,1.8234460447501832,1.5826865800685452
2020-02-10,2.4715358008449364,1.7743293998468248,1.8530304607702526,1.5892325717637086
2020-02-11,2.458767470927505,1.7727088259602808,1.8417415036920035,1.6039917746576784
2020-02-12,2.5107676120463047,1.802110604386403,1.8718596980052942,1.6168397487726864
2020-02-13,2.482025398866246,1.7831597883042212,1.8571899657683713,1.6067150982658718
2020-02-14,2.486713832319513,1.787665740844941,1.86074887762984,1.6181404493296407
2020-02-17,2.574998200862982,1.8551049566715814,1.9228673055727485,1.654448284731699
2020-02-18,2.636705232591238,1.8952555796241803,1.9653103930244842,1.6462753102051246
2020-02-19,2.627446710020346,1.8897666794745331,1.948509064355522,1.6437548627052008
2020-02-20,2.685064547564801,1.9259119604619523,1.9831244791210043,1.6816088934384388
2020-02-21,2.723182220994576,1.9541896711722218,2.004849703789483,1.683641958590606
2020-02-24,2.783589113377136,1.9980659964119292,2.0374813963216907,1.6766481098946204
2020-02-25,2.7933402642391156,2.001369749512012,2.033121684976696,1.6728253522040608
2020-02-26,2.7082777660764403,1.9384879494730827,1.9923953701779804,1.6522930938311082
2020-02-27,2.7167828679306067,1.946113334066193,1.996491285613438,1.6571723153371913
2020-02-28,2.556341693759391,1.8287130900089719,1.891384357514118,1.598420585241542
2020-03-02,2.658959965992091,1.9078036023077503,1.9635003733011418,1.65095107935492
2020-03-03,2.6978524206201016,1.9385054836039508,1.9844793025537653,1.6596515915431207
2020-03-04,2.7228881193203276,1.9509546100060484,2.010643252051806,1.6692062057556343
2020-03-05,2.7482834224038113,1.9796885594049625,2.049803465746675,1.706409473669516
2020-03-06,2.7512972571450254,1.9790162725491747,2.0440729118851646,1.6787622273771223
2020-03-09,2.654035030595328,1.9060819264193827,1.9713244666942003,1.6213116264318224
2020-03-10,2.722170835329745,1.9588139916366283,2.016288856200841,1.6560336362234866
2020-03-11,2.6843846916981042,1.9307346058446326,1.9953098531986762,1.6339967966262607
2020-03-12,2.62049335421307,1.8892606738502613,1.9616117172996306,1.602364252640373
2020-03-13,2.5903552813923216,1.871258664141573,1.9364767561628093,1.5798398183410072
2020-03-16,2.4710536698051064,1.7862621712676892,1.8475817056661938,1.5119398827885289
2020-03-17,2.468555593705374,1.7800977383627998,1.835775286723069,1.5044996266253268
2020-03-18,2.441740124805439,1.7599113730149143,1.8096373402995127,1.4749001009711
2020-03-19,2.4672722952066524,1.7776016027411592,1.8285784350838805,1.4556275813517108
2020-03-20,2.496749558797271,1.807391034024958,1.8525661814104755,1.4815275629067017
2020-03-23,2.393443293309637,1.7346398744128548,1.7770005823583217,1.432046023833181
2020-03-24,2.4402504248353774,1.764928914686171,1.813214549586832,1.4703460947405993
2020-03-25,2.4960080963118294,1.8059103631964546,1.8618777134525182,1.509663149313963
2020-03-26,2.4699192595839365,1.7865428790996205,1.8393031479000577,1.499782404001703
2020-03-27,2.4587644980088985,1.7800534997272854,1.8279108802402073,1.5047421844117366
2020-03-30,2.4086946080686022,1.735880328859127,1.793260562982637,1.4900243011060053
2020-03-31,2.4087800589309794,1.7430170458168597,1.796646057590201,1.4949443613482571
2020-04-01,2.4080049620956476,1.7336904521176857,1.7909909319529005,1.4903503973258339
2020-04-02,2.469896293662867,1.7797537902281566,1.8327592489410045,1.5141363896671542
2020-04-03,2.4534333523842333,1.76992875162016,1.8205037681680525,1.5056799379308636
2020-04-07,2.5243698306698157,1.8318163349741972,1.8830592817862282,1.5399145826795975
2020-04-08,2.534553798751042,1.838562293135841,1.8848314276831402,1.5327185618347356
2020-04-09,2.562891203223053,1.8598853208122867,1.900333034956004,1.5379635247533343
2020-04-10,2.481629222454451,1.8058250966251026,1.8498479075795742,1.5283681703223984
2020-04-13,2.4611732196290648,1.7937343337276208,1.8321231493465628,1.522066708356159
2020-04-14,2.5093050762323292,1.830484818524556,1.8693409301720945,1.5511777562201787
2020-04-15,2.5090321419620096,1.8190344717769487,1.8548217322739515,1.5397533320456174
2020-04-16,2.523952279355488,1.824227433583142,1.863378382243471,1.5417858064439174
2020-04-17,2.5415595462168072,1.8311296868868854,1.8637092479396369,1.556545321969005
2020-04-20,2.5834900351642514,1.8633726699207187,1.8907588734730094,1.5619932305958966
2020-04-21,2.569346479888502,1.8600609070164835,1.888087655148138,1.5435742064207099
2020-04-22,2.5889877201122737,1.8707606159184211,1.9087547957092346,1.5564229181149558
2020-04-23,2.5690387030337014,1.8573467403016428,1.892598710366772,1.5526003434280655
2020-04-24,2.5213324555456227,1.8188543010530454,1.8607680470846906,1.539549184941209
2020-04-27,2.5081411000593876,1.8179758399047432,1.850615651131938,1.5500396730873987
2020-04-28,2.4730176749765924,1.7867892655451927,1.8185879328599786,1.5606512446893548
2020-04-29,2.47078302489498,1.786041523450021,1.8218160430260335,1.5677662537138937
2020-04-30,2.5269355541348077,1.8264365559264937,1.858998371433489,1.5863881812755072
2020-05-06,2.572749144927613,1.863808719064234,1.8918810774264547,1.5956590338068815
2020-05-07,2.5756568363455994,1.8663727974972286,1.8840570834167534,1.5912278886699998
2020-05-08,2.6090573155947787,1.886768472533304,1.9057884722704164,1.6085484042381728
2020-05-11,2.6121329347632027,1.8910663440748907,1.911283529824913,1.6071248389004218
2020-05-12,2.61852953246072,1.8963197321116496,1.909235929566766,1.607206802267206
2020-05-13,2.6487173826946204,1.9206020473282859,1.9225398960296607,1.6104597888349947
2020-05-14,2.6296232526850902,1.9020218537636837,1.907418963669452,1.5931392938060744
2020-05-15,2.6365542873830066,1.9162203561289377,1.9126485857205742,1.5882595081491462
2020-05-18,2.6372067523548273,1.9074036889602877,1.9049657150592707,1.592609750941967
2020-05-19,2.68085090045174,1.9395907473692306,1.9310056018154655,1.6061087111909509
2020-05-20,2.655060490973299,1.9195860806764853,1.910774716848188,1.5977328542620903
2020-05-21,2.624011588530458,1.8910341576163683,1.892228418164405,1.5891130855133462
2020-05-22,2.5826996586482958,1.8618273578818,1.8595611627981818,1.5530481640376208
2020-05-25,2.581278867944925,1.8619760753791483,1.8583708512720274,1.555161862588876
2020-05-26,2.645846632861978,1.90967373363227,1.895964816058599,1.5730104552858084
2020-05-27,2.6347310941386253,1.902057794126304,1.890574715869108,1.5619915170465313
2020-05-28,2.6226646943906733,1.8943047551560812,1.884340231535397,1.5667071694364947
2020-05-29,2.646004407975721,1.914560576341182,1.8997980457787056,1.572033973812579
2020-06-01,2.729839982238902,1.9722773730601246,1.9496735530120761,1.6142792427908446
2020-06-02,2.7276609190915226,1.9713418980170179,1.9537214674183498,1.6200535196423071
2020-06-03,2.7279242084631203,1.984099271737311,1.9635447254521905,1.6205411557517195
2020-06-04,2.7383215536512386,1.9918825899664852,1.9693699889088117,1.620093886392732
2020-06-05,2.7372717642109903,1.9964582381942915,1.9667664328970478,1.6282656399556972
2020-06-08,2.7297162370927763,1.9934504524026242,1.9623689522045313,1.6364379052026352
2020-06-09,2.745075311299649,2.0059694393995837,1.975227169734781,1.6468063757699987
2020-06-10,2.7480197335257577,2.007577451068947,1.97766210972219,1.6453423649019394
2020-06-11,2.746476187833577,2.002067593633279,1.9725365104552717,1.629038667408126
2020-06-12,2.7496859119940167,2.0012013068396466,1.9766460964061388,1.6301366394699592
2020-06-15,2.7599193174318923,1.9990528052147134,1.9747608224399849,1.6109042873974926
2020-06-16,2.8196525016207814,2.045178962373349,2.012394220165856,1.6351773931999982
2020-06-17,2.8269824017824146,2.0443036943104342,2.027844167413747,1.636599997532082
2020-06-18,2.8120380403974625,2.0405802113631166,2.0219127567697135,1.6483507855143626
2020-06-19,2.8414157132104076,2.0642588650960776,2.0305476727745546,1.6712826416424382
2020-06-22,2.871080683925899,2.0774859677506625,2.0361062279066915,1.6730308032855965
2020-06-23,2.8840622663628377,2.0886053808156735,2.0424321339636435,1.6811215802502857
2020-06-24,2.892333514867574,2.084446046630455,2.0406921338432884,1.6907174222303545
2020-06-29,2.880831826936193,2.0767880132010452,2.0284357044644525,1.6786423184007853
2020-06-30,2.9244407506659593,2.109306643239598,2.069311062905111,1.7023061391632812
2020-07-01,2.942784371530489,2.1168869932196124,2.0729767081842683,1.736500362580654
2020-07-02,2.9569038148949858,2.132963818843699,2.1006154047707453,1.7729304036872338
2020-07-03,2.985983139929745,2.1496269169037263,2.1224562805376315,1.8072064671817192
2020-07-06,3.0716788073273746,2.220517000927933,2.2033930918003097,1.9104792807488187
2020-07-07,3.128789155917164,2.2695615813670553,2.2308356442460546,1.922148488195632
2020-07-08,3.1848503571511895,2.3126436919086686,2.2845238444138394,1.953252695031614
2020-07-09,3.295308704393127,2.371334137828716,2.3370901460571956,1.980738866956099
2020-07-10,3.2888484194709307,2.3695756029217305,2.3413022614484733,1.9483735938700366
2020-07-13,3.3957465208219713,2.445287335086526,2.4175845971683216,1.9901311367338588
2020-07-14,3.366718828292202,2.406598640831256,2.390987352872235,1.9721184598152806
2020-07-15,3.288909479882186,2.3637613392535863,2.340937297457393,1.9494312090535657
2020-07-16,3.120603568609889,2.2455498901145714,2.2255419222256574,1.8578664251643198
2020-07-17,3.1369574438102017,2.2482942450894488,2.226586493143258,1.8701041913068772
2020-07-20,3.211463379563311,2.306656503943067,2.3064869671146613,1.9252367329707953
2020-07-21,3.2396408181405625,2.3318453255353955,2.3211495750788194,1.9296281979587013
2020-07-22,3.2785864297189797,2.3586013507534958,2.3445179947266372,1.9396294609087212
2020-07-23,3.2829283547923866,2.350539697945241,2.3408935387170002,1.939996050876833
2020-07-24,3.107502177635147,2.2371094091815196,2.238491506337401,1.8548573841880525
2020-07-27,3.0977743807967526,2.241520162417122,2.234268471979962,1.8640055408068679
2020-07-28,3.140902514171153,2.264195456382658,2.261790851539904,1.88022798102851
2020-07-29,3.2322507030900933,2.330218207106747,2.326912972824584,1.9261318669573395
2020-07-30,3.2120473599956134,2.3309952793076922,2.314063237320489,1.9169018430508804
2020-07-31,3.2437821119731334,2.3733158603989133,2.3509919629025697,1.932718200157893
2020-08-03,3.341317659107684,2.4415800837261443,2.426007371596434,1.9638214341530342
2020-08-04,3.327530224388784,2.420410963304266,2.4122304246008834,1.9658127490872652
2020-08-05,3.363865934142363,2.4569413137485983,2.4442947365763277,1.9662609543940572
2020-08-06,3.3583298036532057,2.4451673041570894,2.4319822897584595,1.9602029043935691
2020-08-07,3.3129832414143277,2.415427929311874,2.3996777000732967,1.9382466716614566
2020-08-10,3.3311248615639326,2.4401782674219437,2.4180631618870114,1.9452805688329162
2020-08-11,3.254863202678945,2.3961144956350013,2.3624698493793534,1.9277166305769238
2020-08-12,3.2105185414432964,2.359851099482297,2.343131076903032,1.9135671905084892
2020-08-13,3.214701656592199,2.3590917254967056,2.3456834651290457,1.9088100624728854
2020-08-14,3.2516601713487217,2.388886307613355,2.3714569531017604,1.938205737434968
2020-08-17,3.3206944073500315,2.4318390740295035,2.421017324801008,1.9837031789155162
2020-08-18,3.3650788645328324,2.458187239183032,2.4421714754037684,1.982768854718247
2020-08-19,3.2995578636331198,2.4086299916353884,2.3991112193672617,1.9533723236781944
2020-08-20,3.267328902338696,2.385404963251317,2.3696451328785955,1.9281640538411273
2020-08-21,3.3082426050284486,2.4037357875558447,2.390010253999285,1.9446710663060616
2020-08-24,3.3477902466673592,2.443795094324111,2.411239220754898,1.960033967729879
2020-08-25,3.3646737586116764,2.443148675550934,2.4149775751851736,1.9623860084911555
2020-08-26,3.2831063536131224,2.38127807654812,2.359123571348653,1.939426092191809
2020-08-27,3.3225730004307126,2.4138795768828603,2.389722727073571,1.9498989930896444
2020-08-28,3.359230262440792,2.437801765078222,2.4198654048044568,1.9965015790244873
2020-08-31,3.386193992373908,2.446039433287133,2.4221202450715045,1.9851215200240477
2020-09-01,3.3825328449302408,2.4623189570259347,2.434206116902756,1.9954441519281731
2020-09-02,3.399794960232685,2.4688435596677127,2.438440397598203,1.9960427851737517
2020-09-03,3.3962653747717426,2.4486906396619808,2.409282934085518,1.9848649455767782
2020-09-04,3.3933068171234018,2.448015510746341,2.402593705684942,1.9656117556046833
2020-09-07,3.3438149826323365,2.407345270435516,2.3631345162887074,1.9241373475614247
2020-09-08,3.3545054037663853,2.4069906720868186,2.388003419241932,1.9343352755035002
2020-09-09,3.2428774771969513,2.3324607710075913,2.3074033911789713,1.8892652635842688
2020-09-10,3.1312897501980244,2.2522758628072763,2.247519409294524,1.888131704426118
2020-09-11,3.1783761581100887,2.288871318489487,2.2805408332130543,1.9066353951294943
2020-09-14,3.2162664819724123,2.3244834717904665,2.3101931752416096,1.9161685721051414
2020-09-15,3.242529589938274,2.335867232326569,2.3170730967811224,1.931689537539193
2020-09-16,3.2023886765052243,2.31883061115479,2.3005084115774643,1.9199062313602038
2020-09-17,3.232811566767445,2.341406582061916,2.302696201176173,1.910114709580267
2020-09-18,3.262596655046206,2.3660930671959672,2.3395940693155968,1.9530922905458228
2020-09-21,3.2622842516884942,2.3622291398205086,2.332856351738493,1.9343426045565832
2020-09-22,3.223133305325215,2.3293875164390068,2.300119203576023,1.9113239275623597
2020-09-23,3.2631890828724206,2.3434271982426367,2.3159056315798834,1.9182046937015842
2020-09-24,3.1777095064358623,2.2829746886481175,2.256446605986724,1.8813751635825136
2020-09-25,3.1496399142585485,2.284523488658798,2.240369089210221,1.884385363844246
2020-09-28,3.0943315764037713,2.245982598866834,2.2169672180334254,1.8890963272538566
2020-09-29,3.1297248913559423,2.270331999552594,2.237448298326834,1.8932523391738147
2020-09-30,3.1369167865715513,2.26699580531151,2.239292652366151,1.8909804363668061
2020-10-09,3.2337391601485352,2.349644756485861,2.3078779098355855,1.9293673392250523
2020-10-12,3.343005777686108,2.416668833463242,2.3787706406128173,1.988020106337494
2020-10-13,3.3694889379875743,2.4428102165481085,2.396926709415196,1.9947793746990414
2020-10-14,3.359073503864544,2.4373584820831597,2.379871456972758,1.9816138308260276
2020-10-15,3.3311056387479914,2.4182203007968734,2.3651138745309637,1.9782450873136235
2020-10-16,3.3346223750961914,2.420294110701349,2.360977789409663,1.975277719682653
2020-10-19,3.3159179980213205,2.406260076862832,2.347226645364195,1.9602656090130646
2020-10-20,3.359194391384958,2.4378732934480847,2.3664814122981594,1.9757517073242679
2020-10-21,3.3137538251499525,2.403857450511591,2.3351027175342196,1.9753565569828029
2020-10-22,3.3035666772018,2.3998572616540663,2.3158257265952984,1.969232951656156
2020-10-23,3.231119405277002,2.347103966616987,2.2741824221775992,1.9452083096459512
2020-10-26,3.2574424291666304,2.3604140163375202,2.2818359164260578,1.9337315806190403
2020-10-27,3.27627419486551,2.3737352546866184,2.285202291499501,1.9374056706222162
2020-10-28,3.293966435667244,2.376233664091986,2.2864205306686625,1.9530986565542563
2020-10-29,3.2899548730059123,2.3776034232080825,2.2916961816531556,1.9679422063440686
2020-10-30,3.192900157371877,2.322830293411971,2.232971201743929,1.9358647483806604
2020-11-02,3.2140914338148048,2.3411892799047584,2.2450926717572224,1.9463184180219162
2020-11-03,3.266640030606164,2.3730611397027825,2.286439189272942,1.9696742390381792
2020-11-04,3.25635982039005,2.3742289991923267,2.2769232188932333,1.9844467958309662
2020-11-05,3.310516992377213,2.4129344672663273,2.324086399135237,2.0140150530888468
2020-11-06,3.266738858737476,2.3788575115014146,2.298520739389857,2.0142164545941554
2020-11-09,3.3582488005981785,2.438326390867317,2.3527005129336938,2.0536950971042014
2020-11-10,3.3121353173028583,2.414090097614044,2.3202649632536607,2.0423997740701285
2020-11-11,3.226877126765303,2.3625885870480112,2.2811600345703873,2.0223842562842416
2020-11-12,3.233735874837264,2.3571962039864327,2.288218081104323,2.0242044021148966
2020-11-13,3.23520502210562,2.363385970059011,2.285161157647483,2.0027478354524786
2020-11-16,3.248790010982331,2.362396891771745,2.3020726149747137,2.0219742146728223
2020-11-17,3.2198328730165153,2.337610907068937,2.2830201590574974,2.0179302662434764
2020-11-18,3.2214641304819294,2.337892361017233,2.286084223863891,2.01671950808373
2020-11-19,3.2606018606488014,2.3665788016152,2.2977699684478416,2.031844904394358
2020-11-20,3.268421876709491,2.376024807374022,2.310413769235967,2.038143623597981
2020-11-23,3.2559131927234266,2.3689157193946695,2.3184951978352784,2.0636204188929557
2020-11-24,3.257297714920745,2.371153453006095,2.323600125924923,2.0510323343377084
2020-11-25,3.209355216972787,2.3368750963870015,2.2853344861573417,2.0249842236916193
2020-11-26,3.191432060501886,2.318234777074993,2.275098177914818,2.0284266968718954
2020-11-27,3.19063703726319,2.3195552883700072,2.272191383229355,2.0539848732524817
2020-11-30,3.1702020149146874,2.3083808679961955,2.26721462714,2.045974332246797
2020-12-01,3.222649078036955,2.3450897721331816,2.3020088589269108,2.0897581829568788
2020-12-02,3.230753377867413,2.3527936438257004,2.307917273262466,2.0899671587751745
2020-12-03,3.222151589866673,2.3443561405845674,2.3019177973069826,2.0859962211735015
2020-12-04,3.2225587899282684,2.3526525621404186,2.309890507440871,2.089751014371614
2020-12-07,3.2132538792712593,2.344600189910609,2.2988377715924875,2.071988130749455
2020-12-08,3.2139022453257144,2.3512330326426207,2.293122025000015,2.0668081604225814
2020-12-09,3.1450164469695463,2.30231378426687,2.2537216480400906,2.039112931072919
2020-12-10,3.140294410864703,2.3022371638118395,2.2555491298577754,2.038501197193597
2020-12-11,3.083563009371492,2.258803586002552,2.224923043005499,2.016689234383626
2020-12-14,3.1196453931834016,2.2806864255957287,2.2409951340916887,2.035041106416517
2020-12-15,3.125044348845653,2.2832972367073827,2.2451857480565707,2.0393146927399917
2020-12-16,3.0837306263542485,2.2533122199543874,2.226432211222873,2.042985459186924
2020-12-17,3.1134529083980276,2.2689672079232985,2.2484440288954035,2.0693399716104346
2020-12-18,3.087527499264503,2.24594991952335,2.243398492444581,2.061890347712637
2020-12-21,3.11994826512136,2.2703959076118823,2.273067804075339,2.081065927946365
2020-12-22,3.0529025933115466,2.2267183570182887,2.235611176622775,2.0475607665064284
2020-12-23,3.0557588582891126,2.232608603198501,2.2580432646288973,2.0645555208684314
2020-12-24,2.997505915804626,2.1936725612808092,2.219367527832139,2.0616651431392157
2020-12-25,3.011988208735208,2.1977068525098313,2.238112330140966,2.078983130341585
2020-12-28,2.9613583595392687,2.170207379437417,2.212203705823095,2.0881306561150876
2020-12-29,2.9613362872936393,2.1752969815080645,2.2017873336160916,2.079569320425016
2020-12-30,2.975459301246633,2.1808970564674106,2.219219041233323,2.108683290910966
2020-12-31,3.0220564470381177,2.2194948698390577,2.250645723733806,2.1489591417673655
2021-01-04,3.0693939446784775,2.2454467362074184,2.2942374104700045,2.1721679004984527
2021-01-05,3.075574896864686,2.258396382323151,2.2965746942084366,2.213221873817873
2021-01-06,3.0256926083452056,2.2181961469986806,2.2780636385858744,2.233362192869616
2021-01-07,2.9408429742031315,2.1641656052900915,2.2405931129216645,2.2726693674641214
2021-01-08,2.9297201785277704,2.162913226759634,2.22815934025245,2.265396825488236
2021-01-11,2.8749630685553416,2.1134558746854974,2.1858314530473697,2.2429693969159024
2021-01-12,2.9118165959754982,2.127413790941455,2.2227608887913854,2.3064454308486226
2021-01-13,2.863432992959113,2.098024303052055,2.1890247566726684,2.299064805469907
2021-01-14,2.875302428510494,2.1040932942246586,2.1735249577041653,2.2551526676854317
2021-01-15,2.9188691804676457,2.132977499469662,2.187980141008832,2.2499658165497554
2021-01-18,2.9792206048599805,2.1865671224176877,2.2276585079588536,2.2744904439501474
2021-01-19,2.987525880853283,2.1793361325910956,2.2218677620115366,2.24105543442408
2021-01-20,3.0285352224804463,2.207210278277575,2.2299663301069366,2.256966928008491
2021-01-21,3.0344304626327228,2.221823866016577,2.261682109821866,2.293529792242229
2021-01-22,3.024680932526544,2.2154713001960697,2.245738123605893,2.2953646160760224
2021-01-25,2.9833373442542968,2.18652987094908,2.2281640316366356,2.3183182622367826
2021-01-26,2.949736548480735,2.1530460232949102,2.1955855746499795,2.2721837288182707
2021-01-27,2.954401368986176,2.1542213370270575,2.199926046599124,2.278091406513198
2021-01-28,2.8815797222623205,2.1123839316210553,2.1579143872618514,2.2163551293966908
2021-01-29,2.8456665777457495,2.0808560597168126,2.1239691229157964,2.2054949892626468
2021-02-01,2.866915844374957,2.0997740396322655,2.134652137230207,2.2326225776305773
2021-02-02,2.8854025060873614,2.1219826073264096,2.156648124303848,2.2667817030683253
2021-02-03,2.8472954890029794,2.0904872390026585,2.1214065044234256,2.2606613924700407
2021-02-04,2.801624852020036,2.050392399721038,2.0846660939377877,2.2563661358243476
2021-02-05,2.761991644956199,2.0254266710481157,2.0545363384222126,2.260427594868831
2021-02-08,2.7773586781352115,2.0359650863495675,2.076853053430054,2.293429837753916
2021-02-09,2.8421615961075712,2.08065109683774,2.1198276121316413,2.3434266082169515
2021-02-10,2.8696066606661415,2.094579799788354,2.140996909359327,2.393810280293616
2021-02-18,2.901689828381504,2.122333638225353,2.1803554945926713,2.3770536083315603
2021-02-19,2.9454012740407585,2.1476150388359327,2.2138034376274627,2.3813323048265573
2021-02-22,2.946483110301135,2.1524400958473855,2.2169326478103897,2.307034736915969
2021-02-23,2.9348868734130074,2.1474694788391977,2.2108303390008155,2.2994215222841463
2021-02-24,2.9163495768711094,2.136625528267419,2.1956072158284403,2.240786273465901
2021-02-25,2.9079396572713927,2.133190730142802,2.184156612084813,2.25400691247935
2021-02-26,2.8910193784318627,2.1206451649681846,2.1657871225863348,2.199685345888598
2021-03-01,2.960144223385774,2.175529841457121,2.2182266759573332,2.232900594611515
2021-03-02,2.9572297015681035,2.1636413160980497,2.201762905682862,2.2043194670004875
2021-03-03,2.9865646223416826,2.1865195140678853,2.232440674084918,2.246642400766897
2021-03-04,2.931142987985563,2.1477652238944804,2.1938962747860433,2.1763224936228935
2021-03-05,2.957746304311706,2.17118756677388,2.2041980862474855,2.1693582616433003
2021-03-08,2.9033031666840428,2.1253847195142717,2.161219832059424,2.0940815299642774
2021-03-09,2.8216754596159133,2.0563266666092685,2.1025738969403927,2.049477593376038
2021-03-10,2.797935133037312,2.0353544196036335,2.083625583659976,2.062799197732983
2021-03-11,2.8428240368944637,2.077387592706317,2.131992217823538,2.1135440579972142
2021-03-12,2.8437199348327895,2.0780565811555176,2.139224834500198,2.120941462200204
2021-03-15,2.8156308808617307,2.060987811970482,2.1268858309267378,2.0753412207629003
2021-03-16,2.8566972182785646,2.0897949905945996,2.1497659537074454,2.0933966893835376
2021-03-17,2.8899607458425676,2.1080985615298724,2.16978892318242,2.102188955478948
2021-03-18,2.90290700282077,2.122381176165625,2.171920883931479,2.118796248227232
2021-03-19,2.8762016728892865,2.1132716656452146,2.1577389279892523,2.0632837865236784
2021-03-22,2.9207367761192993,2.1395107461063754,2.1970078607714103,2.0841229527675678
2021-03-23,2.900751516615825,2.1223821824973608,2.169994758675327,2.0645321970115527
2021-03-24,2.8735255537156457,2.0940842343981148,2.1434584074275644,2.03191258829877
2021-03-25,2.8671466415154176,2.096002593522147,2.1397757041438386,2.0310998232634505
2021-03-26,2.9049992376450056,2.125046814223956,2.175623955305143,2.0770026792692047
2021-03-29,2.910218851271118,2.1278992524137466,2.175226923404919,2.080325883556035
2021-03-30,2.8991769135275125,2.1237789599731287,2.175430407753615,2.0998809468614623
2021-03-31,2.8960811106796562,2.126731052257443,2.1720701105236246,2.08098201833971
2021-04-01,2.9130246560323636,2.1322050705326365,2.19104791195813,2.1067861953671216
2021-04-02,2.9305172171914933,2.142865492837632,2.19682559510261,2.127643378701256
2021-04-06,2.9581773041937343,2.164982442023036,2.225134851387608,2.1189200408485807
2021-04-07,2.9539040155668697,2.164175580432814,2.2218088802260842,2.1036638165544717
2021-04-08,2.9541923229386913,2.160663825802457,2.2190391883493037,2.107240045042614
2021-04-09,2.9551724639585317,2.1653214505346097,2.207098137599848,2.075842168371479
2021-04-12,2.894653675294217,2.1193496598117347,2.173466868244504,2.0399300988586524
2021-04-13,2.872021317842163,2.106405800806917,2.1599525958699792,2.036462217690593
2021-04-14,2.9093157697556773,2.136456033963312,2.1880728614896814,2.053161207875656
2021-04-15,2.8999049047327015,2.1315456330601297,2.184664990916829,2.040020976145252
2021-04-16,2.9410242752397737,2.159131723353848,2.208922611236834,2.0471610495617605
2021-04-19,2.9942800042371296,2.193762641678589,2.245738847923561,2.0969070630661113
2021-04-20,2.9964805264217427,2.1892716235021985,2.2393878573364567,2.0954392281219647
2021-04-21,2.991857906194591,2.1773327732215755,2.241695744595163,2.1017255458063304
2021-04-22,3.0035805428910667,2.192826017233473,2.2519221758476675,2.099203475151363
2021-04-23,2.990989890493841,2.179240448328891,2.235972351099658,2.118726067470271
2021-04-26,2.974760951945666,2.180517568721772,2.2310115784681965,2.094996335514604
2021-04-27,2.9699751913330736,2.171233128444002,2.224102926948132,2.100443325986942
2021-04-28,2.955828029300654,2.1789553510010977,2.2269699551521542,2.1122058086124693
2021-04-29,2.9460516952302713,2.1747676762673023,2.214100269873722,2.13100444030912
2021-04-30,2.934087116739772,2.164005215458566,2.2062214150059747,2.1141695052306777
2021-05-06,2.912941013162936,2.1618832488524484,2.212548956022227,2.0883766372668635
2021-05-07,2.87287300924181,2.125780896837796,2.1960753424864023,2.061645416309848
2021-05-10,2.8734294119417485,2.1167443655715363,2.2007220315743554,2.0599960999767997
2021-05-11,2.8827478371386066,2.1286211730191753,2.2077657764008105,2.072768075796656
2021-05-12,2.9283016327024503,2.1564074057516094,2.228038949618127,2.0816809785225816
2021-05-13,2.905425174843498,2.1458608831958115,2.2142932836866427,2.060447832541651
2021-05-14,2.9413702427641275,2.1735586134589706,2.2462953387478177,2.1092804461728885
2021-05-17,2.933652068930891,2.1744996097950526,2.2413899862966993,2.1400759406870127
2021-05-18,2.937510993284112,2.18220346112364,2.2490446643842104,2.140931971063287
2021-05-19,2.9419259643145086,2.1811837640667058,2.246145835472799,2.13493736154431
2021-05-20,2.9544066765578902,2.1859161236707054,2.24584687008565,2.140915186156634
2021-05-21,2.954924334993719,2.186363867590716,2.242178746594286,2.1195060342950676
2021-05-24,2.9697746449029836,2.1978354281836596,2.2523329617598282,2.128196009035677
2021-05-25,3.0059287192729878,2.2260928500233574,2.2744407283511885,2.1954470029212043
2021-05-26,3.0199902036268362,2.2307003053959606,2.2866885870890314,2.196105637022081
2021-05-27,3.0518569268091658,2.254116274219913,2.3062419030468746,2.203352785624254
2021-05-28,3.0407065682454624,2.2416873755611797,2.3052362857809325,2.196522391988819
2021-05-31,3.0986074419995364,2.2853168017255467,2.337098295645032,2.2009154367727968
2021-06-01,3.1135430865435305,2.293889982562588,2.3482284925236905,2.205317267646342
2021-06-02,3.0750299637893654,2.272895381144245,2.3202288432749287,2.1848078170572314
2021-06-03,3.0673211562382976,2.2674454863094278,2.3208024120967607,2.170825047028065
2021-06-04,3.0799356402761107,2.281197209455539,2.330628529276413,2.1827645847867196
2021-06-07,3.116890357869731,2.311819379454579,2.344140680959175,2.1814549260358476
2021-06-08,3.1237727535611954,2.311641876827432,2.3395277419930807,2.162694413671939
2021-06-09,3.1304761016891254,2.3169959698645903,2.3492522716354114,2.1650733775269786
2021-06-10,3.1699097119103636,2.3430628344993982,2.3580434693624905,2.1800123838319143
2021-06-11,3.1277272614706226,2.3184723131575184,2.3440452292464085,2.162354283522876
2021-06-15,3.1032632488942262,2.3043411146228028,2.3385236750719045,2.1381359155474198
2021-06-16,3.0646060279915845,2.2829573257139915,2.296542957322429,2.1032843001239967
2021-06-17,3.1047764866558616,2.3017734592263928,2.31944950165206,2.113169736334579
2021-06-18,3.1295528442283325,2.3300160245770893,2.336005222103278,2.114226321202746
2021-06-21,3.187694406081957,2.357668097753912,2.3790877270425983,2.1089407553997397
2021-06-22,3.200826275266163,2.368029840417047,2.3825269229776893,2.122227082158758
2021-06-23,3.2201529882222735,2.3853054670251224,2.4002239396605782,2.1332626629859837
2021-06-24,3.218924396625734,2.3632946568797353,2.3852282421392603,2.137315862045657
2021-06-25,3.217576270334715,2.369897290592599,2.3960072021920613,2.173650231700433
2021-06-28,3.2475594360269735,2.396340275230809,2.405955127776667,2.1784322622101744
2021-06-29,3.2324612026039063,2.3818978740004537,2.399679373510037,2.1544695073258624
2021-06-30,3.26438971356726,2.4061260377621894,2.4296857316434646,2.169335346926411
2021-07-01,3.2176682780611072,2.367539296393118,2.3762581869856207,2.1712877487386444
2021-07-02,3.1908318301662426,2.3585048192775817,2.3669690950799778,2.1100574342242147
2021-07-05,3.233080566938926,2.386549924116675,2.396021022655431,2.111956485915016
2021-07-06,3.2242371262613165,2.3706151025408766,2.399222892731834,2.112378877212199
2021-07-07,3.2472309377092867,2.403496035901556,2.4378815942932217,2.1370937100755816
2021-07-08,3.235036742288555,2.401464930829634,2.4180131976605868,2.115936482345833
2021-07-09,3.246146394168182,2.4252669846819823,2.4479932008765966,2.110011860195265
2021-07-12,3.2998023238581884,2.469419110006143,2.4852009610904195,2.136598009633725
2021-07-13,3.3072893385063153,2.4748350905000076,2.4817670723257983,2.143007803662626
2021-07-14,3.266188904955551,2.4481931962031247,2.469860469230132,2.118363213920506
2021-07-15,3.2519660633526266,2.4271381035978106,2.4670318679040792,2.1469611173084333
2021-07-16,3.2358111682224298,2.410190007888125,2.4564643880631483,2.124847417800156
2021-07-19,3.233436891834849,2.402862634545716,2.4479808243375833,2.132496868504237
2021-07-20,3.2567851859052546,2.416800058640833,2.455850279654851,2.130790871009433
2021-07-21,3.3040445257830404,2.463683318765279,2.4908416447545667,2.1463456443678024
2021-07-22,3.315461150973572,2.4929379195281385,2.5130368683463074,2.1497797973987907
2021-07-23,3.281567273591401,2.460355298144873,2.482257588727408,2.123982439830005
2021-07-26,3.24199320487634,2.428422951323757,2.453173117569032,2.055590205267479
2021-07-27,3.176557212770554,2.3871753430784284,2.3916201905525565,1.984055666124171
2021-07-28,3.0995062749430393,2.334618336775148,2.344143391917325,1.987626966323195
2021-07-29,3.22683977937008,2.419500325441568,2.409252386981646,2.0251931159867027
2021-07-30,3.263670131947441,2.4422139048808016,2.4429355979638014,2.0095991289936053
2021-08-02,3.3399405365543933,2.4933908114000403,2.491895942108423,2.060642946870043
2021-08-03,3.315804814987886,2.4727413934764297,2.470718339560115,2.06084901116473
2021-08-04,3.3702669012546806,2.524237648050348,2.50809278288229,2.079190567364096
2021-08-05,3.352806906129743,2.5096527422435515,2.4932903920912732,2.0667154239599115
2021-08-06,3.347209845899946,2.4889711695012484,2.4892577272130474,2.055555160670528
2021-08-09,3.3657871095576093,2.5099809888757942,2.510459259959157,2.082277377759245
2021-08-10,3.3954297095156316,2.5347911478167706,2.533392631665868,2.1062235676034766
2021-08-11,3.4090365302397387,2.5449527304288546,2.547985733956164,2.0948499603384176
2021-08-12,3.42007456231053,2.5422348565797925,2.5568141311560986,2.0772532206715746
2021-08-13,3.3912240569737597,2.540735914153674,2.5429767909147296,2.066036053279949
2021-08-16,3.3802782320227434,2.5187165202297304,2.5343066032556507,2.064383224437325
2021-08-17,3.2862787885603755,2.447935639652126,2.4729491412216555,2.021237615046584
2021-08-18,3.2948472052216404,2.4611440137136555,2.4887113897318125,2.0448860951426293
2021-08-19,3.314073010581415,2.473449274425475,2.489149259462163,2.0315943355242028
2021-08-20,3.2916134088242055,2.4541614193063186,2.4924885707166595,1.9936035214499004
2021-08-23,3.371533377069395,2.5145463615982404,2.5488630742051672,2.0231088535673587
2021-08-24,3.3956544261768418,2.5323459459564948,2.557169505774432,2.0451607400712426
2021-08-25,3.4126276044950234,2.550949700246319,2.589209670124095,2.049251061551385
2021-08-26,3.3852125906593638,2.514317099055343,2.576745703137348,2.0092906658511334
2021-08-27,3.3778753871568536,2.5149190724159256,2.5788628520281875,2.019939906380144
2021-08-30,3.3589322926452905,2.4983265529147634,2.6035748352348955,2.0134760986797278
2021-08-31,3.3293258026500423,2.476866597746646,2.6032956329604975,2.0106572321415763
2021-09-01,3.261524113949328,2.454632877349577,2.5273976963231757,2.0376000390522737
2021-09-02,3.271239467880382,2.454632877349577,2.5573427504321904,2.0373962790483686
2021-09-03,3.264667539952538,2.454632877349577,2.5587332300536496,2.0265980787694122
2021-09-06,3.3252285035166245,2.454632877349577,2.5815273251226323,2.0644954628424
2021-09-07,3.344863714186442,2.454632877349577,2.6085039831918904,2.089269408396509
2021-09-08,3.3350248373068387,2.454632877349577,2.628500206526229,2.0804944768812437
2021-09-09,3.3225268924858637,2.454632877349577,2.6322081534898087,2.0794542296428036
2021-09-10,3.3136900324684047,2.454632877349577,2.6254318126172516,2.0981693177095884
2021-09-13,3.3124869381407684,2.454632877349577,2.6403170534708806,2.088517738848124
2021-09-14,3.279867272880437,2.454632877349577,2.618889939850356,2.0576076763131717
2021-09-15,3.3030660757275943,2.454632877349577,2.631522921137889,2.0366200780147774
2021-09-16,3.245096422712469,2.454632877349577,2.5918692701458097,2.0121806370786004
2021-09-17,3.2445237231561608,2.454632877349577,2.6032032580599416,2.0325036615130943
2021-09-22,3.24350347879898,2.454632877349577,2.613552806012681,2.0182761358825028
2021-09-23,3.248592407672168,2.454632877349577,2.6227166653485074,2.0313949307657393
2021-09-24,3.211134324250648,2.454632877349577,2.584687060359734,2.0301760938072793
2021-09-27,3.148174060576274,2.454632877349577,2.4991732239480715,2.0413420623232197
2021-09-28,3.1514361714573154,2.454632877349577,2.5045172608473782,2.0439958070042397
2021-09-29,3.076027645368674,2.454632877349577,2.433997320832419,2.023351449353497
2021-09-30,3.1304894896927578,2.454632877349577,2.484332883784627,2.03670556891923
2021-10-08,3.1461247504790473,2.454632877349577,2.5191337465811596,2.062979070758288
2021-10-11,3.1389848514815304,2.454632877349577,2.510840299633395,2.065660943550274
2021-10-12,3.090495828050244,2.454632877349577,2.466202015258703,2.0431452392655762
2021-10-13,3.1184161336350478,2.454632877349577,2.4766110568732342,2.0668457240410567
2021-10-14,3.150645019701816,2.454632877349577,2.4980241889985164,2.055891441703639
2021-10-15,3.1409015633112354,2.454632877349577,2.4826141898477267,2.0641150074704537
2021-10-18,3.1273467876843757,2.454632877349577,2.49727527099114,2.039758450382302
2021-10-19,3.1495215923881172,2.454632877349577,2.5133530412897107,2.0601560348861248
2021-10-20,3.148835595656941,2.454632877349577,2.512562311526854,2.054799629195421
2021-10-21,3.133760488746944,2.454632877349577,2.4981168623262153,2.0619914278976053
2021-10-22,3.123805033897587,2.454632877349577,2.47576503909243,2.075806770464519
2021-10-25,3.151058354671487,2.454632877349577,2.4945141650779745,2.084732739577516
2021-10-26,3.136240027522106,2.454632877349577,2.486449341821168,2.0778531215369105
2021-10-27,3.0722369054433725,2.454632877349577,2.4441404872750976,2.0504254603326233
2021-10-28,3.0347428182190463,2.454632877349577,2.402365829642831,2.0362775246563283
2021-10-29,3.0788364563441517,2.454632877349577,2.4395012794314193,2.0550112778831666
2021-11-01,3.122601469440236,2.454632877349577,2.4654223529810873,2.047613237282787
2021-11-02,3.09540166399489,2.454632877349577,2.443499294349337,2.0263180596150456
2021-11-03,3.1208353729754883,2.454632877349577,2.459849832441982,2.01882068279447
2021-11-04,3.175507547104833,2.454632877349577,2.5013429392526634,2.038605125485856
2021-11-05,3.1682558612000054,2.454632877349577,2.488469963083028,2.027800518320781
2021-11-08,3.1658354906807245,2.454632877349577,2.4933567348670915,2.030031098890934
2021-11-09,3.2026100659653176,2.454632877349577,2.5255273899087456,2.0294220895612667
2021-11-10,3.2289367536310696,2.454632877349577,2.5344529177257593,2.018666152486592
2021-11-11,3.2600493533196797,2.454632877349577,2.5719753897770747,2.051166677541626
2021-11-12,3.2851046136703603,2.454632877349577,2.5955550469903352,2.0470643441865426
2021-11-15,3.3138406588468428,2.454632877349577,2.6040942761970642,2.0446078669735193
2021-11-16,3.2938686037074385,2.454632877349577,2.5880799092590197,2.045016788546914
2021-11-17,3.3373417174236315,2.454632877349577,2.6254834568031717,2.046039296941187
2021-11-18,3.3066544219729614,2.454632877349577,2.606590869519474,2.0259881118311633
2021-11-19,3.3501760655162416,2.454632877349577,2.6349500286867364,2.0478687834389397
2021-11-22,3.3984802631732913,2.454632877349577,2.65403934581635,2.056879406086071
2021-11-23,3.400236552138793,2.454632877349577,2.6616989244509153,2.057290781967288
2021-11-24,3.421630230025128,2.454632877349577,2.67521988812752,2.0587308855146653
2021-11-25,3.428171329306168,2.454632877349577,2.6710416290106265,2.0504959619726066
2021-11-26,3.4146743290338373,2.454632877349577,2.669839786487066,2.035117242257812
2021-11-29,3.4327036226041328,2.454632877349577,2.681025145756586,2.031657542945974
2021-11-30,3.44651110066382,2.454632877349577,2.6964158074387354,2.0235309127741896
2021-12-01,3.4634152323754126,2.454632877349577,2.7208626544291987,2.028387386964848
2021-12-02,3.396481279904243,2.454632877349577,2.700398448556964,2.03345835543226
2021-12-03,3.41079839841153,2.454632877349577,2.7055415736171895,2.052166172302237
2021-12-06,3.332046087254823,2.454632877349577,2.665719199471106,2.048267056574863
2021-12-07,3.3053528387983455,2.454632877349577,2.6464697805796025,2.0597373520916826
2021-12-08,3.341443068182252,2.454632877349577,2.669973181210466,2.0904274386378483
2021-12-09,3.369948381905319,2.454632877349577,2.6826611473863524,2.124501405887645
2021-12-10,3.3993396046791493,2.454632877349577,2.688553706808703,2.1143037991393845
2021-12-13,3.4193840073553075,2.454632877349577,2.700047854148682,2.1257210396547372
2021-12-14,3.4402056860923187,2.454632877349577,2.7169614317026536,2.1116912807930155
2021-12-15,3.4245735714917256,2.454632877349577,2.7104739359481034,2.0935307357781956
2021-12-16,3.4504451120326642,2.454632877349577,2.738157339231377,2.1054638609721312
2021-12-17,3.4010374168683093,2.454632877349577,2.7119040349266443,2.0724080783548686
2021-12-20,3.3568567546739763,2.454632877349577,2.673234105069553,2.041943679603052
2021-12-21,3.3846916436963843,2.454632877349577,2.711961786623335,2.0556247022563925
2021-12-22,3.4139183816439878,2.454632877349577,2.729595432313876,2.0562413896670697
2021-12-23,3.398025641914006,2.454632877349577,2.728620893991887,2.0700182069778386
2021-12-24,3.332818158898803,2.454632877349577,2.6761329464923636,2.058840108660158
2021-12-27,3.3517032821181854,2.454632877349577,2.692695968076566,2.058016572616694
2021-12-28,3.375954194075433,2.454632877349577,2.7065899127809754,2.073245895254058
2021-12-29,3.37505583558496,2.454632877349577,2.6941230583833002,2.043183829772874
2021-12-30,3.430429758644328,2.454632877349577,2.7195941128958827,2.058916345262125
2021-12-31,3.4428706302405896,2.454632877349577,2.735792126932448,2.0669461190086476
2022-01-04,3.459568366018846,2.454632877349577,2.7758245758739006,2.0576448614731087
2022-01-05,3.4068190297184864,2.454632877349577,2.7454967669526873,2.0370684128583774
2022-01-06,3.4278605903844133,2.454632877349577,2.7591901607402542,2.016290315047222
2022-01-07,3.373582078753689,2.454632877349577,2.707827058348702,2.0183066053622687
2022-01-10,3.401296925542323,2.454632877349577,2.7393191580795673,2.026985323765327
2022-01-11,3.3594786887443817,2.454632877349577,2.742660413706578,2.0077289631895567
2022-01-12,3.420371095603466,2.454632877349577,2.7688143319384806,2.0278062528214518
2022-01-13,3.3907069140986295,2.454632877349577,2.7434728275298506,1.9949557915257445
2022-01-14,3.4176665169633376,2.454632877349577,2.742947941232888,1.9785971540352334
2022-01-17,3.4659936198654764,2.454632877349577,2.787184582643457,1.9952173701291294
2022-01-18,3.417285143622686,2.454632877349577,2.7436950504042104,2.0143714568823694
2022-01-19,3.4029954433533467,2.454632877349577,2.7511053837014794,2.000673730975569
2022-01-20,3.3157037459496417,2.454632877349577,2.684962419199962,2.018679794554349
2022-01-21,3.2718946164299316,2.454632877349577,2.6541574208848573,2.000107940444449
2022-01-24,3.269376855872702,2.454632877349577,2.645798585340758,2.003108102355116
2022-01-25,3.147276681491986,2.454632877349577,2.5396674072786896,1.9580381700521257
2022-01-26,3.163925267562481,2.454632877349577,2.5483006674733453,1.9721360448765013
2022-01-27,3.0623525983849174,2.454632877349577,2.465576133254995,1.9334821783969218
2022-01-28,3.091577203605518,2.454632877349577,2.4897057912838765,1.9100870440383189
2022-02-07,3.106602951110187,2.454632877349577,2.522141621327876,1.9389293584032976
2022-02-08,3.117083769155487,2.454632877349577,2.554330329499355,1.9282652469320793
2022-02-09,3.1456266055460196,2.454632877349577,2.5971729611929577,1.9461981137285478
2022-02-10,3.1149241524114606,2.454632877349577,2.598870416493563,1.9411379986328534
2022-02-11,3.032351707846854,2.454632877349577,2.543779959737286,1.9250265532442008
2022-02-14,3.022476159170673,2.454632877349577,2.549291309261883,1.9042362664691634
2022-02-15,3.0581405247895574,2.454632877349577,2.572576220561475,1.9244211708937362
2022-02-16,3.0911263055250617,2.454632877349577,2.5946825051258844,1.931926413460222
2022-02-17,3.0766255256229194,2.454632877349577,2.587387593532276,1.9365630368525268
2022-02-18,3.1043719427446805,2.454632877349577,2.6107924664405964,1.9456648831257335
2022-02-21,3.1350952296620376,2.454632877349577,2.6419800936921622,1.9384659230581682
2022-02-22,3.0966275058073083,2.454632877349577,2.6079171522986573,1.913265866058412
2022-02-23,3.160545876225914,2.454632877349577,2.6450510813563444,1.933737810825237
2022-02-24,3.094059098067134,2.454632877349577,2.570583128742631,1.894482933265485
2022-02-25,3.1311888021273933,2.454632877349577,2.5958812516744296,1.9130488660114864
2022-02-28,3.1302964877587587,2.454632877349577,2.598313865804161,1.9163010490837062
2022-03-01,3.152142979618335,2.454632877349577,2.62010188581486,1.932206347791101
2022-03-02,3.144038543194179,2.454632877349577,2.630176933366984,1.9150097112957598
2022-03-03,3.112188917898089,2.454632877349577,2.631018998830884,1.903711153999115
2022-03-04,3.078564085024676,2.454632877349577,2.6012251524753944,1.8806762490357254
2022-03-07,3.0084907604379185,2.454632877349577,2.5565897561271473,1.8204946090665823
2022-03-08,2.927985065239077,2.454632877349577,2.4737407491295427,1.7840847168852505
2022-03-09,2.8805822228443434,2.454632877349577,2.4440947030799594,1.7673143205465294
2022-03-10,2.934810457579675,2.454632877349577,2.4860894824661326,1.7954146182432191
2022-03-11,2.948563014886109,2.454632877349577,2.5008482632775255,1.8011599450215976
2022-03-14,2.8748208476433383,2.454632877349577,2.4406184819624044,1.746404682692941
2022-03-15,2.737765496587641,2.454632877349577,2.3180116384723926,1.6665939886938737
2022-03-16,2.8275066966207474,2.454632877349577,2.3901949258078634,1.7384241896065795
2022-03-17,2.8815771893620385,2.454632877349577,2.4362100741325285,1.7721496188849473
2022-03-18,2.898178398906043,2.454632877349577,2.4743696181948307,1.783845806369588
2022-03-21,2.9230119563934966,2.454632877349577,2.510233647445361,1.7806348839181225
2022-03-22,2.8959426944170428,2.454632877349577,2.509349319434537,1.779210376010988
2022-03-23,2.909869098550998,2.454632877349577,2.518761893645412,1.7882843489286442
2022-03-24,2.8620716821909298,2.454632877349577,2.4834073150394875,1.777733471269965
2022-03-25,2.83587718761272,2.454632877349577,2.474623321972424,1.7457342687871056
2022-03-28,2.807116062781272,2.454632877349577,2.477267611123649,1.7347361428937471
2022-03-29,2.768844362844927,2.454632877349577,2.4454361116204604,1.7288380400079084
2022-03-30,2.831217903243285,2.454632877349577,2.484472793826999,1.7789743431681377
2022-03-31,2.814777707106238,2.454632877349577,2.4722803909080886,1.7658099330286934
2022-04-01,2.8088611554601393,2.454632877349577,2.4612405486189477,1.788059138184855
2022-04-06,2.813455352072917,2.454632877349577,2.4936548639666745,1.7825161548564818
2022-04-07,2.7578686246288706,2.454632877349577,2.4330893396889963,1.7598781996898043
2022-04-08,2.7293847104385507,2.454632877349577,2.4195515601665516,1.7693815419681294
2022-04-11,2.649310925298426,2.454632877349577,2.3520467974690744,1.7147076523213143
2022-04-12,2.6927438649451694,2.454632877349577,2.3930800827505445,1.7479729807763478
2022-04-13,2.636895525554664,2.454632877349577,2.3474530370212223,1.73154203475705
2022-04-14,2.645215596294703,2.454632877349577,2.3667833454645146,1.7530131559880375
2022-04-15,2.5915196937506675,2.454632877349577,2.3190347288930084,1.751610745463247
2022-04-18,2.6325947940734977,2.454632877349577,2.3350004871450762,1.7421520474377454
2022-04-19,2.624527976754872,2.454632877349577,2.359744352236191,1.7290859070819626
2022-04-20,2.6087878049636517,2.454632877349577,2.339285025884802,1.702285075522192
2022-04-21,2.531471186981869,2.454632877349577,2.251162890202832,1.670963030132584
2022-04-22,2.506506175649444,2.454632877349577,2.2191079295585485,1.6783152674651671
2022-04-25,2.3141781492522355,2.454632877349577,2.060724896310003,1.5959099878326275
2022-04-26,2.2432928321670795,2.454632877349577,1.9905142160016194,1.5829831169311834
2022-04-27,2.3096088781035737,2.454632877349577,2.040537424086412,1.6292062239455736
2022-04-28,2.283940397656405,2.454632877349577,2.020025199641478,1.6399589850236143
2022-04-29,2.3886789217180553,2.454632877349577,2.1024430079796197,1.6799739842581902
2022-05-05,2.4286366542023887,2.454632877349577,2.1327781181937424,1.6772860258833773
2022-05-06,2.403846649338191,2.454632877349577,2.111724336660811,1.635018418031116
2022-05-09,2.4372203018943033,2.454632877349577,2.1440419929427903,1.6217747688450639
2022-05-10,2.495935629238339,2.454632877349577,2.186073563767342,1.6397764687792442
2022-05-11,2.5185415107508273,2.454632877349577,2.1817385698655007,1.6633892499296656
2022-05-12,2.534575792301542,2.454632877349577,2.1984564444114447,1.6559039983049821
2022-05-13,2.541659296403232,2.454632877349577,2.214935547836963,1.6684888686920998
2022-05-16,2.5371044753419243,2.454632877349577,2.2234765702318304,1.6551409577425629
2022-05-17,2.538210783115323,2.454632877349577,2.216071756939261,1.6756647056185707
2022-05-18,2.55253281389816,2.454632877349577,2.238376293877673,1.6699674456194675
2022-05-19,2.576590160576067,2.454632877349577,2.247772834828851,1.6733073805107064
2022-05-20,2.592554607249249,2.454632877349577,2.276969620434251,1.7059368744306653
2022-05-23,2.6264886796532805,2.454632877349577,2.305876693803481,1.6958718468715244
2022-05-24,2.5115759836001708,2.454632877349577,2.2123597236537313,1.6565276200241048
2022-05-25,2.538899308767544,2.454632877349577,2.268786895036258,1.6664667857442494
2022-05-26,2.549008957360528,2.454632877349577,2.2755469832181383,1.6719661261372056
2022-05-27,2.5426096354150074,2.454632877349577,2.2733229311879715,1.6754772550020938
2022-05-30,2.5682057087769765,2.454632877349577,2.287971590158074,1.6877082389636093
2022-05-31,2.620550015556133,2.454632877349577,2.3152543122733347,1.7138677166675456
2022-06-01,2.656182109842134,2.454632877349577,2.326813113946624,1.7111255283208773
2022-06-02,2.7176853865576573,2.454632877349577,2.3452032028830994,1.7148900044831832
2022-06-06,2.7888763327495667,2.454632877349577,2.379507057653014,1.7469584475670188
2022-06-07,2.763970800268046,2.454632877349577,2.3613819830809355,1.7523740187544765
2022-06-08,2.748110691843066,2.454632877349577,2.358998946706925,1.7697225215401458
2022-06-09,2.6840621750216895,2.454632877349577,2.3230042805289033,1.7518483240725904
2022-06-10,2.7406847126103764,2.454632877349577,2.355770327943276,1.778126048933679
2022-06-13,2.7575667132258754,2.454632877349577,2.368297639417338,1.7571441615562617
2022-06-14,2.7323117184596883,2.454632877349577,2.3712076424940274,1.7706741716002452
2022-06-15,2.7404668272174995,2.454632877349577,2.3689362391773288,1.7947553403340084
2022-06-16,2.7739037885669564,2.454632877349577,2.3836146197987955,1.7841662838260377
2022-06-17,2.796972915664748,2.454632877349577,2.3869293384735215,1.8091446117996022
2022-06-20,2.82970064513402,2.454632877349577,2.4103894822618996,1.81945673608686
2022-06-21,2.8153070029570406,2.454632877349577,2.396165530482058,1.8181831163715994
2022-06-22,2.77433391959857,2.454632877349577,2.3688822869972372,1.7956376457285916
2022-06-23,2.8373642303474442,2.454632877349577,2.418331202919874,1.8267021769996963
2022-06-24,2.8772402140669904,2.454632877349577,2.4479510425076043,1.848622603123693
2022-06-27,2.885351092356532,2.454632877349577,2.462363723900917,1.8695120385389905
2022-06-28,2.918366635316522,2.454632877349577,2.482560167176332,1.88914191494365
2022-06-29,2.8585865145511815,2.454632877349577,2.4358187733504795,1.8615604429854726
2022-06-30,2.8852635957117907,2.454632877349577,2.460594482320011,1.8902284738074489
2022-07-01,2.8730245561313006,2.454632877349577,2.4492237330579307,1.8822895142174576
2022-07-04,2.8867644407673847,2.454632877349577,2.4638131021220557,1.894336167108449
2022-07-05,2.8729454926881575,2.454632877349577,2.44968161298482,1.891494662857787
2022-07-06,2.874415768631574,2.454632877349577,2.4285884885134994,1.8644462891789202
2022-07-07,2.8677922319454225,2.454632877349577,2.4511550152072075,1.8730227421091434
2022-07-08,2.8668720999186803,2.454632877349577,2.4490353516689574,1.8683401852538704
2022-07-11,2.840858192145067,2.454632877349577,2.440604387336432,1.8378862402342324
2022-07-12,2.7917968439687257,2.454632877349577,2.4078491903760044,1.8228155730643114
2022-07-13,2.8188313529260354,2.454632877349577,2.4318001816638692,1.8262789226531335
2022-07-14,2.8772395489180655,2.454632877349577,2.4471439133365047,1.8268268063299298
2022-07-15,2.846357422105224,2.454632877349577,2.406879957443973,1.8003378176381457
2022-07-18,2.894553005371002,2.454632877349577,2.4655614192075666,1.818701263378055
2022-07-19,2.91413042610675,2.454632877349577,2.4866789574258252,1.8090621466821513
2022-07-20,2.9453081116286306,2.454632877349577,2.5040009289250253,1.8152129579808707
2022-07-21,2.947871057694126,2.454632877349577,2.497965765439341,1.7963347432178698
2022-07-22,2.9306085639843427,2.454632877349577,2.4887433497178533,1.7972329105894784
2022-07-25,2.895988044636096,2.454632877349577,2.4704731963516857,1.7866292364170007
2022-07-26,2.9247448115991705,2.454632877349577,2.501473954542375,1.800743607384695
2022-07-27,2.9551978267644476,2.454632877349577,2.518573473198595,1.7919199637085101
2022-07-28,2.9843845895295344,2.454632877349577,2.5382360119982375,1.7926367316939933
2022-07-29,2.965028816204296,2.454632877349577,2.5200059237815733,1.7695117178551405
2022-08-01,3.0117858897632646,2.454632877349577,2.535575646100215,1.7772975694137032
2022-08-02,2.9001974859662623,2.454632877349577,2.437975748968517,1.7428179965670774
2022-08-03,2.898768984501846,2.454632877349577,2.4238041139596733,1.7259126620003769
2022-08-04,2.931123583196623,2.454632877349577,2.458222615611996,1.74041032836118
2022-08-05,2.98673579099383,2.454632877349577,2.497897936687456,1.7652981960567447
2022-08-08,3.0256128504352198,2.454632877349577,2.53582198294592,1.7615910698450257
2022-08-09,3.0563470704890143,2.454632877349577,2.5373993279026976,1.7649380928777312
2022-08-10,3.0608026343856,2.454632877349577,2.5547357843798277,1.7451707862375005
2022-08-11,3.1049290992215477,2.454632877349577,2.5830925831864526,1.7807722702767455
2022-08-12,3.0607673296152003,2.454632877349577,2.566836190574885,1.780059961368635
2022-08-15,3.0661914582325407,2.454632877349577,2.57777821480823,1.7775678774227188
2022-08-16,3.084373708357498,2.454632877349577,2.589241400540222,1.7741904984556156
2022-08-17,3.09614651403599,2.454632877349577,2.6026499199888553,1.7908678891410985
2022-08-18,3.123103432784805,2.454632877349577,2.6089058275363493,1.775287338505571
2022-08-19,3.0634818412704146,2.454632877349577,2.5881030194946617,1.763215384603733
2022-08-22,3.0616759179135826,2.454632877349577,2.597301574425204,1.7760868569113404
2022-08-23,3.0745527563446955,2.454632877349577,2.6159482237849323,1.767739248683857
2022-08-24,2.9589838628236826,2.454632877349577,2.5389229128070845,1.7345057508086006
2022-08-25,2.9249701078264936,2.454632877349577,2.52115627989287,1.7492490496904736
2022-08-26,2.9070288999960496,2.454632877349577,2.4979416793788394,1.746450251210969
2022-08-29,2.942377727624103,2.454632877349577,2.5234550049534072,1.7385912250805198
2022-08-30,2.9242975462052385,2.454632877349577,2.513011745075863,1.732853874037754
2022-08-31,2.84689700498158,2.454632877349577,2.44364183741697,1.7342401571369839
2022-09-01,2.827545882828014,2.454632877349577,2.4362228333780984,1.7194991158013198
2022-09-02,2.871774149014912,2.454632877349577,2.4720565354407977,1.7107296703107333
2022-09-05,2.870429267212473,2.454632877349577,2.479194651076071,1.7071371380030806
2022-09-06,2.908576556075529,2.454632877349577,2.5135692769900695,1.7226720859589089
2022-09-07,2.933168996321913,2.454632877349577,2.519923724397833,1.72387795641908
2022-09-08,2.8968744538306206,2.454632877349577,2.5025061678345786,1.7166376690021201
2022-09-09,2.885694144208692,2.454632877349577,2.492072282107997,1.7403272688343494
2022-09-13,2.903753892256035,2.454632877349577,2.4970508637799966,1.7476366433634536
2022-09-14,2.8924568092664478,2.454632877349577,2.4781448945917584,1.7282378766221194
2022-09-15,2.79316865811449,2.454632877349577,2.4158944923281913,1.7121652643695335
2022-09-16,2.747483010762717,2.454632877349577,2.3612622715258342,1.6722718137097234
2022-09-19,2.7173876001772594,2.454632877349577,2.331892632893017,1.6704323147146427
2022-09-20,2.7535484025040966,2.454632877349577,2.3695553515405603,1.6724368334923005
2022-09-21,2.747076051841464,2.454632877349577,2.3797467256057,1.6602280446078066
2022-09-22,2.7584782741616345,2.454632877349577,2.3692795620022533,1.645618037815258
2022-09-23,2.6913816335331235,2.454632877349577,2.318464284715155,1.6400229364866863
2022-09-26,2.6706974020550236,2.454632877349577,2.2825279632760984,1.631658819510604
2022-09-27,2.7325759439257906,2.454632877349577,2.3313290407478355,1.6549915406296059
2022-09-28,2.6576702289442613,2.454632877349577,2.274001023500299,1.628511675979532
2022-09-29,2.663549460124791,2.454632877349577,2.2612807804833626,1.6278602713091403
2022-09-30,2.599919341849676,2.454632877349577,2.2373107852501533,1.618418681735547
2022-10-10,2.536796212269538,2.454632877349577,2.1978837217003715,1.5829753126055386
2022-10-11,2.544832730075716,2.454632877349577,2.213284567650711,1.5858246681682284
2022-10-12,2.634772259407197,2.454632877349577,2.270451499871008,1.609453455723935
2022-10-13,2.6733198832835785,2.454632877349577,2.2855778106500586,1.596416882732571
2022-10-14,2.743021750506082,2.454632877349577,2.3347537898436093,1.634251962853333
2022-10-17,2.7897106971471404,2.454632877349577,2.363056402616528,1.6358862148161861
2022-10-18,2.804328676920796,2.454632877349577,2.3718346637845436,1.6326144423865538
2022-10-19,2.78352493346419,2.454632877349577,2.3517999617407432,1.6066558727526077
2022-10-20,2.79059288917438,2.454632877349577,2.344147481819147,1.5983012622142942
2022-10-21,2.7978649127847848,2.454632877349577,2.346827141696433,1.5931866981752085
2022-10-24,2.7736834057765773,2.454632877349577,2.3172327498380163,1.5469842839281274
2022-10-25,2.765989986451368,2.454632877349577,2.311635502412192,1.5446638075022354
2022-10-26,2.8220604331445776,2.454632877349577,2.35575748514743,1.5565577188200026
2022-10-27,2.80299658137002,2.454632877349577,2.3565588339574552,1.5459731263320267
2022-10-28,2.728806104884012,2.454632877349577,2.2727356094773694,1.508096784736892
2022-10-31,2.761458354904783,2.454632877349577,2.29282597401688,1.4940714846388388
2022-11-01,2.8240905206173017,2.454632877349577,2.3461177489980125,1.5468122080465898
2022-11-02,2.8696486698827015,2.454632877349577,2.3734820656722393,1.565219273322344
2022-11-03,2.909994044889973,2.454632877349577,2.3822891947999603,1.552384475281101
2022-11-04,2.9551572215238657,2.454632877349577,2.424523714113809,1.6025264938326804
2022-11-07,2.9605371303638055,2.454632877349577,2.443862028366416,1.6057315468203457
2022-11-08,2.9467217065925477,2.454632877349577,2.4498646788827125,1.5949731454566494
2022-11-09,2.935654315980447,2.454632877349577,2.4446597469098448,1.5802993925184483
2022-11-10,2.904323048273054,2.454632877349577,2.4394565046034575,1.568289117135308
2022-11-11,2.90827322084089,2.454632877349577,2.4558191579801596,1.6115738967682425
2022-11-14,2.8887700771867184,2.454632877349577,2.456569446508177,1.6136689428340414
2022-11-15,2.9706396885219526,2.454632877349577,2.4964518772133486,1.643521818276471
2022-11-16,2.9531573393338064,2.454632877349577,2.492904849562237,1.6302092915484316
2022-11-17,2.9804016924783774,2.454632877349577,2.498531020419592,1.6231993915947736
2022-11-18,2.9571013035050244,2.454632877349577,2.4781371903755582,1.6162196342109159
2022-11-21,2.9841453091205263,2.454632877349577,2.4991483029231616,1.6026433892835443
2022-11-22,2.9456313726191325,2.454632877349577,2.4645144442311104,1.6028036536224726
2022-11-23,2.9246989371495875,2.454632877349577,2.4471333203709515,1.6045667376414576
2022-11-24,2.9237739399836076,2.454632877349577,2.461106898709507,1.5975066439958354
2022-11-25,2.884293118475039,2.454632877349577,2.435511087550151,1.6054941772158144
2022-11-28,2.859632046254024,2.454632877349577,2.42805426345513,1.5873520930132756
2022-11-29,2.901488742924327,2.454632877349577,2.475621652876158,1.6357663318501805
2022-11-30,2.8875097590809298,2.454632877349577,2.473662507806327,1.637892828081586
2022-12-01,2.922665272288522,2.454632877349577,2.4957079171978,1.6555820706248667
2022-12-02,2.9372342760292796,2.454632877349577,2.50829187110437,1.645483019994055
2022-12-05,2.942077204145934,2.454632877349577,2.5305767548051907,1.6772408422799405
2022-12-06,2.9341953930058677,2.454632877349577,2.517606988685479,1.6861302187440244
2022-12-07,2.942962449337437,2.454632877349577,2.525592930699981,1.682083506219039
2022-12-08,2.9312364330394614,2.454632877349577,2.50962707250949,1.6822517145696607
2022-12-09,2.927387796109156,2.454632877349577,2.5038293569120516,1.6980648806866154
2022-12-12,2.9256541631425117,2.454632877349577,2.5017675520410485,1.678876747534857
2022-12-13,2.897756974148485,2.454632877349577,2.498366059785245,1.6756868817145407
2022-12-14,2.886874822263395,2.454632877349577,2.496867140048627,1.680713942359684
2022-12-15,2.9007719306599853,2.454632877349577,2.505472832573459,1.6793693712057962
2022-12-16,2.852586647752748,2.454632877349577,2.4825459377590606,1.6803769928285197
2022-12-19,2.7964698407739355,2.454632877349577,2.4243301920246516,1.6544991871389605
2022-12-20,2.7815054838539623,2.454632877349577,2.4110089144018483,1.6273654004698817
2022-12-21,2.755001073604844,2.454632877349577,2.3936013551081308,1.6280163466300697
2022-12-22,2.720594308658353,2.454632877349577,2.3710884389334153,1.6302955695153516
2022-12-23,2.7021519983133966,2.454632877349577,2.354281954597382,1.627034978376321
2022-12-26,2.767978822507617,2.454632877349577,2.389247409459289,1.6333804147919888
2022-12-27,2.7889318089724995,2.454632877349577,2.4109741010229273,1.6533076558524509
2022-12-28,2.758810348898585,2.454632877349577,2.3836291050488736,1.6461984329322854
2022-12-29,2.765004850966335,2.454632877349577,2.3678161485372256,1.6399428788871426
2022-12-30,2.77245722727712,2.454632877349577,2.3845653077523155,1.6463386561148023
2023-01-03,2.845023315970787,2.454632877349577,2.4454294983755664,1.6530886446048731
2023-01-04,2.853555366253226,2.454632877349577,2.451797707404523,1.6552376598428595
2023-01-05,2.8828331898964787,2.454632877349577,2.468707378596417,1.687183746677827
2023-01-06,2.8934066898518815,2.454632877349577,2.46398317575784,1.6922452979178604
2023-01-09,2.917712439504582,2.454632877349577,2.477258145834358,1.7057832603012033
2023-01-10,2.926892743912275,2.454632877349577,2.479807264779833,1.7074890435615042
2023-01-11,2.897993869130544,2.454632877349577,2.450951697931451,1.7044155632830935
2023-01-12,2.8878084772461983,2.454632877349577,2.4445822485892608,1.7076539528533317
2023-01-13,2.891794864034905,2.454632877349577,2.4457920695399094,1.7315611081932782
2023-01-16,2.925907471589388,2.454632877349577,2.4718565684171976,1.7582271492594548
2023-01-17,2.935780502280073,2.454632877349577,2.464602928642279,1.7578755038296028
2023-01-18,2.9435609481880536,2.454632877349577,2.4702120201711395,1.7548871154730925
2023-01-19,2.965680562369365,2.454632877349577,2.4812263888234516,1.7655919268774785
2023-01-20,2.9773017368615156,2.454632877349577,2.5071319523619264,1.7763620376314309
2023-01-30,3.0006710970039725,2.454632877349577,2.536108753260953,1.7845333030045352
2023-01-31,2.9949201892728796,2.454632877349577,2.544046090048743,1.7657957033229876
2023-02-01,3.0561014446388928,2.454632877349577,2.5839971024993007,1.782217603363892
2023-02-02,3.07479007180245,2.454632877349577,2.5889710982538494,1.7758016199917817
2023-02-03,3.0884849667958303,2.454632877349577,2.5978810727050865,1.7589315046018599
2023-02-06,3.086885818148348,2.454632877349577,2.591532816909025,1.735537715590655
2023-02-07,3.1003984144510475,2.454632877349577,2.6135441667788397,1.7386616834787185
2023-02-08,3.0921384705869985,2.454632877349577,2.601750857124702,1.731011572071412
2023-02-09,3.141135065413127,2.454632877349577,2.626404057285824,1.754207127137169
2023-02-10,3.1201894660492666,2.454632877349577,2.6205778291665895,1.7436818843743465
2023-02-13,3.1588109100236146,2.454632877349577,2.647839558099931,1.7593750213337152
2023-02-14,3.159152614697705,2.454632877349577,2.652237325117834,1.7600787713422488
2023-02-15,3.16753736851764,2.454632877349577,2.657298938376898,1.7509263617312691
2023-02-16,3.0945758765067173,2.454632877349577,2.602106995035073,1.7381445992906308
2023-02-17,3.0656995796652606,2.454632877349577,2.588743445620893,1.713115317060846
2023-02-20,3.0964810498143804,2.454632877349577,2.619087118689831,1.7549153307971306
2023-02-21,3.098925629531968,2.454632877349577,2.6304734157872556,1.7593026191241232
2023-02-22,3.1073616589212607,2.454632877349577,2.6362178707050195,1.7434688955520061
2023-02-23,3.1027387718013486,2.454632877349577,2.6311147575104084,1.7420741204355643
2023-02-24,3.101724283322179,2.454632877349577,2.6240566458998567,1.7239565495830347
2023-02-27,3.080694331036109,2.454632877349577,2.5991600185584858,1.716888327729744
2023-02-28,3.0937437294654115,2.454632877349577,2.6246630482008095,1.7277047241944414
2023-03-01,3.1125577461598573,2.454632877349577,2.6459479525681147,1.752065360805583
2023-03-02,3.096164524976899,2.454632877349577,2.633239109982279,1.7482108170118107
2023-03-03,3.096152827195109,2.454632877349577,2.6325194743756324,1.7536302705445475
2023-03-06,3.12153437039606,2.454632877349577,2.6464084068590417,1.7443360301106616
2023-03-07,3.0450323028750748,2.454632877349577,2.6005142233677967,1.718694290468035
2023-03-08,3.07743045697719,2.454632877349577,2.6186865803437547,1.712335121593303
2023-03-09,3.099876509754494,2.454632877349577,2.621164606661807,1.7063419486677265
2023-03-10,3.060824997825762,2.454632877349577,2.5793995961273604,1.6839888691401792
2023-03-13,3.0772303817969777,2.454632877349577,2.5875440089514044,1.7015023533792368
2023-03-14,3.0462420486558077,2.454632877349577,2.5571360795110665,1.6914634894942995
2023-03-15,3.0537526144848637,2.454632877349577,2.580385892991342,1.692478367587996
2023-03-16,3.012144724121325,2.454632877349577,2.5391449160050588,1.67216862717694
2023-03-17,3.0509722352355926,2.454632877349577,2.556629911312212,1.6805294703128246
2023-03-20,3.0344967479825447,2.454632877349577,2.5455665900523696,1.6721268229612605
2023-03-21,3.074833462786108,2.454632877349577,2.5864201008226315,1.690353005331538
2023-03-22,3.107914479959118,2.454632877349577,2.600187526325441,1.6974524879539306
2023-03-23,3.1213975763451067,2.454632877349577,2.6041837225294606,1.7142572675846743
2023-03-24,3.1211722206446244,2.454632877349577,2.6051294021144438,1.7092859215086786
2023-03-27,3.1378287429363665,2.454632877349577,2.607881627467616,1.7029615635990967
2023-03-28,3.100472598787249,2.454632877349577,2.5840130880661722,1.6975120865955795
2023-03-29,3.091119427208529,2.454632877349577,2.574604933196997,1.700397857142792
2023-03-30,3.0836038133984367,2.454632877349577,2.5660937604997667,1.7141710797856486
2023-03-31,3.113482881306326,2.454632877349577,2.5951815769067323,1.7194850101329842
2023-04-03,3.136487306726962,2.454632877349577,2.619707582668237,1.7363359632322877
2023-04-04,3.1276703534265047,2.454632877349577,2.604039905287017,1.7415449711219846
2023-04-06,3.148429357001767,2.454632877349577,2.598193808051601,1.7389326536653016
2023-04-07,3.176669707469435,2.454632877349577,2.625597875806821,1.7502357159141257
2023-04-10,3.1350469659532596,2.454632877349577,2.5892330392431138,1.7423596551925122
2023-04-11,3.132093503389158,2.454632877349577,2.601093258565111,1.7402688236062813
2023-04-12,3.1742057826716517,2.454632877349577,2.624247520033296,1.7390506354297568
2023-04-13,3.1553395978981635,2.454632877349577,2.6107658034515877,1.7270511860452913
2023-04-14,3.1628496369011505,2.454632877349577,2.618451403867492,1.7368953778057497
2023-04-17,3.153103427594682,2.454632877349577,2.6145907635334438,1.7610382235572495
2023-04-18,3.1445242639812756,2.454632877349577,2.608529218279046,1.766321338227921
2023-04-19,3.1440676172801227,2.454632877349577,2.592529316445961,1.7504244461838698
2023-04-20,3.160293850956315,2.454632877349577,2.5884068384213528,1.745523257734555
2023-04-21,3.0431695534513157,2.454632877349577,2.511170964387097,1.7114855542087313
2023-04-24,3.012021396126656,2.454632877349577,2.503204792132464,1.6900919847811222
2023-04-25,2.9529568867078364,2.454632877349577,2.4630951716005307,1.6816415248572165
2023-04-26,2.9558603223659334,2.454632877349577,2.477167802545136,1.680632539942302
2023-04-27,2.968612558713093,2.454632877349577,2.4697320730287053,1.6930692207378752
2023-04-28,3.022180496595497,2.454632877349577,2.5172925286032255,1.710169219867328
2023-05-04,3.022455831926526,2.454632877349577,2.5336186215401852,1.710511253711301
2023-05-05,3.002231787263108,2.454632877349577,2.511049600925458,1.7046955154486827
2023-05-08,3.0185053398124757,2.454632877349577,2.5267835398027203,1.723958574773253
2023-05-09,2.9673196691120567,2.454632877349577,2.489796324045078,1.7093049268876805
2023-05-10,2.984655187051331,2.454632877349577,2.4954695684828674,1.6961432789506454
2023-05-11,2.993059529361407,2.454632877349577,2.50587070001873,1.6935990640322194
2023-05-12,2.9578955985069424,2.454632877349577,2.482838001581748,1.6714129162933975
2023-05-15,2.987263691412233,2.454632877349577,2.495339418614556,1.697319816495945
2023-05-16,2.978799533054719,2.454632877349577,2.4724656028010825,1.6888332174134655
2023-05-17,3.0125079597537363,2.454632877349577,2.497822189493104,1.6812334679351049
2023-05-18,3.0412204428241507,2.454632877349577,2.5077421042202754,1.6795522344671698
2023-05-19,3.0540195996206654,2.454632877349577,2.511629089188933,1.6750174434341083
2023-05-22,3.0846830328052732,2.454632877349577,2.5343012623956054,1.6854025515833997
2023-05-23,3.055508939500041,2.454632877349577,2.5076795716461624,1.6618069158612323
2023-05-24,3.041398726849583,2.454632877349577,2.500610322881271,1.638873980422347
2023-05-25,3.046828783214253,2.454632877349577,2.497209916837814,1.635268457665418
2023-05-26,3.074041912056261,2.454632877349577,2.5182676245668523,1.635922565048484
2023-05-29,3.074329574798406,2.454632877349577,2.519026479402932,1.6288880980187757
2023-05-30,3.101386677425438,2.454632877349577,2.533119008906268,1.630516986116794
2023-05-31,3.1098178181314164,2.454632877349577,2.5293834767595333,1.614864023050073
2023-06-01,3.1117016881004664,2.454632877349577,2.536881017020126,1.619547128716918
2023-06-02,3.1124226763620975,2.454632877349577,2.5371886965475263,1.6430305620833132
2023-06-05,3.1359513538465036,2.454632877349577,2.5543490254676833,1.63547262149773
2023-06-06,3.0715876372027235,2.454632877349577,2.507238537737289,1.620426273379951
2023-06-07,3.0844179953328963,2.454632877349577,2.5375807996726483,1.612810269895065
2023-06-08,3.0558766305942715,2.454632877349577,2.52808168429531,1.6258740330812151
2023-06-09,3.0694073156656954,2.454632877349577,2.5294656360931267,1.6335156410366964
2023-06-12,3.082090079322735,2.454632877349577,2.5478297895665056,1.6369460238828735
2023-06-13,3.109602010675093,2.454632877349577,2.556968531779291,1.6462766162190061
2023-06-14,3.120234436976005,2.454632877349577,2.5632862650199106,1.648087520496847
2023-06-15,3.138376226908419,2.454632877349577,2.569513704209551,1.6746217295768462
2023-06-16,3.1629955777394807,2.454632877349577,2.5973682297741663,1.6910330225266994
2023-06-19,3.19022444333661,2.454632877349577,2.60182588439791,1.678857584764507
2023-06-20,3.1841386276472177,2.454632877349577,2.5934529394307173,1.676507184145837
2023-06-21,3.1207657674813487,2.454632877349577,2.540137702001473,1.652365480694137
2023-06-26,3.0386653477283048,2.454632877349577,2.486631313152081,1.629562837060558
2023-06-27,3.0714260760335907,2.454632877349577,2.5324299918572892,1.6455325528637514
2023-06-28,3.049334044624201,2.454632877349577,2.524902609727267,1.6450388930978923
2023-06-29,3.091965764995483,2.454632877349577,2.558091518079749,1.637471714189642
2023-06-30,3.1354853046426294,2.454632877349577,2.5795347511748195,1.6484427746747126
2023-07-03,3.135309347111936,2.454632877349577,2.58898277817984,1.6700373750229514
2023-07-04,3.1590435881927785,2.454632877349577,2.6013315373016805,1.6727094348229883
2023-07-05,3.135844132418683,2.454632877349577,2.589357286406699,1.6604986559487804
2023-07-06,3.1277342490662408,2.454632877349577,2.5843070015030074,1.6498714645507082
2023-07-07,3.1000384416312494,2.454632877349577,2.5745997667169473,1.6429420043995955
2023-07-10,3.0989707744598407,2.454632877349577,2.5819918495372858,1.6508281260207132
2023-07-11,3.1253336383238963,2.454632877349577,2.5963413517192016,1.6617235916524498
2023-07-12,3.0923339175179536,2.454632877349577,2.557609618889468,1.6525841118983613
2023-07-13,3.124780413266534,2.454632877349577,2.586566402460964,1.6788601992775454
2023-07-14,3.129688456569998,2.454632877349577,2.5878635848913047,1.679699629377184
2023-07-17,3.1070771963698585,2.454632877349577,2.5933847682950004,1.6681097019344815
2023-07-18,3.103535899864403,2.454632877349577,2.5849316449204354,1.6639394276796453
2023-07-19,3.079422469808148,2.454632877349577,2.582243354669182,1.6626082761375016
2023-07-20,3.0262339589819076,2.454632877349577,2.5518915737873704,1.6511362790321529
2023-07-21,3.0168497692163623,2.454632877349577,2.547582217574983,1.6516316199158625
2023-07-24,3.0100827432223167,2.454632877349577,2.5472555774867938,1.6443644407882327
2023-07-25,3.0555118487424524,2.454632877349577,2.5879308506433762,1.6917221366829336
2023-07-26,3.0350754418604424,2.454632877349577,2.5665208693164696,1.6885078646232363
2023-07-27,3.005040594569272,2.454632877349577,2.5510413542694863,1.6864816551856883
2023-07-28,3.0182213189933904,2.454632877349577,2.576958443497778,1.7261139740825522
2023-07-31,3.0360860383617125,2.454632877349577,2.603555284202545,1.735434989542598
2023-08-01,3.0216462691615043,2.454632877349577,2.593270611674849,1.728146162586519
2023-08-02,3.0238297144578774,2.454632877349577,2.58422115765536,1.7160491394484136
2023-08-03,3.0273636378413498,2.454632877349577,2.5779297946253625,1.7311503718755596
2023-08-04,3.053528886650792,2.454632877349577,2.5808109470844163,1.7380749733630618
2023-08-07,3.039974556816519,2.454632877349577,2.572149268821403,1.7248656035655026
2023-08-08,3.013455999670894,2.454632877349577,2.5739840217995975,1.7203809529962322
2023-08-09,2.990772020361619,2.454632877349577,2.545171236474488,1.7155638863278426
2023-08-10,3.00480668996462,2.454632877349577,2.5519796567041486,1.719166570489131
2023-08-11,2.9505875936982133,2.454632877349577,2.5017490896301404,1.6804853226531258
2023-08-14,2.95349225882289,2.454632877349577,2.515814027464346,1.668217779797758
2023-08-15,2.9405678922305416,2.454632877349577,2.510015831335368,1.6642140571262434
2023-08-16,2.902023873078023,2.454632877349577,2.479516442433754,1.6520652945092218
2023-08-17,2.934981543095251,2.454632877349577,2.506589050515685,1.6575171099811021
2023-08-18,2.8985363240963453,2.454632877349577,2.471032265200587,1.637295401239333
2023-08-21,2.877173688217137,2.454632877349577,2.4544088643459747,1.6138820770016107
2023-08-22,2.8884739540016886,2.454632877349577,2.4657674178471414,1.626308968994523
2023-08-23,2.8476135305722887,2.454632877349577,2.4246789482951043,1.599800132799912
2023-08-24,2.8415016453962183,2.454632877349577,2.4242097379679226,1.6113186937560717
2023-08-25,2.7831876996843645,2.454632877349577,2.3836852427895003,1.606323605805428
2023-08-28,2.807847333004508,2.454632877349577,2.3917184304811103,1.6252782243539319
2023-08-29,2.9269070719704504,2.454632877349577,2.470108957959311,1.6413684787750358
2023-08-30,2.972404643592504,2.454632877349577,2.4905493245677723,1.6405477945356484
2023-08-31,2.974586341550565,2.454632877349577,2.4844779768829426,1.6305404529889809
2023-09-01,2.960717758218393,2.454632877349577,2.484240393247345,1.6419542361599035
2023-09-04,2.9590706136539136,2.454632877349577,2.512862930780367,1.6667477451259178
2023-09-05,2.9543905662472483,2.454632877349577,2.498043051296004,1.654413811811986
2023-09-06,2.976185603137429,2.454632877349577,2.512912411108671,1.6507741014259996
2023-09-07,2.926415816794875,2.454632877349577,2.476225807135393,1.6276632640060358
2023-09-08,2.9543028146265655,2.454632877349577,2.4817049134707796,1.6196877140124062
2023-09-11,2.986892038990458,2.454632877349577,2.5109721244601504,1.6315114343246966
2023-09-12,2.9766347027549838,2.454632877349577,2.5059475692771693,1.6285747137429123
2023-09-13,2.937424146075984,2.454632877349577,2.47529435184405,1.6181518355749576
2023-09-14,2.9124748364783004,2.454632877349577,2.4547588529723843,1.6168573141064977
2023-09-15,2.916204026193073,2.454632877349577,2.464248090005288,1.6063477415648053
2023-09-18,2.933641512124763,2.454632877349577,2.4747159462841166,1.614540115046786
2023-09-19,2.89883078553129,2.454632877349577,2.45240489829758,1.6114724888281973
2023-09-20,2.880263485710718,2.454632877349577,2.4286780008458724,1.60534889337065
2023-09-21,2.8643520439720485,2.454632877349577,2.4123988394179747,1.5910612882196513
2023-09-22,2.9305413863418233,2.454632877349577,2.456320413692827,1.619700391407605
2023-09-25,2.924325680924209,2.454632877349577,2.4479902077008395,1.6091723388634556
2023-09-26,2.9239109003628707,2.454632877349577,2.4453918249557116,1.5998391392980473
2023-09-27,2.9616459588723245,2.454632877349577,2.452472269710106,1.6030388175766435
2023-09-28,2.9874183871951567,2.454632877349577,2.474605377108807,1.5982297011239137
2023-10-09,2.9643892976954405,2.454632877349577,2.4667013897442307,1.595832356572228
2023-10-10,2.940585519011118,2.454632877349577,2.465683569115571,1.5838636138979363
2023-10-11,2.967705829243366,2.454632877349577,2.4691641670677607,1.5882984320168505
2023-10-12,2.982190167477374,2.454632877349577,2.480581195618745,1.6033872671210105
2023-10-13,2.9667400886535527,2.454632877349577,2.461858270899479,1.58655170081624
2023-10-16,2.9345679144447923,2.454632877349577,2.446891273355778,1.5706861838080775
2023-10-17,2.9495921396439795,2.454632877349577,2.4388189155872406,1.5761835854514061
2023-10-18,2.9023040157637734,2.454632877349577,2.3993168238559663,1.5637317351263398
2023-10-19,2.880783017356057,2.454632877349577,2.37502451939364,1.530424249168149
2023-10-20,2.8397573633403175,2.454632877349577,2.3526498607080963,1.520476491548556
2023-10-23,2.7696884327155398,2.454632877349577,2.2992929532245485,1.5046635360364509
2023-10-24,2.841205293344516,2.454632877349577,2.352273498817997,1.5102307911197859
2023-10-25,2.876236527649856,2.454632877349577,2.3893457621220646,1.5186880835500567
2023-10-26,2.8939833979654437,2.454632877349577,2.394246583588555,1.522788541375642
2023-10-27,2.9496033405647486,2.454632877349577,2.4155782501959076,1.5438030232466258
2023-10-30,3.0048034254078955,2.454632877349577,2.4433981486799405,1.552911461083781
2023-10-31,2.989553735377136,2.454632877349577,2.4349208037226866,1.5480974355544213
2023-11-01,2.9944435905673767,2.454632877349577,2.438590689060865,1.5474781965801998
2023-11-02,2.9518386136852577,2.454632877349577,2.423688444510118,1.5402050490562726
2023-11-03,2.996157504962561,2.454632877349577,2.451462498106716,1.5531427714683452
2023-11-06,3.0722349025169757,2.454632877349577,2.50432426711241,1.5739548846060212
2023-11-07,3.096089592837698,2.454632877349577,2.524273946137156,1.5684460425099003
2023-11-08,3.1203482591681078,2.454632877349577,2.5254232320523164,1.5646817720078765
2023-11-09,3.0876478035012873,2.454632877349577,2.500521159413145,1.5654641128938804
2023-11-10,3.0872725556607263,2.454632877349577,2.4996889009661687,1.5540362248697552
2023-11-13,3.119213411495307,2.454632877349577,2.5225514537767912,1.5509281524200156
2023-11-14,3.139902901095411,2.454632877349577,2.531446477513807,1.5520138021267094
2023-11-15,3.164423582280306,2.454632877349577,2.5403111962290383,1.5628778987415963
2023-11-16,3.1392505100577335,2.454632877349577,2.5282382089723483,1.5478742709136768
2023-11-17,3.1660710518225774,2.454632877349577,2.5575395548712043,1.5460168217885804
2023-11-20,3.1965298007684204,2.454632877349577,2.582024899997617,1.549572660478694
2023-11-21,3.1770928897704493,2.454632877349577,2.5724078217257196,1.5515871049373164
2023-11-22,3.1278862770061444,2.454632877349577,2.544563151839365,1.5359160751774497
2023-11-23,3.1670812751508466,2.454632877349577,2.573121943003521,1.5432884723383011
2023-11-24,3.1266264291658623,2.454632877349577,2.5486234808167136,1.5331027684208682
2023-11-27,3.1408728541282955,2.454632877349577,2.5464971744346974,1.5217578079345537
2023-11-28,3.168977149120586,2.454632877349577,2.5632764506864767,1.524496971988836
2023-11-29,3.1669267785485897,2.454632877349577,2.5507271968875167,1.511538747726931
2023-11-30,3.1646076491083304,2.454632877349577,2.5351806137131265,1.5148641329719303
2023-12-01,3.1777522405771537,2.454632877349577,2.558864992616316,1.5091076492666367
2023-12-04,3.188162588043121,2.454632877349577,2.5635902421568453,1.499147538781477
2023-12-05,3.1175602245089307,2.454632877349577,2.5136962971994246,1.4705138207907507
2023-12-06,3.129358530720288,2.454632877349577,2.520678571241985,1.4727195915219367
2023-12-07,3.104634880711032,2.454632877349577,2.517944686136059,1.4691850645022841
2023-12-08,3.09567151805342,2.454632877349577,2.4888757303866567,1.473592619695791
2023-12-11,3.1309189865559404,2.454632877349577,2.521002052982011,1.4819920976280567
2023-12-12,3.1357465897260397,2.454632877349577,2.531196540760973,1.4852524802428384
2023-12-13,3.111028724240851,2.454632877349577,2.520282229135088,1.4604487638227828
2023-12-14,3.0850921852459514,2.454632877349577,2.510975443874509,1.4528544302509045
2023-12-15,3.0580602117376228,2.454632877349577,2.497376844460577,1.4483505815171265
2023-12-18,3.0329061135501547,2.454632877349577,2.475383926963057,1.442991684365513
2023-12-19,3.0483833106758107,2.454632877349577,2.4807083867344746,1.445011872723625
2023-12-20,3.0061057959006225,2.454632877349577,2.449510264143272,1.4305617539963886
2023-12-21,3.0204816562431347,2.454632877349577,2.4627121594658297,1.445010427711752
2023-12-22,2.9708532458137595,2.454632877349577,2.424543999636993,1.4477559475244044
2023-12-25,2.977125466290877,2.454632877349577,2.4164834859953075,1.4522439909617302
2023-12-26,2.940369025619277,2.454632877349577,2.3814872083127883,1.4423687318231906
2023-12-27,2.971144567806781,2.454632877349577,2.4031054520323885,1.4472727855113894
2023-12-28,3.0231369828984143,2.454632877349577,2.4460035344955235,1.4811389686923562
2023-12-29,3.0842904947721017,2.454632877349577,2.4871126498958542,1.488248435742079
2024-01-02,3.093751354391584,2.454632877349577,2.4901897433869755,1.468901206077432
2024-01-03,3.068735923804987,2.454632877349577,2.4916867278701584,1.4653758431828463
2024-01-04,3.048780163352057,2.454632877349577,2.4876124549690686,1.451747847841246
2024-01-05,2.9885521429624133,2.454632877349577,2.4402442725576363,1.443908409462903
2024-01-08,2.9249217085601993,2.454632877349577,2.3978003323119155,1.4251376001398854
2024-01-09,2.9292199271004975,2.454632877349577,2.4123003513284367,1.4278453615801512
2024-01-10,2.8980504542901215,2.454632877349577,2.3862402643987526,1.4212772729168823
2024-01-11,2.942824834633443,2.454632877349577,2.4249267675127624,1.4293785533725087
2024-01-12,2.9164331084416864,2.454632877349577,2.4042176042633887,1.4243757284357048
2024-01-15,2.905723295967443,2.454632877349577,2.405962336128912,1.4228089151344259
2024-01-16,2.9038037593927717,2.454632877349577,2.395472785131652,1.4313457686252322
2024-01-17,2.828064389720225,2.454632877349577,2.332972765682179,1.4005718345997897
2024-01-18,2.8149332360061967,2.454632877349577,2.3135927889431005,1.419619611550347
2024-01-19,2.7810243564582176,2.454632877349577,2.2976793953797237,1.4176321440941764
2024-01-22,2.628041561927784,2.454632877349577,2.176302192436042,1.3955170826463072
2024-01-23,2.6335419319248894,2.454632877349577,2.1828736567583578,1.4010991509768926
2024-01-24,2.6628171153832882,2.454632877349577,2.216945956772032,1.4205744291754716
2024-01-25,2.746532734465128,2.454632877349577,2.2879384416798714,1.4491279752018984
2024-01-26,2.7158708443160697,2.454632877349577,2.290822702207696,1.4453602424663736
2024-01-29,2.6232016193407777,2.454632877349577,2.2228089004936566,1.4324965363084228
2024-01-30,2.5382341288930172,2.454632877349577,2.151938423115426,1.4069980979621326
2024-01-31,2.4374134285762277,2.454632877349577,2.046089147395931,1.3941944152706773
2024-02-01,2.4191636388772935,2.454632877349577,2.015180646039533,1.3950309319198395
2024-02-02,2.302732163592533,2.454632877349577,1.9326551459633916,1.3784300638299933
2024-02-05,2.115176893933654,2.454632877349577,1.787323180795876,1.3873898592448883
2024-02-06,2.179949056630102,2.454632877349577,1.8411789292605785,1.4353935483747615
2024-02-07,2.1659388175664995,2.454632877349577,1.8257672852767162,1.449173326439159
2024-02-08,2.323846691278016,2.454632877349577,1.930225988330382,1.4584480357283698
2024-02-19,2.3985746475353813,2.454632877349577,1.9942314817652598,1.4749284985321007
2024-02-20,2.43040209830429,2.454632877349577,2.01745333551425,1.478025848379018
2024-02-21,2.4644877264185325,2.454632877349577,2.0507542290572216,1.497979197332135
2024-02-22,2.514354990910471,2.454632877349577,2.0997358025838073,1.510712020509458
2024-02-23,2.5783758114214477,2.454632877349577,2.1485561523739785,1.5120716613279164
2024-02-26,2.6231259228311936,2.454632877349577,2.1674946185167965,1.4961949088839732
2024-02-27,2.702965074414717,2.454632877349577,2.223340270120713,1.5139996282996926
2024-02-28,2.5360969818016708,2.454632877349577,2.095124503719787,1.4949232329831166
2024-02-29,2.6318006831176395,2.454632877349577,2.1641219845191704,1.5231772820864973
2024-03-01,2.6661404277543275,2.454632877349577,2.1880395290938024,1.5326209812354337
2024-03-04,2.6944668786968586,2.454632877349577,2.203605291343112,1.5338470780204219
2024-03-05,2.6731898307310225,2.454632877349577,2.179497580762725,1.5444306228587625
2024-03-06,2.683304153774513,2.454632877349577,2.201387158873632,1.5382529003673275
2024-03-07,2.653644182275881,2.454632877349577,2.1818856990113815,1.5290233829651236
2024-03-08,2.693853601929484,2.454632877349577,2.206369992359731,1.5355981835118737
2024-03-11,2.7395097235540242,2.454632877349577,2.250173734661509,1.5546396009874208
2024-03-12,2.7590882905020777,2.454632877349577,2.263311743780144,1.558215272069692
2024-03-13,2.7718256131118353,2.454632877349577,2.266791337930589,1.547307765165204
2024-03-14,2.750056680092496,2.454632877349577,2.251191717257897,1.542820572646225
2024-03-15,2.7841965651222305,2.454632877349577,2.2816959506870305,1.546060495848782
2024-03-18,2.8468827341184992,2.454632877349577,2.327159689227075,1.560438858460176
2024-03-19,2.8309649599738727,2.454632877349577,2.3100937379012754,1.5492036986792626
2024-03-20,2.8725558222612664,2.454632877349577,2.3330589986177106,1.552457026446489
2024-03-21,2.8653942918961723,2.454632877349577,2.3380828465567083,1.5505940780147531
2024-03-22,2.81838601262469,2.454632877349577,2.3112647158479414,1.5349330778268042
2024-03-25,2.764090653725684,2.454632877349577,2.2641850243743207,1.5266444392065395
2024-03-26,2.7499427664166074,2.454632877349577,2.262776326949256,1.534430325846493
2024-03-27,2.671365879191592,2.454632877349577,2.1911504450931227,1.5167843770992584
2024-03-28,2.726911886697737,2.454632877349577,2.2367129288556624,1.524519977422465
2024-03-29,2.747390970632539,2.454632877349577,2.2634136033150716,1.5316852213163503
2024-04-01,2.8070551341716445,2.454632877349577,2.3139277224997823,1.5568048589459385
2024-04-02,2.789318885832675,2.454632877349577,2.308683790549636,1.5502662785383656
2024-04-03,2.756727590001873,2.454632877349577,2.2834520406372167,1.5446853199356274
2024-04-08,2.68893986553979,2.454632877349577,2.250216028678423,1.5309376205882004
2024-04-09,2.715208140037904,2.454632877349577,2.2681907516476785,1.529559776729671
2024-04-10,2.66157241733359,2.454632877349577,2.231178865674176,1.5171703425381604
2024-04-11,2.660766989244417,2.454632877349577,2.2373862521760337,1.5170186255039069
2024-04-12,2.652728396467217,2.454632877349577,2.219586480437018,1.5047307746373253
2024-04-15,2.6023284144096768,2.454632877349577,2.170013982778718,1.5363301209047089
2024-04-16,2.440625866871053,2.454632877349577,2.0463692192445104,1.5198913886110283
2024-04-17,2.5698470253445542,2.454632877349577,2.1538466179066793,1.5431457268567774
2024-04-18,2.569963309259915,2.454632877349577,2.149863960293933,1.5449975017290056
2024-04-19,2.5758357931440674,2.454632877349577,2.1449728282958045,1.5331010209656921
2024-04-22,2.57607196652714,2.454632877349577,2.12464537875702,1.5286550280048918
2024-04-23,2.592808638820422,2.454632877349577,2.131432055749623,1.5179544428088574
2024-04-24,2.6510983358273266,2.454632877349577,2.176716704037411,1.5246334423572165
2024-04-25,2.6377957335780353,2.454632877349577,2.175342502446722,1.5282925626188737
2024-04-26,2.6952441544312213,2.454632877349577,2.20920733631955,1.5516754388269427
2024-04-29,2.7408380654474094,2.454632877349577,2.2569561184293314,1.568743868654039
2024-04-30,2.728583323712892,2.454632877349577,2.2509690169065735,1.5613707724713648
2024-05-06,2.7944661254513345,2.454632877349577,2.290493414444998,1.5843229228266937
2024-05-07,2.817051793757365,2.454632877349577,2.3078974962833994,1.5847982197035415
2024-05-08,2.7801913042420052,2.454632877349577,2.2762221135026675,1.5722783137678835
2024-05-09,2.8139439954128385,2.454632877349577,2.3067060870614,1.5870577299173017
2024-05-10,2.7871813454911254,2.454632877349577,2.2884236741858768,1.588009964555252
2024-05-13,2.751181321337204,2.454632877349577,2.256853228991705,1.5872159595729742
2024-05-14,2.7714159528791322,2.454632877349577,2.2703190521798593,1.5840415276538282
2024-05-15,2.7399318364360905,2.454632877349577,2.2522651158309106,1.572002812043659
2024-05-16,2.7693018683446664,2.454632877349577,2.2685395393861345,1.5781336230106293
2024-05-17,2.7898572617742103,2.454632877349577,2.292518844998494,1.5945462126899397
2024-05-20,2.8031371933060547,2.454632877349577,2.2968361276065834,1.6001271244343545
2024-05-21,2.7881593555038746,2.454632877349577,2.273835214491233,1.5940466413615038
2024-05-22,2.792517336884755,2.454632877349577,2.27578857621796,1.5978723533007715
2024-05-23,2.730863045142553,2.454632877349577,2.229867070677542,1.5793370340024824
2024-05-24,2.6896680958088455,2.454632877349577,2.2050480779453228,1.5621222603318554
2024-05-27,2.707651424553903,2.454632877349577,2.218886225105705,1.5768062095789748
2024-05-28,2.6728132189613323,2.454632877349577,2.2008203829962065,1.5654532048700063
2024-05-29,2.677754747289483,2.454632877349577,2.207104055938064,1.5676448393568243
2024-05-30,2.675130525243487,2.454632877349577,2.1900027003566613,1.5596498506761045
2024-05-31,2.696238652258411,2.454632877349577,2.1983832756873136,1.5534112512734002
2024-06-03,2.59082461142337,2.408909093824767,2.1125947971893613,1.5572947794015837
2024-06-04,2.557215816190343,2.374281901837036,2.095275208407762,1.5691302197250359
2024-06-05,2.5095158095142285,2.3314758588575293,2.057035147959531,1.560813829560493
2024-06-06,2.404393753745095,2.2361597107585007,1.9891627487362276,1.560189504028669
2024-06-07,2.452467273448772,2.2747244061469196,2.0152621720800674,1.55316865126054
2024-06-11,2.49283764362064,2.3082195080017804,2.028998306796346,1.5399667177248255
2024-06-12,2.527069621547154,2.34338511688786,2.056916824178481,1.540736701083688
2024-06-13,2.548549520332876,2.367985291668064,2.048073754107229,1.5338033859288114
2024-06-14,2.5382445236061546,2.356568166877536,2.047762412636176,1.5417791635356413
2024-06-17,2.5368979076516593,2.3463288395636512,2.045458946224028,1.5393123168739842
2024-06-18,2.5661854554944057,2.3769310356590667,2.076460401510196,1.5434684601295439
2024-06-19,2.5560142087326723,2.3639426664856167,2.068855834437931,1.5385293610571291
2024-06-20,2.5272453190775437,2.3391425816824043,2.0250949952294537,1.5277596555297293
2024-06-21,2.521565260881717,2.3252142317424846,2.027489186727644,1.5247041362186697
2024-06-24,2.4020456089936797,2.2248077743841144,1.9545465747007358,1.5167756747103327
2024-06-25,2.3989345183441433,2.219840326352444,1.9514370078473458,1.508433408499426
2024-06-26,2.4865992373879315,2.2990693277083087,2.0017422606913886,1.519143285699772
2024-06-27,2.4409208896211605,2.2580682869939994,1.9726828452728746,1.5088131113570136
2024-06-28,2.44838601931772,2.271481497931197,1.9843683696501944,1.5131886693799488
2024-07-01,2.457253397372007,2.2697385563165158,2.0046295061511823,1.5204519749929724
2024-07-02,2.45553359966278,2.2638687632340115,1.9982049188223292,1.5177151614379851
2024-07-03,2.41537230755001,2.2332430661687654,1.9875657194211973,1.5143761880828215
2024-07-04,2.337240259402445,2.1626970424561325,1.9332517795166435,1.5068043071424075
2024-07-05,2.370373152023561,2.1934950108119455,1.948777186398145,1.5006264094831236
2024-07-08,2.314321016726365,2.135783909941055,1.8948344220350557,1.4887714608482068
2024-07-09,2.379393400146937,2.1884482470689672,1.9355106089811414,1.5067855955244702
2024-07-10,2.3627977806246916,2.175764202375145,1.9241521613947774,1.5037720243334214
2024-07-11,2.441213818733963,2.2474221166296533,1.9780093084747299,1.523772192257056
2024-07-12,2.418632288945371,2.2282718853911065,1.9657170940319586,1.5277339999569242
2024-07-15,2.3709132503663475,2.1872848649082197,1.940519063186737,1.5295672807568728
2024-07-16,2.3779935758953945,2.1942106156118424,1.9530924614037384,1.540733121906398
2024-07-17,2.3371975781428533,2.1682941153251036,1.9247354129340342,1.5427360749648764
2024-07-18,2.3311550635271683,2.1614735062455384,1.9215040695897554,1.5515296705921764
2024-07-19,2.370286869867959,2.195595053457306,1.9283483697778034,1.5605285426816111
2024-07-22,2.388723269512238,2.21475847264324,1.9392189129652233,1.5499169485913762
2024-07-23,2.3329104989407603,2.1572216873488563,1.9104750580926564,1.5175236843658162
2024-07-24,2.302068530674555,2.1231165582383706,1.886638273303375,1.5084185422596212
2024-07-25,2.310663858104887,2.141108713923943,1.8944319584610771,1.5001222402771937
2024-07-26,2.3438978625333373,2.1647432962999686,1.924224109970843,1.506422753686358
2024-07-29,2.3347893054376474,2.162885096892344,1.9246822758659095,1.4985893553671887
2024-07-30,2.3516113418291833,2.16721211200829,1.9334786655810876,1.4894479602994488
2024-07-31,2.431980653211477,2.240134141162434,1.9972384610105238,1.5213221466498572
2024-08-01,2.427802888575405,2.2431046008528797,1.9945778970352772,1.5114335526966334
2024-08-02,2.388848492669509,2.206097848318358,1.967661051073727,1.4960169304591275
2024-08-05,2.3122298636180734,2.133085778387045,1.9156830751931744,1.4777655239075265
2024-08-06,2.3652673423673,2.1751035410638737,1.950738856255482,1.4774699708027448
2024-08-07,2.361746660060726,2.1741992129385244,1.9494607528054473,1.4767312358173434
2024-08-08,2.3476718662108356,2.1607497080284412,1.9488975255496057,1.4776172745588338
2024-08-09,2.3236408675451248,2.145255512017177,1.9348567789499533,1.4730366610077015
2024-08-12,2.321432697833998,2.139288602500849,1.9192727459747732,1.4703851950178874
2024-08-13,2.3445677572184382,2.1633009026473102,1.928461636402089,1.4740611580054321
2024-08-14,2.339481621229572,2.1518578553156953,1.9191383663954968,1.4633005115519926
2024-08-15,2.349616001060699,2.1659152231899643,1.9362616417595562,1.4779335166675127
2024-08-16,2.349978676971049,2.1679782526249154,1.9248441487090935,1.480150416942514
2024-08-19,2.315672230918241,2.1402388437765545,1.9197491006217096,1.4851829283601186
2024-08-20,2.2685032543291546,2.096252629874283,1.8858916004583366,1.4746381295687616
2024-08-21,2.2778217381406414,2.098612654223361,1.8849706043796202,1.4697718237411848
2024-08-22,2.24150176609608,2.063784023482306,1.856153705480895,1.466097394181832
2024-08-23,2.223944688799909,2.0479795783167507,1.8516494499412897,1.4726948324556501
2024-08-26,2.2436582638084768,2.0661895272689472,1.873490783354381,1.4718112155561767
2024-08-27,2.213104551524469,2.037950092701922,1.846379821174584,1.4634218916275064
2024-08-28,2.2290512400931126,2.05241411209163,1.8530496452286958,1.456104782169369
2024-08-29,2.269759354709972,2.0855452418037297,1.8803621233165706,1.4521732992575116
2024-08-30,2.307498159388863,2.123467469281489,1.9166280311243855,1.4714872041376366
2024-09-02,2.267043365255952,2.088331000174593,1.8883760674853582,1.446766219108124
2024-09-03,2.2891959662720267,2.1066675751605914,1.9064940405617006,1.4503831346558942
2024-09-04,2.278217627014599,2.0960917916447044,1.890306693458729,1.440955644280631
2024-09-05,2.2953915309801483,2.1136128737016158,1.8955900800463068,1.443405268875908
2024-09-06,2.2338995505390535,2.059810764730511,1.8646243185607743,1.431713686198013
2024-09-09,2.2249106785248323,2.0543786334826692,1.8609060621497926,1.4148194647008765
2024-09-10,2.2465616874862926,2.074544687516533,1.8687436081550821,1.416092802219107
2024-09-11,2.2421442406032726,2.0694121107918484,1.862142408972698,1.4121277423728935
2024-09-12,2.2238805337767875,2.0534164993292583,1.8637635767343406,1.4061968058549275
2024-09-13,2.1819315117806255,2.014485250044566,1.8427927470711318,1.4005720186315076
2024-09-18,2.162834103764186,1.9932091251532622,1.8313170023680816,1.405614077898581
2024-09-19,2.201488028964227,2.030028309078033,1.8687929430072834,1.4168589905217697
2024-09-20,2.1930694847176273,2.018940025639128,1.8591505965464474,1.4191259649066046
2024-09-23,2.1867192496722967,2.013038457298393,1.8644770167966571,1.4242348183802682
2024-09-24,2.257808368481845,2.0826475339889736,1.9257625378149128,1.4857617625342958
2024-09-25,2.277044135842459,2.1010091094490146,1.9561802132215407,1.5078996127960569
2024-09-26,2.341630791664733,2.168352439675008,2.020774317070625,1.5715329764560504
2024-09-27,2.4768917088882656,2.2918185240926516,2.114621639230302,1.6414661939083446
2024-09-30,2.8141032611338526,2.5983243414727895,2.349903079012507,1.780005940674209
2024-10-08,3.1569311852912465,2.8899548859330895,2.555106219154161,1.8843142887977176
2024-10-09,2.832076284192248,2.5856103911432635,2.3375337183810343,1.7520354257241177
2024-10-10,2.814971210366708,2.5789800604830657,2.34030420516595,1.770957408321938
2024-10-11,2.677572998535548,2.4520774825091216,2.244111561482443,1.7219018881114205
2024-10-14,2.781840320660499,2.540929020359245,2.318267020544878,1.754273643607915
2024-10-15,2.7457164854695897,2.5009850407140797,2.2831298907332203,1.7079608194166662
2024-10-16,2.729399249838727,2.4977665762957972,2.29014263427105,1.6970298701723994
2024-10-17,2.740147831049528,2.510125345805526,2.2973799590961277,1.6778534326394512
2024-10-18,2.8657762994908733,2.628753086348697,2.372656727947833,1.739598438960583
2024-10-21,2.9294533385284924,2.6824372081948296,2.4173637646016815,1.7439474350579844
2024-10-22,2.943998887866999,2.6903379587977194,2.4205355029289017,1.753887935437815
2024-10-23,2.9419235974086817,2.697087653524197,2.43223897669513,1.7607280983860225
2024-10-24,2.938542225359937,2.686307830772651,2.42651943775202,1.7411840164939376
2024-10-25,3.005403905490534,2.7510325774976288,2.491736832351542,1.7533723046093952
2024-10-28,3.043959032713298,2.794507923602317,2.560044041499329,1.7567037119881528
2024-10-29,2.977500058420312,2.728646570968146,2.510849389619519,1.7393123452394703
2024-10-30,2.933409916539609,2.706374314032909,2.5242274131410074,1.7238324653668389
2024-10-31,2.982641820594028,2.751395503223433,2.559520509989772,1.7246943815995222
2024-11-01,2.8639869802526654,2.646611518024316,2.4697941807832144,1.7245219121613622
2024-11-04,2.9318416106749967,2.71212375287311,2.5171515438725525,1.7484927667404053
2024-11-05,3.030209189362345,2.7992109431765195,2.6008592725387896,1.7925547844622634
2024-11-06,3.0518656092631353,2.8117612056521555,2.6289216384622973,1.7835920105399519
2024-11-07,3.102688991251169,2.859866811382597,2.6873703674122607,1.8374564892582586
2024-11-08,3.1266081282255462,2.889311314897826,2.6925310149499406,1.8190819243656757
2024-11-11,3.238476619296714,3.0033150139969003,2.7437233440071402,1.8309059568740527
2024-11-12,3.1981874203929443,2.951598868838536,2.717489187764334,1.810765991348438
2024-11-13,3.2136645094243685,2.9667644637953705,2.7163752968792387,1.8221738170939332
2024-11-14,3.104828487083664,2.8625326153792305,2.6390484306771747,1.790650210058208
2024-11-15,3.033594919719184,2.7924885497168628,2.5784983367426575,1.7594928964031953
2024-11-18,2.945271926367639,2.7084401968786764,2.513013737854912,1.7512232797901002
2024-11-19,3.042056461622563,2.8105989229014563,2.5730666396429944,1.762781353436715
2024-11-20,3.1087788115410167,2.868819923890233,2.62734165198382,1.7666594724142755
2024-11-21,3.1146811007706097,2.869689023257778,2.6460115236735953,1.768249465939448
2024-11-22,2.9843008894702967,2.7542612498681827,2.5460771843004304,1.713787382388513
2024-11-25,3.0430110784589943,2.803828380238714,2.5666102006652873,1.7059039604295259
2024-11-26,2.994299817934057,2.7712743437409033,2.5449857642631426,1.702492152508667
2024-11-27,3.059401332490526,2.8267656886003643,2.5856068989960383,1.7321155159623178
2024-11-28,3.064590577169451,2.8315702543414423,2.590951778405712,1.7172193225250418
2024-11-29,3.1190968664705867,2.8752531450001566,2.6348454617984594,1.7367956228018273
2024-12-02,3.1751863988393203,2.923339386388724,2.6981767301242976,1.750516308221962
2024-12-03,3.178122370991135,2.920268603610241,2.695657168429136,1.7524418761610063
2024-12-04,3.1281015723029784,2.8809612823050443,2.6562757850784644,1.7429786900297368
2024-12-05,3.1772777114982222,2.926853037098169,2.6801855147459035,1.7389698390426684
2024-12-06,3.194021392764573,2.9333303625110814,2.7174092671716283,1.7617503439341278
2024-12-09,3.193383604251803,2.9297396228748096,2.710337859432738,1.7587553683494395
2024-12-10,3.2225363420450277,2.956982179370596,2.7387354199594673,1.7715942825383908
2024-12-11,3.2480146609653575,2.9816440327870715,2.767636638366463,1.7685825722580755
2024-12-12,3.276411263555756,3.0010813710103736,2.794697894949481,1.7860915397234305
2024-12-13,3.214848127386082,2.9552202968016297,2.7435594487799206,1.7439397793859575
2024-12-16,3.1882687289685006,2.9334578212486937,2.7339549210322343,1.734173716621396
2024-12-17,3.055759428801033,2.821595857967179,2.6461452391848064,1.7386825682846114
2024-12-18,3.0878703581626876,2.840796834924652,2.661429019427965,1.7475498493828632
2024-12-19,3.1097421800909446,2.855698651255504,2.6546565960401827,1.7491226442473076
2024-12-20,3.1689298914815778,2.917098609391896,2.6844368924245,1.742825802728017
2024-12-23,3.022187648668294,2.788476855842371,2.5750302273653816,1.7454400414321092
2024-12-24,3.0535633282140373,2.8232978105187514,2.5921280044794326,1.767607129958297
2024-12-25,2.992320022194176,2.769411124717366,2.5344240891748298,1.768490933523276
2024-12-26,3.0498210610509053,2.818696629271458,2.570353141099668,1.7691983298966851
2024-12-27,3.0475204493751047,2.8208908709331686,2.5871557514871544,1.7665445324018403
2024-12-30,3.028159660787048,2.8013631827275214,2.569971391358986,1.7746706372508887
2024-12-31,2.9364034066350744,2.7199472251833026,2.5072005219058298,1.7462759070548743
2025-01-02,2.87802217735888,2.665038205411407,2.4619449090288916,1.6954592781595774
2025-01-03,2.762857954387419,2.5679318983923602,2.3698760206332685,1.6754528586772943
2025-01-06,2.76363323438549,2.547830375712749,2.3509303589304413,1.672604588817543
2025-01-07,2.8456826850981476,2.6215645216682018,2.3986767455199285,1.684981862774793
2025-01-08,2.8468368622379234,2.6221555222183817,2.398008083186495,1.6824543899806308
2025-01-09,2.8551420378599994,2.6401282141004425,2.407972587959464,1.6782482540056793
2025-01-10,2.7726551898223706,2.5737972402773934,2.3530221054894915,1.65777362530681
2025-01-13,2.7838737808519802,2.5806530898844935,2.353458913370093,1.6532976365184815
2025-01-14,2.921490279596239,2.7036417836334676,2.4668697929491445,1.6967793643589177
2025-01-15,2.9081691376061176,2.6885900745956484,2.450970240958666,1.6859199764270207
2025-01-16,2.9140994744815933,2.69472328881756,2.461638253635943,1.6877744884010906
2025-01-17,2.91947301364279,2.707492315826134,2.4660305898857025,1.6931753667639742
2025-01-20,2.9581668130673755,2.7326489275764207,2.4853951382793324,1.7009639734510884
2025-01-21,2.9637025034237863,2.740587010912117,2.483911645314592,1.7021546482325038
2025-01-22,2.9374818598831247,2.7155319200495827,2.462229706035298,1.6866650409335882
2025-01-23,2.9448424263641835,2.713468828675987,2.45868651595305,1.6903757040236418
2025-01-24,2.995773264124769,2.755237953248467,2.495397698600511,1.704405822367038
2025-01-27,2.950672041667527,2.7228299307633623,2.4614210204152993,1.6974177584953332
2025-02-05,2.988674192250781,2.754832530348674,2.481280870092952,1.6875727354960601
2025-02-06,3.0568248785438836,2.8273083650099022,2.542493708462621,1.7086673946897608
2025-02-07,3.1000795572562443,2.8610774358240167,2.579912838040307,1.7307092040812586
2025-02-10,3.147962425609439,2.9155593193411313,2.6300741143970106,1.7345167643302375
2025-02-11,3.132892343510436,2.9088549914590196,2.6216437443691216,1.7265379872143183
2025-02-12,3.167729461667273,2.9444755688508746,2.652455114726274,1.742767444294133
2025-02-13,3.1101607362881074,2.888390799811483,2.6257931512650687,1.7363192047502447
2025-02-14,3.144724172378239,2.9004290237625336,2.627557756622028,1.7512515499110968
2025-02-17,3.1756552808371312,2.9427793531019257,2.660820416227373,1.75492917816591
2025-02-18,3.097639915739826,2.872339719101082,2.6001613625107343,1.73948580139805
2025-02-19,3.190301782415897,2.954324938097299,2.66088579809921,1.7514882534276963
2025-02-20,3.234599507617558,2.9933975593650812,2.693190268541304,1.7465840863180988
2025-02-21,3.2776631299774728,3.042975094250788,2.7283125130574337,1.7685910458057066
2025-02-24,3.2857976502555717,3.051714057393954,2.738631343574373,1.764700145504934
2025-02-25,3.2845812179537646,3.052481070976779,2.7294139930981967,1.7451119738898293
2025-02-26,3.3369102020930663,3.1036460940042634,2.773037102856601,1.7602944480626705
2025-02-27,3.322295566100829,3.0941360782731344,2.762168058470781,1.7639910664036023
2025-02-28,3.1845980009774766,2.971453836381129,2.6547182052682796,1.7294168415020919
2025-03-03,3.201059511914192,2.9857085005274966,2.665134577451518,1.7290709581337915
2025-03-04,3.260487181159077,3.0361756141754306,2.7071812027414937,1.7276877013672844
2025-03-05,3.2889110069817,3.0584560315892872,2.7277061999265877,1.7352895272533004
2025-03-06,3.360744937635976,3.127146750610654,2.775653389832621,1.7592365227293962
2025-03-07,3.346524507948893,3.121741270450616,2.7587881126899885,1.7537828895089351
2025-03-10,3.357536048372723,3.122373169431415,2.7653028303382365,1.7469431362398502
2025-03-11,3.364255781548325,3.122857351472769,2.7737011864579477,1.7525333542758177
2025-03-12,3.3609956354064296,3.133662279309381,2.7870647832857838,1.7463994875358526
2025-03-13,3.312240907808264,3.074762129308817,2.7535265342335253,1.739413889585709
2025-03-14,3.3532268791050255,3.128343576924948,2.802539038174114,1.7816816471026418
2025-03-17,3.379320656328384,3.1546055792689,2.819561047109631,1.7772274429848853
2025-03-18,3.406898051362997,3.1780590143942815,2.8412329048734657,1.7820259570809442
2025-03-19,3.390064385391892,3.1448517622549623,2.827289541018801,1.783095172655193
2025-03-20,3.367698887601793,3.1470313450764724,2.8152664984982563,1.767403935135827
2025-03-21,3.2959909163675247,3.078628842423223,2.7651956597944487,1.7405393953217625
2025-03-24,3.233953906782616,3.0248021228534068,2.7222883628420753,1.7494161462379036
2025-03-25,3.2035637533974315,2.9946912299044195,2.6874070214509187,1.7483664965501609
2025-03-26,3.254514689307022,3.0266743985067373,2.715228388208383,1.7425968871115454
2025-03-27,3.24241078382343,3.0161328044238553,2.6961473613444054,1.7483474568390136
2025-03-28,3.196562186223632,2.9803264494833663,2.666005229839005,1.7406547280289222
2025-03-31,3.171357695349795,2.9580178038923535,2.649126207156278,1.7282960794599167
2025-04-01,3.22147450885913,2.9945829595798017,2.669889242181945,1.7286417386758088
2025-04-02,3.2295410214791183,3.001870426577984,2.6754737616211686,1.7270859611110005
2025-04-03,3.1914180532466965,2.9681258496704856,2.6580517304618296,1.7170688625365567
2025-04-07,2.7206901886408357,2.529571464834406,2.3264081097434843,1.595843800841476
2025-04-08,2.76933469959746,2.5671632149006527,2.334910745946339,1.623132729835865
2025-04-09,2.8564045884610527,2.650237032127074,2.3980290078740416,1.6390394305882565
2025-04-10,2.9405101306330748,2.7322373689295265,2.4636882062345826,1.6605108471289627
2025-04-11,2.9843875542244893,2.782745463511211,2.489392307283386,1.6673189416021916
2025-04-14,3.034139344238639,2.820088374252235,2.536433999384953,1.6711537751678764
2025-04-15,3.0350602076133297,2.821424856294823,2.5444190193665857,1.6719893520554603
2025-04-16,2.9803363870668376,2.772032527206435,2.49401305390381,1.6771725190468325
2025-04-17,3.013514698391716,2.7917853954261647,2.5047842258548085,1.6770048017949277
2025-04-18,2.989852335041216,2.7746739120709103,2.5033038374156327,1.677507903235466
2025-04-21,3.049046148117021,2.8370838035261454,2.5538414974064585,1.6830436793161434
2025-04-22,3.0645785179947396,2.8479843555457967,2.5577306536632642,1.6837168967878697
2025-04-23,3.0912929503590907,2.889745439572222,2.5804957961717463,1.684895498615621
2025-04-24,3.0741560603030917,2.8588275408010926,2.562088575834724,1.683884561316452
2025-04-25,3.076064174796464,2.8546012183478986,2.565655937800184,1.685231668965505
2025-04-28,3.0335583308191696,2.827673591967486,2.5410850670981615,1.6828723446289533
2025-04-29,3.062000077558107,2.85746607274228,2.555674957592399,1.680011461643084
2025-04-30,3.1153699361156173,2.9038222319337055,2.5832604635497503,1.6783314501814408
2025-05-06,3.218186347318021,2.9958147785091986,2.649675540764876,1.6951147646832552
2025-05-07,3.2459241438748485,3.0035405909789885,2.661740936794637,1.7052854532713548
2025-05-08,3.264255215122435,3.0430308820261533,2.6943334380712036,1.7148350518096742
2025-05-09,3.231033916895579,3.001403936193097,2.657547405664375,1.71226279923196
2025-05-12,3.2829843071082765,3.0480160329740165,2.694545003004856,1.7319538214231276
2025-05-13,3.29761867406065,3.037283909457707,2.692233943316376,1.7345517521552622
2025-05-14,3.2813827361402104,3.027449411688486,2.7076087641942173,1.7555398283563408
2025-05-15,3.2681505010829115,3.001366472244859,2.685282522814993,1.7399155238839692
2025-05-16,3.3063236127284394,3.0276900919914476,2.7008068064372774,1.731911912474103
2025-05-19,3.3226672520067977,3.0453188414521657,2.71019381879755,1.7267161767366805
2025-05-20,3.3528206094029414,3.0788892433655293,2.7343617948922176,1.7363857873264061
2025-05-21,3.318534438012711,3.0613015496346097,2.72600568299774,1.7448940776843054
2025-05-22,3.2728342198906977,3.0313143908558846,2.7081044515318426,1.7438471412376946
2025-05-23,3.2580339338353568,3.0079359549710185,2.668108847901917,1.730070748821917
2025-05-26,3.3054529875048315,3.0365491554372146,2.69195312480469,1.720382352628514
2025-05-27,3.3140670943360035,3.0391590432957543,2.706816465651932,1.711264326159583
2025-05-28,3.290893376246558,3.032624473213623,2.69668415002839,1.7098953146986553
2025-05-29,3.3745637292883517,3.0826463951610767,2.7292111958496994,1.7199836970553775
2025-05-30,3.3071637590131533,3.027317119684444,2.690474896073796,1.7120717720489227
2025-06-03,3.3301820313942794,3.0590785081798733,2.7199341925843923,1.7172079873650692
2025-06-04,3.3452068426612867,3.080074461798935,2.739078186903977,1.724591981710739
2025-06-05,3.37045233285276,3.106388376150889,2.759173886451052,1.7287310024668447
2025-06-06,3.367031979712549,3.107054381724736,2.757816556785037,1.7282123831661047
2025-06-09,3.4269802378551404,3.148343445188881,2.8044793308279345,1.7333970203156028
2025-06-10,3.384935071488642,3.123010168707053,2.7958396930871103,1.7243833558099615
2025-06-11,3.3963819812544895,3.130208828375945,2.8031939162136252,1.7380059843208604
2025-06-12,3.4087540982440308,3.1429396572896406,2.8066162992728882,1.7388749873130207
2025-06-13,3.3523950508782554,3.080566507378551,2.757939681145799,1.7272245248980234
2025-06-16,3.3965663569563223,3.113307229569841,2.7809250603044338,1.7315425862102685
2025-06-17,3.3712213471903816,3.0966601427192586,2.7623903956709084,1.7301573521413003
2025-06-18,3.3755446581051443,3.1042773536359327,2.7433765598487914,1.732406556699084
2025-06-19,3.317884430493823,3.061230497258787,2.7093340904718586,1.7182008229341517
2025-06-20,3.2874446266025545,3.0298925895002897,2.6892830137087453,1.7214654044977267
2025-06-23,3.3395780688569925,3.0833675968197802,2.7222098404442194,1.7268019472516698
2025-06-24,3.403792553747614,3.150280250447548,2.7737105553239405,1.7475235706186898
2025-06-25,3.4367145996621717,3.188589680002953,2.823332879904451,1.774085928892094
2025-06-26,3.43487236139191,3.1759123554758535,2.8103887956672704,1.7696507140698639
2025-06-27,3.4756230282761598,3.2064238277746044,2.8301555395469347,1.7600946002138864
2025-06-30,3.558121487462742,3.2677862830513633,2.871991079679739,1.7681910353748704
2025-07-01,3.553686275434841,3.264583654308227,2.8785632641157655,1.7711969601350075
2025-07-02,3.5163830981876685,3.2330287577740426,2.87710685021216,1.7715511995270345
2025-07-03,3.555325845040639,3.2568346862165996,2.8929144192769405,1.7827119720840547
2025-07-04,3.535138432737802,3.2277092378110956,2.860715420694091,1.7891297351835576
2025-07-07,3.5574924793216756,3.242930678997368,2.891605622675126,1.78233104218986
2025-07-08,3.6096902785325717,3.298531359490638,2.9299814267937387,1.7973026229442546
2025-07-09,3.5970305414320576,3.2965188620393286,2.9254731041800457,1.7942472084852492
2025-07-10,3.570529581037677,3.270014783136105,2.922432055304032,1.8035772939693728
2025-07-11,3.580288861446657,3.2847549550647552,2.9392493433835902,1.8084469526630897
2025-07-14,3.620740238065901,3.3102464077189984,2.944273004523492,1.8104362443110193
2025-07-15,3.6094169102872486,3.2993694737481682,2.925335849215462,1.8113414624331747
2025-07-16,3.62211105912742,3.3111413035772106,2.9471700051612837,1.8068131087770918
2025-07-17,3.665315326869745,3.3547727358441293,2.9972461520860314,1.8201835257820425
2025-07-18,3.690502334838297,3.366783469002157,3.0093497817727397,1.8331068288150951
2025-07-21,3.7348281333324236,3.4004486597026675,3.0396729909622233,1.8453886445681562
2025-07-22,3.720562870143725,3.402368359930721,3.0495607115545873,1.860705370318072
2025-07-23,3.698815309209591,3.3906175125442974,3.0426991514604182,1.8612635819291674
2025-07-24,3.7366953779720014,3.4279219326077794,3.08087908610124,1.8746646797190576
2025-07-25,3.758768291665527,3.4504226642863896,3.0696102664742506,1.8656662892564062
2025-07-28,3.813218770139576,3.4832119110633335,3.0942677445223055,1.8699573217216958
2025-07-29,3.8236334927484497,3.5101918319124485,3.1176796486191174,1.8776241467407546
2025-07-30,3.7894817452565497,3.5031716881972077,3.1045308718734272,1.8772486219114064
2025-07-31,3.7674221713687337,3.484231360857767,3.067338284901588,1.843458146717001
2025-08-01,3.7858548761284414,3.4921356572969806,3.070019165283017,1.8340565101687443
2025-08-04,3.8767581293993976,3.5556845995692914,3.117022072159399,1.8412093305584023
2025-08-05,3.9045868108288024,3.5945516796569255,3.1467991819847603,1.8559390052028697
2025-08-06,3.944801088374298,3.620624372104092,3.1730609695422576,1.8605788527158766
2025-08-07,3.94726898131914,3.618818876613342,3.1671807082941337,1.8611370263716915
2025-08-08,3.9338109039229825,3.6130885675374893,3.163907618595664,1.857414752318948
2025-08-11,4.013709361907663,3.686524970146489,3.2232380524517104,1.8654016357539194
2025-08-12,4.007309265252223,3.6862404422260004,3.225291354009922,1.8751017242598398
2025-08-13,4.045410296008509,3.731567882060823,3.2548985567634268,1.8899150278814925
2025-08-14,3.976391007100399,3.648010064469484,3.209118045993878,1.8887810788647637
2025-08-15,4.062666281907602,3.739686713018051,3.2746623296827506,1.9021914245247036
2025-08-18,4.14182940747175,3.827142952861937,3.3160904841990875,1.918930709060521
2025-08-19,4.1591489393705015,3.830464349289058,3.3277461782940976,1.911830665436997
2025-08-20,4.170260967773023,3.8468190045890323,3.3632902715179167,1.9338167180895227
2025-08-21,4.137100691289923,3.8082346183256757,3.3409419685728627,1.9413586032900718
2025-08-22,4.197090393794879,3.860435461619426,3.364762987751053,1.9827095415401506
2025-08-25,4.23857415564923,3.9137997878093467,3.4012359084845647,2.0241481709583393
2025-08-26,4.240401270419872,3.903909174624318,3.402089973251739,2.0166588227257938
2025-08-27,4.146718252807796,3.835139030569091,3.3173690223335672,1.9868122721494519
2025-08-28,4.200497993719514,3.8828558039067156,3.356463178261822,2.0217801681392826
2025-08-29,4.174400302667455,3.881961347918123,3.3353078831346386,2.0375500534507687
2025-09-01,4.2266672922468675,3.9349398028902316,3.381202115896947,2.0497753537714734
2025-09-02,4.1269302619212915,3.817239286511165,3.316437972528086,2.0346070161535645
2025-09-03,4.062528078296494,3.7663481096591886,3.2569649387106203,2.0205682277421046
2025-09-04,3.9431296981879402,3.6704582055127153,3.2219781638662006,1.977732181313972
2025-09-05,4.058822093330295,3.800090367671627,3.300135764204639,2.021044516084748
2025-09-08,4.122617991855288,3.8464557392984933,3.329578959994465,2.024278187310484
2025-09-09,4.059573625217491,3.796661523431264,3.2950109967685064,2.0101082399993104
2025-09-10,4.079611262351489,3.798812074478027,3.299948547627939,2.014329467303309
2025-09-11,4.168788460923261,3.895287740909411,3.3669148462118144,2.0608604779980153
2025-09-12,4.155697282128054,3.904154996501627,3.37545554500592,2.0493196593212266
2025-09-15,4.182674474611387,3.882452019557641,3.378242720368647,2.0542380265035973
2025-09-16,4.2520834532810925,3.9409465335172285,3.412370509744539,2.0503349742532406
2025-09-17,4.262425306014251,3.956323118189249,3.432103206020858,2.063252084591036
2025-09-18,4.201104578472226,3.9111917530625617,3.3813438878528315,2.0393183604097795
2025-09-19,4.183950576490727,3.899466350423584,3.364454222192764,2.040949815098107
2025-09-22,4.233879091747092,3.93903853506741,3.376823891913819,2.0503381842475585
2025-09-23,4.1768099448938925,3.893902100615109,3.3518002419007953,2.048902947518585
2025-09-24,4.2774035958540235,3.9633409974005445,3.414279779117625,2.070211538172778
2025-09-25,4.251197154889174,3.9450212211404394,3.4087788614297625,2.082839828555632
2025-09-26,4.17622135321799,3.884680241463406,3.3536085465564174,2.0632611341672096
2025-09-29,4.214611214494765,3.938827452906378,3.384042242703554,2.0950353556333843
2025-09-30,4.248638016071053,3.9718988930937797,3.409710338417503,2.104672518269298
2025-10-09,4.284629995452436,3.970647311134483,3.4276258962530153,2.135821671539684
2025-10-10,4.207539387606323,3.904629334540059,3.4238108427068417,2.0939595667775057
2025-10-13,4.232813800466209,3.909276206209978,3.4068330896814807,2.0836991649002963
2025-10-14,4.130176302570543,3.824236640800759,3.3655822396337687,2.0586947749214928
2025-10-15,4.182339003162449,3.894954750620506,3.389935596330968,2.0895751965453147
2025-10-16,4.136805691745661,3.85926685179321,3.3464051147252776,2.0956349646152956
2025-10-17,4.027482132335867,3.7549563170081344,3.274306037609417,2.0489023049043746
2025-10-20,4.099045018960805,3.799604331312547,3.331624938076321,2.0599663773508583
2025-10-21,4.1700068752149395,3.881238769982718,3.395457727175006,2.0916898595620617
2025-10-22,4.151125103888553,3.8760902508875272,3.3859587346696154,2.0847872830255065
2025-10-23,4.142605042690807,3.8738866503202978,3.3929520960285076,2.0910416448745828
2025-10-24,4.220603836653451,3.9401121864988546,3.4394619534480984,2.1173887696000024
2025-10-27,4.302232671053634,3.9928424941239804,3.468465060726774,2.1425856959582426
2025-10-28,4.300363398439817,3.9883185084453454,3.4617304921511103,2.1320870260480476
2025-10-29,4.288795979847756,3.9885279125125,3.4841792669645844,2.1574588616580193
2025-10-30,4.206684505601373,3.9182836273582176,3.455207499224711,2.140199190764755
2025-10-31,4.226560375502864,3.959925813657903,3.486837926053191,2.108738262660513
2025-11-03,4.241733322213745,3.9599875617550637,3.508317323142376,2.1144318559696966
2025-11-04,4.184026361972717,3.907853928640126,3.457482582245749,2.0985736170499236
2025-11-05,4.222193290946366,3.915361026914122,3.4726546453219447,2.1025609069223186
2025-11-06,4.272308362721151,3.9682664986353355,3.4912928960652634,2.132627527891308
2025-11-07,4.2793740023543645,3.94672945497766,3.468141559150235,2.126016382554845
2025-11-10,4.298534041463806,3.953207203860722,3.482979295767895,2.133457439893787
2025-11-11,4.294242465499121,3.9645959381162017,3.5072945748732653,2.1140429771907536
2025-11-12,4.294635035883104,3.9573655143203315,3.4904326576687965,2.1112947213204056
2025-11-13,4.359351596529927,3.9830368277927177,3.52912751782292,2.1366302579762504
2025-11-14,4.341604473538733,3.9678523665128878,3.5230274378610336,2.103085162926023
2025-11-17,4.348633073955147,3.9768615020216127,3.5370679562262914,2.0892048008507107
2025-11-18,4.308421089479486,3.9449841802015335,3.482326180514436,2.0760428106053515
2025-11-19,4.243922720913066,3.883932861562232,3.444520321408871,2.085177398972015
2025-11-20,4.217272992899112,3.861843111160471,3.4319645817506688,2.0749600297170523
2025-11-21,4.052364153843623,3.7120709033922163,3.2966589055657396,2.024538500994928
2025-11-24,4.1411412617456875,3.799480238364363,3.3468605842472146,2.022109054793734
2025-11-25,4.210158580522359,3.883505280682891,3.3915707310176506,2.0413190908142744
2025-11-26,4.209090972191122,3.879628181065149,3.3910766735142337,2.0537711372682415
2025-11-27,4.239240280104374,3.909420793107836,3.384804722066237,2.0527442516996075
2025-11-28,4.3036553927543615,3.9609638457396272,3.4255263641419553,2.0578761123288563
2025-12-01,4.302944930575951,3.9646253399072724,3.4388973930978874,2.0805127495644733
2025-12-02,4.256635915352954,3.9318191066984696,3.4209578074029414,2.0705262883665636
2025-12-03,4.212828579974518,3.9043832565752252,3.396207774806941,2.0599666042958944
2025-12-04,4.194057304184157,3.8884855489848746,3.364415282964786,2.0669704907505007
2025-12-05,4.241270778080716,3.955590667132255,3.411169185530004,2.0843330428728044
2025-12-08,4.326198209901753,4.019009808904306,3.462573804368348,2.1014245738243615
2025-12-09,4.2996311486982695,3.997444112380549,3.440205563533296,2.0909174509552395
2025-12-10,4.319335047634922,3.9988840027306303,3.4497076296108102,2.0879901665239027
2025-12-11,4.246625598923441,3.9383544267473285,3.3920981535497843,2.070033451091797
2025-12-12,4.273104455038278,3.9731203262934818,3.4095000737573296,2.0834886685238936
2025-12-15,4.244976399522626,3.9409341029194955,3.3846984188313227,2.071404434246455
2025-12-16,4.166629612276173,3.8733684087514253,3.3179237415437255,2.046547581035497
2025-12-17,4.228115523576744,3.9271837698725984,3.346583103943572,2.0842040565265503
2025-12-18,4.221590835970105,3.944275977464567,3.342324783150434,2.0723240934043483
2025-12-19,4.270093409854917,3.973729798520096,3.39084668935224,2.0806133897779664
2025-12-22,4.308051235556881,4.015030838436164,3.44265686256824,2.100171155641879
2025-12-23,4.32264480127497,4.023655509562941,3.430858799119318,2.1043714979531627
2025-12-24,4.37248745173815,4.072735281141614,3.482505941000327,2.1104741752972274
2025-12-25,4.443315712565232,4.130599747762733,3.5006767401097956,2.1146951236478215
2025-12-26,4.436343743288437,4.107631995352643,3.507461368396261,2.121462148043495
2025-12-29,4.439160316685829,4.129351040532316,3.512356667209877,2.113188445666125
2025-12-30,4.4518215394510054,4.121807892225859,3.5002405105847423,2.1186827356248568
2025-12-31,4.467665268713368,4.131736048828287,3.49402932014604,2.1089367950409823
2026-01-05,4.581429023427173,4.215121347093801,3.564011916535997,2.149006594146761
2026-01-06,4.62222388528604,4.257038581503126,3.59567414092401,2.1821012956966213
2026-01-07,4.667579253794823,4.315335066156607,3.6179782364460698,2.175773201939101
2026-01-08,4.7028523750559135,4.361079391526426,3.6586582590113963,2.1579318616832004
2026-01-09,4.7803081633400915,4.436764722470428,3.7038720837888244,2.1676425550607745
2026-01-12,4.910743149634555,4.544838177329563,3.7860866198630267,2.181948995924176
2026-01-13,4.844510829969928,4.474609660213659,3.7124012958485686,2.168857301948631
2026-01-14,4.941542353193027,4.53406069415315,3.7558697746121563,2.160615644201226
2026-01-15,4.890810818169291,4.516897864075558,3.7391096356299345,2.164936875489628
2026-01-16,4.95905944420473,4.58135480881037,3.7434120816219965,2.157359596425415
2026-01-19,4.96209629876263,4.5793776785541915,3.778104104759191,2.158438276223627
2026-01-20,4.903355386467231,4.532322397525993,3.7623271726844387,2.151099586084467
2026-01-21,4.963277634051428,4.606395088672351,3.7981421458277174,2.153250685670551
2026-01-22,4.967274334946003,4.605153743103157,3.821808310251561,2.153466010739118
2026-01-23,5.047273990863749,4.66517719617446,3.871711251764691,2.144421453494014
2026-01-26,4.950690279698386,4.5707426216304725,3.8337922598695133,2.1463514328021582
2026-01-27,5.017112712717175,4.597746012644724,3.8417253577022876,2.1457075273723176
2026-01-28,4.965463945194877,4.593933465426703,3.820329821068217,2.151071796190748
2026-01-29,4.88775520168325,4.5183854096460525,3.7812165616917133,2.1674199418417976
2026-01-30,4.92652698864706,4.555715123970245,3.7597521623249786,2.1457457424233795
2026-02-02,4.7839005677515924,4.424527324654672,3.6851585349518827,2.0998267835355198
2026-02-03,4.932218979838516,4.529897926188538,3.7721925468712447,2.124394756902885
2026-02-04,4.900873884766245,4.496741525261484,3.7917167695203675,2.141814793909489
2026-02-05,4.8250659940142375,4.443632402988285,3.740973827062479,2.1291780866254224
2026-02-06,4.828981128896901,4.437795563646271,3.7533317637719117,2.1178934427663076
2026-02-09,4.9665177092767525,4.546956334769774,3.8293016178736363,2.1524151058833985
2026-02-10,4.935070285947157,4.5425003383616165,3.820765555354437,2.1547827624998708
2026-02-11,4.922673978587751,4.514884244500799,3.809291778707278,2.1500422404223714
2026-02-12,4.985107512102479,4.572327649922988,3.8371574127862913,2.1530522995589623
2026-02-13,4.979304578304152,4.560970904318517,3.8036550324303624,2.1259238405845196
2026-02-24,5.0205557220171615,4.599473949522983,3.8549734197140753,2.147183078990365
2026-02-25,5.088494099969569,4.642835892859998,3.89190235074608,2.1602808957722064
2026-02-26,5.131043916705067,4.686300636708068,3.9196453473617012,2.1559603339806617
2026-02-27,5.184856576956788,4.712049868460155,3.9711591752335695,2.1486300688451276
2026-03-02,5.107121584109967,4.655379138223648,3.9179805557040925,2.1565800000998547
2026-03-03,4.862929387799783,4.42788127921601,3.7532638051874114,2.123368668098317
2026-03-04,4.864043609599903,4.434440357878558,3.746944872868409,2.0989499284151867
2026-03-05,4.933705092699713,4.486787740352164,3.798412149305629,2.119309742720814
2026-03-06,5.002963166121667,4.56719634281648,3.8472016100474535,2.125243810000432
2026-03-09,4.94916717936126,4.523106941903021,3.80785926670063,2.1046289450434275
2026-03-10,5.073215429600424,4.667449021218797,3.871575256665481,2.131568195539983
2026-03-11,5.0705798182848785,4.635294754717476,3.855301610890078,2.1449970751718848
2026-03-12,5.041402189821753,4.600589736225228,3.818093305732555,2.1372750857012663
2026-03-13,4.986553203227814,4.54426307100751,3.797035747430532,2.1289397128670307
2026-03-16,5.024044970814667,4.581062870445808,3.7978984295074003,2.1300041827234644
2026-03-17,4.847148103812827,4.446281044187906,3.703680004290445,2.1146681526078552
2026-03-18,4.944702975237404,4.535016298944035,3.764469823804197,2.1239726924793296
2026-03-19,4.824824770829267,4.434904187030041,3.676761741862957,2.089776732130413
2026-03-20,4.708971019190835,4.331403282111138,3.5913547271153403,2.082462513567956
2026-03-23,4.446451241468168,4.074027121054047,3.408831583723204,2.0141577431229276
2026-03-24,4.637263057013541,4.219776482056063,3.5097720874246807,2.039938962234901
2026-03-25,4.752218406902609,4.32784147113386,3.5912978995427727,2.0687021016024127
2026-03-26,4.687142854178693,4.259251962458717,3.542883943195612,2.041395233861261
2026-03-27,4.749155120164042,4.336632748418014,3.598973042696096,2.0528270471708843
2026-03-30,4.749640414964971,4.349431195923454,3.620359167061518,2.047900262257674
2026-03-31,4.652863211986012,4.2567883365342425,3.5552441769533436,2.028854789818678
2026-04-01,4.773198365276553,4.389099663495194,3.6166122268668417,2.063345321245595
2026-04-02,4.666526446420701,4.300161021868178,3.5587115679490635,2.0416801953725163
2026-04-03,4.603132924377384,4.252878226172628,3.506440710866955,2.024530081731387
2026-04-07,4.669465987488053,4.313561633279889,3.5421452850346196,2.024530081731387
2026-04-08,4.939682299054837,4.536302021558827,3.6865983343477846,2.0953886345919854
2026-04-09,4.923753349530282,4.509876492007299,3.680764820045328,2.0819781473305965
2026-04-10,4.965208082893103,4.567800792197149,3.7258784347200757,2.1142488086142213
2026-04-13,4.9889079690723275,4.575170620316976,3.7164038408492424,2.1184773062314495
2026-04-14,5.055387682370597,4.648358509688972,3.7643610693256413,2.1434753384449805
2026-04-15,5.038180995919824,4.640364845908471,3.7569787530417282,2.1364018698281124
2026-04-16,5.128420693797855,4.746900109689754,3.81482122078227,2.1599022903962215
2026-04-17,5.186393653262563,4.785399848594169,3.831298057353285,2.1562304565025476
2026-04-20,5.239436125662106,4.828465994605404,3.8446912449801784,2.1693834622872137
2026-04-21,5.229658311888818,4.821112287414502,3.85575862106809,2.1743730442504736
2026-04-22,5.307960386265119,4.885468929412676,3.882528717120615,2.1902459674735026
2026-04-23,5.201353439050184,4.783470834318124,3.8270678025219986,2.1841132787645767
2026-04-24,5.18390979634159,4.768755228549361,3.8134338980085714,2.1766872936167774
2026-04-27,5.277902571994266,4.848469715366747,3.8433901865915487,2.1773402998048623
2026-04-28,5.213839594818705,4.7848067992106165,3.8057665776320935,2.1714614809953896
2026-04-29,5.2894984977541615,4.826103472370686,3.8467480365453595,2.1955647034344383
2026-04-30,5.34779005350075,4.895562904311433,3.843066156149288,2.1944669210827215
2026-05-06,5.493691727851887,5.027947115997086,3.937831527751953,2.226506138130529
2026-05-07,5.59064553053928,5.140670702651571,3.995618198048681,2.237193367593555
2026-05-08,5.619528948494626,5.189994161218831,4.034793699205629,2.2242176460615126
2026-05-11,5.770720153968341,5.297705362915162,4.090093710862755,2.2606948154569215
2026-05-12,5.730814332945712,5.274959649998599,4.075191630105879,2.258886259604556
2026-05-13,5.8389608884833955,5.359495751415584,4.1151329737726945,2.2826045653304035
2026-05-14,5.770630316665128,5.318147190530368,4.0577277155702625,2.244713329545919
2026-05-15,5.738261085838291,5.277436187418326,4.022203703984803,2.2191235975890953
2026-05-18,5.77190184880479,5.304322234144195,4.046991717710057,2.2071403301621144
2026-05-19,5.8143151932109145,5.323776527060065,4.079313009149242,2.2159688914827633
2026-05-20,5.918481480923538,5.387127382392275,4.081900694618096,2.215304100815318
2026-05-21,5.642510680093134,5.173695359139665,3.9462962641898396,2.184954434634148
2026-05-22,5.83781720237505,5.34964316265024,4.037843944444534,2.212921851397465
2026-05-25,5.860026935862916,5.4030484672281744,4.044619246254037,2.2476647244644052
2026-05-26,5.7360874392442245,5.268605960001324,3.9581495869614303,2.2600268804489594
2026-05-27,5.621980433999191,5.167329753424706,3.904568366644308,2.2428506761575475
2026-05-28,5.711950521775692,5.259790383711189,3.939505400286464,2.2457663820365528
2026-05-29,5.491057255334051,5.039353891890272,3.8550495231083026,2.2361095865937957
2026-06-01,5.424805526445349,4.97361339960498,3.8403708745650564,2.214419323603836
2026-06-02,5.444319366771127,4.985252423953939,3.8477494656457587,2.2465284037960918
2026-06-03,5.484255744886773,5.032035712652601,3.8365740684526664,2.2575363929746923
2026-06-04,5.48037580361848,5.046673897727313,3.821780789018348,2.2421851455024644
2026-06-05,5.459147274604362,4.999869533827024,3.8143099283805646,2.2029469054561712
2026-06-08,5.297637920969803,4.843105396494567,3.6935061819024497,2.1560241363699553
2026-06-09,5.451482673283288,4.974865945747933,3.794413727364851,2.196126185306436
2026-06-10,5.385938055288651,4.907892147766608,3.7490590192976674,2.1743845360719023
2026-06-11,5.357930197065254,4.940934402244235,3.7463375926585822,2.162642859577114
2026-06-12,5.376823109603861,4.92552679802518,3.75149077533141,2.187296988176293
2026-06-15,5.589688003337642,5.165073023664018,3.878364827826554,2.2386984673984367
2026-06-16,5.713329577281963,5.277631315885829,3.934635085177725,2.234892680003859
2026-06-17,5.8157416903233985,5.377911448072068,3.9532355824714873,2.2559006711958953
2026-06-18,5.883303375752286,5.463937565063899,3.962313539613631,2.261089242739646
2026-06-22,5.872301311926826,5.470370711214387,4.008135034632408,2.3149031667168494
2026-06-23,5.8512536737039325,5.427135104216683,3.9579482007313156,2.2507803489987928
2026-06-24,5.966279871658493,5.508050805125679,3.950156664719078,2.2615840946739874
2026-06-25,5.957776690991873,5.514560704875222,3.9473538587903105,2.296412489731967
2026-06-26,5.793484301599962,5.374189512138777,3.860512302085907,2.2300461687787125
2026-06-29,5.724962361237287,5.376932501079246,3.839203671652768,2.2576987412715686
2026-06-30,5.921046822929112,5.554474782250342,3.904228029426336,2.2823076575514287
2026-07-01,5.993033716252392,5.57432665111504,3.9466787163922987,2.272950196155468
2026-07-02,5.819406639081836,5.385328268680027,3.8685011301890713,2.2068073454473436
2026-07-03,5.810732602578424,5.379007210077153,3.8962207089137317,2.2211515931927512
2026-07-06,5.706949327627203,5.309965821301574,3.8349682858393646,2.2211515931927512
2026-07-07,5.571344767287867,5.1561709066155395,3.7287964888919527,2.198273731782866
2026-07-08,5.448408693992997,5.063855508890542,3.652330966319848,2.1817866787944946
2026-07-09,5.607519869213313,5.255271384811614,3.7096969675301112,2.2367677031001154
2026-07-10,5.539689135524302,5.141253741447239,3.6957759875540894,2.1962822076740034
2026-07-13,5.153068204670684,4.797972361941117,3.5246735362550914,2.1578472690397086
2026-07-14,5.26598999123123,4.8919753426274415,3.5881121012874786,2.20359363114335
2026-07-15,5.197500160935791,4.7928138032941465,3.5565039635756497,2.199406803244178
2026-07-16,5.053212478380283,4.646532985086237,3.489622619376461,2.1606972435070806
2026-07-17,4.609418192345135,4.260285786847783,3.264430334036909,2.0852889097086833
2026-07-20,4.365671904644308,4.047785781841172,3.1271903400262397,2.1163597144633424
2026-07-21,4.577307208473652,4.259386610520798,3.2155761843906188,2.1809086857544746
2026-07-22,4.495322434739667,4.190494958992423,3.155660591629461,2.171312687537155
2026-07-23,4.494141291130208,4.19886054921431,3.203914849251318,2.1763067067184907
2026-07-24,4.409416273613816,4.1189089384800806,3.123352333848219,2.1406152767283073
2026-07-27,4.592976226962508,4.286002154414781,3.226750844183692,2.1406152767283073
2026-07-28,4.433451817419264,4.079691565678868,3.1649028674847095,2.1406152767283073
2026-07-29,4.408203318796181,4.0451939606159595,3.1786845344497663,2.1406152767283073
2026-07-30,4.201738806111484,3.848189057919064,3.084106008230273,2.1406152767283073
2026-07-31,4.366944493982857,4.020568329700403,3.1794536723156295,2.1406152767283073
2026-08-03,4.355020342965419,3.9986068417764464,3.1723987916162173,2.1406152767283073
