长度,多头占比
500,0.5588822355289421
500,0.6427145708582834
245,1.0
500,0.27345309381237526
500,0.42115768463073855
496,0.27565392354124746
388,0.42930591259640105
500,0.530938123752495
500,0.25748502994011974
497,0.3192771084337349
391,0.4923469387755102
426,0.44028103044496486
500,0.6926147704590818
486,0.3141683778234086
352,0.43342776203966005
500,0.0658682634730539
500,0.720558882235529
497,0.3534136546184739
345,0.28034682080924855
500,0.5069860279441117
196,0.3401015228426396
498,0.2785571142284569
500,0.35129740518962077
297,0.6442953020134228
500,0.5968063872255489
66,1.0
500,0.5109780439121756
493,0.4433198380566802
149,1.0
494,0.46464646464646464
500,0.5029940119760479
492,0.48073022312373226
500,0.5688622754491018
33,0.0
500,0.4590818363273453
477,0.5460251046025104
500,0.4491017964071856
500,0.4411177644710579
500,0.4630738522954092
484,0.43711340206185567
478,0.4154488517745303
347,0.5718390804597702
500,0.25948103792415167
500,0.3193612774451098
500,0.5489021956087824
231,0.14655172413793102
132,0.21052631578947367
451,0.5907079646017699
315,0.8449367088607594
500,0.7984031936127745
439,0.4909090909090909
500,0.2874251497005988
500,0.6287425149700598
493,0.43724696356275305
500,0.4231536926147705
490,0.5295315682281059
500,0.45109780439121755
362,0.5041322314049587
500,0.2954091816367265
306,0.3583061889250814
484,0.5154639175257731
248,0.9156626506024096
500,0.16367265469061876
119,0.03333333333333333
500,0.32934131736526945
416,0.9640287769784173
398,0.05012531328320802
474,0.391578947368421
500,0.6127744510978044
204,0.28292682926829266
500,0.38323353293413176
449,0.3977777777777778
479,0.35833333333333334
349,0.49142857142857144
500,0.3013972055888224
500,0.5888223552894212
464,0.4645161290322581
500,0.08383233532934131
476,0.32075471698113206
377,0.5555555555555556
407,0.4583333333333333
442,0.43792325056433407
492,0.7221095334685599
250,1.0
500,0.4231536926147705
489,0.48775510204081635
181,0.0
446,0.5503355704697986
102,0.0
351,0.38920454545454547
500,0.2215568862275449
130,0.061068702290076333
495,0.3911290322580645
468,0.2579957356076759
500,0.3333333333333333
500,0.24750499001996007
500,0.6307385229540918
500,0.5329341317365269
500,0.3592814371257485
494,0.5131313131313131
463,0.6099137931034483
499,0.502
74,0.0
498,0.3366733466933868
324,0.36
26,1.0
275,0.6159420289855072
500,0.47704590818363274
500,0.3313373253493014
304,0.15081967213114755
354,0.6845070422535211
500,0.7644710578842315
461,0.461038961038961
337,0.11538461538461539
500,0.5528942115768463
477,0.6317991631799164
293,0.05782312925170068
500,0.43912175648702595
498,0.20240480961923848
500,0.6666666666666666
492,0.7322515212981744
468,0.7825159914712153
500,0.936127744510978
500,0.5429141716566867
425,0.2746478873239437
313,0.37261146496815284
381,0.39528795811518325
484,0.5051546391752577
485,0.49382716049382713
500,0.13572854291417166
500,0.18962075848303392
477,0.5355648535564853
471,0.4427966101694915
500,0.5728542914171657
500,0.5608782435129741
154,0.18064516129032257
499,0.574
500,0.5449101796407185
500,0.2654690618762475
495,0.36693548387096775
498,0.3847695390781563
500,0.5089820359281437
498,0.30060120240480964
500,0.5249500998003992
500,0.36726546906187624
279,0.7142857142857143
500,0.7664670658682635
500,0.1317365269461078
250,0.1394422310756972
123,0.28225806451612906
500,0.5349301397205589
484,0.23917525773195877
500,0.7225548902195609
499,0.186
182,0.4371584699453552
226,0.01762114537444934
122,0.032520325203252036
500,0.5109780439121756
500,0.45708582834331335
500,0.5588822355289421
497,0.2991967871485944
79,1.0
476,0.46540880503144655
496,0.3561368209255533
467,0.2329059829059829
212,0.539906103286385
500,0.3592814371257485
116,1.0
455,0.543859649122807
500,0.3712574850299401
500,0.42115768463073855
440,0.4943310657596372
475,0.5756302521008403
499,0.502
494,0.5292929292929293
500,0.249500998003992
242,0.02880658436213992
499,0.492
500,0.001996007984031936
178,0.0
500,0.43912175648702595
500,0.7944111776447106
495,0.40524193548387094
267,0.458955223880597
487,0.47540983606557374
403,0.297029702970297
500,0.42714570858283435
500,0.37325349301397204
118,1.0
500,0.3473053892215569
347,0.4166666666666667
500,0.5748502994011976
478,0.5532359081419624
489,0.4897959183673469
439,0.33181818181818185
500,0.4590818363273453
350,0.6894586894586895
500,0.5069860279441117
98,1.0
500,0.5349301397205589
500,0.3992015968063872
500,0.48502994011976047
350,0.017094017094017096
500,0.30538922155688625
189,0.3894736842105263
483,0.3347107438016529
357,0.45251396648044695
242,0.6008230452674898
500,0.17964071856287425
484,0.29690721649484536
500,0.12375249500998003
500,0.6467065868263473
499,0.332
472,0.2959830866807611
346,0.39481268011527376
500,0.5249500998003992
360,0.4376731301939058
500,0.5029940119760479
500,0.5049900199600799
500,0.17165668662674652
500,0.33532934131736525
500,0.6107784431137725
122,0.032520325203252036
455,0.5372807017543859
489,0.7448979591836735
500,0.5489021956087824
499,0.374
71,0.6388888888888888
500,0.48502994011976047
358,0.3426183844011142
469,0.4702127659574468
115,1.0
500,0.6047904191616766
500,0.17564870259481039
500,0.48303393213572854
466,0.13062098501070663
237,0.49159663865546216
500,0.4530938123752495
109,0.18181818181818182
461,0.29653679653679654
500,0.4870259481037924
392,0.5165394402035624
500,0.5049900199600799
305,0.23202614379084968
500,0.3592814371257485
366,0.6403269754768393
500,0.4810379241516966
289,0.6482758620689655
499,0.654
476,0.710691823899371
500,0.42115768463073855
480,0.5301455301455301
483,0.45454545454545453
495,1.0
483,0.44008264462809915
351,0.6051136363636364
272,0.5860805860805861
500,0.48303393213572854
432,0.19168591224018475
281,0.2907801418439716
500,0.6387225548902196
497,0.3534136546184739
500,0.07784431137724551
128,0.0
499,0.376
499,0.528
479,0.5
500,0.19161676646706588
494,0.6585858585858586
491,0.5670731707317073
111,0.0
40,0.0
500,0.3852295409181637
491,0.4105691056910569
500,0.7085828343313373
467,0.46794871794871795
500,0.31736526946107785
489,0.45510204081632655
473,0.3860759493670886
500,0.4151696606786427
497,0.5040160642570282
366,0.32697547683923706
206,0.12560386473429952
500,0.3912175648702595
175,0.0
500,0.5209580838323353
500,0.7385229540918163
471,0.5805084745762712
500,0.5728542914171657
500,0.5748502994011976
500,0.5548902195608783
484,0.24536082474226803
111,0.7410714285714286
443,0.38513513513513514
500,0.36926147704590817
471,0.2330508474576271
189,0.0
483,0.5165289256198347
500,0.4930139720558882
500,0.25948103792415167
500,0.36327345309381237
397,0.6608040201005025
490,0.7087576374745418
500,0.2874251497005988
500,0.3273453093812375
500,0.5968063872255489
494,0.36767676767676766
500,0.3852295409181637
278,0.4946236559139785
351,0.3721590909090909
104,0.0
183,0.0
478,0.26931106471816285
302,0.42574257425742573
495,0.4032258064516129
450,0.5831485587583148
500,0.4550898203592814
388,0.23136246786632392
499,0.478
500,0.40119760479041916
500,0.16766467065868262
104,0.0
500,0.4091816367265469
500,0.6027944111776448
461,0.329004329004329
391,0.3877551020408163
500,0.5528942115768463
500,0.5149700598802395
490,0.34826883910386963
500,0.32335329341317365
90,1.0
494,0.591919191919192
365,0.44808743169398907
491,0.4573170731707317
277,0.34532374100719426
453,0.3766519823788546
500,0.42115768463073855
500,0.6207584830339321
500,0.28542914171656686
82,0.8192771084337349
500,0.2774451097804391
499,0.558
492,0.4462474645030426
500,0.1996007984031936
294,0.4
436,0.2288329519450801
48,0.0
477,0.39748953974895396
500,0.48303393213572854
490,0.2973523421588595
499,0.358
475,0.4180672268907563
482,0.8840579710144928
500,0.8642714570858283
480,0.8586278586278586
500,0.09780439121756487
67,0.7941176470588235
500,0.4431137724550898
240,0.5518672199170125
343,0.17732558139534885
235,0.03389830508474576
500,0.5249500998003992
115,0.5689655172413793
500,0.25748502994011974
500,0.36127744510978044
100,1.0
443,0.3130630630630631
494,0.21414141414141413
497,0.5
500,0.19560878243512975
492,0.18864097363083165
394,0.34177215189873417
487,0.6229508196721312
497,0.6104417670682731
404,0.3851851851851852
124,1.0
500,0.7944111776447106
500,0.4151696606786427
494,0.26262626262626265
345,0.29190751445086704
477,0.41422594142259417
355,0.34831460674157305
490,0.2892057026476578
500,0.7984031936127745
499,0.502
472,0.33403805496828753
392,0.4020356234096692
500,0.5149700598802395
457,0.31004366812227074
500,0.27944111776447106
500,0.30538922155688625
492,0.26369168356997974
478,0.3173277661795407
343,0.4418604651162791
468,0.18336886993603413
500,0.2554890219560878
472,0.266384778012685
500,0.5768463073852296
329,0.15454545454545454
500,0.5209580838323353
474,0.32421052631578945
500,0.36926147704590817
500,0.5289421157684631
499,0.188
497,0.6807228915662651
500,0.4750499001996008
500,0.5229540918163673
170,0.0
270,0.3726937269372694
483,0.6838842975206612
500,0.6487025948103793
478,0.3966597077244259
500,0.11377245508982035
446,0.3959731543624161
315,0.560126582278481
474,0.4589473684210526
500,0.3213572854291417
482,0.4720496894409938
383,0.18229166666666666
240,0.29045643153526973
258,0.05791505791505792
499,0.502
318,0.0
240,0.0
498,0.34468937875751504
500,0.21956087824351297
357,0.5167597765363129
500,0.25149700598802394
500,0.5109780439121756
500,0.5109780439121756
374,0.6933333333333334
276,0.703971119133574
500,0.22954091816367264
500,0.5508982035928144
500,0.28542914171656686
500,0.35129740518962077
500,0.4630738522954092
500,0.1996007984031936
500,0.1277445109780439
321,0.14285714285714285
394,0.4607594936708861
441,0.47285067873303166
498,0.6412825651302605
499,0.272
278,0.2616487455197133
402,0.2531017369727047
160,0.14285714285714285
497,0.1827309236947791
410,0.39416058394160586
500,0.5728542914171657
283,1.0
466,0.32119914346895073
441,0.5452488687782805
500,0.3393213572854291
274,0.4036363636363636
495,0.5
500,0.46506986027944114
500,0.469061876247505
481,0.7074688796680498
348,0.9770773638968482
497,0.6506024096385542
498,0.501002004008016
383,0.0026041666666666665
495,0.3387096774193548
407,0.4117647058823529
500,0.36726546906187624
438,0.44646924829157175
500,0.3153692614770459
348,0.44126074498567336
500,0.48303393213572854
500,0.4750499001996008
500,0.3073852295409182
276,0.45126353790613716
435,0.03211009174311927
484,0.4742268041237113
345,0.6647398843930635
495,0.5846774193548387
89,1.0
482,0.2608695652173913
500,0.6606786427145709
217,1.0
497,0.5682730923694779
498,0.2965931863727455
499,0.204
496,0.5492957746478874
273,0.26277372262773724
499,0.36
500,0.38922155688622756
500,0.3253493013972056
178,0.5307262569832403
344,0.3710144927536232
500,0.3872255489021956
500,0.5469061876247505
472,0.21987315010570824
500,0.3772455089820359
453,0.4933920704845815
498,0.6172344689378757
430,0.3248259860788863
350,0.42450142450142453
497,0.3293172690763052
500,0.4111776447105788
185,0.0
500,0.4590818363273453
429,0.12093023255813953
499,0.214
500,0.35728542914171657
345,0.22832369942196531
497,0.45180722891566266
500,0.19161676646706588
338,0.3746312684365782
247,0.4596774193548387
500,0.45708582834331335
474,0.5894736842105263
209,0.9142857142857143
419,0.40714285714285714
116,1.0
500,0.49500998003992014
498,0.4589178356713427
423,0.5400943396226415
426,0.21311475409836064
272,0.2600732600732601
478,0.33194154488517746
368,0.43089430894308944
500,0.37924151696606784
400,0.41895261845386533
499,0.284
500,0.5848303393213573
500,0.5109780439121756
329,0.3181818181818182
441,0.3914027149321267
500,0.42714570858283435
387,0.5850515463917526
495,0.40524193548387094
500,0.47105788423153694
500,0.32335329341317365
500,0.23552894211576847
353,0.1807909604519774
498,0.3847695390781563
463,0.4698275862068966
500,0.249500998003992
500,0.18562874251497005
311,0.14102564102564102
161,0.0
500,0.4291417165668663
173,0.0
500,0.34530938123752497
500,0.3712574850299401
494,0.046464646464646465
77,1.0
454,0.4725274725274725
371,0.5618279569892473
430,0.08584686774941995
499,0.274
500,0.23552894211576847
329,0.6121212121212121
500,0.7225548902195609
486,0.3264887063655031
500,0.313373253493014
500,0.46506986027944114
500,0.3093812375249501
500,0.3213572854291417
494,0.24242424242424243
500,0.4151696606786427
455,0.42543859649122806
500,0.6207584830339321
494,0.44242424242424244
500,0.49101796407185627
321,0.4782608695652174
500,0.11976047904191617
467,0.4551282051282051
500,0.2315369261477046
499,0.642
500,0.5409181636726547
500,0.3033932135728543
499,0.37
424,0.3058823529411765
475,0.5252100840336135
500,0.5229540918163673
499,0.562
245,0.0
500,0.7524950099800399
498,0.48697394789579157
256,0.8287937743190662
500,0.4530938123752495
174,0.0
475,0.5
490,0.4317718940936864
447,0.9397321428571429
497,0.23493975903614459
96,0.0
500,0.36127744510978044
499,0.312
500,0.41317365269461076
500,0.908183632734531
500,0.45109780439121755
500,0.46506986027944114
345,0.3901734104046243
491,0.4959349593495935
496,0.5593561368209256
500,0.5568862275449101
500,0.5668662674650699
500,0.5329341317365269
160,0.006211180124223602
500,0.3373253493013972
477,0.28661087866108786
500,0.6786427145708582
389,0.5871794871794872
264,0.39245283018867927
500,0.38922155688622756
349,0.56
461,0.461038961038961
500,0.46706586826347307
391,0.5153061224489796
500,0.2954091816367265
491,0.241869918699187
426,0.531615925058548
469,0.3680851063829787
267,0.208955223880597
497,0.42570281124497994
500,0.6526946107784432
491,0.491869918699187
483,0.506198347107438
491,0.32926829268292684
499,0.522
499,0.628
500,0.45109780439121755
500,0.5429141716566867
259,0.9076923076923077
468,0.3411513859275053
485,0.3868312757201646
321,0.5838509316770186
500,0.2714570858283433
500,0.3393213572854291
480,0.3180873180873181
473,0.47468354430379744
500,0.4471057884231537
499,0.46
455,0.5657894736842105
468,0.4690831556503198
392,0.366412213740458
500,0.5868263473053892
500,0.43912175648702595
500,0.3532934131736527
479,0.4666666666666667
246,0.8340080971659919
293,0.14965986394557823
500,0.6626746506986028
499,0.738
326,0.599388379204893
450,0.5055432372505543
500,0.31137724550898205
500,0.2315369261477046
421,0.5947867298578199
500,0.5988023952095808
500,0.36726546906187624
466,0.4132762312633833
500,0.2934131736526946
225,0.24778761061946902
143,0.125
482,0.6356107660455487
500,0.3852295409181637
500,0.47105788423153694
500,0.3652694610778443
500,0.5149700598802395
428,0.4801864801864802
499,0.502
483,0.29132231404958675
243,0.5778688524590164
483,0.359504132231405
500,0.3073852295409182
359,0.12777777777777777
497,0.463855421686747
500,0.28542914171656686
500,0.35129740518962077
454,0.3252747252747253
500,0.47704590818363274
238,0.4351464435146444
476,0.3522012578616352
491,0.3048780487804878
500,0.5149700598802395
500,0.39520958083832336
425,0.27230046948356806
286,0.25435540069686413
500,0.26746506986027946
262,0.053231939163498096
500,0.5129740518962076
500,0.49700598802395207
428,0.3962703962703963
500,0.5209580838323353
498,0.5350701402805611
474,0.6421052631578947
500,0.3153692614770459
495,0.5423387096774194
500,0.45708582834331335
499,0.424
500,0.3313373253493014
458,0.5773420479302832
327,0.40853658536585363
313,0.267515923566879
500,0.3592814371257485
104,1.0
418,0.08353221957040573
330,0.37462235649546827
500,0.5888223552894212
500,0.9500998003992016
243,0.8975409836065574
500,0.17764471057884232
436,0.3135011441647597
187,0.0
185,0.0
445,0.48878923766816146
324,0.6707692307692308
398,0.49624060150375937
341,0.5175438596491229
474,0.56
500,0.3712574850299401
500,0.2654690618762475
318,0.4890282131661442
224,0.4488888888888889
385,0.5958549222797928
488,0.5685071574642127
291,0.4280821917808219
482,0.6645962732919255
348,0.9197707736389685
500,0.2055888223552894
475,0.35294117647058826
497,0.5100401606425703
497,0.39357429718875503
404,0.2740740740740741
500,0.5868263473053892
500,0.5049900199600799
500,0.656686626746507
343,0.45058139534883723
500,0.6087824351297405
500,0.43313373253493015
500,0.29141716566866266
500,0.5988023952095808
500,0.46706586826347307
479,0.40208333333333335
489,0.7591836734693878
500,0.37325349301397204
493,0.4959514170040486
496,0.6096579476861167
370,0.5471698113207547
181,0.2857142857142857
500,0.37524950099800397
500,0.3073852295409182
467,0.6730769230769231
348,0.5616045845272206
498,0.2565130260521042
346,0.1930835734870317
500,0.437125748502994
499,0.43
385,0.5673575129533679
500,0.30538922155688625
500,0.37924151696606784
500,0.5469061876247505
500,0.26746506986027946
500,0.2714570858283433
228,0.3624454148471616
490,0.5641547861507128
297,0.17114093959731544
500,0.5968063872255489
500,0.5688622754491018
423,0.41273584905660377
500,0.8542914171656687
475,0.3235294117647059
350,0.43874643874643876
422,0.32387706855791965
500,0.2435129740518962
495,0.49798387096774194
500,0.5469061876247505
472,0.5095137420718816
500,0.18163672654690619
406,0.4742014742014742
500,0.6027944111776448
39,0.0
500,0.4750499001996008
492,0.5740365111561866
485,0.4835390946502058
500,0.6107784431137725
32,0.0
500,0.1996007984031936
337,0.05029585798816568
384,0.42597402597402595
498,0.6012024048096193
493,0.4251012145748988
391,0.3010204081632653
53,0.0
478,0.5678496868475992
15,0.0
500,0.48303393213572854
473,0.5632911392405063
498,0.3967935871743487
120,0.0
181,0.0
500,0.07984031936127745
391,0.44642857142857145
484,0.7443298969072165
500,0.34530938123752497
458,0.3115468409586057
418,0.40572792362768495
494,0.3616161616161616
21,0.0
305,0.31699346405228757
500,0.4351297405189621
404,0.43950617283950616
484,0.6865979381443299
41,0.0
492,0.29006085192697767
449,0.5577777777777778
375,0.6595744680851063
455,0.4276315789473684
383,0.4192708333333333
499,0.472
500,0.38922155688622756
500,0.6307385229540918
500,0.5688622754491018
500,0.3652694610778443
500,0.34930139720558884
500,0.29141716566866266
490,0.384928716904277
471,0.5254237288135594
495,0.41935483870967744
500,0.7624750499001997
500,0.4530938123752495
500,0.6067864271457086
499,0.644
407,0.9779411764705882
500,0.4590818363273453
451,0.6084070796460177
265,0.5714285714285714
500,0.499001996007984
465,0.4313304721030043
495,0.9717741935483871
500,0.5728542914171657
454,0.4747252747252747
488,0.5501022494887525
500,0.4431137724550898
500,0.5768463073852296
203,0.8872549019607843
500,0.47305389221556887
500,0.33532934131736525
369,0.45675675675675675
271,0.4852941176470588
500,0.3013972055888224
73,0.7702702702702703
460,0.5401301518438177
500,0.46107784431137727
468,0.6289978678038379
500,0.16966067864271456
500,0.5808383233532934
470,0.4840764331210191
482,0.3250517598343685
500,0.592814371257485
312,0.0
500,0.4411177644710579
500,0.5429141716566867
414,0.4
455,0.41885964912280704
244,0.7795918367346939
423,0.41273584905660377
497,0.6847389558232931
500,0.6407185628742516
269,1.0
441,0.43665158371040724
500,0.6147704590818364
496,0.5573440643863179
387,0.46134020618556704
500,0.5788423153692615
500,0.590818363273453
490,0.5356415478615071
500,0.5588822355289421
223,0.45535714285714285
443,0.2927927927927928
225,0.6592920353982301
500,0.936127744510978
500,0.31736526946107785
468,0.5607675906183369
427,0.4182242990654206
500,0.16167664670658682
469,0.3638297872340426
352,0.24929178470254956
498,0.40480961923847697
445,0.5493273542600897
486,0.6714579055441479
432,0.6535796766743649
476,0.4025157232704403
500,0.590818363273453
476,0.7023060796645703
500,0.7125748502994012
500,0.3712574850299401
332,0.40540540540540543
500,0.2874251497005988
496,0.22334004024144868
266,0.2696629213483146
355,0.32865168539325845
479,0.4895833333333333
500,0.4930139720558882
481,0.4211618257261411
500,0.47305389221556887
500,0.23353293413173654
500,0.42115768463073855
398,0.3283208020050125
500,0.22554890219560877
500,0.4231536926147705
500,0.6806387225548902
96,1.0
285,0.2762237762237762
498,0.46292585170340683
253,0.2952755905511811
489,0.5612244897959183
433,0.3663594470046083
500,0.33532934131736525
500,0.15768463073852296
462,0.22894168466522677
500,0.5508982035928144
494,0.3090909090909091
422,0.2860520094562648
499,0.59
500,0.2954091816367265
486,0.5338809034907598
497,0.6164658634538153
472,0.5031712473572939
380,0.5039370078740157
214,0.0
472,0.32346723044397463
276,0.3176895306859206
466,0.41755888650963596
472,0.1522198731501057
455,0.40131578947368424
489,0.4204081632653061
277,0.5215827338129496
491,0.6321138211382114
500,0.6706586826347305
486,0.36960985626283366
332,0.2972972972972973
500,0.7564870259481038
481,0.5726141078838174
485,0.8806584362139918
333,0.0658682634730539
500,0.590818363273453
115,1.0
406,0.29484029484029484
500,0.5229540918163673
500,0.5868263473053892
500,0.7105788423153693
500,0.17564870259481039
448,0.6191536748329621
497,0.46586345381526106
492,0.38742393509127787
499,0.376
219,0.5227272727272727
427,0.6845794392523364
500,0.36926147704590817
395,0.5782828282828283
240,0.7178423236514523
500,0.7085828343313373
230,0.7705627705627706
498,0.3366733466933868
250,0.14342629482071714
173,0.20689655172413793
500,0.45708582834331335
473,0.5189873417721519
499,0.436
390,0.45268542199488493
485,0.4156378600823045
479,0.6208333333333333
483,0.45661157024793386
112,1.0
253,0.01968503937007874
500,0.21956087824351297
480,0.6133056133056133
493,0.6032388663967612
490,0.3890020366598778
496,0.49899396378269617
421,0.3175355450236967
295,1.0
500,0.5169660678642715
195,0.6071428571428571
500,0.6407185628742516
236,0.5021097046413502
204,0.0
105,0.0
499,0.556
500,0.2694610778443114
496,0.5975855130784709
495,0.6592741935483871
500,0.6407185628742516
498,0.6412825651302605
397,0.8567839195979899
344,0.4579710144927536
500,0.564870259481038
498,0.32665330661322645
337,0.4260355029585799
496,0.6398390342052314
253,1.0
500,0.42115768463073855
500,0.37924151696606784
500,0.5109780439121756
137,1.0
498,0.4348697394789579
447,0.9977678571428571
500,0.2754491017964072
500,0.2375249500998004
226,0.1145374449339207
500,0.6427145708582834
485,0.5905349794238683
500,0.5129740518962076
496,0.5432595573440644
500,0.5688622754491018
364,0.3095890410958904
56,0.0
494,0.45454545454545453
364,0.6054794520547945
247,0.5645161290322581
481,0.4979253112033195
372,0.46112600536193027
397,0.37185929648241206
500,0.24550898203592814
267,0.1828358208955224
500,0.530938123752495
499,0.724
500,0.20758483033932135
369,0.14864864864864866
184,0.0
499,0.248
479,0.17083333333333334
500,0.2754491017964072
500,0.4171656686626746
203,0.4068627450980392
500,0.6047904191616766
500,0.3812375249500998
500,0.5608782435129741
308,0.20388349514563106
500,0.49500998003992014
500,0.46506986027944114
500,0.5489021956087824
500,0.5728542914171657
500,0.48303393213572854
500,0.530938123752495
500,0.6487025948103793
305,0.6437908496732027
196,0.4467005076142132
500,0.5548902195608783
251,0.05952380952380952
500,0.3013972055888224
437,0.4315068493150685
455,0.6271929824561403
263,0.07954545454545454
500,0.47704590818363274
494,0.49696969696969695
438,0.42596810933940776
500,0.47904191616766467
426,0.882903981264637
487,0.38524590163934425
440,0.54421768707483
500,0.6107784431137725
456,0.4551422319474836
488,0.3721881390593047
500,0.5508982035928144
492,0.3407707910750507
254,0.20392156862745098
475,0.38445378151260506
478,0.55741127348643
499,0.556
473,0.47468354430379744
500,0.6666666666666666
345,0.9855491329479769
129,0.0
500,0.6427145708582834
170,0.0
478,0.40083507306889354
500,0.5429141716566867
498,0.5531062124248497
500,0.5508982035928144
500,0.5548902195608783
195,0.576530612244898
472,0.38266384778012685
500,0.46506986027944114
274,0.43636363636363634
243,0.0
500,0.5588822355289421
500,0.9461077844311377
500,0.1536926147704591
500,0.5988023952095808
115,1.0
460,0.3492407809110629
488,0.5685071574642127
500,0.5888223552894212
500,0.6107784431137725
500,0.47305389221556887
500,0.8942115768463074
467,0.3034188034188034
338,0.34513274336283184
500,0.2954091816367265
500,0.5668662674650699
500,0.5169660678642715
500,0.37524950099800397
500,0.5808383233532934
490,0.5213849287169042
339,0.2088235294117647
136,0.5182481751824818
500,0.3413173652694611
469,0.3893617021276596
500,0.5029940119760479
498,0.5811623246492986
467,0.5705128205128205
500,0.2994011976047904
499,0.642
483,0.6012396694214877
500,0.4630738522954092
475,0.3235294117647059
500,0.5389221556886228
485,0.29012345679012347
500,0.6047904191616766
212,0.0
499,0.356
500,0.5888223552894212
424,0.41411764705882353
500,0.6167664670658682
215,1.0
422,0.41134751773049644
331,0.7590361445783133
425,0.09154929577464789
264,0.1471698113207547
330,0.1691842900302115
478,0.4342379958246347
403,0.38366336633663367
110,0.7747747747747747
481,0.44190871369294604
276,0.5342960288808665
486,0.3182751540041068
500,0.5469061876247505
362,0.39944903581267216
500,0.5389221556886228
481,0.14522821576763487
388,0.17994858611825193
178,0.0
371,0.4166666666666667
500,0.5349301397205589
500,0.313373253493014
500,0.5748502994011976
500,0.3812375249500998
500,0.6107784431137725
500,0.5668662674650699
470,0.19957537154989385
263,0.5984848484848485
500,0.20159680638722555
466,0.17130620985010706
500,0.5588822355289421
488,0.591002044989775
369,0.7810810810810811
470,0.39490445859872614
371,0.521505376344086
500,0.281437125748503
500,0.7245508982035929
500,0.5768463073852296
498,0.41282565130260523
480,0.5343035343035343
500,0.4810379241516966
499,0.096
500,0.6487025948103793
404,0.31851851851851853
500,0.5169660678642715
496,0.6740442655935613
500,0.2714570858283433
500,0.1656686626746507
500,0.5269461077844312
500,0.27345309381237526
500,0.22355289421157684
468,0.3368869936034115
500,0.2834331337325349
500,0.3093812375249501
273,0.4124087591240876
474,0.28842105263157897
500,0.15169660678642716
467,0.4807692307692308
499,0.676
500,0.5289421157684631
473,0.569620253164557
431,0.6134259259259259
491,0.6504065040650406
496,0.30181086519114686
500,0.25948103792415167
488,0.7157464212678937
500,0.4810379241516966
500,0.5069860279441117
500,0.6067864271457086
499,0.43
260,0.04597701149425287
225,0.2079646017699115
150,0.11920529801324503
500,0.6367265469061876
500,0.20758483033932135
500,0.4111776447105788
116,0.0
375,0.42819148936170215
500,0.5029940119760479
103,0.11538461538461539
500,0.5868263473053892
147,1.0
499,0.458
415,0.7283653846153846
362,0.27823691460055094
500,0.5049900199600799
499,0.368
480,0.4074844074844075
500,0.49101796407185627
500,0.9481037924151696
438,0.908883826879271
499,0.314
499,0.502
446,0.7539149888143176
456,0.2647702407002188
270,0.6789667896678967
425,0.3028169014084507
500,0.47904191616766467
167,0.0
500,0.6427145708582834
47,0.4166666666666667
500,0.3992015968063872
500,0.5508982035928144
239,1.0
438,0.3211845102505695
359,0.13055555555555556
449,0.28444444444444444
500,0.2994011976047904
255,0.41796875
116,0.37606837606837606
482,0.37267080745341613
201,0.6485148514851485
498,0.12625250501002003
496,0.27364185110663986
495,0.21169354838709678
496,0.5875251509054326
421,0.07819905213270142
498,0.48096192384769537
274,0.09454545454545454
498,0.44889779559118237
496,0.545271629778672
483,0.4194214876033058
500,0.5289421157684631
384,0.4025974025974026
146,0.0
479,0.30416666666666664
500,0.530938123752495
496,0.11468812877263582
349,0.13142857142857142
479,0.35625
500,0.5788423153692615
500,0.3313373253493014
454,0.42417582417582417
499,0.56
472,0.5095137420718816
59,0.3
500,0.6287425149700598
284,0.28421052631578947
333,0.5299401197604791
500,0.5548902195608783
500,0.3652694610778443
499,0.424
447,0.265625
492,0.3367139959432049
500,0.5329341317365269
344,0.3130434782608696
496,0.49899396378269617
49,0.0
499,0.58
421,0.504739336492891
447,0.5
457,0.5960698689956332
449,0.29555555555555557
335,0.5863095238095238
500,0.47305389221556887
401,0.7313432835820896
396,0.14357682619647355
441,0.4502262443438914
500,0.499001996007984
500,0.26746506986027946
500,0.40718562874251496
490,0.5845213849287169
484,0.6618556701030928
498,0.3907815631262525
385,0.4274611398963731
491,0.25
500,0.24151696606786427
500,0.6347305389221557
387,0.8530927835051546
378,0.46174142480211083
486,0.7207392197125256
489,0.37755102040816324
142,0.45454545454545453
461,0.3593073593073593
228,0.29694323144104806
456,0.4551422319474836
456,0.48358862144420134
368,0.5989159891598916
265,0.06390977443609022
500,0.2754491017964072
500,0.10578842315369262
500,0.5828343313373253
500,0.5888223552894212
500,0.40119760479041916
167,0.005952380952380952
52,0.018867924528301886
500,0.36127744510978044
500,0.5229540918163673
458,0.10893246187363835
480,0.42411642411642414
333,0.25449101796407186
484,0.18969072164948453
445,0.37668161434977576
500,0.3932135728542914
500,0.3013972055888224
500,0.24750499001996007
442,0.1489841986455982
328,0.24316109422492402
499,0.262
500,0.22355289421157684
499,0.444
426,0.6440281030444965
480,0.3367983367983368
500,0.6826347305389222
492,0.5253549695740365
295,0.12162162162162163
484,0.2268041237113402
416,0.513189448441247
500,0.5489021956087824
500,0.24750499001996007
400,0.4937655860349127
490,0.5804480651731161
498,0.6232464929859719
500,0.38323353293413176
500,0.47704590818363274
401,0.5945273631840796
143,0.0
500,0.5409181636726547
425,0.636150234741784
500,0.6766467065868264
330,0.5861027190332326
446,0.5145413870246085
326,0.7033639143730887
499,0.602
496,0.41851106639839036
500,0.6506986027944112
438,0.4328018223234624
500,0.3712574850299401
296,0.6397306397306397
109,0.7272727272727273
172,0.0
483,0.44008264462809915
354,0.6
269,0.2222222222222222
500,0.4231536926147705
423,0.3608490566037736
387,0.24742268041237114
469,0.3638297872340426
482,0.3022774327122153
340,0.4252199413489736
491,0.5955284552845529
500,0.29740518962075846
418,0.40572792362768495
404,0.3530864197530864
406,0.3832923832923833
451,0.39601769911504425
349,0.2714285714285714
486,0.5893223819301848
407,0.5098039215686274
500,0.3972055888223553
116,1.0
485,0.48148148148148145
496,0.5432595573440644
500,0.6427145708582834
238,0.4100418410041841
500,0.015968063872255488
500,0.2894211576846307
186,0.0
292,0.3412969283276451
499,0.502
355,0.13764044943820225
500,0.19760479041916168
391,0.4030612244897959
105,0.0
500,0.5608782435129741
445,0.26905829596412556
487,0.680327868852459
500,0.2954091816367265
310,0.5337620578778135
474,0.5894736842105263
500,0.5369261477045908
500,0.34331337325349304
464,0.36129032258064514
367,0.45652173913043476
102,1.0
332,0.4114114114114114
484,0.6391752577319587
498,0.7414829659318637
500,0.5748502994011976
148,0.0
341,0.3567251461988304
500,0.49101796407185627
298,0.40468227424749165
486,0.4722792607802875
378,0.45382585751978893
423,0.46462264150943394
499,0.502
500,0.5029940119760479
50,0.9607843137254902
322,0.15479876160990713
500,0.5409181636726547
259,0.5423076923076923
281,0.2553191489361702
500,0.592814371257485
490,0.725050916496945
500,0.5788423153692615
452,0.39514348785871967
500,0.46107784431137727
500,0.43313373253493015
467,0.5512820512820513
391,0.3647959183673469
475,0.5651260504201681
499,0.468
310,0.43729903536977494
483,0.4731404958677686
493,0.18016194331983806
481,0.6037344398340249
500,0.5089820359281437
466,0.34475374732334046
397,0.41457286432160806
274,0.6
495,0.06653225806451613
500,0.5249500998003992
476,0.960167714884696
500,0.5409181636726547
500,0.18163672654690619
253,0.01968503937007874
368,0.4986449864498645
272,0.24175824175824176
497,0.3172690763052209
500,0.5189620758483033
401,0.373134328358209
324,0.38153846153846155
500,0.6706586826347305
493,0.7105263157894737
496,0.5995975855130785
500,0.5209580838323353
500,0.3073852295409182
411,0.279126213592233
500,0.6946107784431138
500,0.6506986027944112
500,0.49101796407185627
377,0.3253968253968254
500,0.3093812375249501
477,0.27824267782426776
341,0.3888888888888889
447,0.40401785714285715
471,0.4724576271186441
361,0.585635359116022
490,0.3014256619144603
198,0.48743718592964824
499,0.382
442,0.33182844243792325
304,0.25245901639344265
499,0.154
469,0.5702127659574469
477,0.5606694560669456
425,0.5258215962441315
468,0.5714285714285714
457,0.25327510917030566
500,0.7105788423153693
289,0.1413793103448276
497,0.6987951807228916
500,0.8822355289421158
286,0.05226480836236934
473,0.4704641350210971
480,0.4386694386694387
500,0.35528942115768464
481,0.58298755186722
449,0.18222222222222223
370,0.601078167115903
225,0.6814159292035398
235,0.059322033898305086
268,0.26765799256505574
500,0.5349301397205589
39,1.0
498,0.4288577154308617
499,0.202
500,0.3413173652694611
397,0.48743718592964824
496,0.30985915492957744
420,0.3087885985748218
328,0.3951367781155015
482,0.35610766045548653
310,0.5530546623794212
425,0.16666666666666666
100,0.7029702970297029
486,0.35523613963039014
332,0.5135135135135135
500,0.48902195608782434
467,0.3418803418803419
368,0.43360433604336046
454,0.2989010989010989
500,0.5049900199600799
396,0.37279596977329976
500,0.5668662674650699
433,0.31105990783410137
499,0.246
493,0.39473684210526316
330,0.3776435045317221
484,0.5443298969072164
458,0.289760348583878
70,1.0
500,0.48902195608782434
127,1.0
500,0.5608782435129741
500,0.49101796407185627
407,0.47058823529411764
500,0.626746506986028
499,0.894
500,0.47704590818363274
259,0.4346153846153846
500,0.3373253493013972
486,0.4517453798767967
500,0.7485029940119761
442,0.5395033860045146
149,0.03333333333333333
429,0.29534883720930233
478,0.6847599164926931
500,0.564870259481038
124,0.0
496,0.4768611670020121
445,0.44170403587443946
486,0.33675564681724846
339,0.5264705882352941
467,0.5726495726495726
500,0.3592814371257485
500,0.5229540918163673
204,0.751219512195122
500,0.38323353293413176
500,0.48502994011976047
488,0.6114519427402862
434,0.18620689655172415
485,0.6069958847736625
500,0.7345309381237525
344,0.5971014492753624
164,0.4666666666666667
493,0.4473684210526316
495,0.6048387096774194
500,0.5069860279441117
471,0.326271186440678
500,0.4411177644710579
500,0.03992015968063872
188,0.10582010582010581
500,0.40119760479041916
499,0.502
500,0.15768463073852296
500,0.4111776447105788
499,0.55
500,0.5668662674650699
500,0.15568862275449102
250,0.17928286852589642
500,0.42714570858283435
270,0.5940959409594095
500,0.5868263473053892
500,0.7445109780439122
500,0.7345309381237525
484,0.7628865979381443
438,0.4328018223234624
439,0.3409090909090909
399,0.6025
500,0.37325349301397204
491,0.4410569105691057
151,1.0
500,0.5349301397205589
32,0.0
490,0.13034623217922606
500,0.6407185628742516
115,1.0
499,0.584
450,0.44789356984478934
500,0.36327345309381237
500,0.249500998003992
500,0.5349301397205589
500,0.4930139720558882
500,0.5688622754491018
118,1.0
207,0.0673076923076923
107,0.12962962962962962
456,0.40919037199124725
500,0.4151696606786427
500,0.4171656686626746
500,0.530938123752495
500,0.5369261477045908
381,0.5392670157068062
500,0.20159680638722555
499,0.502
265,0.2932330827067669
243,0.23770491803278687
472,0.42917547568710357
500,0.4870259481037924
455,0.18859649122807018
351,0.5653409090909091
240,0.23651452282157676
131,0.36363636363636365
476,0.5471698113207547
382,0.6814621409921671
451,0.40486725663716816
270,0.2656826568265683
495,0.2439516129032258
247,0.1935483870967742
419,0.32142857142857145
493,0.5323886639676113
303,0.7401315789473685
463,0.5711206896551724
500,0.872255489021956
161,0.4691358024691358
495,0.7056451612903226
500,0.656686626746507
474,0.47578947368421054
500,0.39520958083832336
500,0.1157684630738523
268,0.27137546468401486
498,0.2745490981963928
297,0.5302013422818792
500,0.42714570858283435
271,0.5477941176470589
488,0.5419222903885481
277,0.5251798561151079
308,0.24919093851132687
454,0.4351648351648352
471,0.6419491525423728
455,0.6096491228070176
500,0.5728542914171657
500,0.6067864271457086
499,0.454
429,0.28604651162790695
226,0.2643171806167401
489,0.5979591836734693
425,0.2934272300469484
227,0.75
345,0.37572254335260113
500,0.4231536926147705
472,0.34249471458773784
497,0.3253012048192771
216,0.46543778801843316
500,0.34930139720558884
500,0.48902195608782434
480,0.5945945945945946
328,0.425531914893617
500,0.5029940119760479
440,0.16780045351473924
277,0.10431654676258993
479,0.5104166666666666
476,0.480083857442348
403,0.46534653465346537
484,0.3731958762886598
467,0.5021367521367521
392,0.46564885496183206
498,0.6152304609218436
109,1.0
469,0.29148936170212764
428,0.5990675990675991
417,0.22248803827751196
500,0.39520958083832336
270,0.6420664206642066
338,0.5014749262536873
500,0.6147704590818364
500,0.5968063872255489
454,0.5912087912087912
341,0.4327485380116959
454,0.4153846153846154
253,0.01968503937007874
496,0.16901408450704225
478,0.4801670146137787
470,0.46709129511677283
368,0.43089430894308944
418,0.40572792362768495
487,0.14549180327868852
458,0.45751633986928103
450,0.5942350332594235
500,0.9640718562874252
500,0.3852295409181637
500,0.45109780439121755
474,0.33473684210526317
279,0.0
210,0.0
499,0.508
97,1.0
497,0.27309236947791166
499,0.616
495,0.49798387096774194
498,0.3286573146292585
460,0.0911062906724512
490,0.5274949083503055
471,0.6228813559322034
500,0.3992015968063872
403,0.4975247524752475
500,0.7265469061876247
500,0.4491017964071856
500,0.4251497005988024
500,0.42714570858283435
267,0.0708955223880597
500,0.7045908183632734
500,0.31736526946107785
440,0.6938775510204082
190,0.0
500,0.47904191616766467
496,0.3722334004024145
500,0.47305389221556887
270,0.08118081180811808
500,0.5469061876247505
485,0.5452674897119342
387,0.6829896907216495
498,0.25250501002004005
289,0.3
478,0.5260960334029228
181,0.0
148,0.2483221476510067
478,0.6993736951983298
333,0.4341317365269461
500,0.5888223552894212
233,1.0
145,0.1095890410958904
500,0.4311377245508982
305,0.1895424836601307
129,0.4461538461538462
424,0.36470588235294116
459,0.5608695652173913
477,0.4435146443514644
482,0.2857142857142857
500,0.48502994011976047
114,0.8956521739130435
342,0.4897959183673469
277,0.60431654676259
500,0.3912175648702595
249,0.296
76,0.5064935064935064
500,0.6007984031936128
250,1.0
500,0.18562874251497005
410,0.39416058394160586
475,0.4411764705882353
484,0.43711340206185567
312,0.08306709265175719
439,0.5068181818181818
491,0.2601626016260163
500,0.5888223552894212
489,0.35306122448979593
499,0.452
455,0.3267543859649123
278,0.3548387096774194
500,0.36327345309381237
462,0.46220302375809935
46,0.0
420,0.166270783847981
500,0.37924151696606784
500,0.6506986027944112
358,0.9554317548746518
489,0.6020408163265306
418,0.8305489260143198
500,0.45708582834331335
469,0.6829787234042554
500,0.46506986027944114
500,0.37325349301397204
493,0.38866396761133604
499,0.502
467,0.5833333333333334
383,0.7109375
462,0.46220302375809935
497,0.3534136546184739
487,0.5799180327868853
500,0.4291417165668663
500,0.4411177644710579
483,0.25413223140495866
500,0.5688622754491018
499,0.574
499,0.378
500,0.5249500998003992
461,0.6558441558441559
463,0.46336206896551724
469,0.24893617021276596
488,0.35173824130879344
500,0.25149700598802394
498,0.5450901803607214
500,0.6387225548902196
276,0.9638989169675091
385,0.3393782383419689
500,0.5848303393213573
500,0.5229540918163673
447,0.5290178571428571
62,0.0
426,0.2810304449648712
349,0.32857142857142857
474,0.40842105263157896
488,0.5357873210633947
487,0.375
500,0.4311377245508982
499,0.604
335,0.5386904761904762
500,0.5069860279441117
500,0.4411177644710579
489,0.23061224489795917
499,0.614
435,0.6536697247706422
281,0.28368794326241137
500,0.3413173652694611
182,0.45901639344262296
481,0.5684647302904564
500,0.38922155688622756
421,0.36255924170616116
500,0.5449101796407185
500,0.3093812375249501
500,0.5848303393213573
500,0.3872255489021956
453,0.381057268722467
475,0.6701680672268907
468,0.5373134328358209
500,0.5029940119760479
500,0.2874251497005988
475,0.3865546218487395
497,0.5481927710843374
500,0.7924151696606786
500,0.44510978043912175
144,0.0
499,0.612
468,0.5650319829424307
500,0.6806387225548902
481,0.12863070539419086
410,0.15085158150851583
458,0.20697167755991286
397,0.39195979899497485
194,0.0
500,0.4550898203592814
125,0.626984126984127
372,0.5281501340482574
349,0.42
280,0.5231316725978647
191,0.010416666666666666
499,0.518
176,0.03389830508474576
500,0.46107784431137727
500,0.4870259481037924
500,0.5049900199600799
500,0.4031936127744511
499,0.404
255,0.26171875
437,0.4315068493150685
434,0.38850574712643676
486,0.6160164271047228
500,0.6167664670658682
500,0.6187624750499002
484,0.2845360824742268
485,0.21810699588477367
350,0.301994301994302
124,0.768
500,0.36726546906187624
493,0.2651821862348178
360,0.3628808864265928
500,0.29141716566866266
499,0.564
500,0.3313373253493014
304,0.21967213114754097
500,0.469061876247505
391,0.6224489795918368
241,0.5950413223140496
500,0.5329341317365269
499,0.742
376,0.9071618037135278
500,0.5948103792415169
437,0.3675799086757991
471,0.4576271186440678
291,0.1952054794520548
194,0.0
500,0.5888223552894212
500,0.6746506986027944
500,0.8283433133732535
488,0.32719836400818
465,0.4656652360515021
319,0.403125
500,0.5429141716566867
500,0.43912175648702595
456,0.4551422319474836
500,0.4231536926147705
500,0.6447105788423154
279,1.0
490,0.31160896130346233
500,0.564870259481038
490,0.4460285132382892
79,0.8875
470,0.4288747346072187
499,0.502
344,0.5420289855072464
500,0.28542914171656686
500,0.3592814371257485
495,0.3810483870967742
494,0.44242424242424244
465,0.2854077253218884
500,0.36127744510978044
498,0.3046092184368738
97,0.8367346938775511
500,0.43313373253493015
409,0.3926829268292683
491,0.266260162601626
500,0.5868263473053892
426,0.4168618266978923
500,0.001996007984031936
413,0.1859903381642512
477,0.37656903765690375
443,0.6418918918918919
486,0.7823408624229979
476,0.40670859538784065
270,0.7158671586715867
500,0.7345309381237525
395,0.8131313131313131
497,0.5923694779116466
286,0.4878048780487805
485,0.5123456790123457
496,0.641851106639839
500,0.5149700598802395
398,0.23308270676691728
323,0.19753086419753085
500,0.592814371257485
496,0.47283702213279677
496,0.49899396378269617
484,0.6453608247422681
500,0.23952095808383234
128,0.15503875968992248
500,0.6506986027944112
469,0.4702127659574468
309,0.6064516129032258
266,0.06741573033707865
124,0.296
499,0.544
225,0.40707964601769914
476,0.389937106918239
420,0.4085510688836104
226,1.0
466,0.2334047109207709
474,0.3894736842105263
483,0.7086776859504132
500,0.5528942115768463
256,1.0
500,0.1996007984031936
500,0.49500998003992014
90,1.0
500,0.4750499001996008
500,0.4870259481037924
270,0.08118081180811808
444,0.31910112359550563
390,0.3554987212276215
500,0.31137724550898205
78,1.0
500,0.1996007984031936
499,0.542
252,0.43873517786561267
500,0.624750499001996
500,0.7465069860279441
473,0.39029535864978904
500,0.7584830339321357
500,0.5129740518962076
349,0.44285714285714284
278,0.5555555555555556
500,0.7864271457085829
500,0.5808383233532934
257,1.0
500,0.6866267465069861
500,0.5828343313373253
67,1.0
400,0.4912718204488778
467,0.48717948717948717
488,0.5869120654396728
353,0.7542372881355932
500,0.45109780439121755
500,0.7325349301397206
473,0.47468354430379744
478,0.5219206680584552
271,0.9191176470588235
500,0.3972055888223553
500,0.39520958083832336
474,0.47578947368421054
466,0.3233404710920771
413,0.572463768115942
500,0.3273453093812375
500,0.5189620758483033
134,0.5851851851851851
499,0.458
500,0.6107784431137725
500,0.562874251497006
464,0.43010752688172044
489,0.7306122448979592
432,0.2748267898383372
500,0.46506986027944114
123,1.0
276,0.10108303249097472
102,0.3883495145631068
65,0.0
500,0.562874251497006
496,0.3118712273641851
500,0.4750499001996008
500,0.4091816367265469
100,0.6633663366336634
420,0.5558194774346793
500,0.5888223552894212
78,0.0
454,0.5142857142857142
472,0.47357293868921774
430,0.37819025522041766
496,0.352112676056338
497,0.9417670682730924
500,0.6067864271457086
171,0.31976744186046513
500,0.469061876247505
500,0.5868263473053892
490,0.6374745417515275
343,0.9098837209302325
110,0.9819819819819819
445,0.4910313901345291
500,0.5249500998003992
500,0.6467065868263473
500,0.5568862275449101
449,0.8777777777777778
500,0.6686626746506986
405,0.4827586206896552
500,0.592814371257485
491,0.6056910569105691
500,0.24550898203592814
400,0.41895261845386533
311,0.44551282051282054
260,0.04597701149425287
437,0.091324200913242
441,0.27149321266968324
292,0.07167235494880546
500,0.3153692614770459
500,0.31736526946107785
186,0.0
281,0.44680851063829785
254,0.4392156862745098
466,0.4068522483940043
500,0.3253493013972056
309,0.5
473,0.16033755274261605
297,0.39932885906040266
500,0.5608782435129741
500,0.4031936127744511
283,0.6408450704225352
92,0.0
253,0.2874015748031496
159,0.025
498,0.4749498997995992
472,0.3298097251585624
181,0.08241758241758242
416,0.4028776978417266
249,0.26
500,0.5588822355289421
391,0.3647959183673469
500,0.6207584830339321
500,0.4351297405189621
103,1.0
266,0.149812734082397
471,0.3538135593220339
280,0.4377224199288256
485,0.5370370370370371
500,0.5688622754491018
389,0.7564102564102564
500,0.7564870259481038
487,0.819672131147541
500,0.40718562874251496
499,0.574
492,0.6511156186612576
500,0.4550898203592814
480,0.2702702702702703
500,0.5728542914171657
500,0.34331337325349304
499,0.53
500,0.5409181636726547
196,0.43147208121827413
490,0.6659877800407332
457,0.45633187772925765
500,0.5429141716566867
204,0.11707317073170732
491,0.4451219512195122
500,0.40119760479041916
500,0.5449101796407185
500,0.7964071856287425
500,0.47305389221556887
439,0.44545454545454544
500,0.564870259481038
468,0.7078891257995735
499,0.774
500,0.7125748502994012
319,1.0
500,0.592814371257485
250,0.9721115537848606
155,0.0
23,0.0
251,0.15079365079365079
481,0.41286307053941906
485,0.41358024691358025
453,0.4669603524229075
396,0.3979848866498741
496,0.5895372233400402
492,0.3022312373225152
463,0.6099137931034483
483,0.46487603305785125
455,0.41885964912280704
498,0.374749498997996
402,0.0794044665012407
493,0.37044534412955465
333,0.47604790419161674
275,0.38768115942028986
423,0.41273584905660377
497,0.3253012048192771
433,0.12442396313364056
281,0.19148936170212766
490,0.6619144602851323
395,0.5808080808080808
491,0.6869918699186992
279,0.0035714285714285713
108,0.0
423,0.41273584905660377
421,0.514218009478673
406,0.3882063882063882
103,1.0
500,0.4590818363273453
470,0.45222929936305734
107,1.0
500,0.43912175648702595
500,0.26746506986027946
71,0.8472222222222222
500,0.1996007984031936
393,0.39593908629441626
274,0.1709090909090909
100,0.46534653465346537
272,0.08791208791208792
108,0.1651376146788991
500,0.530938123752495
137,0.5869565217391305
500,0.3772455089820359
333,0.25449101796407186
500,0.5449101796407185
500,0.7325349301397206
160,0.0
404,0.43209876543209874
274,0.43272727272727274
500,0.5369261477045908
497,0.6566265060240963
291,0.5068493150684932
500,0.6447105788423154
494,0.4484848484848485
79,0.0
303,0.3717105263157895
483,0.6177685950413223
408,0.014669926650366748
425,0.34507042253521125
433,0.42626728110599077
398,0.5338345864661654
500,0.5828343313373253
499,0.064
497,0.3172690763052209
461,0.461038961038961
500,0.47704590818363274
500,0.6127744510978044
174,0.0
500,0.5528942115768463
145,0.7191780821917808
205,0.5
429,0.4
500,0.530938123752495
500,0.4491017964071856
500,0.5528942115768463
441,0.8687782805429864
365,0.319672131147541
500,0.5449101796407185
395,0.6691919191919192
482,0.8633540372670807
405,0.8719211822660099
319,0.33125
500,0.5888223552894212
500,0.5329341317365269
500,0.5948103792415169
385,0.37305699481865284
466,0.32548179871520344
500,0.5868263473053892
131,1.0
126,0.047244094488188976
293,0.30272108843537415
230,0.3852813852813853
500,0.37924151696606784
398,0.045112781954887216
396,0.3954659949622166
156,0.0
500,0.22355289421157684
454,0.6659340659340659
453,0.45154185022026433
494,0.3898989898989899
405,0.5394088669950738
500,0.5968063872255489
500,0.6666666666666666
500,0.6147704590818364
498,0.4649298597194389
328,0.3890577507598784
495,0.5241935483870968
284,0.40350877192982454
500,0.4231536926147705
477,0.3117154811715481
479,0.475
500,0.4151696606786427
500,0.6107784431137725
500,0.3652694610778443
376,0.40318302387267907
500,0.5868263473053892
497,0.4939759036144578
385,0.6347150259067358
498,0.7014028056112225
444,0.851685393258427
500,0.5968063872255489
500,0.5269461077844312
500,0.5968063872255489
500,0.9421157684630739
247,1.0
285,0.3916083916083916
225,0.14601769911504425
500,0.5129740518962076
285,0.4230769230769231
500,0.564870259481038
495,0.48185483870967744
482,0.2795031055900621
383,0.3515625
500,0.25149700598802394
500,0.49500998003992014
458,0.4074074074074074
481,0.4979253112033195
450,0.14634146341463414
289,0.22758620689655173
500,0.5688622754491018
391,0.4336734693877551
500,0.5489021956087824
395,0.41414141414141414
260,0.6283524904214559
500,0.5389221556886228
115,1.0
500,0.42115768463073855
500,0.6227544910179641
495,0.4717741935483871
423,0.41273584905660377
482,0.515527950310559
500,0.7944111776447106
302,0.6864686468646864
500,0.4411177644710579
392,0.5699745547073791
278,0.6881720430107527
500,0.35728542914171657
500,0.14171656686626746
486,0.4127310061601643
500,0.25948103792415167
499,0.492
500,0.6207584830339321
490,0.5682281059063137
488,0.6073619631901841
488,0.6175869120654397
373,0.6363636363636364
490,0.4175152749490835
480,0.6133056133056133
481,0.34439834024896265
474,0.5621052631578948
336,0.39465875370919884
500,0.3812375249500998
500,0.4291417165668663
115,0.0
499,0.502
213,0.018691588785046728
447,0.47544642857142855
500,0.48303393213572854
491,0.5934959349593496
499,0.466
138,0.0
500,0.5668662674650699
366,0.0
283,0.0
202,0.0
496,0.6277665995975855
500,0.5129740518962076
473,0.6054852320675106
438,0.4328018223234624
483,0.9235537190082644
500,0.2634730538922156
298,0.43812709030100333
500,0.5988023952095808
428,0.48484848484848486
500,0.4171656686626746
500,0.5409181636726547
461,0.5865800865800865
500,0.4590818363273453
500,0.5708582834331337
500,0.34930139720558884
473,0.630801687763713
455,0.45394736842105265
500,0.41916167664670656
499,0.492
500,0.4151696606786427
485,0.22839506172839505
189,0.20526315789473684
442,0.11963882618510158
367,0.14402173913043478
499,0.612
500,0.5548902195608783
305,0.5882352941176471
500,0.45109780439121755
367,0.3233695652173913
499,0.418
326,0.23853211009174313
447,0.44419642857142855
217,0.9128440366972477
160,0.5093167701863354
457,0.45633187772925765
500,0.32934131736526945
492,0.29006085192697767
328,0.24316109422492402
470,0.4012738853503185
83,0.75
311,0.20192307692307693
112,0.5575221238938053
443,0.2972972972972973
366,0.3215258855585831
494,0.3515151515151515
500,0.46706586826347307
323,0.015432098765432098
115,0.04310344827586207
394,0.3189873417721519
236,0.1940928270042194
341,0.4064327485380117
484,0.5505154639175258
500,0.49500998003992014
464,0.44086021505376344
326,0.0
461,0.24458874458874458
325,0.2361963190184049
500,0.5269461077844312
138,0.0
500,0.7764471057884231
331,0.25301204819277107
446,0.6532438478747203
188,0.0
202,0.0
500,0.30538922155688625
148,0.30201342281879195
62,0.0
398,0.23308270676691728
306,0.18892508143322476
500,0.25149700598802394
470,0.016985138004246284
263,0.0
215,0.06481481481481481
500,0.5988023952095808
84,0.0
474,0.32210526315789473
485,0.03292181069958848
472,0.5200845665961945
466,0.3233404710920771
97,0.0
101,0.0
500,0.47305389221556887
478,0.18789144050104384
222,0.0
84,0.0
191,0.0
64,0.0
500,0.6007984031936128
305,0.3790849673202614
64,0.0
428,0.3006993006993007
50,0.0
500,0.3592814371257485
500,0.5189620758483033
389,0.5461538461538461
411,0.3131067961165049
346,0.37175792507204614
52,0.0
163,0.0
198,0.0
311,0.0
144,0.0
144,0.0
24,0.0
17,0.0
334,0.03283582089552239
500,0.6307385229540918
13,0.0
500,0.4930139720558882
14,0.0
129,0.0
127,0.0
444,0.27640449438202247
500,0.059880239520958084
433,0.12211981566820276
496,0.33400402414486924
42,0.0
386,0.8604651162790697
305,0.2908496732026144
136,0.0
500,0.47904191616766467
486,0.702258726899384
381,0.7015706806282722
373,0.3342245989304813
184,0.0
500,0.3872255489021956
101,0.0
466,0.4004282655246253
27,0.0
100,0.0
500,0.3013972055888224
121,1.0
190,0.0
487,0.41598360655737704
91,0.0
493,0.45546558704453444
377,0.47354497354497355
465,0.5579399141630901
498,0.7394789579158316
284,0.4070175438596491
130,0.6641221374045801
117,0.0
336,0.5459940652818991
486,0.2792607802874743
245,0.3048780487804878
201,0.0
19,0.0
277,0.21223021582733814
500,0.4171656686626746
217,0.0
13,0.0
209,0.0
499,0.538
14,0.0
203,0.0
221,0.0
489,0.5653061224489796
111,0.0
499,0.252
182,0.29508196721311475
133,0.0
467,0.3247863247863248
500,0.35129740518962077
500,0.3413173652694611
67,0.0
500,0.6926147704590818
149,0.0
443,0.581081081081081
140,0.0
449,0.58
38,0.0
498,0.5571142284569138
387,0.7164948453608248
500,0.47704590818363274
23,0.0
431,0.40046296296296297
26,0.0
25,0.0
497,0.5220883534136547
102,0.0
46,0.0
108,0.0
500,0.4750499001996008
29,0.0
500,0.4750499001996008
47,0.7083333333333334
474,0.3473684210526316
438,0.0
62,0.0
492,0.513184584178499
155,0.0
57,0.0
208,0.10526315789473684
100,0.21782178217821782
358,0.39275766016713093
12,0.0
47,0.0
500,0.49700598802395207
291,1.0
492,0.6227180527383367
275,0.036231884057971016
492,0.4746450304259635
22,0.0
15,0.0
97,0.0
196,0.0
404,0.044444444444444446
500,0.5209580838323353
481,0.7074688796680498
496,0.5010060362173038
79,0.0
19,0.0
459,0.23695652173913043
469,0.6659574468085107
494,0.4808080808080808
45,0.0
51,0.0
372,0.45308310991957107
63,0.0
500,0.5768463073852296
500,0.7704590818363274
65,0.0
450,0.4811529933481153
375,0.5771276595744681
65,0.0
487,0.5881147540983607
201,0.0
380,0.49868766404199477
490,0.4175152749490835
89,0.0
471,0.5148305084745762
104,0.0
419,0.1976190476190476
442,0.3611738148984199
468,0.6886993603411514
500,0.7085828343313373
48,0.0
500,0.2934131736526946
482,0.5217391304347826
44,0.0
331,0.2289156626506024
444,0.3258426966292135
39,0.0
500,0.38922155688622756
86,0.0
500,0.6447105788423154
418,0.6610978520286396
153,0.0
83,0.0
392,0.37659033078880405
387,0.27319587628865977
67,0.0
500,0.3652694610778443
26,0.0
22,0.0
385,0.8005181347150259
500,0.437125748502994
161,0.9012345679012346
404,0.5308641975308642
487,0.8073770491803278
16,0.0
500,0.5568862275449101
496,0.31388329979879276
490,0.5336048879837068
12,0.0
493,0.37044534412955465
12,0.0
500,0.2774451097804391
378,0.33773087071240104
26,0.0
500,0.36327345309381237
442,0.6117381489841986
500,0.6746506986027944
198,0.0
94,0.0
308,0.2297734627831715
14,0.0
500,0.4590818363273453
388,0.06683804627249357
462,0.23974082073434125
500,0.3393213572854291
429,0.29767441860465116
497,0.30120481927710846
87,0.0
495,0.5342741935483871
500,0.05788423153692615
110,0.0
330,0.36253776435045315
485,0.5576131687242798
233,0.0
234,0.0
371,0.1989247311827957
448,0.45657015590200445
255,0.04296875
421,0.45734597156398105
450,0.36807095343680707
335,0.41369047619047616
500,0.3852295409181637
459,0.7043478260869566
444,0.3438202247191011
74,0.8933333333333333
423,0.32075471698113206
198,0.0
411,0.5679611650485437
457,0.4170305676855895
382,0.49869451697127937
253,0.7519685039370079
495,0.3649193548387097
500,0.43912175648702595
498,0.17835671342685372
339,0.2911764705882353
385,0.15284974093264247
494,0.37777777777777777
390,0.6419437340153452
15,0.0
20,0.0
500,0.23552894211576847
500,0.7445109780439122
50,0.0
500,0.4550898203592814
500,0.3532934131736527
439,0.41363636363636364
84,0.38823529411764707
475,0.41596638655462187
497,0.1285140562248996
500,0.10978043912175649
500,0.4411177644710579
243,0.22131147540983606
500,0.27345309381237526
336,0.32047477744807124
116,0.48717948717948717
160,0.0
499,0.514
153,0.0
462,0.43844492440604754
114,0.0
447,0.30580357142857145
259,0.5269230769230769
140,0.524822695035461
37,0.21052631578947367
119,0.0
500,0.4311377245508982
421,0.3246445497630332
353,0.19491525423728814
316,0.10725552050473186
35,0.0
367,0.23097826086956522
467,0.4230769230769231
500,0.592814371257485
233,0.02564102564102564
500,0.46706586826347307
500,0.1317365269461078
311,0.3557692307692308
477,0.34518828451882844
497,0.4718875502008032
500,0.17564870259481039
500,0.4550898203592814
31,0.0
32,0.0
464,0.4817204301075269
500,0.2834331337325349
37,0.0
459,0.4043478260869565
27,0.0
500,0.5029940119760479
484,0.3525773195876289
491,0.44715447154471544
500,0.11377245508982035
30,0.0
465,0.14377682403433475
483,0.48760330578512395
92,1.0
500,0.5389221556886228
103,0.0
368,0.005420054200542005
498,0.9579158316633266
221,0.0
457,0.23580786026200873
500,0.5029940119760479
500,0.3532934131736527
54,0.23636363636363636
212,0.0
472,0.5221987315010571
496,0.448692152917505
220,0.0
480,0.4261954261954262
66,0.0
444,0.4966292134831461
346,0.6368876080691642
308,0.09385113268608414
394,0.369620253164557
500,0.31736526946107785
43,0.0
499,0.586
500,0.4630738522954092
128,0.0
233,0.0
498,0.3927855711422846
293,0.4387755102040816
327,0.09451219512195122
440,0.39909297052154197
357,0.3100558659217877
58,0.0
500,0.5568862275449101
81,0.0
49,0.0
67,0.0
465,0.3905579399141631
388,0.4087403598971722
476,0.5681341719077568
368,0.44173441734417346
385,0.7357512953367875
497,0.4357429718875502
500,0.1497005988023952
466,0.19914346895074947
480,0.1891891891891892
500,0.5409181636726547
491,0.2703252032520325
353,0.4322033898305085
500,0.25349301397205587
313,0.022292993630573247
59,0.0
488,0.45807770961145194
16,0.0
500,0.46107784431137727
375,0.7207446808510638
500,0.5548902195608783
373,0.7887700534759359
270,0.2915129151291513
500,0.4231536926147705
192,0.0
74,0.0
20,0.0
495,0.30443548387096775
395,0.3712121212121212
279,1.0
500,0.34331337325349304
102,0.0
488,0.34151329243353784
424,0.39294117647058824
40,0.0
45,0.0
360,0.3518005540166205
209,0.0
56,0.0
31,0.0
500,0.5968063872255489
331,0.09337349397590361
500,0.6806387225548902
499,0.214
459,0.5108695652173914
417,0.4043062200956938
390,0.1815856777493606
300,0.23588039867109634
410,0.39416058394160586
486,0.4517453798767967
259,0.015384615384615385
500,0.5748502994011976
500,0.8303393213572854
232,0.48497854077253216
423,0.41273584905660377
499,0.216
500,0.2654690618762475
316,0.3627760252365931
500,0.5289421157684631
216,1.0
500,0.3932135728542914
259,0.5769230769230769
486,0.5236139630390144
499,0.424
271,0.7463235294117647
500,0.5848303393213573
487,0.569672131147541
500,0.5708582834331337
500,0.5289421157684631
445,0.053811659192825115
480,0.6798336798336798
500,0.0718562874251497
495,0.6068548387096774
500,0.42115768463073855
77,1.0
437,0.4315068493150685
500,0.3373253493013972
102,0.24271844660194175
500,0.6087824351297405
457,0.2314410480349345
474,0.5663157894736842
278,0.10752688172043011
500,0.2994011976047904
245,0.5121951219512195
395,0.3838383838383838
495,0.4254032258064516
496,0.49899396378269617
500,0.6706586826347305
495,0.7439516129032258
500,0.469061876247505
261,0.04961832061068702
500,0.4930139720558882
394,0.4430379746835443
500,0.5788423153692615
486,0.29774127310061604
500,0.5728542914171657
499,0.574
463,0.5754310344827587
484,0.6329896907216495
500,0.2634730538922156
337,0.31952662721893493
430,0.5707656612529002
493,0.5870445344129555
488,0.32719836400818
385,0.41450777202072536
472,0.47357293868921774
459,0.45869565217391306
500,0.564870259481038
277,0.10431654676258993
500,0.34331337325349304
108,0.3577981651376147
430,0.4222737819025522
117,1.0
441,0.40497737556561086
291,0.613013698630137
500,0.5868263473053892
253,0.14566929133858267
500,0.3013972055888224
464,0.24946236559139784
491,0.43089430894308944
228,0.12663755458515283
491,0.3821138211382114
452,0.434878587196468
500,0.6127744510978044
500,0.5089820359281437
454,0.4901098901098901
500,0.4091816367265469
500,0.5249500998003992
500,0.7984031936127745
439,0.5181818181818182
495,0.5282258064516129
400,0.5311720698254364
214,0.15813953488372093
466,0.6081370449678801
500,0.36327345309381237
458,0.45751633986928103
64,0.8769230769230769
459,0.40652173913043477
279,0.6678571428571428
489,0.373469387755102
500,0.5209580838323353
156,0.6178343949044586
500,0.5489021956087824
378,0.5145118733509235
490,0.6109979633401222
250,1.0
500,0.1157684630738523
500,0.47704590818363274
345,0.28034682080924855
390,0.3989769820971867
500,0.34930139720558884
500,0.35728542914171657
500,0.6107784431137725
489,0.45102040816326533
500,0.08383233532934131
421,0.4099526066350711
106,1.0
490,0.5336048879837068
378,0.633245382585752
469,0.5191489361702127
499,0.452
436,0.4302059496567506
500,0.4530938123752495
500,0.5209580838323353
500,0.5848303393213573
101,1.0
166,0.20958083832335328
440,0.12018140589569161
495,0.4435483870967742
164,0.0
499,0.328
398,0.16791979949874686
489,0.49183673469387756
480,0.30145530145530147
500,0.39520958083832336
438,0.4054669703872437
398,0.7744360902255639
500,0.6846307385229541
500,0.1377245508982036
500,0.20159680638722555
188,0.37037037037037035
482,0.5093167701863354
478,0.3048016701461378
365,0.4344262295081967
288,0.5501730103806228
376,0.4376657824933687
176,0.0
144,0.013793103448275862
500,0.3073852295409182
496,0.30181086519114686
500,0.6686626746506986
81,0.0
463,0.46336206896551724
230,0.5281385281385281
500,0.0
351,0.0
500,0.6506986027944112
480,0.6403326403326404
339,0.49117647058823527
500,0.2634730538922156
427,0.22897196261682243
454,0.45274725274725275
490,0.37067209775967414
500,0.5588822355289421
500,0.48303393213572854
174,0.0
426,0.4168618266978923
463,0.26939655172413796
217,0.1926605504587156
500,0.48502994011976047
457,0.45633187772925765
374,0.26666666666666666
297,0.33557046979865773
499,0.502
270,0.9003690036900369
500,0.5269461077844312
321,0.4503105590062112
363,0.4532967032967033
176,0.0
500,0.6367265469061876
476,0.3249475890985325
420,0.4085510688836104
500,0.6506986027944112
314,0.5841269841269842
383,0.25
500,0.5808383233532934
406,0.47174447174447176
499,0.17
264,0.30943396226415093
115,0.4827586206896552
500,0.31736526946107785
233,0.1452991452991453
499,0.476
500,0.32934131736526945
500,0.0
325,0.0
267,0.0708955223880597
466,0.34475374732334046
500,0.37924151696606784
148,0.2483221476510067
500,0.6646706586826348
500,0.5069860279441117
500,0.6586826347305389
114,1.0
426,0.4707259953161593
487,0.2028688524590164
391,0.5051020408163265
488,0.6114519427402862
496,0.5331991951710262
495,0.49798387096774194
485,0.3888888888888889
500,0.499001996007984
500,0.592814371257485
455,0.34868421052631576
319,0.378125
500,0.5429141716566867
500,0.500998003992016
500,0.562874251497006
499,0.552
500,0.46506986027944114
500,0.6087824351297405
487,0.35450819672131145
262,0.053231939163498096
493,0.7854251012145749
418,0.40572792362768495
489,0.36122448979591837
389,0.5769230769230769
446,0.2953020134228188
500,0.4151696606786427
233,0.6709401709401709
234,0.09361702127659574
494,0.4444444444444444
498,0.6713426853707415
500,0.5568862275449101
500,0.6467065868263473
207,0.10096153846153846
498,0.1623246492985972
500,0.5389221556886228
500,0.624750499001996
170,0.0
499,0.256
463,0.3706896551724138
496,0.30181086519114686
152,0.0196078431372549
431,0.4236111111111111
498,0.4248496993987976
124,0.0
492,0.08519269776876268
248,0.07228915662650602
67,0.2647058823529412
500,0.5548902195608783
92,0.0
464,0.4645161290322581
78,0.7088607594936709
399,0.3075
500,0.48502994011976047
500,0.1497005988023952
375,0.20212765957446807
464,0.08387096774193549
149,0.04666666666666667
497,0.2791164658634538
485,0.5329218106995884
500,0.3273453093812375
500,0.6506986027944112
85,1.0
500,0.5469061876247505
500,0.5369261477045908
426,0.5245901639344263
371,0.1935483870967742
430,0.4222737819025522
465,0.12017167381974249
500,0.5409181636726547
309,0.7064516129032258
446,0.5592841163310962
110,0.0
482,0.5817805383022774
360,0.9030470914127424
457,0.5393013100436681
406,0.7248157248157249
132,0.21052631578947367
219,0.0
500,0.5409181636726547
499,0.226
180,0.0
425,0.4154929577464789
499,0.468
481,0.5954356846473029
498,0.7314629258517034
285,0.12937062937062938
500,0.36127744510978044
459,0.45869565217391306
500,0.3972055888223553
185,0.521505376344086
481,0.5228215767634855
189,0.24210526315789474
408,0.4743276283618582
484,0.4762886597938144
302,0.7326732673267327
290,0.14432989690721648
101,0.0
500,0.5169660678642715
500,0.7045908183632734
341,0.5672514619883041
278,0.10752688172043011
459,0.46304347826086956
498,0.43887775551102204
472,0.47357293868921774
496,0.5211267605633803
486,0.6036960985626283
218,0.4520547945205479
494,0.5474747474747474
176,0.0
425,0.39436619718309857
500,0.4031936127744511
187,0.31382978723404253
500,0.26746506986027946
453,0.4977973568281938
500,0.4930139720558882
482,0.6107660455486542
500,0.4590818363273453
489,0.5061224489795918
473,0.34177215189873417
343,0.7063953488372093
500,0.47904191616766467
491,0.8170731707317073
500,0.2554890219560878
500,0.48502994011976047
376,0.8381962864721485
205,0.9951456310679612
500,0.27345309381237526
185,0.6236559139784946
468,0.279317697228145
500,0.6027944111776448
275,1.0
500,0.7285429141716567
500,0.7724550898203593
424,0.8964705882352941
500,0.21357285429141717
500,0.5668662674650699
500,0.5029940119760479
268,0.8252788104089219
178,0.0
371,0.6155913978494624
500,0.3473053892215569
357,0.3324022346368715
457,0.45633187772925765
420,0.4085510688836104
491,0.5
500,0.5868263473053892
233,0.7008547008547008
375,0.24202127659574468
145,0.5068493150684932
500,0.16966067864271456
500,0.6287425149700598
267,0.19402985074626866
464,0.4129032258064516
500,0.40119760479041916
383,0.9427083333333334
259,0.04230769230769231
500,0.46107784431137727
497,0.4799196787148594
468,0.5927505330490405
500,0.249500998003992
129,0.06923076923076923
500,0.6087824351297405
406,0.0
494,0.3838383838383838
422,0.6099290780141844
490,0.4623217922606925
292,0.32764505119453924
479,0.48125
183,0.0
500,0.592814371257485
437,0.4726027397260274
491,0.508130081300813
499,0.332
465,0.3626609442060086
473,0.47468354430379744
500,0.34530938123752497
498,0.4288577154308617
257,0.49612403100775193
500,0.5389221556886228
499,0.394
351,0.4431818181818182
500,0.5109780439121756
316,0.09779179810725552
500,0.5029940119760479
500,0.26746506986027946
500,0.47904191616766467
498,0.593186372745491
52,0.0
500,0.21357285429141717
500,0.3812375249500998
21,1.0
499,0.622
106,1.0
490,0.725050916496945
421,0.4099526066350711
208,0.05741626794258373
461,0.461038961038961
91,0.0
500,0.46706586826347307
497,0.6465863453815262
493,0.6902834008097166
397,0.6155778894472361
487,0.4733606557377049
500,0.5788423153692615
497,0.13052208835341367
346,0.11239193083573487
176,0.15819209039548024
425,0.3615023474178404
500,0.3093812375249501
230,0.19913419913419914
492,0.5740365111561866
269,1.0
407,0.3897058823529412
500,0.35728542914171657
282,0.6042402826855123
176,0.3672316384180791
500,0.49500998003992014
500,0.2435129740518962
500,0.2375249500998004
471,0.5720338983050848
421,0.4099526066350711
79,1.0
500,0.32335329341317365
486,0.3203285420944558
490,0.4786150712830957
500,0.5868263473053892
225,0.0
400,0.20199501246882792
244,0.15918367346938775
115,0.22413793103448276
500,0.42714570858283435
351,0.46875
477,0.5146443514644351
256,0.17120622568093385
467,0.6132478632478633
500,0.4930139720558882
500,0.6506986027944112
424,0.8023529411764706
131,0.0
484,0.31752577319587627
263,0.45075757575757575
435,0.6811926605504587
493,0.6275303643724697
278,0.25089605734767023
459,0.45869565217391306
500,0.25748502994011974
500,0.49500998003992014
498,0.2865731462925852
375,0.3803191489361702
295,0.26013513513513514
494,0.6909090909090909
500,0.5868263473053892
467,0.6068376068376068
500,0.626746506986028
390,0.4373401534526854
500,0.5748502994011976
499,0.486
470,0.4713375796178344
178,0.12290502793296089
443,0.32657657657657657
476,0.3710691823899371
476,0.1530398322851153
262,0.23574144486692014
500,0.14171656686626746
500,0.5668662674650699
136,1.0
500,0.530938123752495
499,0.448
464,0.7763440860215054
493,0.37044534412955465
402,0.45409429280397023
426,0.3793911007025761
500,0.36926147704590817
485,0.23045267489711935
168,0.01775147928994083
500,0.5688622754491018
473,0.25949367088607594
475,0.4810924369747899
499,0.036
470,0.4713375796178344
267,0.35074626865671643
500,0.3812375249500998
459,0.45
499,0.418
268,0.6877323420074349
437,0.3447488584474886
500,0.5948103792415169
365,0.5792349726775956
500,0.6167664670658682
500,0.7524950099800399
500,0.405189620758483
496,0.3762575452716298
425,0.2746478873239437
107,1.0
499,0.38
428,0.11655011655011654
247,0.20161290322580644
445,0.4080717488789238
308,0.5307443365695793
476,0.5660377358490566
460,0.4598698481561822
376,0.4217506631299735
461,0.27705627705627706
314,0.47619047619047616
500,0.313373253493014
114,0.0
482,0.4057971014492754
500,0.5708582834331337
489,0.44693877551020406
500,0.9001996007984032
410,0.878345498783455
499,0.502
500,0.3393213572854291
499,0.428
129,0.17692307692307693
421,0.0971563981042654
439,0.41363636363636364
379,0.3605263157894737
499,0.296
500,0.6107784431137725
468,0.34541577825159914
500,0.5968063872255489
119,1.0
470,0.4713375796178344
424,0.41411764705882353
461,0.461038961038961
500,0.5089820359281437
437,0.4315068493150685
500,0.6626746506986028
500,0.6447105788423154
421,0.4099526066350711
347,0.3850574712643678
370,0.1940700808625337
250,0.1553784860557769
140,0.24113475177304963
215,0.0
273,0.4343065693430657
202,0.29064039408866993
500,0.3872255489021956
479,0.48541666666666666
463,0.46336206896551724
493,0.23481781376518218
489,0.32653061224489793
276,0.34296028880866425
484,0.5567010309278351
430,0.4222737819025522
475,0.2689075630252101
499,0.588
250,0.49800796812749004
496,0.4768611670020121
402,0.6029776674937966
404,0.8617283950617284
439,0.4340909090909091
118,1.0
500,0.35728542914171657
500,0.40718562874251496
425,0.4154929577464789
116,1.0
439,0.4340909090909091
475,0.4831932773109244
264,0.1660377358490566
500,0.5828343313373253
290,0.49828178694158076
500,0.26746506986027946
274,0.2
109,0.12727272727272726
251,0.1626984126984127
499,0.502
355,0.4101123595505618
176,0.0
500,0.249500998003992
437,0.4315068493150685
466,0.5396145610278372
482,0.7370600414078675
499,0.332
500,0.564870259481038
459,0.45869565217391306
110,1.0
499,0.262
274,0.0036363636363636364
433,0.6797235023041475
487,0.7049180327868853
229,0.3739130434782609
467,0.5683760683760684
204,0.004878048780487805
500,0.4231536926147705
500,0.5888223552894212
268,1.0
500,0.3592814371257485
108,0.6422018348623854
473,0.4936708860759494
500,0.6007984031936128
119,1.0
421,0.32701421800947866
500,0.5708582834331337
123,1.0
415,0.3004807692307692
487,0.5901639344262295
500,0.3393213572854291
496,0.3038229376257545
278,0.45878136200716846
265,0.06390977443609022
269,0.5259259259259259
500,0.46706586826347307
500,0.7265469061876247
420,0.4085510688836104
134,0.4148148148148148
371,0.1478494623655914
230,0.06926406926406926
416,0.24940047961630696
500,0.5349301397205589
427,0.2827102803738318
500,0.5528942115768463
473,0.47468354430379744
104,0.0
432,0.42494226327944573
500,0.13572854291417166
357,0.2905027932960894
199,0.02
475,0.5021008403361344
362,0.6584022038567493
498,0.4709418837675351
391,0.3239795918367347
500,0.3193612774451098
438,0.38724373576309795
500,0.5029940119760479
452,0.4503311258278146
268,0.07434944237918216
267,0.5186567164179104
145,0.3561643835616438
260,0.04597701149425287
500,0.2894211576846307
500,0.31736526946107785
500,0.48502994011976047
218,0.7579908675799086
473,0.41350210970464135
460,0.4598698481561822
500,0.38323353293413176
500,0.592814371257485
111,0.9017857142857143
500,0.6766467065868264
500,0.36327345309381237
254,0.24705882352941178
203,0.014705882352941176
114,0.02608695652173913
462,0.46220302375809935
500,0.6506986027944112
500,0.5708582834331337
107,1.0
347,0.3275862068965517
274,0.0
191,0.0
500,0.469061876247505
319,0.3875
444,0.47191011235955055
500,0.5249500998003992
499,0.592
500,0.5369261477045908
178,0.41899441340782123
492,0.45233265720081134
250,0.8446215139442231
500,0.48502994011976047
500,0.31137724550898205
266,0.06741573033707865
500,0.6686626746506986
500,0.7345309381237525
499,0.45
277,0.10431654676258993
247,0.0967741935483871
472,0.19238900634249473
149,0.22
499,0.252
293,0.2891156462585034
364,0.20273972602739726
278,0.26523297491039427
500,0.3473053892215569
484,0.4865979381443299
472,0.19661733615221988
500,0.1656686626746507
500,0.4530938123752495
185,0.3709677419354839
500,0.5229540918163673
407,0.3897058823529412
432,0.3441108545034642
498,0.4709418837675351
500,0.20159680638722555
430,0.27842227378190254
112,0.008849557522123894
500,0.4091816367265469
495,0.2862903225806452
500,0.562874251497006
492,0.42190669371196754
426,0.3442622950819672
266,0.06741573033707865
410,0.46228710462287104
500,0.2894211576846307
493,0.3117408906882591
307,0.5681818181818182
500,0.590818363273453
393,0.9086294416243654
500,0.9281437125748503
478,0.5615866388308977
439,0.5227272727272727
500,0.5848303393213573
111,1.0
500,0.3333333333333333
500,0.6127744510978044
491,0.4715447154471545
500,0.08183632734530938
483,0.5082644628099173
270,0.6457564575645757
423,0.41273584905660377
482,0.2981366459627329
193,0.13402061855670103
499,0.574
500,0.5788423153692615
82,1.0
500,0.003992015968063872
371,0.013440860215053764
104,0.0
492,0.2515212981744422
500,0.3073852295409182
496,0.2012072434607646
365,0.4644808743169399
287,0.5902777777777778
449,0.4666666666666667
483,0.6900826446280992
498,0.5671342685370742
432,0.42494226327944573
381,0.3403141361256545
500,0.5728542914171657
498,0.1743486973947896
499,0.302
350,0.2905982905982906
500,0.4171656686626746
500,0.45708582834331335
500,0.44510978043912175
279,0.4607142857142857
170,0.2046783625730994
448,0.3273942093541203
463,0.7047413793103449
463,0.46336206896551724
407,0.40441176470588236
500,0.5469061876247505
422,0.41843971631205673
492,0.5699797160243407
389,0.44358974358974357
500,0.48502994011976047
417,0.4043062200956938
383,0.3932291666666667
500,0.564870259481038
146,0.013605442176870748
500,0.3592814371257485
496,0.8672032193158954
500,0.4431137724550898
500,0.5349301397205589
498,0.3587174348697395
500,0.5449101796407185
82,0.8554216867469879
428,0.41025641025641024
492,0.6064908722109533
500,0.35129740518962077
104,1.0
239,0.45
500,0.530938123752495
479,0.32916666666666666
500,0.34930139720558884
93,0.6702127659574468
500,0.33532934131736525
500,0.5329341317365269
74,0.9466666666666667
500,0.36327345309381237
222,0.15246636771300448
474,0.40210526315789474
488,0.5316973415132924
500,0.40718562874251496
292,0.6143344709897611
500,0.3852295409181637
497,0.29116465863453816
107,0.6851851851851852
467,0.11324786324786325
309,0.17096774193548386
399,0.605
71,1.0
374,0.08266666666666667
460,0.4598698481561822
500,0.2834331337325349
500,0.4491017964071856
470,0.39278131634819535
334,0.2835820895522388
500,0.5528942115768463
477,0.18200836820083682
497,0.3473895582329317
288,0.22145328719723184
182,0.0
498,0.30060120240480964
324,0.15076923076923077
143,0.3402777777777778
364,0.1589041095890411
500,0.5508982035928144
500,0.0998003992015968
500,0.13972055888223553
500,0.4630738522954092
114,1.0
459,0.5434782608695652
273,0.08394160583941605
500,0.5848303393213573
368,0.1951219512195122
494,0.3575757575757576
500,0.3193612774451098
59,0.0
489,0.4122448979591837
500,0.4231536926147705
477,0.5460251046025104
498,0.7134268537074149
474,0.44
485,0.6111111111111112
343,0.37790697674418605
500,0.4091816367265469
498,0.20841683366733466
481,0.27385892116182575
457,0.45633187772925765
478,0.5010438413361169
390,0.44501278772378516
500,0.2934131736526946
419,0.4595238095238095
500,0.5149700598802395
496,0.6016096579476862
223,0.5044642857142857
499,0.41
407,0.5
179,0.2
500,0.499001996007984
137,0.0
331,0.25
476,0.8029350104821803
339,0.2676470588235294
500,0.4750499001996008
319,0.221875
196,0.5380710659898477
330,0.24773413897280966
279,0.11071428571428571
500,0.4491017964071856
205,0.0
499,0.352
499,0.266
341,0.2719298245614035
324,0.23384615384615384
463,0.33189655172413796
112,0.46017699115044247
500,0.37325349301397204
430,0.3665893271461717
328,0.24316109422492402
375,0.574468085106383
331,0.25
269,0.2962962962962963
331,0.25
496,0.32796780684104626
500,0.8802395209580839
53,0.0
423,0.09669811320754718
332,0.26126126126126126
328,0.24316109422492402
485,0.32098765432098764
500,0.5269461077844312
298,0.7391304347826086
400,0.42144638403990026
311,0.20192307692307693
500,0.1497005988023952
327,0.24085365853658536
500,0.25748502994011974
57,0.08620689655172414
439,0.49318181818181817
458,0.4400871459694989
107,0.9259259259259259
463,0.41810344827586204
311,0.20192307692307693
321,0.33229813664596275
500,0.469061876247505
444,0.4404494382022472
288,1.0
326,0.23853211009174313
500,0.5429141716566867
81,0.0
392,0.42748091603053434
452,0.4503311258278146
251,0.19444444444444445
203,0.0
229,0.0
497,0.5160642570281124
260,0.8390804597701149
334,0.39104477611940297
202,0.0
198,0.0
500,0.34530938123752497
394,0.46835443037974683
259,0.4230769230769231
203,0.0
65,0.8484848484848485
500,0.2994011976047904
500,0.4930139720558882
436,0.19221967963386727
199,0.0
496,0.3038229376257545
489,0.5040816326530613
105,0.0
176,0.0
188,0.0
382,0.48825065274151436
500,0.6027944111776448
207,0.0
75,0.0
498,0.5751503006012024
296,1.0
500,0.3093812375249501
173,0.0
500,0.7504990019960079
488,0.5173824130879345
191,0.0
110,0.0
497,0.38353413654618473
158,0.0
495,0.5584677419354839
145,0.0
468,0.39658848614072495
393,0.4720812182741117
500,0.3592814371257485
486,0.5071868583162218
150,0.0
414,0.2987951807228916
124,0.04
394,0.369620253164557
155,0.0
500,0.37924151696606784
168,0.0
329,0.09696969696969697
489,0.17755102040816326
500,0.4431137724550898
186,0.35294117647058826
140,0.0
63,0.0
500,0.3393213572854291
25,0.0
444,0.2696629213483146
140,0.0
499,0.24
157,0.0
144,0.0
119,0.0
492,0.4847870182555781
392,0.04580152671755725
247,0.07258064516129033
500,0.3712574850299401
500,0.5329341317365269
227,0.0
124,0.312
103,0.0
497,0.321285140562249
367,0.3967391304347826
181,0.8021978021978022
96,0.0
409,0.2658536585365854
500,0.4810379241516966
245,0.32926829268292684
57,0.43103448275862066
88,0.0
499,0.668
500,0.6686626746506986
21,0.0
494,0.4222222222222222
466,0.4625267665952891
85,0.0
497,0.4457831325301205
500,0.5868263473053892
101,0.0
449,0.5288888888888889
88,0.0
406,0.14496314496314497
198,0.09547738693467336
206,0.0
55,0.0
499,0.116
202,0.0
386,0.4728682170542636
500,0.6407185628742516
428,0.013986013986013986
500,0.499001996007984
500,0.4491017964071856
64,0.0
64,0.0
26,0.0
169,0.0
178,0.0
64,0.0
486,0.32854209445585214
145,0.0547945205479452
176,0.0
463,0.3017241379310345
485,0.2716049382716049
322,0.006191950464396285
402,0.4987593052109181
175,0.0
54,0.0
141,0.007042253521126761
318,0.0
494,0.35555555555555557
500,0.37924151696606784
44,0.0
500,0.3592814371257485
498,0.8136272545090181
500,0.8542914171656687
24,0.0
470,0.267515923566879
42,0.0
496,0.2937625754527163
484,0.3422680412371134
388,0.4267352185089974
24,0.0
500,0.2694610778443114
25,0.0
500,0.21357285429141717
439,0.0
22,0.0
500,0.5389221556886228
91,1.0
438,0.25968109339407747
24,0.0
23,0.0
497,0.5441767068273092
23,0.0
22,0.0
500,0.5129740518962076
365,0.43989071038251365
149,0.0
57,0.0
500,0.29141716566866266
121,0.45081967213114754
23,0.0
500,0.44510978043912175
24,0.0
29,0.0
466,0.6552462526766595
26,0.0
412,0.2736077481840194
24,0.0
331,0.3192771084337349
496,0.3058350100603622
24,0.0
261,0.17938931297709923
291,0.14726027397260275
440,0.4557823129251701
500,0.5528942115768463
409,0.24146341463414633
27,0.0
37,0.0
500,0.7045908183632734
424,0.8635294117647059
20,0.0
495,0.3487903225806452
19,0.0
500,0.2754491017964072
431,0.30324074074074076
440,0.5147392290249433
487,0.44672131147540983
22,0.0
335,0.38392857142857145
174,0.7371428571428571
500,0.5888223552894212
366,0.14168937329700274
496,0.32595573440643866
493,0.562753036437247
498,0.20240480961923848
121,0.0
499,0.208
419,0.2119047619047619
206,0.2946859903381642
155,0.0
500,0.6606786427145709
488,0.5112474437627812
316,0.21451104100946372
422,0.37825059101654845
139,0.14285714285714285
364,0.038356164383561646
497,0.3072289156626506
13,0.0
428,0.4755244755244755
264,0.06037735849056604
500,0.4550898203592814
65,1.0
477,0.4602510460251046
129,0.0
426,0.48711943793911006
397,0.3793969849246231
440,0.3854875283446712
131,0.0
470,0.5435244161358811
18,0.0
365,0.3551912568306011
500,0.25748502994011974
500,0.46107784431137727
102,0.0
499,0.52
126,0.0
500,0.39520958083832336
254,0.25882352941176473
60,0.0
500,0.8023952095808383
119,0.09166666666666666
441,0.11764705882352941
500,0.6087824351297405
257,1.0
500,0.6107784431137725
239,0.0
497,0.39759036144578314
119,0.0
464,0.5397849462365591
132,0.0
233,0.1581196581196581
88,0.0
422,0.5437352245862884
500,0.7724550898203593
155,0.3782051282051282
480,0.43243243243243246
239,0.0
436,0.17620137299771166
467,0.4700854700854701
120,0.0
496,0.3561368209255533
72,0.0
169,0.058823529411764705
454,0.34285714285714286
190,0.4293193717277487
117,0.0
152,0.1503267973856209
90,0.0
500,0.3772455089820359
118,0.0
500,0.6327345309381237
403,0.7772277227722773
101,0.0
325,0.37423312883435583
151,0.29605263157894735
250,0.23904382470119523
101,0.0
500,0.500998003992016
500,0.43912175648702595
96,0.0
500,0.18962075848303392
219,0.0
269,0.2962962962962963
160,0.4409937888198758
384,0.24155844155844156
482,0.4989648033126294
218,0.0
499,0.402
311,0.8782051282051282
484,0.5216494845360825
138,0.0
497,0.3614457831325301
134,0.0
422,0.5153664302600472
344,0.6318840579710145
498,0.3166332665330661
117,0.0
144,0.0
120,0.0
493,0.34615384615384615
500,0.4930139720558882
151,0.0
430,0.05568445475638051
96,0.0
495,0.2600806451612903
245,0.09349593495934959
402,0.456575682382134
193,0.0
197,0.1717171717171717
110,0.0
456,0.1400437636761488
240,0.2572614107883817
166,0.11976047904191617
180,0.0
500,0.42115768463073855
478,0.07933194154488518
172,0.0
476,0.3081761006289308
500,0.6027944111776448
33,0.0
175,0.0
500,0.14770459081836326
396,0.5591939546599496
497,0.572289156626506
148,0.0
492,0.40162271805273836
44,0.0
411,0.3932038834951456
288,0.5605536332179931
48,0.0
317,0.0
154,0.0
493,0.4230769230769231
500,0.5708582834331337
47,0.0
468,0.5202558635394456
72,0.0
42,0.0
456,0.23194748358862144
200,0.25870646766169153
454,0.5494505494505495
59,0.0
25,0.0
231,0.0
23,0.0
339,0.38235294117647056
21,0.0
500,0.36726546906187624
22,0.0
18,0.0
485,0.3868312757201646
327,0.5487804878048781
473,0.23417721518987342
38,0.0
40,0.0
478,0.4196242171189979
32,0.0
457,0.18777292576419213
116,0.3247863247863248
487,0.5471311475409836
99,0.0
500,0.19760479041916168
20,0.0
22,0.0
409,0.28536585365853656
500,0.564870259481038
67,0.0
496,0.19919517102615694
78,0.0
19,0.0
473,0.47257383966244726
17,0.0
500,0.7924151696606786
353,1.0
22,0.0
500,0.5788423153692615
281,1.0
134,0.0
393,0.09390862944162437
74,0.0
64,0.0
13,0.0
500,0.41916167664670656
300,0.3289036544850498
159,0.0
275,0.36231884057971014
84,0.7529411764705882
16,0.0
32,0.0
488,0.23517382413087934
500,0.48303393213572854
15,0.0
488,0.37423312883435583
59,0.0
443,0.5202702702702703
348,0.66189111747851
35,0.0
491,0.3800813008130081
13,0.0
497,0.3534136546184739
500,0.3592814371257485
43,0.0
491,0.6117886178861789
40,0.0
485,0.4444444444444444
494,0.301010101010101
170,0.0
49,0.0
27,0.0
40,0.0
297,0.2483221476510067
327,0.3445121951219512
35,0.0
452,0.3598233995584989
29,0.0
500,0.27345309381237526
280,0.302491103202847
500,0.4091816367265469
500,0.4471057884231537
25,0.0
500,0.23353293413173654
154,0.03870967741935484
289,0.041379310344827586
179,0.06666666666666667
19,0.0
19,0.0
500,0.5109780439121756
392,0.42493638676844786
420,0.2042755344418052
17,0.0
487,0.19672131147540983
83,0.8214285714285714
23,0.0
490,0.36863543788187375
468,0.4115138592750533
238,0.0
379,0.4631578947368421
25,0.0
18,0.0
496,0.5875251509054326
14,0.0
495,0.4576612903225806
15,0.0
453,0.7797356828193832
177,0.0
14,0.0
478,0.5156576200417536
500,0.4151696606786427
84,0.0
19,0.0
499,0.31
351,0.32386363636363635
15,0.0
499,0.238
17,0.0
413,0.6207729468599034
500,0.4091816367265469
408,0.39119804400978
250,0.18326693227091634
493,0.22064777327935223
500,0.6207584830339321
500,0.4231536926147705
500,0.29740518962075846
379,0.04473684210526316
500,0.3772455089820359
356,0.1484593837535014
487,0.38114754098360654
444,0.6853932584269663
423,0.4882075471698113
68,0.0
499,0.138
136,1.0
500,0.4750499001996008
471,0.3601694915254237
60,0.0
494,0.32727272727272727
500,0.4550898203592814
354,0.29859154929577464
206,0.642512077294686
39,0.0
500,0.4431137724550898
468,0.27078891257995735
60,0.0
493,0.3603238866396761
500,0.5748502994011976
284,1.0
394,0.5974683544303797
252,0.4189723320158103
63,0.0
500,0.36726546906187624
371,0.4220430107526882
500,0.313373253493014
500,0.6287425149700598
468,0.39232409381663114
332,0.08408408408408409
500,0.08982035928143713
500,0.29141716566866266
189,0.0
219,0.06363636363636363
499,0.446
376,0.15384615384615385
376,0.4217506631299735
500,0.5229540918163673
500,0.7784431137724551
414,0.7469879518072289
49,0.0
109,0.24545454545454545
448,0.42761692650334077
46,0.0
500,0.27944111776447106
433,0.3271889400921659
496,0.2977867203219316
408,0.36185819070904646
46,0.0
365,0.2650273224043716
41,0.0
434,0.36091954022988504
358,0.4373259052924791
335,0.6607142857142857
46,0.0
497,0.45180722891566266
477,0.4916317991631799
362,0.0881542699724518
499,0.506
42,0.0
36,0.0
34,0.0
500,0.17365269461077845
173,0.0
36,0.0
38,0.0
474,0.2231578947368421
337,0.2781065088757396
248,0.23694779116465864
369,0.21891891891891893
353,0.2966101694915254
386,0.16279069767441862
500,0.4550898203592814
466,0.6124197002141327
499,0.588
33,0.0
493,0.2692307692307692
356,0.3389355742296919
344,0.2782608695652174
498,0.5791583166332666
483,0.6239669421487604
500,0.7564870259481038
494,0.3090909090909091
33,0.0
33,0.0
337,0.15088757396449703
500,0.49101796407185627
499,0.316
179,0.0
459,0.49130434782608695
442,0.2618510158013544
404,0.4839506172839506
30,0.0
26,0.0
379,0.5710526315789474
487,0.4672131147540984
372,0.3941018766756032
30,0.0
401,0.43034825870646765
500,0.6347305389221557
23,0.0
500,0.34930139720558884
27,0.0
445,0.10089686098654709
203,0.0196078431372549
15,0.0
471,0.4788135593220339
196,1.0
25,0.0
330,0.05740181268882175
16,0.0
486,0.3162217659137577
500,0.499001996007984
252,0.015810276679841896
401,0.40298507462686567
18,0.0
500,0.15169660678642716
385,0.3704663212435233
14,0.0
500,0.35528942115768464
309,0.41935483870967744
500,0.3313373253493014
14,0.0
495,0.22580645161290322
326,0.22324159021406728
498,0.5150300601202404
203,0.0196078431372549
50,0.0
360,0.4293628808864266
279,0.5535714285714286
500,0.0499001996007984
14,0.0
474,0.5789473684210527
16,0.0
498,0.6172344689378757
483,0.047520661157024795
500,0.4810379241516966
130,0.0
319,0.221875
377,0.6005291005291006
126,0.0
500,0.45708582834331335
25,0.0
500,0.5389221556886228
500,0.5788423153692615
267,0.0708955223880597
417,0.3253588516746411
21,0.0
249,0.236
500,0.44510978043912175
321,0.2608695652173913
368,0.45799457994579945
491,0.18495934959349594
250,0.04780876494023904
178,0.0
494,0.4444444444444444
500,0.0718562874251497
373,0.24866310160427807
13,0.0
334,0.07462686567164178
374,0.4533333333333333
362,0.6914600550964187
121,0.0
282,0.014134275618374558
135,0.029411764705882353
133,0.0
467,0.23717948717948717
500,0.4411177644710579
98,0.6060606060606061
499,0.542
116,0.0
270,0.22509225092250923
488,0.4335378323108384
398,0.45614035087719296
471,0.4555084745762712
319,0.040625
500,0.3313373253493014
263,0.056818181818181816
433,0.5138248847926268
424,0.6611764705882353
357,0.0
500,0.5489021956087824
117,0.0
500,0.24151696606786427
475,0.36554621848739494
500,0.7025948103792415
118,0.0
497,0.4939759036144578
431,0.5694444444444444
378,0.20580474934036938
500,0.4530938123752495
370,0.5876010781671159
265,0.424812030075188
446,0.3512304250559284
500,0.44510978043912175
483,0.09917355371900827
500,0.4231536926147705
369,0.5945945945945946
281,0.09219858156028368
500,0.35129740518962077
282,0.12014134275618374
443,0.14414414414414414
496,0.4607645875251509
450,0.1973392461197339
65,0.0
166,0.0
103,0.0
500,0.5768463073852296
208,0.0
100,0.0
499,0.216
478,0.5762004175365344
376,0.5862068965517241
94,0.0
464,0.4838709677419355
478,0.22755741127348644
500,0.41317365269461076
90,0.0
276,0.4043321299638989
500,0.624750499001996
499,0.562
412,0.19612590799031476
343,0.4011627906976744
245,0.5609756097560976
48,0.0
83,0.0
437,0.17579908675799086
500,0.18762475049900199
493,0.6619433198380567
41,0.0
500,0.2694610778443114
333,0.44610778443113774
198,0.6633165829145728
204,0.0
473,0.5042194092827004
500,0.3852295409181637
40,0.0
499,0.396
254,0.1607843137254902
23,0.0
487,0.4672131147540984
212,0.1643192488262911
312,0.3610223642172524
368,0.1978319783197832
186,0.39037433155080214
89,0.2111111111111111
356,0.05322128851540616
162,0.0
244,0.1673469387755102
489,0.5
186,0.0
457,0.5152838427947598
227,0.0
266,0.5280898876404494
475,0.4222689075630252
500,0.7664670658682635
20,0.0
431,0.1574074074074074
198,0.0
277,0.26258992805755393
179,0.3
13,0.0
499,0.51
500,0.40119760479041916
274,0.6618181818181819
372,0.6434316353887399
57,0.0
23,0.0
16,0.0
499,0.612
206,0.24154589371980675
457,0.5458515283842795
500,0.40718562874251496
499,0.352
478,0.5594989561586639
15,0.0
481,0.5912863070539419
20,0.0
380,0.4566929133858268
46,0.0
485,0.5534979423868313
40,0.0
384,0.5246753246753246
500,0.5269461077844312
17,0.0
494,0.35555555555555557
500,0.24750499001996007
151,0.0
500,0.5528942115768463
29,0.0
370,0.3045822102425876
153,0.0
24,0.0
489,0.26326530612244897
215,0.4537037037037037
445,0.3251121076233184
383,0.5963541666666666
432,0.3002309468822171
450,0.30155210643015523
477,0.497907949790795
488,0.7014314928425358
478,0.5657620041753654
499,0.452
439,0.07045454545454545
316,0.09779179810725552
199,0.155
122,0.0
500,0.2375249500998004
500,0.5169660678642715
362,0.2865013774104683
500,0.18962075848303392
407,0.25980392156862747
167,0.17261904761904762
498,0.49899799599198397
166,0.7365269461077845
498,0.8637274549098196
498,0.627254509018036
500,0.4031936127744511
98,0.0
500,0.08582834331337326
350,0.4757834757834758
483,0.17148760330578514
462,0.2203023758099352
79,0.0
460,0.19088937093275488
469,0.44042553191489364
499,0.588
455,0.5372807017543859
87,0.0
443,0.08783783783783784
331,0.11746987951807229
393,0.4517766497461929
500,0.09381237524950099
124,0.0
373,0.39037433155080214
296,0.49158249158249157
110,0.0
500,0.5129740518962076
167,0.023809523809523808
363,0.4230769230769231
374,0.4533333333333333
407,0.18872549019607843
182,0.6666666666666666
500,0.4471057884231537
461,0.45454545454545453
49,0.0
500,0.41916167664670656
404,0.5679012345679012
496,0.43259557344064387
451,0.415929203539823
445,0.4260089686098655
12,0.0
447,0.28125
17,0.0
465,0.5686695278969958
28,0.0
500,0.10578842315369262
500,0.5289421157684631
33,0.0
158,0.0
16,0.0
500,0.5389221556886228
227,0.0
409,0.36829268292682926
479,0.31875
409,0.37317073170731707
500,0.47305389221556887
498,0.24248496993987975
430,0.5730858468677494
496,0.31388329979879276
499,0.024
372,0.42359249329758714
475,0.5105042016806722
496,0.37424547283702214
432,0.5496535796766744
500,0.5169660678642715
500,0.626746506986028
479,0.6604166666666667
484,0.4865979381443299
499,0.502
15,0.0
498,0.5270541082164328
462,0.42116630669546434
500,0.5349301397205589
318,0.47648902821316613
16,0.0
500,0.2934131736526946
441,0.43665158371040724
453,0.5022026431718062
305,0.1830065359477124
415,0.4014423076923077
441,0.25565610859728505
299,0.17
500,0.2894211576846307
476,0.3920335429769392
334,0.40298507462686567
496,0.3299798792756539
77,0.0
399,0.205
500,0.562874251497006
205,1.0
500,0.40119760479041916
404,0.20493827160493827
486,0.12114989733059549
477,0.2928870292887029
500,0.47704590818363274
495,0.49798387096774194
205,0.0
243,0.0
500,0.3852295409181637
352,0.40793201133144474
444,0.0
221,0.3783783783783784
391,0.46683673469387754
303,0.24671052631578946
151,0.0
487,0.42008196721311475
15,0.0
500,0.3373253493013972
28,0.0
18,0.0
454,0.3054945054945055
436,0.5102974828375286
154,0.0
499,0.608
329,0.1484848484848485
208,0.10047846889952153
405,0.1896551724137931
500,0.5249500998003992
467,0.6111111111111112
466,0.8008565310492506
355,0.9719101123595506
432,0.06928406466512702
500,0.46506986027944114
463,0.20474137931034483
488,0.5357873210633947
493,0.6882591093117408
412,0.513317191283293
480,0.07692307692307693
458,0.3093681917211329
391,0.17091836734693877
382,0.4595300261096606
272,0.6446886446886447
455,0.5021929824561403
112,0.0
367,0.41304347826086957
270,0.5608856088560885
130,0.0
500,0.45708582834331335
493,0.3785425101214575
277,0.29136690647482016
482,0.4927536231884058
500,0.5808383233532934
32,0.0
495,0.29435483870967744
293,0.8027210884353742
360,0.07756232686980609
156,0.17834394904458598
500,0.564870259481038
500,0.27944111776447106
90,0.0
360,0.09695290858725762
325,0.13496932515337423
82,0.0
427,0.3364485981308411
331,0.43373493975903615
483,0.5681818181818182
181,0.0
12,0.0
476,0.5450733752620545
105,0.0
392,0.3842239185750636
500,0.5508982035928144
500,0.7884231536926147
40,0.0
479,0.32916666666666666
470,0.47770700636942676
69,0.0
498,0.5691382765531062
173,0.0
32,0.0
293,0.0
82,0.0
394,0.2430379746835443
82,0.0
498,0.8176352705410822
376,0.4509283819628647
371,0.4327956989247312
24,0.0
499,0.36
62,0.0
320,0.22429906542056074
340,0.3870967741935484
494,0.5838383838383838
500,0.7445109780439122
462,0.2678185745140389
492,0.5070993914807302
498,0.2545090180360721
451,0.40486725663716816
500,0.6187624750499002
13,0.0
470,0.535031847133758
15,0.0
28,0.0
492,0.6004056795131846
351,0.3664772727272727
370,0.6226415094339622
499,0.538
500,0.38323353293413176
393,0.31725888324873097
281,0.0
378,0.46701846965699206
493,0.5344129554655871
365,0.22404371584699453
455,0.47368421052631576
405,0.33004926108374383
500,0.18163672654690619
496,0.5593561368209256
258,0.25868725868725867
500,0.44510978043912175
322,0.2848297213622291
497,0.5160642570281124
204,0.0
128,0.5116279069767442
263,0.1893939393939394
181,0.0
372,0.46380697050938335
476,0.32075471698113206
414,0.5036144578313253
498,0.4749498997995992
338,0.3864306784660767
74,0.38666666666666666
371,0.478494623655914
495,0.5221774193548387
151,0.0
425,0.4272300469483568
490,0.42362525458248473
500,0.22554890219560877
453,0.5947136563876652
79,0.0
371,0.478494623655914
500,0.2714570858283433
392,0.4223918575063613
190,0.0
500,0.4291417165668663
488,0.5623721881390593
361,0.4005524861878453
494,0.2787878787878788
169,0.0
500,0.46107784431137727
450,0.7982261640798226
310,0.33762057877813506
491,0.5630081300813008
500,0.5848303393213573
474,0.47157894736842104
474,0.6294736842105263
498,0.3246492985971944
3,0.0
500,0.5109780439121756
477,0.4351464435146444
497,0.5441767068273092
319,0.159375
316,0.23974763406940064
342,0.42565597667638483
466,0.23768736616702354
414,0.472289156626506
475,0.5462184873949579
384,0.6753246753246753
500,0.36726546906187624
462,0.3952483801295896
74,0.28
500,0.5029940119760479
372,0.48257372654155495
337,0.3136094674556213
500,0.3932135728542914
468,0.5628997867803838
362,0.27823691460055094
384,0.4077922077922078
500,0.2774451097804391
181,0.38461538461538464
136,0.0
490,0.5743380855397149
500,0.44510978043912175
441,0.06561085972850679
480,0.6611226611226612
402,0.49379652605459057
475,0.4327731092436975
500,0.469061876247505
500,0.22355289421157684
500,0.2894211576846307
500,0.4091816367265469
340,0.09090909090909091
144,0.21379310344827587
464,0.41935483870967744
491,0.6280487804878049
500,0.6347305389221557
469,0.574468085106383
373,0.25133689839572193
480,0.4386694386694387
456,0.36323851203501095
354,0.4676056338028169
58,0.0
500,0.5808383233532934
221,0.018018018018018018
497,0.5220883534136547
490,0.42973523421588594
500,0.7305389221556886
497,1.0
499,0.606
404,0.5135802469135803
421,0.33175355450236965
194,0.0
474,0.4842105263157895
422,0.4491725768321513
475,0.6197478991596639
487,0.33401639344262296
441,0.6063348416289592
483,0.53099173553719
365,0.22131147540983606
477,0.4560669456066946
340,0.36363636363636365
478,0.5678496868475992
497,0.5461847389558233
496,0.5774647887323944
265,0.2744360902255639
366,0.444141689373297
272,0.09157509157509157
500,0.38323353293413176
374,0.3626666666666667
378,0.3034300791556728
157,0.22151898734177214
464,0.6258064516129033
480,0.5613305613305614
499,0.452
24,0.24
150,0.019867549668874173
499,0.36
500,0.5868263473053892
470,0.5605095541401274
482,0.5362318840579711
500,0.5169660678642715
493,0.7186234817813765
466,0.5053533190578159
316,0.3943217665615142
419,0.5666666666666667
500,0.3273453093812375
263,0.056818181818181816
485,0.4094650205761317
500,0.44510978043912175
480,0.5592515592515592
179,0.3111111111111111
500,0.5209580838323353
380,0.5931758530183727
499,0.618
315,0.31329113924050633
398,0.11779448621553884
284,0.1649122807017544
499,0.43
115,0.0
500,0.437125748502994
500,0.4231536926147705
485,0.4732510288065844
409,0.5024390243902439
499,0.52
500,0.2754491017964072
500,0.4231536926147705
414,0.363855421686747
478,0.30062630480167013
468,0.5458422174840085
500,0.35129740518962077
400,0.5012468827930174
500,0.4930139720558882
494,0.509090909090909
472,0.19661733615221988
500,0.5508982035928144
367,0.39402173913043476
444,0.21123595505617979
500,0.6307385229540918
470,0.5307855626326964
374,0.49066666666666664
479,0.4979166666666667
500,0.27944111776447106
256,0.0311284046692607
281,0.22695035460992907
485,0.3786008230452675
499,0.494
216,0.3778801843317972
500,0.3253493013972056
370,0.40161725067385445
488,0.37014314928425357
499,0.366
127,0.0
220,0.22624434389140272
487,0.3483606557377049
500,0.30538922155688625
345,0.16184971098265896
397,0.41708542713567837
414,0.43614457831325304
489,0.3795918367346939
191,0.0
500,0.500998003992016
459,0.6847826086956522
500,0.3592814371257485
500,0.592814371257485
482,0.4658385093167702
414,0.4506024096385542
500,0.3073852295409182
500,0.6187624750499002
374,0.4746666666666667
500,0.2994011976047904
432,0.34872979214780603
249,0.108
192,0.0
486,0.3655030800821355
500,0.24750499001996007
258,0.0
160,0.0
61,0.0
479,0.5645833333333333
500,0.3093812375249501
220,0.049773755656108594
73,0.14864864864864866
299,0.18666666666666668
500,0.249500998003992
498,0.5811623246492986
364,0.35342465753424657
450,0.49223946784922396
478,0.3883089770354906
374,0.496
487,0.4323770491803279
500,0.18562874251497005
500,0.5668662674650699
500,0.4251497005988024
454,0.44835164835164837
500,0.6227544910179641
473,0.5042194092827004
499,0.518
500,0.5548902195608783
495,0.5201612903225806
124,0.0
470,0.524416135881104
380,0.4015748031496063
500,0.3193612774451098
407,0.00980392156862745
355,0.3089887640449438
500,0.41916167664670656
63,0.0
499,0.548
474,0.5263157894736842
477,0.9665271966527197
482,0.9668737060041408
489,0.6469387755102041
444,0.6876404494382022
500,0.24750499001996007
499,0.654
437,0.18493150684931506
181,0.4065934065934066
237,0.14285714285714285
431,0.47685185185185186
500,0.5029940119760479
483,0.5247933884297521
499,0.162
494,0.5555555555555556
495,0.42338709677419356
495,0.3870967741935484
398,0.3583959899749373
499,0.57
9,0.0
469,0.3468085106382979
498,0.43286573146292584
498,0.503006012024048
408,0.4841075794621027
500,0.3073852295409182
494,0.5595959595959596
466,0.42184154175588867
306,0.2931596091205212
267,0.13059701492537312
500,0.5149700598802395
500,0.34331337325349304
500,0.5389221556886228
500,0.2894211576846307
436,0.30434782608695654
478,0.40083507306889354
500,0.6087824351297405
495,0.4657258064516129
444,0.49213483146067416
259,0.23846153846153847
127,0.0
268,0.1449814126394052
482,0.32919254658385094
500,0.47305389221556887
500,0.29141716566866266
466,0.20342612419700215
405,0.4827586206896552
262,0.08745247148288973
499,0.582
344,0.39710144927536234
498,0.27054108216432865
499,0.374
496,0.1529175050301811
369,0.24054054054054055
475,0.42436974789915966
370,0.4474393530997305
424,0.40705882352941175
499,0.578
406,0.40294840294840295
478,0.5386221294363257
500,0.36726546906187624
431,0.42592592592592593
500,0.26746506986027946
500,0.36327345309381237
500,0.34930139720558884
469,0.14680851063829786
366,0.4332425068119891
369,0.10270270270270271
471,0.2245762711864407
492,0.35496957403651114
414,0.44819277108433736
500,0.25748502994011974
489,0.5163265306122449
499,0.342
499,0.298
497,0.39959839357429716
490,0.3971486761710794
500,0.5189620758483033
479,0.48125
471,0.4724576271186441
500,0.2874251497005988
390,0.5217391304347826
499,0.564
490,0.26883910386965376
497,0.41365461847389556
482,0.32091097308488614
484,0.05979381443298969
483,0.2768595041322314
360,0.37119113573407203
500,0.3652694610778443
351,0.5255681818181818
492,0.2880324543610548
444,0.2943820224719101
490,0.35030549898167007
364,0.4712328767123288
500,0.5848303393213573
453,0.6211453744493393
500,0.3213572854291417
499,0.298
500,0.25149700598802394
500,0.2694610778443114
500,0.29740518962075846
500,0.2894211576846307
346,0.3170028818443804
500,0.3033932135728543
497,0.3333333333333333
500,0.4590818363273453
500,0.18163672654690619
500,0.21157684630738524
495,0.7923387096774194
87,0.0
500,0.4630738522954092
500,0.2435129740518962
500,0.5508982035928144
500,0.5129740518962076
485,0.31069958847736623
500,0.6706586826347305
320,0.3177570093457944
499,0.236
481,0.5643153526970954
495,0.47580645161290325
500,0.5329341317365269
421,0.26540284360189575
487,0.4077868852459016
310,0.4405144694533762
489,0.6285714285714286
497,0.38755020080321284
281,0.010638297872340425
500,0.5788423153692615
490,0.219959266802444
494,0.1494949494949495
495,0.6229838709677419
471,0.4449152542372881
337,0.2869822485207101
40,1.0
498,0.4288577154308617
500,0.780439121756487
500,0.24750499001996007
498,0.5050100200400801
483,0.9194214876033058
273,0.40145985401459855
426,0.3325526932084309
500,0.22355289421157684
296,0.30303030303030304
499,0.65
352,0.5042492917847026
500,0.4231536926147705
500,0.45708582834331335
116,1.0
500,0.4311377245508982
493,0.21862348178137653
471,0.3855932203389831
500,0.4111776447105788
255,0.18359375
341,0.8713450292397661
500,0.3872255489021956
109,0.7090909090909091
397,0.4899497487437186
484,0.29896907216494845
270,0.07380073800738007
158,0.0
465,0.3197424892703863
391,0.38010204081632654
458,0.10893246187363835
136,1.0
500,0.3712574850299401
500,0.5708582834331337
500,0.4411177644710579
191,1.0
448,0.04899777282850779
27,0.03571428571428571
410,0.39416058394160586
499,0.342
361,0.5331491712707183
108,0.0
489,0.40816326530612246
498,0.2845691382765531
500,0.6147704590818364
497,0.321285140562249
500,0.43313373253493015
98,1.0
500,0.33532934131736525
500,0.38323353293413176
500,0.31736526946107785
113,1.0
500,0.5349301397205589
276,0.296028880866426
498,0.3687374749498998
488,0.8588957055214724
466,0.3019271948608137
235,0.4745762711864407
500,0.2774451097804391
436,0.505720823798627
500,0.3532934131736527
500,0.28542914171656686
446,0.4608501118568233
500,0.6187624750499002
478,0.3987473903966597
490,0.3340122199592668
500,0.5968063872255489
415,0.5
500,0.47904191616766467
500,0.42115768463073855
344,0.41739130434782606
266,0.5393258426966292
483,0.3512396694214876
500,0.5548902195608783
494,0.5191919191919192
500,0.5968063872255489
440,0.4467120181405896
500,0.5708582834331337
330,0.8640483383685801
101,1.0
365,0.07377049180327869
292,0.27303754266211605
500,0.5508982035928144
457,0.45633187772925765
443,0.7094594594594594
486,1.0
500,1.0
500,0.24151696606786427
500,0.46107784431137727
431,0.5347222222222222
492,0.2697768762677485
473,0.41350210970464135
500,0.34930139720558884
499,0.154
500,0.00998003992015968
500,0.5469061876247505
500,0.5409181636726547
491,0.2784552845528455
500,0.2954091816367265
500,0.22554890219560877
486,0.4784394250513347
496,0.2857142857142857
500,0.36726546906187624
500,0.36127744510978044
443,0.49774774774774777
497,0.5823293172690763
489,0.3
450,0.17516629711751663
500,0.7125748502994012
500,0.9700598802395209
481,0.2946058091286307
500,0.405189620758483
500,0.5948103792415169
494,0.5656565656565656
302,0.29042904290429045
492,0.6146044624746451
500,0.4471057884231537
76,0.0
496,0.3983903420523139
493,0.5506072874493927
500,0.18762475049900199
500,0.5029940119760479
500,0.3872255489021956
500,0.41916167664670656
224,0.06666666666666667
256,0.2801556420233463
438,0.4328018223234624
380,0.41732283464566927
480,0.4656964656964657
481,0.5622406639004149
323,0.25308641975308643
199,0.09
500,0.4550898203592814
204,0.0
278,0.4946236559139785
469,0.6851063829787234
500,0.2654690618762475
500,0.48303393213572854
113,1.0
500,0.4251497005988024
208,0.06220095693779904
492,0.4158215010141988
500,0.25748502994011974
498,0.501002004008016
118,0.0
500,0.5269461077844312
426,0.4964871194379391
500,0.31137724550898205
498,0.501002004008016
499,0.524
500,0.35728542914171657
120,1.0
451,0.3584070796460177
475,0.5063025210084033
500,0.4291417165668663
289,0.6103448275862069
497,0.5843373493975904
241,0.45041322314049587
484,0.41030927835051545
349,0.38857142857142857
456,0.5295404814004376
269,1.0
477,0.6569037656903766
496,0.24346076458752516
500,0.3852295409181637
329,0.48787878787878786
500,0.05189620758483034
336,0.0771513353115727
499,0.276
499,0.456
499,0.448
500,0.4351297405189621
408,0.43765281173594134
500,0.5169660678642715
500,0.29141716566866266
430,0.37354988399071926
500,0.39520958083832336
500,0.22954091816367264
489,0.2612244897959184
115,1.0
404,0.07654320987654321
297,0.1040268456375839
500,0.2634730538922156
458,0.5359477124183006
500,0.6127744510978044
334,0.9253731343283582
301,0.4735099337748344
500,0.6487025948103793
498,0.6092184368737475
500,0.7245508982035929
500,0.3193612774451098
364,0.36712328767123287
468,0.4690831556503198
500,0.24550898203592814
500,0.2634730538922156
411,0.4344660194174757
496,0.3380281690140845
313,0.37579617834394907
500,0.47904191616766467
500,0.3912175648702595
500,0.14171656686626746
500,0.35129740518962077
500,0.5069860279441117
323,0.3611111111111111
456,0.5404814004376368
492,0.6774847870182555
390,0.8542199488491049
366,0.4087193460490463
500,0.2634730538922156
500,0.7524950099800399
500,0.405189620758483
302,0.6567656765676567
466,0.3576017130620985
500,0.42714570858283435
432,0.18706697459584296
488,0.7995910020449898
500,0.41916167664670656
208,0.03349282296650718
177,0.0
500,0.25149700598802394
500,0.25948103792415167
496,0.49899396378269617
500,0.2834331337325349
500,0.6626746506986028
344,0.23478260869565218
268,0.30111524163568776
500,0.562874251497006
376,0.5543766578249337
500,0.592814371257485
494,0.5838383838383838
500,0.2834331337325349
500,0.5169660678642715
113,0.956140350877193
500,0.2315369261477046
282,0.5724381625441696
497,0.41967871485943775
500,0.6746506986027944
459,0.45869565217391306
500,0.1996007984031936
457,0.34279475982532753
474,0.6505263157894737
404,0.8740740740740741
500,0.27944111776447106
487,0.5102459016393442
341,0.06432748538011696
475,0.3760504201680672
310,0.5755627009646302
446,0.5950782997762863
500,0.6047904191616766
496,0.2655935613682093
500,0.6367265469061876
345,0.9855491329479769
500,0.25748502994011974
476,0.3689727463312369
500,0.46107784431137727
500,0.499001996007984
426,0.3840749414519906
500,0.6427145708582834
500,0.5508982035928144
500,0.2435129740518962
463,0.33836206896551724
500,0.2634730538922156
500,0.626746506986028
434,0.5287356321839081
495,0.3064516129032258
490,0.2892057026476578
358,0.3955431754874652
495,0.3629032258064516
413,0.37922705314009664
318,0.49216300940438873
500,0.5708582834331337
471,0.3050847457627119
282,0.12014134275618374
186,0.6737967914438503
81,0.25609756097560976
485,0.5020576131687243
500,0.22954091816367264
500,0.27944111776447106
483,0.5661157024793388
388,0.7043701799485861
470,0.5987261146496815
500,0.2774451097804391
500,0.562874251497006
447,0.24776785714285715
481,0.5601659751037344
397,0.6231155778894473
453,0.6475770925110133
417,0.43779904306220097
500,0.5189620758483033
465,0.5407725321888412
382,0.6579634464751958
491,0.6605691056910569
500,0.21956087824351297
500,0.34930139720558884
391,0.4719387755102041
500,0.39520958083832336
500,0.5768463073852296
493,0.5161943319838057
425,0.5093896713615024
370,0.4366576819407008
397,0.2537688442211055
487,0.36065573770491804
347,0.5057471264367817
499,0.408
495,0.2540322580645161
116,1.0
500,0.5728542914171657
500,0.3912175648702595
489,0.3081632653061224
500,0.32934131736526945
450,0.2638580931263858
500,0.6586826347305389
500,0.28542914171656686
498,0.501002004008016
495,0.5
489,0.5755102040816327
469,0.5595744680851064
377,0.2777777777777778
324,0.4246153846153846
500,0.7944111776447106
490,0.714867617107943
442,0.2618510158013544
490,0.2953156822810591
306,0.495114006514658
482,0.6356107660455487
499,0.22
227,0.11403508771929824
489,0.39387755102040817
407,0.4730392156862745
324,0.12923076923076923
248,0.1686746987951807
485,0.2037037037037037
500,0.4750499001996008
500,0.42714570858283435
341,0.6929824561403509
277,0.6690647482014388
500,0.3652694610778443
494,0.296969696969697
495,0.6270161290322581
215,0.08796296296296297
498,0.3787575150300601
131,0.0
500,0.22954091816367264
479,0.32083333333333336
473,0.4810126582278481
500,0.2055888223552894
471,0.2033898305084746
494,0.6545454545454545
500,0.8323353293413174
443,0.527027027027027
500,0.17165668662674652
484,0.2639175257731959
374,0.424
381,0.2774869109947644
500,0.47704590818363274
489,0.2979591836734694
59,1.0
51,0.17307692307692307
485,0.39094650205761317
498,0.8396793587174348
500,0.2934131736526946
119,0.7333333333333333
500,0.3393213572854291
152,0.12418300653594772
500,0.25349301397205587
500,0.3013972055888224
500,0.45708582834331335
500,0.6487025948103793
497,0.39759036144578314
477,0.6569037656903766
499,0.79
496,0.31388329979879276
451,0.2610619469026549
500,0.5489021956087824
500,0.3852295409181637
500,0.2894211576846307
485,0.5946502057613169
385,0.7487046632124352
468,0.32409381663113007
496,0.12877263581488935
474,0.6273684210526316
430,0.39675174013921116
355,0.4803370786516854
500,0.3592814371257485
500,0.26746506986027946
189,0.0
490,0.5213849287169042
350,0.7293447293447294
487,0.5819672131147541
500,0.3033932135728543
482,0.3498964803312629
157,1.0
500,0.5808383233532934
499,0.476
500,0.6027944111776448
500,0.5369261477045908
500,0.281437125748503
264,0.2679245283018868
500,0.49500998003992014
493,0.4291497975708502
491,0.26422764227642276
487,0.4733606557377049
153,0.05844155844155844
500,0.6447105788423154
499,0.918
500,0.9181636726546906
477,0.6757322175732218
360,0.8947368421052632
500,0.4111776447105788
441,0.3574660633484163
500,0.37524950099800397
500,0.6926147704590818
498,0.18837675350701402
493,0.39068825910931176
487,0.5799180327868853
465,0.40987124463519314
500,0.5029940119760479
496,0.5050301810865191
474,0.5326315789473685
494,0.6242424242424243
484,0.5587628865979382
500,0.37325349301397204
474,0.25894736842105265
500,0.6646706586826348
498,0.44488977955911824
185,0.8494623655913979
116,0.0
500,0.5069860279441117
465,0.5643776824034334
488,0.24130879345603273
407,0.3480392156862745
485,0.2880658436213992
500,0.5848303393213573
126,1.0
479,0.47708333333333336
500,0.5508982035928144
457,0.5
287,0.7951388888888888
245,0.18292682926829268
500,0.44510978043912175
286,0.6027874564459931
452,0.3620309050772627
377,0.43386243386243384
500,0.46107784431137727
500,0.5528942115768463
500,0.33532934131736525
500,0.5329341317365269
500,0.6506986027944112
108,1.0
500,0.5728542914171657
339,0.8441176470588235
468,0.5714285714285714
368,0.7262872628726287
445,0.4820627802690583
372,0.3780160857908847
500,0.2215568862275449
496,0.4909456740442656
465,0.3218884120171674
490,0.2708757637474542
500,0.281437125748503
497,0.41767068273092367
478,0.534446764091858
488,0.6114519427402862
461,0.4696969696969697
404,0.43209876543209874
500,0.3013972055888224
402,0.04218362282878412
490,0.6334012219959266
446,0.6935123042505593
500,0.9121756487025948
469,0.9063829787234042
492,0.23123732251521298
500,0.6646706586826348
500,0.6427145708582834
500,0.6746506986027944
500,0.45708582834331335
429,0.5
500,0.5349301397205589
428,0.6876456876456877
383,0.0546875
117,1.0
500,0.6526946107784432
478,0.17536534446764093
262,0.2661596958174905
138,0.0
500,0.6487025948103793
266,0.06741573033707865
347,0.7701149425287356
465,0.3240343347639485
433,0.3433179723502304
498,0.5290581162324649
477,0.2175732217573222
500,0.3712574850299401
384,0.37402597402597404
498,0.18236472945891782
480,0.37422037422037424
500,0.4590818363273453
492,0.30425963488843816
313,0.40445859872611467
497,0.608433734939759
500,0.6606786427145709
488,0.3047034764826176
455,0.31140350877192985
499,0.502
499,0.422
500,0.2554890219560878
483,0.4256198347107438
94,1.0
490,0.5784114052953157
440,0.30385487528344673
423,0.41273584905660377
462,0.6544276457883369
381,0.6701570680628273
442,0.11963882618510158
491,0.4634146341463415
500,0.4111776447105788
464,0.4645161290322581
424,0.4988235294117647
348,0.6074498567335244
500,0.4870259481037924
500,0.14171656686626746
495,0.4334677419354839
448,0.6102449888641426
499,0.54
500,0.22954091816367264
482,0.7080745341614907
458,0.39433551198257083
500,0.5688622754491018
447,0.7366071428571429
66,0.0
500,0.3333333333333333
490,0.48065173116089616
390,0.6035805626598465
498,0.6152304609218436
500,0.4031936127744511
496,0.5895372233400402
371,0.6424731182795699
204,0.06341463414634146
384,0.9584415584415584
483,0.53099173553719
500,0.5249500998003992
490,0.5763747454175153
485,0.5679012345679012
500,0.20159680638722555
464,0.6129032258064516
473,0.4177215189873418
359,0.5722222222222222
77,0.0
439,0.16363636363636364
466,0.5182012847965739
296,0.26936026936026936
500,0.8423153692614771
475,0.4894957983193277
500,0.6427145708582834
271,1.0
488,0.4110429447852761
500,0.34331337325349304
488,0.4458077709611452
279,0.6285714285714286
499,0.502
197,0.0
500,0.562874251497006
500,0.5449101796407185
430,0.9698375870069605
439,0.5181818181818182
459,0.7043478260869566
493,0.6052631578947368
433,0.6889400921658986
500,0.9281437125748503
500,0.22355289421157684
499,0.292
388,0.4730077120822622
500,0.656686626746507
483,0.15082644628099173
279,0.33214285714285713
500,0.4231536926147705
500,0.6327345309381237
500,0.47305389221556887
467,0.43162393162393164
322,0.6253869969040248
500,0.6367265469061876
110,1.0
500,0.38922155688622756
493,0.354251012145749
486,0.4722792607802875
403,0.3564356435643564
447,0.16741071428571427
374,0.17333333333333334
288,0.22491349480968859
500,0.4311377245508982
487,0.5717213114754098
478,0.4363256784968685
439,0.55
473,0.42616033755274263
497,0.536144578313253
500,0.3592814371257485
500,0.48502994011976047
498,0.627254509018036
497,0.5441767068273092
474,0.3831578947368421
50,0.0
500,0.6427145708582834
500,0.49700598802395207
499,0.438
486,0.351129363449692
500,0.5369261477045908
425,0.035211267605633804
483,0.32644628099173556
360,0.4376731301939058
488,0.2903885480572597
500,0.5409181636726547
461,0.20346320346320346
493,0.23684210526315788
339,0.2911764705882353
496,0.48490945674044267
500,0.249500998003992
500,0.5489021956087824
500,0.5968063872255489
480,0.6528066528066528
489,0.2816326530612245
341,0.40350877192982454
500,0.2654690618762475
368,0.6531165311653117
292,0.5358361774744027
500,0.36327345309381237
399,0.465
494,0.7636363636363637
353,0.6694915254237288
496,0.5915492957746479
499,0.278
488,0.5071574642126789
467,0.5235042735042735
209,1.0
492,0.23935091277890466
263,0.2916666666666667
462,0.550755939524838
500,0.6127744510978044
464,0.5827956989247312
500,0.4291417165668663
494,0.4868686868686869
397,0.18592964824120603
500,0.38323353293413176
495,0.5383064516129032
500,0.25349301397205587
458,0.7429193899782135
203,0.0
500,0.15568862275449102
345,0.2254335260115607
480,0.7713097713097713
451,0.6526548672566371
500,0.5768463073852296
483,0.5867768595041323
498,0.8496993987975952
172,0.45664739884393063
276,0.33574007220216606
461,0.4805194805194805
143,1.0
500,0.6666666666666666
239,0.6208333333333333
500,0.469061876247505
500,0.5568862275449101
499,0.34
302,0.6600660066006601
240,0.17427385892116182
500,0.14171656686626746
500,0.7085828343313373
500,0.3812375249500998
500,0.2934131736526946
387,0.44072164948453607
217,0.3256880733944954
500,0.4930139720558882
491,0.3150406504065041
481,0.15975103734439833
491,0.31097560975609756
500,0.4311377245508982
497,0.3634538152610442
199,0.26
500,0.624750499001996
500,0.5049900199600799
263,0.0946969696969697
489,0.37551020408163266
500,0.5768463073852296
500,0.33532934131736525
314,0.3682539682539683
490,0.3625254582484725
377,0.4497354497354497
500,0.37524950099800397
246,0.3157894736842105
489,0.5081632653061224
484,0.44742268041237115
396,0.5894206549118388
500,0.5409181636726547
484,0.2865979381443299
500,0.405189620758483
493,0.3643724696356275
482,0.5527950310559007
267,0.996268656716418
500,0.36926147704590817
500,0.37924151696606784
498,0.39478957915831664
71,0.5972222222222222
490,0.4093686354378819
494,0.4666666666666667
471,0.4724576271186441
500,0.25149700598802394
496,0.13078470824949698
500,0.6227544910179641
470,0.19957537154989385
411,0.529126213592233
500,0.4251497005988024
481,0.5933609958506224
478,0.23173277661795408
265,0.06390977443609022
500,0.29141716566866266
500,0.4750499001996008
472,0.47357293868921774
491,0.7804878048780488
500,0.7844311377245509
499,0.502
472,0.7230443974630021
500,0.5848303393213573
425,0.3427230046948357
82,0.927710843373494
500,0.4251497005988024
500,0.3852295409181637
475,0.5714285714285714
350,0.4131054131054131
249,0.58
500,0.8602794411177644
499,0.332
500,0.5788423153692615
500,0.40119760479041916
500,0.500998003992016
227,1.0
494,0.49696969696969695
500,0.4111776447105788
500,0.4231536926147705
493,0.5931174089068826
483,0.30165289256198347
500,0.5049900199600799
265,0.06390977443609022
143,0.08333333333333333
494,0.49696969696969695
448,0.47216035634743875
430,0.7238979118329466
500,0.7984031936127745
500,0.5389221556886228
244,0.9387755102040817
71,0.7916666666666666
473,0.729957805907173
363,0.7115384615384616
500,0.5968063872255489
496,0.4507042253521127
500,0.5528942115768463
310,0.28938906752411575
500,0.5508982035928144
500,0.5788423153692615
260,1.0
478,0.7035490605427975
498,0.7875751503006012
500,0.3992015968063872
387,0.5154639175257731
500,0.4031936127744511
344,0.6231884057971014
500,0.48303393213572854
500,0.34930139720558884
500,0.3073852295409182
326,0.46788990825688076
500,0.469061876247505
492,0.7241379310344828
455,0.5175438596491229
312,0.8338658146964856
500,0.5608782435129741
500,0.6127744510978044
438,0.5990888382687927
500,0.5269461077844312
173,0.39655172413793105
499,0.576
260,0.28735632183908044
498,0.5110220440881763
125,1.0
394,0.17721518987341772
303,0.22039473684210525
500,0.5528942115768463
112,0.9026548672566371
448,0.0
307,0.0
500,0.5269461077844312
500,0.6227544910179641
192,1.0
499,0.374
484,0.465979381443299
356,0.6330532212885154
271,0.8125
420,0.15914489311163896
456,0.4551422319474836
149,0.52
500,0.19560878243512975
334,0.1373134328358209
500,0.36926147704590817
500,0.1317365269461078
499,0.426
270,0.6642066420664207
451,0.4557522123893805
136,0.7153284671532847
427,0.4088785046728972
500,0.41317365269461076
115,1.0
484,0.37731958762886597
241,0.5454545454545454
500,0.23952095808383234
468,0.302771855010661
484,0.5422680412371134
353,0.7429378531073446
455,0.14912280701754385
342,0.19825072886297376
170,0.26900584795321636
491,0.5792682926829268
500,0.30538922155688625
269,0.07777777777777778
324,0.38153846153846155
498,0.5090180360721442
481,0.4460580912863071
500,0.5988023952095808
93,0.0
500,0.5049900199600799
339,0.43529411764705883
500,0.3013972055888224
499,0.62
300,0.8770764119601329
500,0.5848303393213573
500,0.5149700598802395
500,0.5489021956087824
124,1.0
500,0.37524950099800397
176,0.0
332,0.5345345345345346
407,0.2867647058823529
110,1.0
500,0.3872255489021956
446,0.3870246085011186
360,0.4792243767313019
253,0.2283464566929134
143,0.4027777777777778
176,0.0
497,0.22088353413654618
181,0.0
370,0.3423180592991914
492,0.4077079107505071
480,0.5072765072765073
178,0.20670391061452514
500,0.45708582834331335
500,0.3852295409181637
500,0.34530938123752497
309,0.5290322580645161
321,0.062111801242236024
500,0.2694610778443114
494,0.48484848484848486
361,0.39502762430939226
222,0.23318385650224216
173,0.0
493,0.5668016194331984
500,0.34930139720558884
74,1.0
190,0.13089005235602094
500,0.654690618762475
466,0.42184154175588867
403,0.4504950495049505
500,0.46107784431137727
500,0.45708582834331335
500,0.5888223552894212
495,0.3528225806451613
500,0.3972055888223553
500,0.18962075848303392
410,0.23357664233576642
213,0.411214953271028
395,0.3712121212121212
500,0.5209580838323353
499,0.262
422,0.30969267139479906
498,0.24849699398797595
349,0.5028571428571429
498,0.21442885771543085
403,0.21534653465346534
459,0.23695652173913043
500,0.562874251497006
500,0.6646706586826348
332,0.37537537537537535
500,0.5029940119760479
472,0.5433403805496829
500,0.41916167664670656
500,0.6926147704590818
423,0.5495283018867925
500,0.5868263473053892
500,0.5149700598802395
499,0.416
352,0.6968838526912181
500,0.3872255489021956
348,0.5587392550143266
277,0.4712230215827338
500,0.5708582834331337
473,0.4282700421940928
494,0.5070707070707071
500,0.40718562874251496
228,0.09170305676855896
499,0.526
90,1.0
500,0.4550898203592814
500,0.5608782435129741
477,0.32426778242677823
500,0.1936127744510978
500,0.2894211576846307
495,0.45161290322580644
500,0.2894211576846307
166,0.3532934131736527
497,0.3493975903614458
479,0.4625
495,0.4899193548387097
493,0.32793522267206476
500,0.4031936127744511
426,0.22482435597189696
492,0.5618661257606491
479,0.3958333333333333
469,0.5808510638297872
500,0.4231536926147705
406,0.32923832923832924
499,0.496
489,0.32040816326530613
350,0.4472934472934473
430,0.642691415313225
500,0.34530938123752497
500,0.5948103792415169
402,0.24317617866004962
131,0.0
500,0.5189620758483033
333,0.3323353293413174
476,0.49266247379454925
477,0.4790794979079498
283,0.2323943661971831
460,0.368763557483731
500,0.36327345309381237
274,0.09454545454545454
268,0.7472118959107806
500,0.37325349301397204
318,0.3605015673981191
499,0.666
500,0.23353293413173654
491,0.2784552845528455
495,0.5443548387096774
500,0.22954091816367264
498,0.1743486973947896
500,0.43912175648702595
244,0.6408163265306123
500,0.3333333333333333
494,0.4484848484848485
349,0.35428571428571426
500,0.38922155688622756
350,0.7407407407407407
482,0.35196687370600416
500,0.25948103792415167
449,0.5222222222222223
500,0.4471057884231537
500,0.27944111776447106
293,0.14965986394557823
37,0.0
496,0.6297786720321932
277,0.38489208633093525
481,0.3506224066390041
500,0.5568862275449101
438,0.1867881548974943
461,0.7619047619047619
288,0.6193771626297578
379,0.27631578947368424
500,0.36926147704590817
468,0.4051172707889126
312,0.8849840255591054
500,0.35129740518962077
348,0.664756446991404
268,0.5947955390334573
476,0.7379454926624738
500,0.8842315369261478
499,0.53
484,0.3525773195876289
198,0.09547738693467336
494,0.604040404040404
392,0.5012722646310432
500,0.5508982035928144
471,0.336864406779661
345,0.4595375722543353
489,0.3
500,0.27944111776447106
167,0.09523809523809523
500,0.4031936127744511
500,0.6187624750499002
483,0.38636363636363635
499,0.184
482,0.5714285714285714
500,0.5608782435129741
364,1.0
149,1.0
473,0.43037974683544306
396,0.4105793450881612
162,1.0
498,0.2565130260521042
499,0.228
477,0.401673640167364
440,0.49206349206349204
449,0.37777777777777777
490,0.5315682281059063
342,0.760932944606414
476,0.6331236897274634
500,0.5069860279441117
500,0.2215568862275449
500,0.3972055888223553
346,0.08645533141210375
500,0.6726546906187625
500,0.40718562874251496
500,0.3393213572854291
357,0.4748603351955307
322,0.23529411764705882
499,0.486
373,0.08823529411764706
455,0.46710526315789475
494,0.3212121212121212
500,0.5469061876247505
385,0.7072538860103627
468,0.4690831556503198
392,0.3333333333333333
500,0.6067864271457086
78,0.5443037974683544
500,0.6686626746506986
500,0.4091816367265469
499,0.452
500,0.45708582834331335
288,0.09688581314878893
500,0.3093812375249501
500,0.6586826347305389
499,0.544
500,0.5808383233532934
250,1.0
498,0.5450901803607214
500,0.25149700598802394
491,0.693089430894309
393,0.7233502538071066
425,0.011737089201877934
471,0.3580508474576271
399,0.4225
500,0.4431137724550898
500,0.6427145708582834
397,0.821608040201005
478,0.44467640918580376
500,0.5229540918163673
223,0.375
500,0.5409181636726547
489,0.42448979591836733
440,0.5827664399092971
500,0.530938123752495
500,0.49700598802395207
500,0.3772455089820359
463,0.6077586206896551
141,0.0
277,0.26618705035971224
485,0.23868312757201646
500,0.47305389221556887
487,0.32786885245901637
500,0.6666666666666666
204,0.024390243902439025
372,0.3324396782841823
500,0.10778443113772455
469,0.3170212765957447
500,0.6906187624750499
456,0.5448577680525164
500,0.7125748502994012
416,0.43884892086330934
341,0.38596491228070173
250,0.5258964143426295
500,0.8602794411177644
463,0.8879310344827587
500,0.8962075848303394
475,0.38445378151260506
340,0.5366568914956011
483,0.3347107438016529
496,0.5955734406438632
498,0.1903807615230461
183,0.13043478260869565
500,0.2994011976047904
500,0.26746506986027946
471,0.2860169491525424
470,0.4713375796178344
499,0.556
500,0.47904191616766467
500,0.3532934131736527
500,0.47904191616766467
500,0.7245508982035929
500,0.9401197604790419
500,0.23353293413173654
500,0.469061876247505
498,0.29458917835671344
500,0.3153692614770459
500,0.5568862275449101
269,0.17407407407407408
192,0.24352331606217617
487,0.4036885245901639
500,0.31736526946107785
497,0.751004016064257
499,1.0
459,1.0
342,0.4489795918367347
483,0.6549586776859504
499,0.228
500,0.5249500998003992
500,0.6227544910179641
182,0.0
500,0.2215568862275449
320,0.46105919003115264
494,0.6
500,0.5768463073852296
482,0.42028985507246375
277,0.7302158273381295
488,0.3128834355828221
344,0.4434782608695652
111,0.0
491,0.4065040650406504
500,0.469061876247505
500,0.2694610778443114
500,0.38922155688622756
302,0.10561056105610561
473,0.4873417721518987
500,0.48502994011976047
486,0.39014373716632444
482,0.37060041407867494
172,0.815028901734104
173,0.0
486,0.2546201232032854
500,0.5429141716566867
500,0.405189620758483
280,0.6725978647686833
500,0.5189620758483033
351,0.4119318181818182
251,0.5753968253968254
500,0.6167664670658682
499,0.112
465,0.41630901287553645
391,0.49489795918367346
500,0.39520958083832336
430,0.5174013921113689
494,0.3212121212121212
500,0.40718562874251496
106,0.0
467,0.3974358974358974
493,0.5465587044534413
500,0.5508982035928144
260,0.04597701149425287
262,0.4752851711026616
463,0.5797413793103449
498,0.374749498997996
469,0.031914893617021274
500,0.5688622754491018
241,1.0
500,0.5369261477045908
500,0.5728542914171657
492,0.486815415821501
416,0.5755395683453237
500,0.6427145708582834
500,0.48902195608782434
500,0.5149700598802395
499,0.53
495,0.6270161290322581
347,0.5057471264367817
334,0.7671641791044777
350,0.41025641025641024
500,0.4471057884231537
500,0.3333333333333333
350,0.4444444444444444
500,0.37524950099800397
490,0.5376782077393075
473,0.4641350210970464
360,0.27146814404432135
478,0.5219206680584552
440,0.43537414965986393
411,0.07766990291262135
500,0.5229540918163673
422,0.3475177304964539
500,0.5209580838323353
472,0.28964059196617337
500,0.21756487025948104
314,0.29523809523809524
500,0.3772455089820359
500,0.6526946107784432
500,0.5688622754491018
473,0.7320675105485233
428,0.0
500,0.5548902195608783
500,0.4471057884231537
479,0.30833333333333335
344,0.4289855072463768
128,0.0
500,0.47105788423153694
466,0.3468950749464668
461,0.05411255411255411
377,0.373015873015873
500,0.27944111776447106
390,0.37851662404092073
500,0.3852295409181637
117,1.0
499,0.554
332,0.40540540540540543
500,0.20359281437125748
500,0.3393213572854291
498,1.0
494,0.3414141414141414
266,0.50187265917603
500,0.8942115768463074
368,0.8753387533875339
452,0.26269315673289184
322,0.16718266253869968
479,0.5458333333333333
457,0.6724890829694323
500,0.41317365269461076
500,0.47105788423153694
500,0.7744510978043913
473,0.22784810126582278
500,0.36926147704590817
500,0.6287425149700598
500,0.5568862275449101
178,0.0
500,0.2694610778443114
119,0.0
499,0.492
500,0.4151696606786427
500,0.6367265469061876
500,0.562874251497006
498,0.4148296593186373
419,0.8095238095238095
399,1.0
483,0.4855371900826446
483,0.32644628099173556
448,0.5679287305122495
242,0.3045267489711934
474,0.2926315789473684
352,0.3937677053824363
500,0.41317365269461076
500,0.5968063872255489
500,0.40119760479041916
500,0.28542914171656686
500,0.249500998003992
109,0.00909090909090909
500,0.5369261477045908
500,0.6467065868263473
428,0.5874125874125874
500,0.38323353293413176
500,0.5968063872255489
500,0.5608782435129741
81,0.0
34,0.0
147,0.0
481,0.6224066390041494
161,0.0
28,0.0
37,0.0
481,0.6037344398340249
21,0.0
310,0.19935691318327975
159,0.3875
22,0.0
498,0.5671342685370742
500,0.41916167664670656
500,0.5469061876247505
490,0.4439918533604888
464,0.4860215053763441
500,0.3093812375249501
500,0.5608782435129741
189,1.0
500,0.6666666666666666
495,0.4173387096774194
404,0.3851851851851852
500,0.4590818363273453
346,0.3573487031700288
500,0.564870259481038
271,0.9007352941176471
500,0.5349301397205589
293,0.027210884353741496
500,0.5369261477045908
12,0.0
500,0.3313373253493014
500,0.5968063872255489
500,0.38323353293413176
498,0.6092184368737475
500,0.5868263473053892
500,0.6946107784431138
489,0.41020408163265304
296,0.6262626262626263
500,0.3193612774451098
500,0.5269461077844312
500,0.36926147704590817
500,0.3333333333333333
500,0.3992015968063872
500,0.7504990019960079
470,0.2802547770700637
466,0.48394004282655245
500,0.5888223552894212
500,0.5329341317365269
500,0.41916167664670656
500,0.36327345309381237
465,0.40772532188841204
224,0.2
493,0.4493927125506073
500,0.405189620758483
472,0.004228329809725159
494,0.38585858585858585
500,0.469061876247505
477,0.3054393305439331
345,0.42196531791907516
490,0.3564154786150713
397,0.4748743718592965
499,0.716
352,0.18696883852691218
491,0.2886178861788618
399,0.355
500,0.6047904191616766
500,0.5089820359281437
493,0.3299595141700405
371,0.4381720430107527
445,0.2556053811659193
460,0.5206073752711496
485,0.42592592592592593
328,0.2857142857142857
490,0.2505091649694501
500,0.5329341317365269
480,0.5696465696465697
500,0.5848303393213573
137,0.0
391,0.11734693877551021
217,0.0
500,0.5189620758483033
500,0.3473053892215569
159,0.0
220,0.42081447963800905
422,0.5390070921985816
83,0.0
459,0.44782608695652176
407,0.22058823529411764
486,0.28542094455852157
441,0.2986425339366516
397,0.5276381909547738
498,0.56312625250501
269,0.7777777777777778
500,0.5269461077844312
498,0.40681362725450904
281,0.8014184397163121
363,0.11263736263736264
500,0.39520958083832336
500,0.4311377245508982
500,0.6207584830339321
472,0.36363636363636365
479,0.5354166666666667
492,0.8012170385395537
495,0.8024193548387096
417,0.2822966507177033
500,0.23952095808383234
368,0.2005420054200542
500,0.2894211576846307
500,0.26147704590818366
500,0.5449101796407185
500,0.5249500998003992
470,0.3524416135881104
486,0.32238193018480493
277,0.3237410071942446
500,0.7025948103792415
500,0.4590818363273453
18,0.0
500,0.15169660678642716
495,0.5120967741935484
403,1.0
500,0.6227544910179641
473,0.5822784810126582
418,0.6085918854415274
297,0.2651006711409396
500,0.39520958083832336
500,0.5169660678642715
476,0.24737945492662475
270,0.4317343173431734
92,0.0
76,0.0
500,0.3313373253493014
492,0.5862068965517241
480,0.36382536382536385
261,0.04961832061068702
500,0.38323353293413176
500,0.4590818363273453
500,0.16367265469061876
500,0.34930139720558884
65,0.0
500,0.6187624750499002
488,0.4437627811860941
466,0.3618843683083512
26,0.0
500,0.2934131736526946
495,0.25201612903225806
500,0.15568862275449102
500,0.4311377245508982
489,0.563265306122449
435,0.5825688073394495
500,0.3592814371257485
302,0.6270627062706271
485,0.5411522633744856
320,0.23052959501557632
499,0.68
23,0.0
499,0.502
406,0.4987714987714988
500,0.5888223552894212
500,0.313373253493014
498,0.4468937875751503
248,0.0
500,0.4471057884231537
473,0.26371308016877637
17,0.0
499,0.242
475,0.5084033613445378
268,0.8996282527881041
16,0.0
23,0.0
500,0.2894211576846307
487,0.26844262295081966
500,0.6367265469061876
500,0.36127744510978044
500,0.43313373253493015
500,0.05588822355289421
125,0.0
500,0.2375249500998004
500,0.29141716566866266
500,0.4750499001996008
480,0.07276507276507277
82,0.0
36,0.0
499,0.278
221,0.2927927927927928
500,0.36127744510978044
500,0.31137724550898205
451,0.004424778761061947
263,0.007575757575757576
327,0.39939024390243905
460,0.12581344902386118
500,0.1277445109780439
471,0.22033898305084745
500,0.5229540918163673
500,0.38922155688622756
485,0.5576131687242798
295,1.0
197,0.0
385,0.2772020725388601
500,0.2934131736526946
52,0.0
500,0.05788423153692615
475,0.4852941176470588
83,1.0
479,0.2604166666666667
356,0.35014005602240894
152,0.8169934640522876
457,0.35152838427947597
497,0.5763052208835341
22,0.0
500,0.4291417165668663
469,0.3829787234042553
500,0.281437125748503
371,0.1639784946236559
19,0.0
499,0.678
489,0.23061224489795917
481,0.4979253112033195
486,0.30390143737166325
500,0.437125748502994
492,0.2210953346855984
30,0.0
438,0.214123006833713
500,0.3912175648702595
441,0.32805429864253394
500,0.5808383233532934
500,0.19560878243512975
499,0.158
481,0.508298755186722
500,0.6686626746506986
455,0.4232456140350877
151,1.0
480,0.05197505197505198
500,0.31137724550898205
328,0.48936170212765956
93,0.0
270,0.08118081180811808
500,0.3313373253493014
453,0.30837004405286345
499,0.322
256,0.5097276264591439
175,0.0
460,0.3492407809110629
67,0.25
344,0.3217391304347826
499,0.39
420,0.46318289786223277
205,0.558252427184466
500,0.3972055888223553
500,0.23552894211576847
213,0.028037383177570093
106,0.009345794392523364
491,0.23983739837398374
500,0.5548902195608783
404,0.6345679012345679
446,0.1610738255033557
458,0.43137254901960786
500,0.21357285429141717
446,0.31096196868008946
500,0.5768463073852296
500,0.7265469061876247
471,0.059322033898305086
487,0.5573770491803278
13,0.0
298,0.431438127090301
500,0.12974051896207583
463,0.36853448275862066
500,0.2554890219560878
500,0.2714570858283433
500,0.31137724550898205
500,0.49101796407185627
490,0.6741344195519349
467,0.2863247863247863
500,0.2954091816367265
32,0.0
500,0.5069860279441117
351,0.2869318181818182
492,0.6369168356997972
500,0.6367265469061876
500,0.45708582834331335
348,0.3524355300859599
500,0.47305389221556887
484,0.6020618556701031
396,0.7355163727959698
473,0.2805907172995781
500,0.6806387225548902
500,0.7305389221556886
500,0.3253493013972056
465,0.023605150214592276
443,0.22522522522522523
305,0.32679738562091504
500,0.4151696606786427
500,0.25149700598802394
500,0.25149700598802394
320,0.37694704049844235
499,0.29
499,0.194
491,0.22154471544715448
277,0.3489208633093525
498,0.5090180360721442
500,0.281437125748503
474,0.40210526315789474
487,0.555327868852459
216,0.03686635944700461
451,0.22787610619469026
481,0.47717842323651455
500,0.36127744510978044
487,0.5245901639344263
464,0.42795698924731185
500,0.4111776447105788
500,0.7325349301397206
500,0.6167664670658682
272,0.8315018315018315
42,0.0
500,0.437125748502994
428,0.32634032634032634
302,0.30033003300330036
499,0.3
425,0.15492957746478872
427,0.3037383177570093
500,0.5768463073852296
482,0.31262939958592134
475,0.30462184873949577
500,0.592814371257485
382,0.7859007832898173
500,0.48303393213572854
500,0.40718562874251496
265,0.0
190,0.0
500,0.26746506986027946
499,0.29
498,0.7074148296593187
336,0.5459940652818991
493,0.6052631578947368
500,0.5469061876247505
500,0.31736526946107785
500,0.405189620758483
363,0.2087912087912088
386,0.3953488372093023
47,0.0
500,0.7065868263473054
208,0.0
500,0.3473053892215569
360,0.4930747922437673
500,0.48303393213572854
293,0.15306122448979592
500,0.7305389221556886
20,0.0
500,0.13972055888223553
59,0.0
466,0.4132762312633833
94,0.0
500,0.3013972055888224
96,0.0
135,0.0
499,0.408
499,0.576
492,0.4340770791075051
18,0.0
360,0.42105263157894735
254,0.023529411764705882
405,0.47044334975369456
24,0.0
477,0.03347280334728033
281,0.11702127659574468
474,0.4863157894736842
431,0.16898148148148148
208,0.0
500,0.5369261477045908
156,0.0
138,0.0
500,0.5249500998003992
35,0.19444444444444445
46,0.0
21,0.0
407,0.19117647058823528
493,0.5161943319838057
199,0.0
187,0.0
499,0.084
500,0.6806387225548902
500,0.7425149700598802
49,0.0
475,0.6533613445378151
500,0.49500998003992014
402,0.2506203473945409
471,0.4025423728813559
500,0.5508982035928144
452,0.6070640176600441
222,0.05829596412556054
37,0.0
500,0.5329341317365269
37,0.0
500,0.4870259481037924
21,0.0
500,0.6606786427145709
499,0.652
500,0.7784431137724551
500,0.2634730538922156
236,0.31223628691983124
92,0.0
53,0.0
17,0.0
453,0.5925110132158591
500,0.437125748502994
500,0.21956087824351297
494,0.49292929292929294
228,0.7991266375545851
500,0.4291417165668663
500,0.281437125748503
114,0.0
36,0.0
500,0.7125748502994012
500,0.5748502994011976
102,0.0
24,0.0
500,0.25748502994011974
163,0.0
495,0.38911290322580644
500,0.36327345309381237
110,1.0
485,0.2716049382716049
469,0.451063829787234
475,0.5567226890756303
13,0.0
356,0.38375350140056025
500,0.08383233532934131
497,0.3253012048192771
26,0.0
295,0.4358108108108108
342,0.27988338192419826
254,0.3764705882352941
12,0.0
140,0.0
500,0.3812375249500998
437,0.5319634703196348
34,0.0
500,0.5968063872255489
493,0.19635627530364372
18,0.0
343,0.375
266,0.4232209737827715
496,0.4386317907444668
462,0.49892008639308855
303,0.18092105263157895
500,0.2155688622754491
183,0.0
500,0.6047904191616766
163,0.7865853658536586
205,0.0
500,0.7544910179640718
265,0.5225563909774437
385,0.4274611398963731
289,0.4482758620689655
487,0.3442622950819672
399,0.42
15,0.0
484,0.3237113402061856
499,0.502
173,0.21839080459770116
113,0.0
375,0.5292553191489362
367,0.266304347826087
277,0.35251798561151076
500,0.45109780439121755
189,0.0
498,0.5490981963927856
30,0.0
500,0.4171656686626746
189,0.34210526315789475
69,0.0
419,0.5071428571428571
499,0.284
498,0.655310621242485
24,0.0
500,0.16766467065868262
500,0.5049900199600799
234,0.2680851063829787
202,0.0
278,0.25448028673835127
493,0.24493927125506074
496,0.47283702213279677
391,0.48214285714285715
158,0.0
500,0.39520958083832336
473,0.5485232067510548
500,0.47904191616766467
459,0.5934782608695652
500,0.48303393213572854
21,0.0
327,0.3597560975609756
469,0.5936170212765958
118,0.0
500,0.3992015968063872
18,0.0
500,0.5209580838323353
489,0.6081632653061224
390,0.1918158567774936
292,0.25597269624573377
500,0.6606786427145709
46,0.0
94,0.0
473,0.5168776371308017
387,0.520618556701031
19,0.0
500,0.5149700598802395
500,0.32335329341317365
192,0.0
128,0.0
500,0.29141716566866266
500,0.6187624750499002
454,0.2153846153846154
82,0.0
225,0.0
155,0.0
383,0.17447916666666666
220,0.3031674208144796
466,0.40471092077087795
378,0.49868073878627966
479,0.4875
405,0.2881773399014778
24,0.0
30,0.0
499,0.632
500,0.3033932135728543
473,0.2552742616033755
209,0.0
463,0.603448275862069
15,0.0
495,0.3689516129032258
44,0.0
497,0.40562248995983935
500,0.500998003992016
500,0.3213572854291417
172,0.0
413,0.357487922705314
305,0.43790849673202614
231,0.0
500,0.27944111776447106
479,0.49375
419,0.3261904761904762
227,0.3026315789473684
496,0.3380281690140845
42,0.0
488,0.15132924335378323
500,0.5029940119760479
14,0.0
500,0.6287425149700598
500,0.4431137724550898
492,0.5963488843813387
25,0.0
500,0.43313373253493015
366,0.6158038147138964
500,0.5848303393213573
73,0.0
500,0.4431137724550898
64,0.0
482,0.2360248447204969
24,0.0
500,0.2554890219560878
287,0.3715277777777778
500,0.4870259481037924
20,0.0
500,0.6826347305389222
471,0.8008474576271186
490,0.6272912423625254
500,0.3393213572854291
368,0.43089430894308944
494,0.3656565656565657
408,0.44254278728606355
486,0.5585215605749486
497,0.6485943775100401
384,0.35324675324675325
381,0.45287958115183247
429,0.27906976744186046
62,0.0
43,0.0
500,0.6227544910179641
16,0.0
498,0.46292585170340683
176,1.0
438,0.3234624145785877
500,0.5768463073852296
500,0.3153692614770459
500,0.5169660678642715
404,0.3308641975308642
195,0.0
500,0.21157684630738524
204,0.0
500,0.5508982035928144
370,0.31805929919137466
387,0.6829896907216495
362,0.3443526170798898
482,0.15527950310559005
375,0.31117021276595747
500,0.4291417165668663
149,0.0
496,0.6156941649899397
500,0.8522954091816367
440,0.3968253968253968
290,0.6013745704467354
161,0.8950617283950617
500,0.6187624750499002
415,0.6081730769230769
218,0.0
149,0.0
500,0.14171656686626746
499,0.222
494,0.5131313131313131
74,0.0
321,0.052795031055900624
161,0.0
500,0.5528942115768463
500,0.5229540918163673
341,0.2719298245614035
468,0.47334754797441364
500,0.36127744510978044
204,0.0
20,0.0
497,0.6506024096385542
475,0.4180672268907563
367,0.6820652173913043
22,0.0
435,0.38990825688073394
418,0.3460620525059666
227,0.6359649122807017
24,0.0
25,0.0
500,0.35728542914171657
448,0.34075723830734966
110,0.0
486,0.6262833675564682
161,0.0
496,0.30181086519114686
172,0.791907514450867
500,0.5508982035928144
489,0.5081632653061224
35,0.0
499,0.294
312,0.4792332268370607
487,0.25614754098360654
473,0.4831223628691983
13,0.0
16,0.0
423,0.4221698113207547
481,0.7717842323651453
378,0.9340369393139841
62,0.0
500,0.7684630738522954
33,0.0
500,0.8502994011976048
500,0.3992015968063872
77,1.0
70,0.0
496,0.5211267605633803
15,0.0
500,0.5688622754491018
314,0.9238095238095239
494,0.7313131313131314
467,0.9273504273504274
35,0.0
467,0.38675213675213677
383,0.4713541666666667
500,0.6327345309381237
379,0.0
128,0.0
180,0.06629834254143646
468,0.31556503198294245
106,0.4672897196261682
500,0.18962075848303392
370,0.3018867924528302
115,0.0
500,0.7405189620758483
480,0.7006237006237006
395,0.44696969696969696
459,0.1391304347826087
500,0.49101796407185627
340,0.5542521994134897
12,0.0
116,0.0
66,0.0
500,0.4491017964071856
313,0.5
309,0.1967741935483871
496,0.26156941649899396
384,0.36623376623376624
248,0.36947791164658633
500,0.5349301397205589
79,0.0
477,0.38702928870292885
395,0.4671717171717172
494,0.15555555555555556
500,0.4291417165668663
500,0.3652694610778443
301,0.30132450331125826
33,0.0
53,0.0
489,0.4142857142857143
426,0.36768149882903983
154,0.0
499,0.502
500,0.5808383233532934
14,0.0
500,0.5608782435129741
375,0.22872340425531915
433,0.4792626728110599
500,0.19560878243512975
410,0.5060827250608273
472,0.47357293868921774
500,0.3273453093812375
12,0.0
500,0.5209580838323353
476,0.20125786163522014
108,0.0
500,0.8982035928143712
131,0.022727272727272728
500,0.43313373253493015
389,0.7589743589743589
255,0.4765625
491,0.33739837398373984
486,0.07597535934291581
67,0.0
244,0.37142857142857144
80,0.0
500,0.3992015968063872
377,0.36772486772486773
39,0.0
185,0.0
500,0.7065868263473054
33,0.0
454,0.3010989010989011
485,0.059670781893004114
412,0.07021791767554479
339,0.08529411764705883
303,0.39473684210526316
390,0.1432225063938619
272,0.20512820512820512
150,0.31125827814569534
500,0.5548902195608783
495,0.4959677419354839
103,0.3076923076923077
500,0.4151696606786427
324,0.23384615384615384
500,1.0
437,0.2808219178082192
238,0.0
191,0.026041666666666668
14,0.0
22,0.0
97,0.0
61,0.0
15,0.0
432,0.19168591224018475
13,0.0
492,0.45841784989858014
31,0.0
500,0.34331337325349304
472,0.20718816067653276
426,0.14754098360655737
271,0.23161764705882354
104,0.0
500,0.34331337325349304
498,0.46693386773547096
461,0.6991341991341992
125,0.0
301,0.0
229,0.0
116,0.0
500,0.34530938123752497
430,0.4060324825986079
83,0.8333333333333334
15,0.0
499,0.758
152,0.0
498,0.5771543086172345
84,0.0
384,0.35844155844155845
500,0.3772455089820359
16,0.0
61,0.0
53,0.0
489,0.49183673469387756
157,0.0
500,0.7564870259481038
313,0.4426751592356688
499,0.574
196,0.0
80,0.0
39,0.0
500,0.626746506986028
498,0.42685370741482964
476,0.4779874213836478
500,0.9461077844311377
473,0.5506329113924051
499,0.698
468,0.20042643923240938
312,0.3003194888178914
484,0.38556701030927837
410,0.45498783454987834
274,0.0
498,0.5230460921843687
489,0.26326530612244897
491,0.38414634146341464
59,0.0
424,0.3623529411764706
487,0.4139344262295082
499,0.36
382,0.26370757180156656
17,0.0
348,0.45558739255014324
235,0.0
110,0.0
497,0.6104417670682731
392,0.19592875318066158
500,0.7624750499001997
24,0.0
500,0.3992015968063872
472,0.3699788583509514
500,0.5548902195608783
13,0.0
500,0.4411177644710579
128,1.0
476,0.5345911949685535
172,0.35260115606936415
495,0.26411290322580644
438,0.23462414578587698
500,0.6786427145708582
427,0.6238317757009346
423,0.5330188679245284
500,0.7964071856287425
170,0.7426900584795322
219,0.0
464,0.5161290322580645
281,0.2730496453900709
500,0.6047904191616766
66,0.0
481,0.15145228215767634
500,0.7784431137724551
500,0.4251497005988024
354,0.5014084507042254
500,0.3852295409181637
15,0.0
391,0.42346938775510207
500,0.35728542914171657
44,0.0
498,0.5210420841683366
13,0.0
205,0.0
268,0.25650557620817843
92,0.0
487,0.5655737704918032
498,0.5090180360721442
454,0.2043956043956044
465,0.5042918454935622
500,0.6766467065868264
500,0.48303393213572854
493,0.5182186234817814
100,0.0
454,0.4703296703296703
500,0.5289421157684631
489,0.3816326530612245
144,0.0
491,0.3434959349593496
331,0.3132530120481928
496,0.5191146881287726
130,1.0
480,0.5176715176715176
43,0.0
497,0.3293172690763052
500,0.47904191616766467
500,0.2994011976047904
210,0.36492890995260663
19,0.0
465,0.388412017167382
323,0.012345679012345678
143,0.027777777777777776
218,0.410958904109589
78,0.0
500,0.5269461077844312
499,0.57
493,0.7651821862348178
500,0.9680638722554891
53,0.0
500,0.437125748502994
191,0.59375
23,0.0
467,0.5042735042735043
400,0.18204488778054864
494,0.7797979797979798
446,0.46308724832214765
29,0.0
452,0.5055187637969095
500,0.17365269461077845
19,0.0
500,0.19161676646706588
96,0.0
25,0.0
381,0.39528795811518325
500,0.43313373253493015
15,0.0
364,0.3972602739726027
135,0.0
492,0.6186612576064908
491,0.6666666666666666
497,0.5642570281124498
308,0.42071197411003236
500,0.5209580838323353
17,0.0
499,0.446
27,0.0
333,0.40119760479041916
486,0.5585215605749486
367,0.4429347826086957
499,0.324
244,0.0
381,0.23036649214659685
500,0.48902195608782434
500,0.7704590818363274
500,1.0
500,0.5489021956087824
385,0.31865284974093266
500,0.4171656686626746
381,0.5471204188481675
500,0.5848303393213573
267,0.19776119402985073
21,0.0
347,0.10919540229885058
500,0.09580838323353294
157,0.0
13,0.0
499,0.338
252,0.41106719367588934
84,0.0
498,0.5350701402805611
14,0.0
155,0.0
473,0.35864978902953587
500,0.3213572854291417
500,0.5249500998003992
500,0.32934131736526945
488,0.5316973415132924
14,0.0
500,0.3912175648702595
389,0.28974358974358977
499,0.426
211,0.0
500,0.5888223552894212
23,0.0
412,0.1549636803874092
308,0.20711974110032363
500,0.3093812375249501
14,0.0
497,0.42771084337349397
91,0.0
424,0.5647058823529412
21,0.0
24,0.0
14,0.0
475,0.4012605042016807
487,0.5512295081967213
375,0.6914893617021277
500,0.7884231536926147
448,0.512249443207127
370,0.6037735849056604
431,0.44675925925925924
500,0.6786427145708582
116,0.0
493,0.520242914979757
468,0.42217484008528783
372,0.5308310991957105
112,0.0
497,0.6546184738955824
500,0.5548902195608783
12,0.0
383,0.19010416666666666
499,0.772
492,0.1075050709939148
63,0.0
500,0.21157684630738524
500,0.37924151696606784
474,0.4231578947368421
85,1.0
25,0.0
276,0.21299638989169675
425,0.2652582159624413
30,0.0
499,0.342
488,0.4376278118609407
494,0.12525252525252525
498,0.49298597194388777
23,0.0
141,0.0
24,0.0
499,0.548
500,0.25149700598802394
498,0.3687374749498998
14,0.0
424,0.2564705882352941
151,0.4473684210526316
500,0.6926147704590818
358,0.008356545961002786
115,0.02586206896551724
500,0.3992015968063872
128,0.0
498,0.2545090180360721
500,0.874251497005988
76,0.0
79,0.0
500,0.7704590818363274
312,0.20766773162939298
149,0.0
18,0.0
500,0.2934131736526946
440,0.36961451247165533
14,0.0
500,0.38922155688622756
106,1.0
17,0.0
402,0.23076923076923078
499,0.408
450,0.2660753880266075
99,0.82
114,0.0
500,0.30538922155688625
500,0.4291417165668663
466,0.7537473233404711
500,0.6626746506986028
486,0.5236139630390144
29,0.0
338,0.3834808259587021
55,0.0
498,0.6813627254509018
387,0.6958762886597938
500,0.8682634730538922
494,0.9616161616161616
500,0.656686626746507
444,0.39101123595505616
21,0.0
500,0.5568862275449101
100,0.0
500,0.29141716566866266
500,0.4530938123752495
64,0.0
458,0.6492374727668845
500,0.46706586826347307
500,0.5688622754491018
13,0.0
441,0.2895927601809955
29,0.0
14,0.0
426,0.5292740046838408
492,0.7261663286004056
456,0.49015317286652077
500,0.27345309381237526
491,0.7865853658536586
452,0.0
90,0.0
37,0.0
13,0.0
67,0.0
500,0.2954091816367265
19,0.0
429,0.24651162790697675
500,0.7564870259481038
499,0.72
486,0.5420944558521561
486,0.07802874743326489
196,0.0
500,0.3093812375249501
177,0.38764044943820225
375,0.09308510638297872
394,0.27848101265822783
156,0.7006369426751592
500,0.5229540918163673
500,0.5349301397205589
13,0.0
497,0.5220883534136547
452,0.09933774834437085
324,0.36923076923076925
494,0.4404040404040404
13,0.0
500,0.5608782435129741
71,0.0
494,0.40606060606060607
15,0.0
480,0.5363825363825364
284,0.41754385964912283
174,0.4
470,0.9171974522292994
384,0.37662337662337664
499,0.49
500,0.4251497005988024
13,0.0
185,0.03225806451612903
60,0.0
114,0.0
126,0.0
385,0.6088082901554405
264,0.8830188679245283
18,0.0
207,0.0
255,0.02734375
500,0.5169660678642715
483,0.026859504132231406
284,0.0456140350877193
180,0.0718232044198895
43,0.29545454545454547
397,0.135678391959799
205,0.2621359223300971
464,0.5118279569892473
404,0.4074074074074074
424,0.5411764705882353
500,0.4151696606786427
462,0.5053995680345572
475,0.5021008403361344
458,0.46405228758169936
26,0.0
500,0.45109780439121755
278,0.10752688172043011
500,0.6047904191616766
350,0.25925925925925924
153,0.5909090909090909
497,0.40160642570281124
496,0.5975855130784709
307,0.1396103896103896
129,0.36923076923076925
394,0.5594936708860759
191,0.3177083333333333
396,0.37279596977329976
214,0.15348837209302327
479,0.5770833333333333
29,0.0
364,0.3835616438356164
500,0.33532934131736525
499,0.268
399,0.3125
204,0.3853658536585366
34,0.6571428571428571
466,0.3875802997858672
500,0.7425149700598802
500,0.3333333333333333
500,0.405189620758483
266,0.09363295880149813
500,0.5588822355289421
393,0.37055837563451777
293,0.4557823129251701
500,0.3852295409181637
78,0.27848101265822783
359,0.7083333333333334
309,0.42258064516129035
498,0.3687374749498998
500,0.5329341317365269
411,0.5825242718446602
500,0.5189620758483033
500,0.5708582834331337
500,0.40119760479041916
428,0.32867132867132864
116,0.0
500,0.6487025948103793
465,0.30686695278969955
368,0.6504065040650406
84,0.0
27,0.0
213,0.0
500,0.46506986027944114
353,0.3446327683615819
60,0.8688524590163934
325,0.2361963190184049
178,0.0
500,0.5329341317365269
497,0.4979919678714859
399,0.485
492,0.3711967545638945
500,0.5269461077844312
251,0.1984126984126984
449,0.42444444444444446
500,0.3033932135728543
28,0.0
496,0.5875251509054326
400,0.24937655860349128
63,1.0
500,0.4091816367265469
500,0.6027944111776448
419,0.4142857142857143
494,0.3696969696969697
497,0.2751004016064257
465,0.47854077253218885
497,0.46987951807228917
484,0.5855670103092784
434,0.4114942528735632
479,0.21458333333333332
445,0.49551569506726456
500,0.405189620758483
286,0.21254355400696864
495,0.3649193548387097
500,0.3413173652694611
237,0.0
477,0.4225941422594142
500,0.4151696606786427
470,0.28450106157112526
464,0.26881720430107525
340,0.36656891495601174
75,0.039473684210526314
495,0.34475806451612906
500,0.3872255489021956
215,0.0
500,0.5508982035928144
497,0.43172690763052207
127,0.0
465,0.45278969957081544
420,0.09026128266033254
500,0.48303393213572854
500,0.5429141716566867
500,0.592814371257485
16,0.0
500,0.3712574850299401
500,0.249500998003992
142,0.0
500,0.5968063872255489
332,0.25225225225225223
379,0.5578947368421052
394,0.0
189,0.0
241,0.371900826446281
481,0.491701244813278
494,0.5434343434343434
223,0.049107142857142856
469,0.41702127659574467
490,0.2505091649694501
500,0.6606786427145709
500,0.6147704590818364
494,0.5414141414141415
474,0.391578947368421
496,0.42655935613682094
387,0.42783505154639173
421,0.3744075829383886
493,0.4089068825910931
89,0.0
500,0.5968063872255489
138,0.0
500,0.3712574850299401
364,0.06027397260273973
147,0.14864864864864866
383,0.041666666666666664
484,0.1360824742268041
500,0.5249500998003992
103,0.0
495,0.4173387096774194
78,0.0
243,0.0
483,0.378099173553719
40,0.0
283,0.31690140845070425
377,0.4074074074074074
175,0.0
500,0.6067864271457086
468,0.42217484008528783
500,0.5129740518962076
500,0.6227544910179641
484,0.25773195876288657
184,0.0
302,0.35313531353135313
425,0.5046948356807511
308,0.21359223300970873
466,0.3490364025695932
370,0.4393530997304582
302,0.21122112211221122
491,0.5528455284552846
370,0.2210242587601078
302,0.41914191419141916
499,0.51
500,0.5888223552894212
500,0.5269461077844312
500,0.5129740518962076
497,0.3855421686746988
289,0.1413793103448276
282,0.3462897526501767
214,0.4558139534883721
491,0.5508130081300813
370,0.3746630727762803
465,0.43991416309012876
410,0.49148418491484186
304,0.6622950819672131
476,0.39622641509433965
500,0.49101796407185627
442,0.43115124153498874
470,0.5159235668789809
431,0.4722222222222222
495,0.3649193548387097
500,0.31736526946107785
56,0.0
486,0.4517453798767967
498,0.627254509018036
155,0.0
425,0.44835680751173707
163,0.0
471,0.6122881355932204
500,0.17764471057884232
151,0.0
444,0.4404494382022472
406,0.4226044226044226
490,0.43584521384928715
500,0.46706586826347307
500,0.35728542914171657
424,0.08705882352941176
500,0.499001996007984
220,0.0
492,0.5496957403651116
500,0.3872255489021956
464,0.3870967741935484
364,0.4575342465753425
315,0.2848101265822785
480,0.4490644490644491
495,0.42943548387096775
500,0.5329341317365269
500,0.2834331337325349
500,0.4471057884231537
500,0.36726546906187624
500,0.3972055888223553
322,0.23219814241486067
500,0.36726546906187624
488,0.48057259713701433
489,0.3469387755102041
494,0.5393939393939394
500,0.45708582834331335
396,0.3778337531486146
167,0.0
500,0.5828343313373253
497,0.7248995983935743
500,0.5588822355289421
470,0.47983014861995754
495,0.3185483870967742
200,0.0
315,0.4462025316455696
488,0.5051124744376279
499,0.622
368,0.4715447154471545
288,0.1972318339100346
500,0.5409181636726547
500,0.5189620758483033
257,0.1124031007751938
158,0.18238993710691823
438,0.357630979498861
490,0.539714867617108
348,0.3638968481375358
500,0.49700598802395207
456,0.4551422319474836
499,0.422
500,0.4411177644710579
400,0.4014962593516209
398,0.47869674185463656
500,0.5289421157684631
431,0.4537037037037037
404,0.5061728395061729
491,0.4349593495934959
500,0.5029940119760479
191,0.0
124,0.0
492,0.5091277890466531
216,0.004608294930875576
492,0.45233265720081134
478,0.3883089770354906
483,0.359504132231405
500,0.34331337325349304
500,0.30538922155688625
493,0.52834008097166
402,0.4838709677419355
498,0.45691382765531063
124,0.0
500,0.47305389221556887
121,0.0
500,0.6167664670658682
384,0.4857142857142857
414,0.3349397590361446
497,0.5240963855421686
260,0.0
199,0.0
402,0.4218362282878412
479,0.36875
500,0.5289421157684631
241,0.14049586776859505
435,0.16743119266055045
500,0.38323353293413176
301,0.4105960264900662
500,0.44510978043912175
372,0.06166219839142091
440,0.32653061224489793
487,0.45081967213114754
368,0.2140921409214092
471,0.6546610169491526
500,0.3313373253493014
500,0.49500998003992014
463,0.45905172413793105
500,0.25948103792415167
495,0.4737903225806452
457,0.49344978165938863
500,0.5209580838323353
258,0.3127413127413127
489,0.4163265306122449
479,0.49166666666666664
300,0.16943521594684385
382,0.4386422976501306
401,0.43283582089552236
288,0.16262975778546712
93,0.0
494,0.43636363636363634
153,0.0
446,0.37583892617449666
475,0.23319327731092437
59,1.0
383,0.4817708333333333
498,0.19839679358717435
500,0.6127744510978044
296,0.16161616161616163
466,0.5267665952890792
405,0.4729064039408867
499,0.532
176,0.0
500,0.1437125748502994
498,0.41082164328657317
373,0.45454545454545453
496,0.4386317907444668
499,0.512
477,0.602510460251046
500,0.3532934131736527
244,0.02857142857142857
329,0.3939393939393939
500,0.5429141716566867
406,0.5233415233415234
376,0.35013262599469497
65,0.0
368,0.07859078590785908
500,0.46107784431137727
474,0.4105263157894737
490,0.3258655804480652
210,0.0
144,0.0
500,0.5608782435129741
65,0.0
404,0.4691358024691358
188,0.0
403,0.19306930693069307
482,0.19668737060041408
361,0.39779005524861877
497,0.41566265060240964
466,0.33832976445396146
372,0.40214477211796246
500,0.34530938123752497
500,0.5449101796407185
129,0.0
481,0.3651452282157676
497,0.4839357429718876
495,0.4778225806451613
494,0.38181818181818183
494,0.42424242424242425
500,0.2714570858283433
313,0.21019108280254778
481,0.4045643153526971
250,0.41832669322709165
357,0.0
133,0.0
500,0.5089820359281437
404,0.4666666666666667
495,0.36088709677419356
470,0.3205944798301486
411,0.39563106796116504
224,0.035555555555555556
125,0.06349206349206349
498,0.4589178356713427
412,0.1791767554479419
132,0.2932330827067669
488,0.5153374233128835
438,0.4328018223234624
487,0.48360655737704916
388,0.36503856041131105
483,0.4318181818181818
500,0.3912175648702595
500,0.6087824351297405
389,0.4128205128205128
498,0.4228456913827655
494,0.14747474747474748
500,0.530938123752495
493,0.3684210526315789
499,0.624
500,0.25149700598802394
500,0.3712574850299401
479,0.5395833333333333
500,0.2275449101796407
500,0.13572854291417166
500,0.35728542914171657
497,0.42570281124497994
476,0.29979035639413
83,0.0
480,0.340956340956341
257,0.015503875968992248
161,0.024691358024691357
326,0.3058103975535168
144,0.0
397,0.3417085427135678
500,0.5449101796407185
475,0.4852941176470588
223,0.0
82,0.0
499,0.404
483,0.29338842975206614
358,0.4233983286908078
500,0.48303393213572854
497,0.5682730923694779
492,0.3286004056795132
500,0.5089820359281437
499,0.4
486,0.5215605749486653
500,0.5289421157684631
498,0.5130260521042084
473,0.5590717299578059
499,0.412
500,0.592814371257485
500,0.5608782435129741
494,0.43434343434343436
118,0.0
500,0.17964071856287425
387,0.2268041237113402
500,0.590818363273453
377,0.2037037037037037
392,0.39185750636132316
500,0.3093812375249501
460,0.4598698481561822
500,0.5289421157684631
500,0.6187624750499002
500,0.34530938123752497
478,0.3569937369519833
499,0.424
380,0.29133858267716534
393,0.025380710659898477
281,0.23049645390070922
500,0.3393213572854291
229,0.10869565217391304
500,0.3852295409181637
298,0.6053511705685619
500,0.21956087824351297
99,0.0
500,0.5109780439121756
500,0.14570858283433133
500,0.5389221556886228
310,0.20257234726688103
500,0.4630738522954092
297,0.1644295302013423
500,0.5548902195608783
469,0.6
500,0.437125748502994
500,0.36926147704590817
492,0.40973630831643004
475,0.3739495798319328
494,0.4121212121212121
470,0.3503184713375796
475,0.2647058823529412
382,0.24804177545691905
86,0.26436781609195403
495,0.5060483870967742
500,0.5948103792415169
498,0.3366733466933868
408,0.27383863080684595
500,0.4351297405189621
500,0.5668662674650699
127,0.171875
374,0.45066666666666666
489,0.37755102040816324
500,0.20958083832335328
300,0.4418604651162791
280,0.20640569395017794
173,0.3333333333333333
404,0.4222222222222222
500,0.26746506986027946
81,0.0
436,0.2425629290617849
130,0.10687022900763359
317,0.2169811320754717
484,0.4577319587628866
367,0.3233695652173913
116,0.17094017094017094
462,0.3002159827213823
498,0.38877755511022044
487,0.26844262295081966
480,0.38461538461538464
498,0.5651302605210421
500,0.6127744510978044
462,0.4060475161987041
361,0.5193370165745856
234,0.7191489361702128
369,0.24594594594594596
473,0.5042194092827004
237,0.0
495,0.5725806451612904
364,0.410958904109589
491,0.38414634146341464
496,0.20321931589537223
404,0.35555555555555557
481,0.34232365145228216
317,0.2169811320754717
470,0.40764331210191085
453,0.45154185022026433
397,0.17839195979899497
475,0.4957983193277311
365,0.3469945355191257
500,0.05588822355289421
140,0.0
500,0.281437125748503
165,0.0
500,0.4750499001996008
280,0.028469750889679714
500,0.5568862275449101
142,0.0
116,0.13675213675213677
498,0.35470941883767537
191,0.0
495,0.4435483870967742
386,0.3643410852713178
494,0.47474747474747475
500,0.5429141716566867
500,0.39520958083832336
500,0.4590818363273453
500,0.4351297405189621
472,0.39112050739957716
500,0.41317365269461076
165,0.0
469,0.46595744680851064
499,0.518
464,0.06666666666666667
500,0.48303393213572854
170,1.0
481,0.4730290456431535
500,0.688622754491018
433,0.271889400921659
500,0.36726546906187624
382,0.49869451697127937
500,0.5988023952095808
490,0.5784114052953157
129,0.0
478,0.31315240083507306
500,0.49700598802395207
341,0.2222222222222222
500,0.3972055888223553
448,0.32962138084632514
338,0.3864306784660767
480,0.4760914760914761
414,0.21445783132530122
500,0.5049900199600799
470,0.2781316348195329
482,0.422360248447205
500,0.4031936127744511
462,0.5399568034557235
483,0.3925619834710744
499,0.432
430,0.42923433874709976
492,0.5091277890466531
366,0.09809264305177112
481,0.43775933609958506
499,0.272
389,0.46153846153846156
494,0.4888888888888889
416,0.40047961630695444
