突破日,代码
2019-02-13,000001
2020-10-16,000001
2015-08-11,000002
2015-12-01,000002
2017-09-14,000002
2018-01-05,000002
2021-02-25,000002
2022-12-09,000002
2014-02-25,000004
2024-09-19,000004
2015-03-17,000006
2022-04-22,000007
2024-07-03,000007
2025-11-03,000007
2019-03-06,000008
2024-03-11,000008
2014-08-18,000009
2015-02-17,000009
2016-08-19,000009
2021-06-07,000009
2014-11-13,000011
2017-06-07,000011
2020-06-04,000011
2016-08-12,000012
2013-09-10,000014
2020-07-01,000014
2023-06-06,000014
2014-09-01,000017
2021-03-19,000017
2025-11-20,000017
2025-11-19,000017
2014-10-15,000018
2014-08-18,000019
2026-04-08,000019
2014-03-13,000020
2020-07-01,000020
2022-02-18,000020
2026-03-17,000020
2014-01-29,000021
2024-09-30,000021
2014-07-29,000023
2020-04-03,000023
2014-10-13,000024
2014-11-10,000024
2015-10-26,000024
2014-05-08,000025
2020-07-13,000025
2024-10-25,000025
2025-04-18,000025
2016-09-14,000026
2019-12-06,000026
2023-01-17,000026
2025-05-09,000026
2020-07-10,000027
2021-03-03,000027
2026-03-25,000027
2017-03-22,000028
2020-08-07,000028
2015-03-17,000029
2022-03-22,000029
2015-03-19,000030
2020-03-02,000030
2025-02-26,000030
2026-01-29,000031
2019-08-20,000032
2014-03-14,000034
2015-02-27,000034
2019-09-06,000034
2023-03-01,000034
2025-02-07,000034
2016-09-26,000035
2019-06-25,000035
2021-11-12,000035
2022-07-28,000035
2024-11-08,000035
2025-10-09,000035
2021-09-23,000036
2020-07-10,000037
2023-06-09,000037
2016-06-30,000038
2021-09-01,000039
2025-03-18,000039
2017-04-12,000040
2021-08-04,000040
2014-09-11,000042
2026-04-30,000042
2014-03-24,000045
2015-03-27,000045
2016-12-19,000045
2020-07-10,000045
2021-11-12,000045
2023-11-07,000045
2015-02-05,000048
2019-08-26,000048
2020-04-24,000048
2020-08-20,000048
2022-03-25,000048
2023-04-04,000048
2025-05-20,000048
2014-01-02,000049
2017-03-13,000049
2019-08-13,000049
2020-01-16,000049
2020-12-24,000049
2021-12-17,000049
2024-07-02,000049
2025-09-17,000049
2014-07-28,000050
2017-07-21,000050
2025-08-26,000050
2026-06-24,000050
2014-05-13,000055
2015-01-27,000058
2016-03-23,000058
2016-12-07,000059
2022-09-06,000059
2026-01-23,000059
2021-07-23,000060
2025-08-25,000060
2014-04-08,000061
2015-03-04,000061
2024-11-07,000061
2025-08-28,000061
2014-12-04,000062
2017-05-19,000062
2020-07-07,000062
2024-08-21,000062
2020-01-09,000063
2020-02-17,000063
2024-09-30,000063
2019-03-06,000065
2022-03-08,000065
2025-02-19,000065
2025-08-13,000065
2025-08-14,000066
2014-02-12,000068
2014-08-19,000068
2015-07-29,000068
2022-10-31,000068
2024-01-25,000068
2018-01-17,000069
2020-07-07,000069
2021-03-12,000069
2016-09-09,000070
2022-12-05,000070
2025-06-04,000070
2025-11-25,000070
2014-10-28,000088
2017-03-29,000088
2014-10-15,000089
2016-07-19,000089
2019-02-25,000089
2019-08-13,000089
2014-08-22,000090
2017-07-05,000090
2020-04-20,000090
2025-11-17,000090
2015-03-10,000096
2020-07-10,000096
2024-10-28,000096
2014-09-10,000099
2020-12-02,000100
2014-03-17,000150
2016-11-15,000150
2014-07-16,000151
2016-12-27,000151
2017-03-27,000151
2024-09-27,000151
2019-10-24,000153
2020-07-09,000153
2024-10-28,000153
2015-03-04,000155
2025-11-17,000155
2015-02-16,000156
2025-02-11,000156
2026-02-10,000156
2019-07-16,000157
2020-07-02,000157
2020-12-01,000157
2025-10-14,000157
2017-05-02,000158
2014-10-13,000159
2024-09-30,000159
2026-01-23,000159
2020-07-06,000166
2024-09-27,000166
2014-09-12,000301
2018-06-01,000301
2020-09-04,000301
2025-09-08,000301
2015-05-21,000333
2016-07-12,000333
2017-02-16,000333
2020-06-01,000333
2024-02-06,000333
2025-09-08,000333
2026-07-15,000333
2017-06-21,000338
2019-02-12,000338
2019-12-06,000338
2021-01-13,000338
2023-10-16,000338
2025-11-05,000338
2015-03-19,000400
2016-10-12,000400
2021-08-11,000400
2024-03-18,000400
2026-03-05,000400
2020-03-02,000401
2014-11-28,000402
2014-03-21,000403
2016-08-17,000403
2019-08-26,000403
2020-03-18,000403
2022-05-26,000404
2024-03-11,000404
2026-04-20,000404
2015-02-27,000407
2016-11-28,000407
2021-09-09,000407
2025-09-02,000407
2014-12-24,000408
2017-09-06,000408
2021-01-26,000408
2021-12-16,000409
2023-03-21,000409
2024-10-08,000409
2025-03-04,000409
2021-08-19,000410
2022-08-23,000410
2023-02-03,000410
2024-10-30,000410
2014-07-29,000411
2018-04-04,000411
2020-07-27,000411
2022-11-10,000411
2022-09-30,000411
2024-12-02,000411
2014-01-24,000413
2014-08-12,000413
2015-03-03,000413
2013-10-08,000415
2014-09-23,000415
2014-01-29,000416
2015-01-21,000416
2019-02-22,000416
2014-10-16,000417
2020-06-15,000417
2024-11-25,000417
2025-10-13,000417
2025-12-03,000417
2017-02-22,000418
2017-10-25,000418
2018-06-12,000418
2015-02-26,000419
2022-01-14,000419
2025-11-28,000419
2015-03-20,000420
2025-05-15,000420
2026-03-16,000420
2015-03-02,000421
2023-12-04,000421
2025-03-25,000422
2026-02-25,000422
2017-03-20,000423
2021-10-19,000423
2024-01-29,000423
2017-02-13,000425
2019-04-09,000425
2019-12-25,000425
2024-04-15,000425
2024-10-08,000425
2025-08-28,000425
2015-03-25,000426
2016-07-04,000426
2024-03-15,000426
2025-06-09,000426
2025-06-06,000426
2015-02-11,000428
2020-04-09,000428
2020-09-21,000428
2022-02-10,000428
2025-09-16,000428
2026-07-31,000428
2017-03-29,000429
2023-09-15,000429
2026-07-06,000429
2022-02-10,000430
2022-12-07,000430
2024-09-30,000430
2016-11-11,000498
2019-02-26,000498
2021-03-18,000498
2022-01-18,000498
2014-12-04,000501
2019-12-23,000501
2014-11-18,000503
2021-12-02,000503
2023-11-14,000503
2019-03-20,000504
2024-09-30,000504
2015-02-27,000505
2016-11-11,000505
2025-11-21,000505
2015-06-03,000506
2019-03-07,000506
2023-03-07,000506
2014-10-29,000507
2021-07-23,000507
2014-06-25,000509
2022-10-19,000509
2015-07-24,000510
2021-05-11,000510
2015-03-03,000511
2016-10-11,000513
2017-04-20,000513
2019-08-20,000513
2020-06-09,000513
2024-09-30,000513
2014-09-17,000514
2023-08-02,000514
2014-10-08,000516
2016-11-17,000516
2019-03-07,000516
2020-10-29,000516
2022-11-18,000516
2017-02-21,000517
2019-02-27,000517
2023-07-25,000517
2026-03-10,000518
2014-08-04,000519
2015-03-20,000519
2017-02-24,000519
2019-08-26,000519
2025-03-11,000519
2019-03-28,000520
2021-09-14,000520
2022-08-25,000520
2022-09-29,000521
2023-02-07,000521
2013-11-27,000523
2014-02-14,000523
2025-12-19,000523
2026-01-20,000523
2020-07-15,000524
2022-02-08,000524
2017-08-01,000525
2018-03-01,000525
2023-05-08,000526
2023-10-11,000526
2017-02-09,000528
2018-02-26,000528
2018-05-09,000528
2024-03-08,000528
2014-03-03,000529
2022-05-27,000529
2022-12-22,000529
2013-12-12,000530
2020-12-28,000530
2021-12-24,000530
2024-11-08,000530
2024-10-08,000530
2025-12-02,000530
2014-07-08,000531
2014-09-02,000531
2025-10-17,000531
2013-07-29,000532
2014-12-11,000532
2021-05-28,000532
2023-01-19,000532
2024-10-08,000532
2015-03-18,000533
2020-11-09,000533
2024-11-07,000533
2025-11-06,000533
2015-03-24,000534
2021-08-10,000534
2025-01-10,000534
2025-08-04,000534
2014-09-24,000536
2014-11-24,000537
2017-03-24,000537
2020-07-24,000537
2015-05-29,000538
2018-05-07,000538
2020-06-19,000538
2021-01-05,000538
2014-01-06,000541
2014-08-29,000541
2015-03-16,000541
2021-01-22,000541
2022-08-09,000541
2024-11-08,000541
2025-03-06,000541
2014-09-12,000543
2023-04-14,000543
2024-01-29,000543
2015-02-13,000544
2017-07-03,000544
2020-07-13,000544
2024-10-08,000544
2014-08-04,000546
2015-03-30,000546
2017-02-22,000546
2014-01-29,000547
2020-07-08,000547
2024-11-22,000548
2015-01-06,000550
2016-09-07,000550
2020-10-29,000550
2023-11-15,000550
2014-10-20,000551
2015-03-02,000551
2017-03-20,000551
2024-10-08,000551
2024-09-30,000551
2025-08-05,000551
2025-12-23,000551
2020-12-28,000552
2022-05-16,000552
2014-04-04,000553
2015-02-03,000553
2015-05-21,000553
2018-01-16,000553
2015-03-19,000554
2016-12-14,000554
2024-01-17,000554
2024-11-01,000554
2025-06-13,000554
2026-01-28,000554
2014-02-10,000555
2025-10-29,000555
2014-08-20,000558
2015-03-02,000558
2014-02-10,000559
2015-03-24,000559
2021-09-09,000559
2025-05-09,000559
2016-10-19,000561
2020-03-11,000561
2022-08-08,000561
2014-09-30,000564
2021-09-07,000564
2014-05-12,000565
2021-03-29,000565
2021-08-10,000565
2022-07-28,000565
2024-09-30,000565
2025-04-29,000565
2024-11-06,000566
2025-11-17,000566
2014-07-31,000567
2016-10-12,000567
2020-05-29,000567
2023-01-13,000567
2019-08-22,000568
2020-07-01,000568
2014-12-03,000570
2015-03-26,000570
2021-01-07,000570
2021-07-21,000570
2023-07-07,000570
2015-03-18,000571
2019-12-10,000571
2020-07-08,000571
2023-06-20,000571
2023-11-13,000571
2025-12-03,000571
2026-02-10,000571
2014-08-13,000572
2016-08-08,000573
2022-01-24,000573
2014-04-02,000576
2015-03-20,000576
2021-08-20,000576
2022-08-23,000576
2013-12-10,000581
2023-02-22,000581
2025-02-24,000581
2014-09-25,000582
2015-02-27,000582
2020-06-19,000582
2026-02-26,000582
2021-02-24,000584
2015-03-04,000585
2021-12-02,000585
2014-06-05,000586
2016-01-18,000586
2016-04-19,000586
2026-04-02,000586
2013-12-04,000587
2021-03-05,000587
2015-03-11,000589
2022-09-13,000589
2023-02-13,000589
2014-08-13,000591
2020-07-08,000591
2020-12-24,000591
2026-01-22,000591
2015-03-10,000592
2015-04-21,000593
2016-09-21,000593
2021-08-12,000593
2022-08-22,000593
2024-10-29,000593
2025-08-04,000593
2021-06-07,000595
2021-12-10,000595
2017-02-21,000596
2018-05-10,000596
2019-12-30,000596
2020-12-23,000596
2021-11-22,000596
2022-12-14,000596
2014-02-19,000597
2014-07-16,000597
2015-04-02,000597
2019-04-11,000597
2025-07-22,000597
2020-07-13,000598
2021-08-25,000598
2014-02-17,000599
2015-03-17,000599
2016-11-10,000599
2020-07-20,000599
2021-03-22,000600
2025-04-15,000600
2026-03-11,000600
2014-09-16,000601
2015-03-09,000601
2020-03-04,000601
2025-03-18,000601
2019-07-19,000603
2013-06-13,000605
2016-08-17,000605
2024-09-30,000605
2014-09-30,000606
2023-05-04,000607
2018-01-26,000608
2025-10-31,000608
2026-05-29,000608
2021-07-08,000611
2014-08-18,000612
2015-03-17,000612
2025-03-18,000612
2014-11-27,000616
2015-03-05,000617
2017-01-12,000619
2020-11-30,000619
2015-02-16,000620
2024-05-22,000620
2015-11-16,000622
2014-09-29,000623
2025-07-24,000623
2020-07-03,000625
2014-08-18,000626
2016-02-19,000626
2021-07-22,000626
2014-08-06,000627
2017-07-17,000627
2023-08-04,000627
2014-08-14,000628
2018-09-25,000628
2023-10-19,000628
2026-01-06,000629
2021-07-22,000630
2024-03-08,000630
2025-08-06,000630
2014-07-24,000631
2024-10-31,000631
2022-10-21,000633
2025-11-13,000633
2014-09-09,000635
2021-04-07,000635
2015-01-26,000636
2017-11-14,000636
2021-07-12,000636
2024-09-30,000636
2025-10-24,000636
2013-11-06,000637
2014-02-27,000637
2015-03-04,000637
2022-02-07,000637
2024-10-30,000637
2025-05-15,000637
2026-03-02,000637
2025-10-23,000638
2014-09-15,000650
2019-04-19,000650
2021-04-21,000650
2014-12-02,000651
2018-01-05,000651
2019-04-10,000651
2019-12-19,000651
2024-03-07,000651
2015-01-27,000655
2025-07-02,000655
2026-01-23,000655
2017-02-07,000656
2020-03-04,000656
2014-07-28,000657
2021-02-22,000657
2021-06-30,000657
2025-06-04,000657
2014-08-20,000659
2013-07-01,000661
2014-01-15,000661
2015-03-17,000661
2017-06-12,000661
2020-03-31,000661
2025-09-02,000661
2016-11-23,000663
2014-12-15,000665
2015-02-05,000665
2021-12-15,000665
2024-10-29,000665
2025-10-22,000665
2022-04-01,000666
2015-03-17,000667
2020-07-06,000667
2020-06-10,000668
2025-10-23,000668
2018-01-04,000672
2019-09-24,000672
2021-09-09,000672
2025-04-28,000672
2021-12-08,000673
2014-03-12,000676
2015-03-11,000678
2015-03-10,000679
2022-04-12,000679
2021-01-25,000680
2024-02-07,000680
2025-07-28,000680
2026-01-05,000680
2015-02-13,000681
2018-01-29,000681
2018-09-04,000681
2014-07-22,000682
2015-03-17,000682
2020-03-10,000682
2021-09-07,000682
2023-02-14,000682
2025-10-10,000682
2026-03-06,000682
2017-08-04,000683
2014-09-05,000685
2021-08-31,000685
2025-07-24,000685
2025-10-29,000686
2018-05-22,000688
2019-12-26,000688
2021-08-12,000688
2025-07-08,000690
2026-03-11,000690
2014-08-20,000691
2024-01-02,000691
2013-12-27,000692
2014-08-12,000692
2017-06-09,000692
2021-09-22,000692
2022-08-19,000692
2014-11-27,000693
2019-03-04,000695
2021-07-27,000695
2024-08-09,000695
2014-02-17,000700
2014-09-15,000700
2025-03-07,000700
2014-12-04,000701
2017-07-07,000703
2020-07-23,000703
2025-11-10,000703
2014-08-20,000705
2020-08-21,000705
2023-12-14,000705
2015-03-02,000707
2015-03-16,000708
2016-12-07,000708
2017-09-06,000708
2019-09-09,000708
2020-11-17,000708
2025-07-22,000708
2015-03-05,000710
2017-09-14,000710
2014-01-24,000712
2014-08-11,000712
2016-11-24,000712
2023-08-10,000712
2019-05-06,000713
2020-08-05,000713
2022-04-01,000715
2024-01-10,000715
2021-03-11,000717
2021-09-02,000717
2015-03-06,000718
2020-07-21,000718
2021-01-06,000718
2023-03-15,000719
2025-05-29,000719
2015-02-26,000720
2026-03-06,000720
2014-12-11,000721
2022-01-14,000721
2022-11-03,000721
2022-04-25,000722
2025-04-02,000722
2026-03-25,000722
2015-03-06,000723
2021-07-20,000723
2025-11-06,000723
2017-09-27,000725
2019-12-16,000725
2020-12-30,000725
2026-05-21,000725
2014-11-19,000726
2025-07-22,000726
2015-03-16,000727
2021-12-13,000727
2020-07-08,000728
2025-10-14,000728
2014-12-15,000729
2020-10-23,000729
2022-06-17,000729
2022-11-04,000729
2025-03-14,000729
2022-08-22,000731
2026-03-02,000731
2013-08-07,000732
2014-09-15,000732
2014-02-07,000733
2020-01-10,000733
2020-12-23,000733
2022-06-08,000733
2015-03-20,000735
2024-09-30,000735
2015-01-05,000736
2015-03-11,000737
2016-10-10,000737
2024-03-18,000737
2014-08-27,000738
2015-03-18,000738
2020-07-08,000738
2026-01-22,000738
2018-11-07,000739
2019-08-19,000739
2020-02-06,000739
2026-01-13,000739
2026-07-15,000739
2014-04-16,000748
2014-11-26,000750
2020-11-18,000751
2021-05-10,000751
2025-07-18,000751
2026-01-06,000751
2014-07-22,000753
2016-09-13,000755
2021-12-01,000755
2014-02-10,000756
2015-12-17,000756
2017-06-26,000756
2016-10-10,000757
2021-07-26,000758
2023-01-20,000758
2025-07-11,000758
2026-01-22,000758
2015-03-17,000759
2017-12-15,000759
2021-08-18,000761
2025-02-26,000761
2015-03-11,000762
2020-07-08,000762
2025-10-30,000762
2026-04-10,000762
2015-08-31,000766
2015-10-13,000766
2025-05-13,000767
2026-02-12,000767
2020-07-06,000768
2021-08-09,000776
2025-07-18,000776
2023-05-15,000777
2024-03-20,000777
2025-05-26,000777
2025-12-26,000777
2014-07-18,000778
2017-04-06,000778
2025-10-27,000778
2014-08-22,000779
2023-03-24,000779
2025-03-07,000779
2016-04-26,000780
2021-05-07,000780
2024-11-12,000782
2026-04-27,000782
2014-07-25,000783
2020-07-06,000783
2026-06-23,000783
2014-11-12,000786
2017-02-23,000786
2017-10-09,000786
2020-07-20,000786
2021-01-04,000786
2014-07-01,000788
2022-03-02,000788
2024-10-28,000788
2014-11-03,000789
2018-07-24,000789
2025-07-03,000789
2015-02-17,000790
2016-08-25,000790
2020-08-03,000790
2014-09-11,000791
2020-12-21,000791
2024-05-06,000791
2024-09-30,000792
2025-08-29,000792
2017-07-28,000795
2021-11-24,000795
2024-10-31,000795
2022-02-14,000796
2022-12-02,000796
2015-01-23,000797
2016-08-18,000797
2017-07-18,000797
2025-11-04,000797
2015-03-11,000798
2020-07-30,000798
2025-07-30,000798
2016-06-03,000799
2020-05-28,000799
2023-11-28,000800
2014-07-02,000801
2021-08-04,000801
2023-09-08,000801
2024-02-29,000801
2014-01-24,000802
2021-07-07,000803
2025-06-17,000803
2014-06-19,000806
2021-03-04,000806
2014-12-19,000807
2017-07-19,000807
2023-09-04,000807
2014-07-09,000809
2025-04-17,000809
2026-03-24,000809
2014-02-19,000810
2015-01-26,000810
2016-02-16,000810
2018-07-10,000810
2021-12-17,000810
2022-05-13,000810
2017-03-14,000811
2020-11-17,000811
2023-02-14,000811
2025-12-08,000811
2015-02-25,000812
2020-12-17,000812
2022-12-27,000812
2015-03-04,000815
2026-02-10,000815
2022-06-17,000816
2015-03-10,000818
2014-10-14,000819
2024-11-07,000819
2017-02-09,000820
2022-08-18,000820
2025-11-06,000820
2017-07-06,000822
2026-02-25,000822
2014-08-13,000823
2017-03-06,000823
2017-10-27,000823
2024-09-30,000823
2025-03-18,000823
2026-05-07,000823
2018-01-30,000825
2025-07-11,000825
2014-08-18,000828
2020-08-03,000828
2025-08-26,000828
2013-06-07,000829
2024-09-30,000829
2025-08-21,000830
2014-08-26,000833
2015-03-17,000833
2014-11-28,000835
2014-09-22,000836
2016-09-05,000836
2014-02-11,000837
2014-08-14,000837
2023-05-18,000837
2025-02-06,000837
2025-09-08,000837
2014-07-01,000839
2015-03-30,000848
2018-05-31,000848
2021-05-27,000848
2024-09-30,000850
2025-12-19,000850
2025-12-17,000850
2016-08-17,000851
2023-10-10,000851
2025-01-07,000852
2015-03-10,000856
2017-04-10,000856
2022-01-26,000856
2025-01-22,000856
2020-05-07,000858
2016-11-07,000859
2021-08-05,000859
2022-02-24,000859
2025-11-21,000859
2014-10-09,000860
2016-05-03,000860
2019-08-19,000860
2023-03-31,000860
2014-08-18,000861
2014-09-12,000862
2025-04-15,000862
2026-02-26,000862
2024-12-06,000863
2015-03-05,000868
2017-09-15,000868
2022-03-21,000868
2024-07-17,000868
2015-03-25,000869
2018-05-16,000869
2020-06-30,000869
2020-01-13,000875
2020-07-13,000875
2021-03-08,000875
2026-01-14,000875
2015-01-27,000876
2019-10-25,000876
2020-08-04,000876
2014-10-09,000877
2019-12-10,000878
2021-02-22,000878
2024-03-19,000878
2025-08-25,000878
2014-02-26,000880
2016-09-29,000880
2024-07-30,000880
2021-01-20,000881
2024-10-08,000881
2025-06-13,000881
2014-02-26,000882
2015-03-20,000882
2024-11-07,000882
2021-03-19,000883
2024-04-02,000883
2020-07-08,000885
2023-05-04,000885
2024-10-08,000885
2025-07-21,000885
2013-12-04,000887
2017-04-07,000887
2020-08-03,000887
2024-09-30,000887
2025-01-24,000887
2022-11-30,000888
2023-05-30,000888
2016-09-02,000889
2024-11-25,000889
2025-05-13,000889
2025-11-13,000889
2016-09-28,000890
2021-01-12,000890
2025-09-25,000890
2014-11-12,000892
2021-11-04,000892
2014-08-27,000893
2025-02-21,000893
2013-09-24,000895
2017-09-22,000895
2019-04-30,000895
2019-10-29,000895
2025-11-13,000895
2017-04-06,000897
2020-08-20,000897
2022-03-23,000897
2014-07-31,000898
2017-08-02,000898
2021-08-26,000898
2026-01-20,000899
2014-10-22,000900
2015-04-21,000901
2020-07-24,000901
2023-02-01,000901
2024-08-05,000901
2024-07-31,000901
2014-08-21,000902
2019-03-11,000902
2020-07-13,000902
2025-04-24,000902
2025-11-06,000902
2014-07-14,000905
2017-02-13,000905
2025-08-25,000905
2014-08-18,000906
2015-03-09,000906
2021-04-02,000906
2015-03-23,000908
2017-03-03,000910
2015-06-04,000912
2016-09-27,000912
2021-07-22,000912
2024-10-14,000912
2026-03-02,000912
2017-11-13,000913
2019-11-06,000913
2020-06-19,000913
2013-07-02,000915
2019-12-19,000915
2022-05-05,000915
2015-03-11,000916
2013-08-26,000917
2015-03-02,000918
2021-02-10,000918
2014-09-15,000919
2015-03-10,000919
2024-09-30,000920
2025-06-30,000920
2026-06-16,000920
2017-03-06,000921
2021-04-01,000921
2024-02-06,000921
2015-03-18,000922
2021-08-31,000922
2022-09-08,000922
2025-10-23,000922
2026-02-24,000922
2026-05-11,000922
2024-04-03,000923
2025-09-12,000923
2014-02-17,000925
2014-08-22,000925
2015-05-20,000925
2016-06-16,000925
2026-01-12,000925
2023-07-27,000926
2014-07-22,000927
2020-12-18,000927
2014-09-01,000929
2015-01-27,000929
2025-10-28,000929
2017-09-18,000930
2020-08-04,000930
2021-11-03,000930
2026-01-21,000930
2020-01-14,000931
2025-07-21,000931
2018-02-23,000932
2025-02-26,000932
2020-07-09,000933
2022-08-09,000933
2024-02-06,000933
2025-10-09,000933
2025-11-25,000935
2014-08-15,000936
2020-05-11,000936
2023-11-29,000937
2014-01-03,000938
2024-10-08,000938
2025-02-17,000938
2026-04-27,000938
2014-03-18,000948
2016-07-20,000948
2019-02-26,000948
2020-03-05,000948
2022-10-12,000948
2024-09-12,000948
2014-07-14,000949
2015-02-02,000949
2020-02-07,000949
2025-11-10,000949
2023-04-24,000950
2024-12-11,000950
2014-07-14,000951
2016-08-03,000951
2019-03-21,000951
2024-04-19,000951
2024-11-21,000951
2014-07-15,000952
2025-11-25,000952
2016-09-29,000953
2020-02-07,000953
2021-12-31,000953
2014-07-07,000955
2016-05-05,000957
2022-05-18,000957
2014-02-21,000958
2015-03-17,000958
2017-04-10,000958
2021-09-24,000958
2021-09-15,000958
2025-07-02,000959
2015-03-02,000960
2018-01-29,000960
2021-01-25,000960
2021-08-26,000960
2024-04-15,000960
2025-07-22,000960
2025-07-18,000960
2019-03-04,000961
2019-12-26,000961
2015-03-26,000962
2021-05-10,000962
2023-01-30,000962
2023-09-15,000962
2024-11-12,000962
2024-10-08,000962
2025-05-21,000962
2013-12-26,000963
2015-03-16,000963
2018-03-05,000963
2021-02-22,000963
2025-04-21,000963
2014-09-04,000965
2017-04-07,000965
2014-08-05,000966
2014-06-30,000967
2020-05-27,000967
2024-12-02,000967
2026-02-25,000967
2017-03-01,000968
2017-08-29,000968
2025-06-13,000968
2026-03-02,000968
2015-04-21,000969
2021-06-18,000969
2024-10-08,000969
2024-09-30,000969
2025-10-09,000969
2017-07-31,000970
2021-07-29,000970
2022-06-24,000970
2025-07-24,000970
2026-07-02,000970
2021-04-09,000971
2023-01-03,000972
2024-02-05,000972
2025-08-07,000972
2025-09-05,000973
2022-08-05,000975
2025-04-14,000975
2025-09-29,000975
2020-07-08,000976
2015-01-19,000977
2019-09-25,000977
2024-10-08,000977
2026-05-08,000977
2026-04-08,000978
2015-04-02,000980
2016-05-23,000981
2022-11-04,000981
2025-09-12,000981
2017-08-09,000983
2020-10-16,000983
2020-11-23,000983
2016-08-30,000985
2020-09-02,000985
2022-05-09,000985
2024-11-06,000985
2024-09-30,000985
2026-01-27,000985
2014-12-10,000987
2020-05-07,000987
2023-07-28,000987
2014-08-18,000988
2015-03-16,000988
2020-07-08,000988
2021-07-23,000988
2024-10-08,000988
2014-02-10,000989
2021-12-27,000989
2023-03-15,000989
2025-04-21,000989
2013-10-16,000990
2017-08-17,000990
2021-07-16,000990
2026-01-23,000990
2014-09-29,000993
2025-11-05,000993
2026-03-25,000993
2016-04-06,000995
2026-01-30,000995
2013-10-08,000997
2014-01-23,000997
2020-02-20,000997
2023-02-10,000997
2024-03-18,000997
2017-07-03,000998
2019-07-15,000999
2019-09-06,000999
2024-10-08,000999
2023-11-13,001202
2026-01-13,001202
2025-07-09,001203
2024-10-23,001205
2024-10-08,001206
2024-09-30,001206
2025-05-23,001207
2025-12-11,001208
2023-12-06,001209
2024-12-02,001209
2025-11-05,001209
2023-07-13,001210
2024-11-19,001210
2025-05-08,001210
2026-01-05,001210
2024-10-25,001211
2025-03-21,001212
2026-05-06,001215
2024-01-19,001216
2025-11-17,001216
2025-07-01,001218
2025-05-20,001222
2026-05-13,001223
2025-07-21,001225
2024-01-26,001226
2025-06-12,001228
2025-10-21,001228
2026-01-14,001228
2024-03-14,001229
2026-06-29,001229
2024-09-30,001230
2025-05-27,001230
2026-04-17,001230
2023-07-28,001234
2024-11-01,001234
2024-12-13,001234
2025-04-14,001234
2025-11-04,001255
2024-09-30,001256
2025-03-03,001256
2026-03-06,001258
2025-06-16,001259
2026-01-19,001259
2024-12-09,001260
2025-12-31,001266
2024-10-29,001267
2025-07-03,001267
2025-02-27,001268
2026-05-07,001268
2025-05-29,001277
2026-01-19,001278
2025-01-23,001282
2025-10-09,001287
2026-05-06,001287
2024-03-18,001288
2024-11-11,001288
2024-11-19,001296
2026-03-03,001299
2026-01-12,001300
2024-09-30,001301
2025-02-12,001309
2025-01-15,001309
2025-12-05,001311
2026-05-08,001314
2025-12-24,001316
2025-12-17,001317
2025-07-30,001318
2025-08-26,001326
2024-10-28,001328
2025-04-11,001331
2025-07-30,001331
2025-12-12,001331
2024-09-27,001332
2025-03-17,001332
2025-03-03,001333
2025-04-01,001336
2025-10-24,001336
2025-09-09,001337
2025-06-04,001338
2024-09-30,001339
2025-02-10,001339
2025-05-19,001358
2025-11-28,001359
2026-05-14,001366
2025-05-22,001367
2026-04-16,001367
2024-01-10,001368
2024-11-26,001368
2026-01-22,001368
2026-01-06,001373
2026-02-09,001378
2024-10-21,001380
2025-02-19,001380
2014-08-26,001696
2020-07-06,001696
2024-03-21,001696
2020-08-05,001872
2026-07-20,001872
2014-09-09,001896
2020-12-15,001896
2025-05-20,001896
2026-02-11,001896
2014-09-23,001914
2025-07-30,001914
2023-03-15,001965
2024-01-29,001965
2017-06-07,001979
2018-01-08,001979
2022-09-19,001979
2014-07-29,002001
2015-04-24,002001
2017-09-20,002001
2020-02-12,002001
2020-08-24,002001
2021-01-05,002001
2025-08-21,002001
2014-08-14,002002
2017-03-14,002002
2021-07-23,002002
2014-09-15,002003
2015-11-16,002003
2021-08-05,002003
2022-08-29,002003
2014-02-28,002004
2015-02-03,002004
2020-07-08,002004
2021-04-21,002004
2025-08-20,002004
2021-09-16,002005
2025-06-24,002005
2014-10-08,002007
2018-11-21,002007
2019-08-16,002007
2015-03-31,002008
2024-09-30,002008
2025-08-08,002008
2014-08-08,002009
2020-08-05,002009
2023-12-12,002009
2025-12-26,002009
2025-09-22,002011
2014-09-29,002012
2020-01-03,002012
2026-02-03,002012
2014-08-27,002013
2018-07-24,002013
2020-07-06,002013
2021-01-05,002013
2019-12-09,002014
2020-07-06,002014
2024-02-23,002014
2024-12-27,002014
2016-02-18,002015
2025-06-09,002015
2017-04-12,002016
2024-09-25,002016
2015-02-25,002017
2016-07-18,002017
2021-06-03,002017
2021-11-11,002017
2024-09-30,002017
2025-06-09,002017
2014-01-23,002018
2017-07-31,002019
2022-01-04,002019
2023-11-21,002019
2025-06-12,002019
2025-06-03,002019
2014-09-03,002020
2022-03-25,002020
2022-10-13,002020
2023-04-10,002020
2024-09-30,002020
2025-07-04,002020
2014-08-13,002021
2023-07-04,002021
2023-12-11,002021
2013-07-19,002022
2014-08-22,002022
2015-03-04,002022
2020-01-13,002022
2020-06-17,002022
2025-07-28,002022
2014-07-08,002023
2020-02-17,002023
2024-10-23,002023
2025-08-21,002023
2018-03-27,002025
2018-09-06,002025
2020-06-19,002025
2026-01-08,002025
2015-03-23,002026
2021-08-09,002026
2024-12-04,002026
2024-11-21,002026
2025-03-10,002026
2016-11-09,002027
2022-12-08,002027
2025-07-08,002027
2018-05-07,002028
2020-07-02,002028
2021-04-02,002028
2021-08-10,002028
2021-09-02,002028
2024-02-06,002028
2025-07-15,002028
2021-05-12,002029
2025-07-24,002030
2014-09-02,002032
2017-04-18,002032
2018-04-24,002032
2019-02-25,002032
2020-07-13,002032
2024-02-07,002032
2014-09-09,002033
2021-03-05,002033
2014-07-08,002034
2015-03-31,002034
2017-01-18,002034
2017-10-24,002034
2020-05-06,002034
2021-09-23,002034
2022-07-22,002034
2014-04-21,002035
2016-04-01,002035
2016-09-28,002035
2017-02-23,002035
2017-09-27,002035
2023-03-03,002035
2024-05-06,002035
2024-09-10,002036
2025-07-29,002038
2026-04-03,002038
2015-03-09,002039
2021-09-07,002039
2024-04-08,002039
2025-11-05,002039
2014-02-14,002040
2015-01-28,002040
2025-05-14,002040
2025-04-08,002041
2014-12-01,002042
2016-10-13,002042
2017-12-18,002042
2020-12-01,002042
2014-08-18,002043
2015-03-04,002043
2015-10-21,002043
2020-05-21,002043
2025-10-14,002043
2014-08-18,002044
2018-03-08,002044
2021-02-22,002044
2021-06-22,002045
2024-11-11,002045
2017-01-24,002046
2024-10-08,002046
2015-02-17,002047
2016-08-16,002047
2014-01-24,002048
2015-03-24,002048
2016-05-03,002048
2017-09-11,002048
2021-03-29,002048
2025-02-27,002048
2013-07-16,002049
2019-08-19,002049
2022-08-10,002049
2025-08-18,002049
2017-04-21,002050
2018-03-12,002050
2021-01-04,002050
2025-01-14,002050
2016-10-24,002051
2023-03-17,002051
2026-04-02,002051
2021-08-27,002052
2025-08-28,002053
2021-01-19,002054
2014-12-10,002056
2015-02-16,002056
2025-07-15,002056
2014-02-10,002057
2021-08-27,002057
2022-06-14,002057
2025-03-20,002057
2026-06-15,002057
2021-11-22,002058
2017-04-12,002060
2021-03-26,002060
2025-09-23,002060
2014-10-08,002061
2017-06-27,002061
2020-04-21,002061
2022-02-10,002061
2024-10-08,002061
2025-07-22,002062
2014-02-24,002063
2021-11-25,002063
2024-09-30,002063
2025-02-14,002063
2026-03-09,002063
2020-01-16,002064
2025-09-11,002064
2014-05-16,002066
2015-01-21,002066
2016-11-15,002066
2022-05-30,002066
2024-10-08,002066
2025-07-14,002066
2026-04-10,002066
2024-11-05,002067
2026-06-24,002068
2025-11-19,002069
2016-11-18,002072
2026-06-04,002072
2021-06-15,002073
2021-10-15,002073
2024-04-11,002073
2025-02-26,002073
2014-03-26,002074
2025-05-21,002074
2014-03-03,002075
2014-11-19,002075
2024-08-13,002075
2026-05-20,002076
2014-08-19,002077
2021-06-04,002077
2022-07-25,002077
2026-06-25,002077
2017-07-07,002078
2020-07-08,002078
2021-01-07,002078
2015-03-02,002079
2019-12-10,002079
2015-02-03,002080
2020-12-25,002080
2025-05-16,002080
2017-10-24,002081
2020-08-10,002081
2014-09-23,002083
2020-02-21,002083
2024-10-08,002083
2025-10-17,002083
2014-08-08,002084
2024-10-28,002084
2016-09-28,002085
2017-09-22,002085
2023-07-03,002085
2024-02-29,002085
2014-09-19,002086
2016-08-26,002086
2021-12-06,002086
2023-03-15,002086
2014-12-18,002088
2015-03-18,002088
2016-09-01,002088
2017-09-13,002088
2018-05-08,002088
2022-08-26,002088
2021-07-13,002089
2014-06-18,002090
2025-01-21,002090
2025-07-14,002090
2025-09-17,002090
2015-03-25,002091
2025-08-25,002091
2015-03-09,002092
2016-07-04,002092
2017-07-18,002092
2021-01-14,002092
2026-01-06,002092
2014-06-30,002093
2020-03-12,002093
2024-10-08,002093
2025-03-06,002093
2024-10-22,002094
2015-01-16,002095
2021-11-12,002095
2022-11-17,002095
2025-07-21,002096
2014-08-27,002097
2015-03-10,002097
2020-08-03,002097
2021-08-02,002097
2014-02-11,002098
2021-08-10,002098
2024-07-16,002098
2025-04-17,002098
2015-03-11,002099
2021-04-01,002099
2023-10-13,002099
2024-10-08,002099
2026-01-08,002099
2014-08-27,002100
2021-12-07,002101
2025-03-06,002101
2014-03-19,002103
2020-05-29,002103
2022-01-21,002103
2022-10-20,002103
2023-11-17,002103
2013-11-29,002104
2015-02-10,002104
2025-04-22,002104
2016-12-16,002105
2024-10-08,002105
2019-12-10,002106
2023-09-01,002106
2024-10-31,002106
2025-03-12,002106
2026-03-16,002106
2026-06-05,002106
2020-05-13,002107
2026-04-09,002107
2014-02-12,002108
2015-02-16,002108
2017-04-07,002108
2020-08-13,002108
2026-04-20,002108
2015-03-13,002110
2016-07-07,002110
2017-07-10,002110
2021-08-13,002110
2025-02-26,002110
2025-07-21,002110
2014-01-24,002111
2014-08-04,002111
2019-08-30,002111
2021-03-15,002111
2021-07-13,002111
2023-01-20,002111
2024-04-19,002111
2024-10-21,002111
2015-03-10,002112
2021-06-25,002113
2021-12-06,002113
2020-12-31,002114
2024-12-09,002114
2016-07-21,002115
2023-10-24,002115
2023-05-08,002116
2024-11-07,002117
2014-09-04,002118
2021-12-31,002118
2014-01-21,002119
2016-02-19,002119
2024-10-08,002119
2025-01-07,002119
2020-06-09,002120
2021-05-26,002121
2014-09-24,002123
2025-02-06,002123
2022-03-21,002124
2015-03-23,002125
2025-06-23,002125
2026-06-03,002125
2014-09-02,002126
2016-11-03,002126
2020-01-14,002126
2023-06-20,002126
2024-04-29,002126
2024-10-08,002126
2015-10-16,002127
2019-03-18,002127
2015-02-04,002128
2020-07-03,002128
2021-08-26,002128
2025-09-02,002128
2015-02-17,002129
2019-08-02,002129
2021-06-21,002129
2022-06-30,002129
2015-03-03,002130
2021-03-05,002130
2021-08-05,002130
2023-02-15,002130
2024-03-21,002130
2024-11-22,002131
2025-03-28,002132
2026-04-14,002132
2016-09-30,002133
2014-08-06,002134
2019-09-04,002134
2022-07-15,002134
2024-10-17,002134
2024-06-24,002134
2015-01-28,002135
2026-01-13,002135
2015-02-16,002136
2017-03-01,002136
2020-07-09,002136
2014-06-30,002137
2026-06-03,002137
2014-06-11,002138
2015-02-27,002138
2017-08-30,002138
2020-02-18,002138
2021-01-25,002138
2021-06-28,002138
2024-10-08,002138
2026-05-22,002138
2014-01-28,002139
2015-03-25,002139
2016-11-16,002139
2020-02-24,002139
2021-07-12,002140
2022-01-06,002140
2025-09-11,002140
2014-03-21,002141
2016-07-04,002141
2017-06-27,002142
2019-03-29,002142
2021-01-11,002142
2025-11-10,002142
2024-09-30,002144
2025-08-08,002144
2026-01-28,002144
2021-01-22,002145
2025-08-26,002145
2017-04-05,002146
2015-03-23,002148
2017-05-17,002148
2022-03-02,002148
2024-11-08,002149
2024-10-23,002149
2025-02-20,002149
2019-12-19,002150
2024-09-30,002150
2015-03-25,002151
2025-08-20,002151
2019-09-25,002152
2024-11-28,002152
2025-02-17,002152
2018-07-17,002153
2019-09-06,002153
2020-02-24,002153
2022-01-24,002153
2023-03-24,002153
2025-02-13,002153
2023-01-09,002154
2020-07-24,002155
2022-11-03,002155
2024-05-28,002157
2025-12-12,002157
2014-01-20,002158
2017-04-27,002158
2021-01-04,002158
2021-06-01,002158
2021-11-17,002158
2024-10-08,002158
2025-08-19,002158
2026-05-06,002158
2016-09-29,002159
2019-03-13,002159
2020-08-10,002159
2022-08-19,002159
2022-11-29,002159
2023-06-05,002159
2026-02-12,002159
2020-01-09,002160
2025-07-02,002160
2023-11-17,002161
2024-10-08,002161
2014-09-23,002162
2020-12-11,002162
2026-01-12,002162
2021-01-06,002164
2020-04-22,002165
2024-10-08,002165
2024-11-07,002165
2014-08-01,002166
2015-03-19,002166
2026-01-26,002166
2015-03-18,002167
2026-02-27,002167
2014-08-12,002169
2015-02-16,002169
2020-02-18,002169
2021-07-26,002170
2014-07-03,002171
2016-11-11,002171
2019-12-17,002171
2021-08-26,002171
2025-10-13,002171
2014-05-13,002173
2021-05-11,002173
2026-01-07,002173
2016-03-23,002174
2025-05-21,002174
2014-07-22,002176
2015-04-14,002176
2023-06-05,002177
2013-10-16,002178
2017-02-20,002178
2020-03-05,002178
2023-11-14,002178
2014-07-09,002179
2017-07-24,002179
2018-09-19,002179
2019-07-04,002179
2020-07-22,002179
2026-06-30,002179
2018-04-20,002180
2020-01-15,002180
2024-07-22,002180
2024-09-30,002180
2014-01-20,002181
2015-04-02,002181
2014-07-15,002182
2017-07-27,002182
2025-03-12,002182
2025-08-18,002182
2026-01-06,002182
2015-01-20,002183
2021-02-04,002184
2025-01-07,002184
2017-06-15,002185
2024-10-21,002185
2024-09-30,002185
2026-01-21,002185
2014-09-15,002186
2015-03-25,002186
2022-11-10,002186
2014-09-02,002187
2020-06-02,002187
2025-12-16,002187
2022-01-07,002188
2025-12-18,002188
2023-11-15,002189
2014-05-21,002190
2020-01-02,002190
2020-08-07,002190
2021-12-31,002190
2023-02-01,002190
2024-11-05,002190
2025-05-09,002190
2014-02-17,002194
2015-03-23,002194
2015-02-13,002195
2017-07-31,002195
2023-11-20,002195
2024-10-08,002195
2021-06-28,002196
2025-10-31,002196
2014-11-26,002197
2015-02-10,002197
2023-02-28,002197
2015-11-26,002199
2016-11-14,002199
2022-08-15,002199
2015-01-05,002200
2022-03-23,002200
2014-04-11,002201
2025-12-24,002201
2014-08-26,002202
2015-03-19,002202
2014-11-24,002203
2017-02-21,002203
2022-11-11,002203
2025-07-31,002203
2026-01-09,002203
2024-10-08,002204
2014-08-13,002205
2015-03-25,002205
2017-04-10,002205
2019-10-14,002205
2022-01-07,002205
2025-11-17,002205
2021-02-18,002206
2021-06-28,002206
2025-03-26,002206
2014-09-05,002208
2025-09-26,002208
2015-03-03,002209
2022-03-21,002209
2025-02-26,002209
2017-10-30,002210
2021-03-10,002210
2014-07-09,002212
2015-03-16,002212
2017-11-01,002212
2019-09-04,002212
2014-07-08,002215
2019-04-18,002215
2023-02-13,002215
2015-03-10,002218
2019-02-12,002218
2021-06-28,002218
2013-12-23,002219
2015-03-05,002220
2016-11-10,002220
2014-11-25,002221
2021-09-14,002221
2023-08-14,002221
2014-08-18,002222
2017-08-28,002222
2021-04-16,002222
2023-11-07,002222
2024-10-08,002222
2025-07-28,002222
2026-04-03,002222
2013-09-26,002223
2015-01-27,002223
2019-03-18,002223
2020-02-03,002223
2021-07-07,002223
2014-01-03,002224
2014-08-15,002224
2020-02-12,002224
2023-11-16,002224
2015-03-18,002225
2017-09-15,002225
2025-07-21,002226
2014-02-10,002228
2025-05-27,002228
2019-03-06,002229
2023-02-06,002229
2015-01-22,002230
2017-03-07,002230
2021-01-12,002230
2025-10-09,002230
2014-09-15,002231
2022-02-15,002231
2020-02-26,002232
2021-12-02,002232
2017-04-11,002233
2019-04-08,002233
2020-07-20,002233
2015-03-03,002234
2018-03-01,002236
2021-01-20,002236
2025-03-07,002236
2018-04-12,002237
2024-05-20,002237
2014-09-19,002238
2015-02-12,002238
2020-02-26,002238
2014-12-24,002239
2023-11-17,002239
2017-03-13,002241
2021-08-30,002241
2021-08-27,002241
2025-02-06,002241
2015-07-13,002242
2019-03-11,002242
2019-11-04,002242
2025-11-14,002242
2016-10-11,002243
2024-10-30,002243
2018-01-24,002244
2022-01-10,002244
2024-10-08,002245
2014-07-29,002246
2017-01-06,002246
2024-10-30,002247
2015-01-22,002248
2019-03-12,002248
2021-08-23,002248
2022-10-19,002248
2014-02-10,002249
2021-05-10,002249
2024-12-05,002249
2025-02-20,002249
2019-08-23,002250
2020-06-09,002250
2025-02-06,002250
2020-04-24,002251
2025-04-17,002251
2020-07-13,002252
2023-11-30,002252
2021-01-12,002254
2022-12-05,002254
2025-04-08,002254
2026-01-12,002254
2021-08-26,002255
2013-10-21,002256
2014-09-03,002256
2024-11-11,002256
2026-03-17,002256
2014-09-29,002258
2017-12-11,002258
2020-05-28,002258
2021-01-29,002258
2025-03-26,002258
2016-10-14,002259
2020-07-14,002259
2021-09-28,002259
2022-12-15,002259
2014-03-17,002260
2014-09-02,002261
2019-12-23,002261
2022-10-31,002261
2014-08-20,002262
2017-06-19,002262
2020-04-14,002262
2015-03-02,002263
2021-01-11,002263
2025-06-25,002263
2026-04-02,002263
2016-10-26,002264
2016-06-01,002265
2024-10-08,002265
2015-03-03,002266
2020-07-28,002266
2025-07-21,002266
2026-01-22,002266
2026-04-30,002266
2014-10-08,002267
2024-11-11,002267
2018-03-12,002268
2024-12-02,002269
2020-07-07,002270
2021-09-10,002270
2024-02-19,002270
2018-03-08,002271
2019-11-01,002271
2021-01-05,002271
2025-12-26,002271
2015-03-09,002272
2020-11-03,002272
2021-08-24,002272
2025-02-12,002273
2026-04-09,002273
2015-03-18,002274
2014-09-02,002275
2023-03-29,002275
2025-08-05,002275
2014-07-10,002276
2025-02-19,002276
2014-09-12,002278
2014-01-29,002279
2015-01-20,002279
2020-02-06,002279
2013-11-29,002281
2017-11-10,002281
2020-02-24,002281
2020-07-13,002281
2024-10-31,002281
2014-03-19,002282
2014-08-18,002282
2016-08-30,002282
2021-07-14,002282
2022-09-07,002282
2024-12-02,002282
2015-02-03,002283
2021-09-02,002283
2014-02-07,002284
2020-07-13,002284
2020-11-23,002284
2020-12-21,002284
2024-09-30,002284
2025-02-06,002284
2024-11-05,002285
2014-02-12,002286
2017-01-06,002286
2024-09-30,002286
2025-04-30,002286
2015-03-04,002287
2016-11-08,002287
2020-07-27,002287
2025-04-14,002287
2025-07-21,002287
2014-08-08,002288
2020-02-20,002288
2014-08-18,002289
2015-04-01,002289
2020-01-07,002289
2022-12-05,002289
2020-10-29,002290
2022-07-27,002290
2023-06-20,002290
2024-03-21,002290
2025-09-15,002290
2015-03-10,002291
2016-11-04,002291
2025-11-18,002291
2015-03-02,002292
2014-10-31,002293
2021-04-14,002293
2025-10-28,002293
2020-06-23,002294
2024-09-30,002294
2025-04-21,002294
2025-09-24,002294
2022-07-29,002295
2025-05-28,002295
2014-08-28,002296
2022-08-17,002296
2026-01-12,002296
2017-03-27,002297
2020-08-06,002297
2025-05-16,002297
2019-10-17,002298
2020-02-12,002298
2015-03-09,002299
2016-07-07,002299
2018-07-23,002299
2019-01-22,002299
2025-04-03,002299
2026-02-06,002299
2014-04-10,002300
2021-08-18,002300
2013-09-30,002301
2015-01-26,002301
2019-10-30,002301
2014-11-03,002302
2017-01-11,002302
2019-03-20,002302
2014-03-31,002303
2014-07-03,002303
2016-06-22,002303
2025-08-07,002303
2014-07-18,002304
2015-06-03,002304
2016-07-06,002304
2018-05-30,002304
2020-07-06,002304
2015-03-16,002307
2025-07-22,002307
2025-11-24,002307
2015-03-18,002309
2021-11-12,002309
2017-04-05,002310
2017-08-28,002310
2024-10-29,002310
2025-09-12,002310
2026-03-16,002310
2017-06-30,002311
2019-02-19,002311
2019-12-27,002311
2021-02-04,002311
2015-03-09,002312
2020-02-11,002312
2021-01-25,002312
2021-07-06,002312
2017-09-07,002313
2015-03-09,002314
2016-11-22,002314
2022-01-18,002314
2019-09-02,002315
2022-12-07,002315
2023-03-21,002315
2026-01-12,002315
2014-08-27,002316
2025-05-12,002316
2022-10-21,002317
2025-06-09,002317
2019-11-13,002318
2021-01-04,002318
2021-08-13,002318
2023-09-13,002318
2025-10-09,002318
2016-09-02,002319
2021-11-18,002319
2025-07-03,002319
2026-01-26,002319
2014-09-05,002320
2015-03-03,002320
2021-09-06,002320
2014-08-11,002321
2015-03-04,002321
2017-08-17,002321
2021-11-22,002321
2015-01-21,002322
2016-10-19,002322
2020-07-09,002322
2023-10-31,002322
2014-09-26,002324
2025-12-29,002324
2014-08-19,002326
2019-11-12,002326
2025-03-03,002326
2018-05-28,002327
2021-11-18,002327
2023-05-04,002327
2016-11-11,002328
2021-11-29,002328
2025-08-13,002328
2026-04-01,002328
2014-04-24,002329
2015-03-11,002329
2020-03-05,002329
2026-05-12,002329
2014-12-04,002330
2015-03-10,002330
2024-11-28,002330
2025-09-15,002330
2014-02-07,002331
2014-09-05,002331
2016-11-14,002331
2020-06-16,002331
2021-01-26,002331
2023-11-23,002331
2024-10-08,002331
2026-01-16,002331
2014-02-14,002332
2018-04-25,002332
2020-03-20,002332
2014-09-18,002333
2016-09-08,002333
2017-01-23,002333
2018-07-20,002333
2022-07-11,002333
2017-11-14,002334
2021-07-20,002334
2021-07-30,002334
2025-02-11,002334
2014-02-18,002335
2014-09-03,002335
2020-02-12,002335
2020-07-10,002335
2014-07-25,002336
2015-03-23,002336
2021-12-02,002336
2022-06-29,002337
2013-10-15,002338
2014-07-01,002338
2020-03-19,002338
2021-11-24,002338
2024-06-28,002338
2022-07-29,002339
2025-12-09,002339
2014-08-06,002340
2020-01-14,002340
2020-12-21,002340
2024-09-30,002340
2025-09-08,002340
2014-08-18,002341
2015-03-25,002342
2020-11-20,002342
2023-02-14,002342
2025-03-14,002342
2013-09-16,002344
2022-08-11,002344
2023-01-09,002345
2025-02-19,002345
2015-12-17,002346
2025-12-26,002346
2015-03-16,002347
2023-12-19,002347
2025-12-26,002347
2014-08-19,002348
2015-02-17,002348
2025-12-02,002348
2015-01-19,002349
2017-03-10,002349
2024-11-27,002349
2017-05-18,002350
2021-08-12,002350
2025-10-10,002350
2013-12-26,002351
2019-09-16,002351
2024-10-28,002351
2015-03-23,002352
2019-03-28,002353
2019-11-18,002353
2024-04-15,002353
2021-04-06,002355
2022-06-28,002355
2015-03-12,002356
2025-11-25,002356
2016-11-15,002357
2019-04-03,002357
2013-10-24,002358
2014-04-30,002358
2018-01-24,002359
2014-01-09,002361
2017-02-07,002361
2020-07-13,002361
2024-10-23,002361
2025-08-04,002361
2014-09-05,002362
2017-08-30,002362
2020-08-31,002362
2014-08-19,002363
2022-05-23,002363
2025-03-07,002363
2025-12-25,002363
2014-02-10,002364
2019-09-16,002364
2020-03-04,002364
2020-07-27,002364
2024-09-27,002364
2015-03-19,002365
2017-06-19,002365
2024-10-08,002365
2025-04-07,002365
2014-06-23,002366
2014-11-05,002366
2017-09-05,002366
2023-05-23,002366
2014-03-07,002367
2025-12-30,002367
2015-02-16,002368
2022-11-17,002368
2013-12-31,002369
2019-03-06,002369
2020-01-15,002369
2021-08-13,002369
2015-03-20,002370
2022-01-07,002370
2018-08-13,002371
2023-04-20,002371
2024-09-30,002371
2025-08-21,002371
2014-07-03,002372
2018-01-02,002372
2020-10-29,002372
2021-03-03,002372
2023-02-14,002372
2019-03-06,002373
2024-11-08,002373
2014-07-31,002374
2015-03-09,002374
2025-10-31,002374
2015-03-04,002375
2014-01-24,002376
2019-02-25,002376
2024-09-30,002376
2025-06-11,002376
2022-06-20,002377
2026-02-05,002377
2017-09-11,002378
2024-04-11,002378
2025-05-16,002378
2014-02-07,002379
2015-03-17,002379
2014-06-16,002380
2020-08-04,002380
2023-06-15,002380
2024-10-08,002380
2025-02-10,002380
2026-03-02,002380
2014-02-10,002381
2024-04-09,002381
2014-02-24,002382
2018-01-09,002382
2020-05-26,002382
2025-07-03,002382
2026-03-11,002382
2016-10-26,002383
2017-11-16,002383
2018-04-09,002383
2020-02-25,002383
2020-08-04,002383
2025-12-24,002383
2014-09-12,002384
2016-10-12,002384
2017-03-24,002384
2017-08-15,002384
2021-11-04,002384
2015-01-22,002385
2017-07-31,002386
2025-07-01,002386
2026-04-20,002386
2020-07-10,002387
2023-10-13,002387
2022-06-27,002388
2022-11-02,002388
2013-08-22,002391
2015-03-18,002391
2015-03-09,002392
2020-07-06,002392
2024-11-11,002392
2024-10-08,002392
2025-04-21,002392
2023-08-25,002393
2025-05-29,002393
2015-01-14,002394
2023-08-21,002394
2025-06-04,002394
2014-03-31,002395
2019-12-09,002395
2022-10-12,002395
2025-07-09,002395
2015-02-11,002396
2019-03-07,002396
2020-02-10,002396
2025-01-20,002396
2026-07-06,002396
2014-06-10,002397
2015-03-05,002397
2020-05-14,002397
2026-01-21,002397
2019-04-18,002398
2020-03-03,002398
2024-11-20,002398
2025-11-25,002398
2020-07-13,002399
2024-09-30,002399
2025-06-03,002399
2023-02-09,002400
2014-06-10,002401
2020-04-01,002401
2022-11-02,002401
2025-02-24,002401
2014-11-21,002402
2015-03-04,002402
2019-08-19,002402
2021-01-11,002402
2015-03-06,002403
2014-02-18,002404
2016-11-10,002404
2019-05-14,002404
2020-06-15,002404
2014-08-22,002405
2019-09-24,002405
2020-02-24,002405
2014-07-04,002406
2017-02-08,002406
2023-09-15,002406
2025-03-18,002406
2014-07-08,002407
2025-09-05,002407
2014-07-16,002408
2016-10-19,002408
2026-01-23,002408
2014-02-18,002409
2014-08-18,002409
2017-11-06,002409
2019-09-04,002409
2025-09-25,002409
2014-01-02,002410
2016-06-28,002410
2017-05-25,002410
2018-03-09,002410
2019-06-21,002410
2021-01-18,002410
2022-12-15,002410
2017-06-08,002411
2018-05-07,002411
2015-03-25,002412
2016-11-09,002412
2024-12-02,002412
2026-02-06,002412
2020-02-18,002413
2023-11-06,002413
2025-11-25,002413
2019-09-02,002414
2021-01-04,002414
2025-12-22,002414
2013-08-26,002415
2015-01-13,002415
2017-02-08,002415
2020-08-03,002415
2026-04-20,002415
2019-10-28,002416
2021-05-12,002418
2026-04-13,002418
2014-11-27,002419
2016-11-21,002419
2018-01-11,002419
2015-03-18,002420
2021-02-26,002420
2021-08-24,002420
2025-03-17,002420
2015-05-06,002421
2020-04-21,002421
2023-01-31,002421
2018-03-07,002422
2022-12-29,002422
2024-04-30,002422
2025-04-01,002422
2026-07-01,002422
2017-08-07,002423
2020-07-15,002423
2024-09-26,002423
2013-11-07,002425
2016-07-20,002425
2025-06-04,002425
2014-02-10,002426
2014-08-14,002426
2015-02-17,002426
2021-05-11,002426
2024-11-07,002426
2026-01-15,002426
2015-03-31,002427
2021-11-18,002427
2015-03-10,002428
2023-06-19,002428
2025-12-31,002428
2023-11-17,002429
2024-12-23,002429
2017-02-08,002430
2020-01-20,002430
2020-02-17,002430
2014-01-17,002432
2014-02-25,002433
2014-09-04,002433
2013-08-16,002434
2014-05-23,002434
2016-07-06,002434
2020-10-21,002434
2014-08-18,002435
2014-08-18,002436
2023-03-22,002436
2026-01-19,002436
2013-10-09,002437
2015-01-27,002437
2025-07-10,002437
2014-08-08,002438
2020-07-06,002438
2025-12-12,002438
2014-06-18,002439
2017-11-13,002439
2018-03-30,002439
2020-02-06,002439
2013-07-04,002440
2014-02-07,002440
2017-07-31,002440
2018-01-30,002440
2019-04-02,002440
2026-01-20,002440
2014-08-12,002441
2019-05-13,002441
2020-01-07,002441
2025-01-14,002441
2024-11-20,002442
2026-05-21,002442
2015-02-27,002443
2020-10-16,002443
2021-12-17,002443
2022-06-10,002443
2024-10-08,002443
2025-07-07,002443
2026-04-22,002443
2014-09-10,002444
2024-09-11,002444
2025-07-25,002444
2026-01-06,002444
2014-08-22,002445
2015-03-10,002445
2021-05-12,002445
2021-12-02,002445
2022-06-28,002446
2014-08-12,002447
2018-01-10,002447
2019-10-28,002447
2021-07-09,002448
2024-12-02,002448
2025-02-06,002448
2014-10-28,002449
2016-09-06,002449
2017-06-29,002449
2024-09-30,002449
2014-09-29,002450
2014-02-11,002451
2015-02-27,002451
2016-11-14,002451
2017-06-26,002451
2025-11-05,002451
2015-03-19,002452
2019-03-07,002452
2020-02-24,002452
2021-09-10,002452
2021-09-08,002452
2026-01-15,002452
2026-06-25,002452
2021-06-11,002453
2021-08-09,002454
2024-10-31,002454
2026-04-09,002454
2016-12-14,002455
2026-01-30,002455
2014-09-12,002457
2024-09-30,002457
2015-03-12,002458
2026-04-21,002458
2014-02-26,002459
2019-09-16,002459
2025-10-30,002459
2014-07-02,002460
2015-03-05,002460
2025-09-05,002460
2026-03-27,002460
2015-05-13,002461
2020-05-13,002461
2014-02-11,002462
2014-09-11,002462
2025-11-14,002462
2014-09-04,002463
2024-02-19,002463
2025-07-04,002463
2026-02-26,002463
2015-07-29,002464
2019-12-16,002465
2020-08-03,002465
2023-10-11,002465
2024-11-05,002465
2025-12-29,002465
2026-04-14,002466
2014-08-15,002467
2015-02-11,002467
2022-11-10,002467
2019-02-12,002468
2024-09-03,002468
2025-07-11,002468
2015-01-30,002469
2020-07-21,002469
2021-02-23,002469
2022-08-16,002469
2024-11-12,002469
2026-01-23,002469
2021-06-21,002470
2013-12-09,002471
2021-05-24,002471
2022-08-11,002471
2024-12-11,002471
2016-08-16,002472
2024-09-30,002472
2025-01-14,002472
2021-11-17,002474
2014-06-06,002475
2015-01-21,002475
2019-02-26,002475
2024-06-17,002475
2025-08-28,002475
2019-02-27,002476
2019-09-16,002476
2022-03-23,002476
2025-06-20,002476
2015-03-25,002477
2014-09-02,002478
2023-05-11,002478
2019-09-06,002479
2024-09-30,002479
2026-03-25,002479
2014-09-02,002480
2015-03-12,002480
2016-08-08,002480
2016-12-08,002481
2023-11-09,002482
2014-02-10,002483
2016-08-30,002483
2017-01-06,002483
2025-01-16,002483
2020-02-12,002484
2022-08-01,002484
2014-01-30,002486
2019-09-09,002486
2022-10-17,002486
2014-02-10,002487
2014-08-25,002487
2015-03-18,002487
2019-09-27,002487
2025-04-14,002487
2026-01-21,002487
2019-11-27,002489
2025-05-15,002489
2016-08-15,002490
2021-04-08,002490
2022-09-14,002490
2013-08-05,002491
2014-06-13,002491
2015-04-30,002491
2023-03-31,002491
2014-08-13,002492
2023-02-06,002492
2024-10-08,002492
2025-06-16,002492
2014-08-15,002493
2017-11-16,002493
2019-03-18,002493
2020-07-07,002493
2014-09-18,002494
2023-12-01,002494
2025-06-09,002494
2026-04-30,002494
2022-12-29,002495
2014-01-21,002496
2014-09-17,002496
2022-05-16,002496
2026-03-06,002496
2015-03-05,002497
2017-03-27,002497
2025-07-22,002497
2026-01-16,002498
2015-03-02,002499
2016-02-18,002502
2014-08-06,002504
2015-03-04,002505
2026-01-26,002506
2015-05-18,002507
2017-02-13,002507
2020-03-31,002507
2014-10-28,002508
2015-02-17,002508
2017-02-16,002508
2017-12-25,002508
2014-07-02,002509
2014-02-13,002510
2017-09-21,002510
2023-11-28,002510
2024-10-28,002510
2026-02-13,002510
2017-10-12,002511
2018-05-31,002511
2020-03-31,002511
2025-08-11,002511
2021-05-14,002513
2022-06-16,002513
2024-11-07,002513
2013-10-11,002515
2025-04-14,002515
2025-08-13,002516
2017-11-07,002517
2015-02-11,002519
2022-06-02,002519
2024-10-08,002519
2025-12-01,002519
2013-11-20,002520
2021-08-03,002520
2026-06-24,002520
2021-08-25,002522
2025-02-20,002522
2026-01-23,002522
2026-05-06,002522
2015-03-18,002523
2017-03-16,002524
2020-10-29,002524
2026-01-26,002524
2018-08-27,002526
2013-07-24,002527
2014-01-29,002527
2015-03-05,002527
2021-05-13,002527
2025-09-10,002527
2015-03-20,002529
2016-11-02,002529
2021-01-27,002529
2021-06-09,002529
2026-05-11,002529
2024-11-15,002530
2015-03-02,002531
2017-12-13,002531
2020-07-31,002531
2021-03-22,002531
2025-07-24,002532
2021-07-16,002533
2024-02-27,002533
2025-02-24,002533
2025-08-15,002533
2016-10-10,002534
2017-08-23,002534
2019-10-09,002534
2020-06-02,002534
2024-10-08,002534
2025-01-14,002534
2026-02-09,002534
2015-03-26,002535
2021-03-01,002535
2022-07-28,002535
2025-03-20,002535
2014-08-18,002536
2015-03-20,002536
2021-05-27,002536
2025-01-10,002536
2014-09-10,002537
2024-09-30,002537
2014-08-04,002539
2015-01-27,002539
2016-05-05,002539
2020-04-22,002539
2021-01-20,002539
2021-07-09,002539
2025-05-20,002539
2026-01-06,002539
2014-07-21,002540
2021-08-25,002540
2024-12-05,002540
2025-08-22,002540
2014-06-26,002541
2019-11-27,002541
2021-06-23,002541
2026-01-13,002541
2014-12-15,002543
2022-07-25,002543
2025-01-17,002543
2014-07-08,002544
2015-04-22,002544
2021-10-18,002544
2024-03-29,002544
2015-02-25,002545
2017-06-19,002545
2024-12-02,002545
2015-03-16,002546
2022-03-01,002546
2025-01-21,002546
2025-06-05,002546
2014-06-20,002548
2015-01-22,002548
2014-01-27,002549
2015-03-25,002549
2022-06-28,002549
2020-08-05,002550
2022-12-07,002550
2024-09-30,002550
2025-05-28,002550
2015-03-26,002552
2026-01-15,002552
2015-02-04,002553
2020-11-18,002553
2016-11-23,002554
2021-12-31,002554
2025-06-17,002554
2014-12-16,002555
2020-06-12,002555
2025-07-04,002555
2015-03-23,002556
2020-02-10,002556
2020-08-18,002556
2021-03-02,002556
2021-11-30,002556
2015-03-18,002557
2016-04-28,002557
2018-11-05,002557
2014-09-09,002558
2025-02-06,002558
2015-03-09,002559
2023-07-20,002559
2023-11-17,002559
2026-06-26,002559
2014-11-28,002560
2015-04-02,002560
2020-03-16,002560
2024-11-05,002560
2025-05-08,002560
2025-12-09,002560
2016-09-07,002562
2022-05-06,002562
2025-07-04,002562
2014-09-23,002563
2024-05-14,002563
2013-10-14,002564
2014-02-14,002564
2016-11-15,002564
2022-06-07,002564
2025-04-18,002564
2017-04-05,002565
2025-12-02,002565
2021-05-06,002566
2022-01-04,002566
2023-12-04,002566
2024-11-21,002566
2017-03-27,002567
2014-03-12,002568
2015-01-16,002568
2020-02-19,002568
2015-03-19,002570
2019-03-06,002570
2013-07-04,002571
2015-04-29,002571
2024-10-31,002571
2014-10-29,002572
2020-08-31,002572
2021-09-02,002573
2022-02-21,002573
2015-03-04,002574
2025-03-12,002574
2026-01-14,002574
2022-07-29,002575
2014-02-10,002576
2021-09-06,002576
2021-08-06,002576
2013-10-09,002577
2023-11-15,002577
2015-03-18,002578
2016-09-12,002578
2021-03-22,002578
2025-07-21,002578
2024-10-08,002579
2025-06-19,002579
2021-01-07,002580
2021-07-06,002580
2024-09-30,002580
2026-03-27,002580
2018-05-07,002582
2020-06-09,002582
2024-11-28,002582
2025-12-22,002582
2014-01-29,002583
2015-03-03,002583
2023-02-27,002583
2023-02-22,002583
2023-12-01,002583
2024-10-08,002583
2024-09-23,002583
2017-09-13,002584
2021-08-24,002584
2025-04-21,002584
2014-08-21,002585
2015-03-20,002585
2021-01-08,002585
2025-12-05,002585
2025-11-11,002585
2026-05-11,002585
2014-02-07,002587
2014-08-07,002587
2019-11-08,002587
2013-11-22,002588
2021-08-30,002588
2024-06-25,002588
2025-04-22,002588
2014-07-04,002589
2015-01-26,002589
2017-03-07,002589
2025-12-04,002589
2014-01-27,002590
2021-11-15,002590
2023-02-23,002590
2019-12-26,002591
2022-07-28,002593
2025-11-12,002593
2013-09-11,002594
2014-02-10,002594
2017-09-26,002594
2020-02-20,002594
2025-02-10,002594
2014-04-30,002595
2015-03-02,002595
2020-07-23,002595
2023-02-13,002595
2024-03-29,002595
2024-09-04,002595
2025-10-27,002595
2014-04-17,002597
2014-06-23,002597
2015-03-11,002597
2017-01-09,002597
2020-01-02,002597
2021-01-05,002597
2026-02-10,002597
2015-02-09,002599
2017-02-08,002599
2023-03-21,002599
2020-10-26,002600
2024-06-28,002600
2025-02-06,002600
2015-02-13,002601
2017-03-01,002601
2020-11-11,002601
2026-01-06,002601
2014-11-10,002602
2020-06-23,002602
2015-04-02,002603
2025-11-07,002603
2015-03-17,002604
2016-08-01,002605
2019-08-28,002605
2015-04-01,002606
2026-01-20,002606
2014-08-07,002607
2015-03-05,002607
2019-08-16,002607
2013-12-03,002608
2014-07-30,002608
2017-03-02,002608
2024-03-08,002608
2026-03-11,002608
2014-01-17,002609
2019-08-16,002609
2020-01-13,002609
2022-11-15,002609
2023-03-02,002609
2023-11-24,002609
2025-04-17,002609
2015-03-10,002610
2020-12-16,002610
2021-08-13,002611
2024-02-27,002611
2015-02-03,002612
2025-06-04,002612
2025-10-31,002612
2014-05-28,002613
2016-05-17,002613
2016-11-22,002613
2024-11-07,002613
2015-03-25,002614
2017-12-21,002614
2015-03-20,002615
2021-11-15,002615
2025-06-13,002615
2017-04-05,002616
2015-05-04,002617
2024-09-30,002617
2025-09-05,002617
2014-05-23,002619
2015-03-11,002619
2014-01-22,002622
2020-08-18,002622
2014-09-05,002623
2019-12-19,002623
2021-07-23,002623
2022-07-13,002623
2025-07-03,002623
2018-05-23,002624
2020-06-24,002624
2024-03-27,002625
2015-02-25,002626
2020-05-27,002626
2024-10-28,002626
2025-05-15,002626
2014-06-10,002627
2019-11-11,002627
2022-03-23,002627
2025-04-22,002627
2014-12-15,002628
2015-03-19,002628
2016-02-02,002628
2022-09-01,002628
2015-04-07,002629
2021-12-15,002629
2024-12-11,002629
2014-08-14,002631
2015-02-11,002631
2026-03-06,002631
2014-06-26,002632
2015-03-03,002632
2016-11-09,002632
2020-07-09,002632
2023-11-27,002632
2024-10-08,002632
2025-03-14,002632
2015-04-10,002633
2021-12-28,002633
2025-10-22,002633
2026-03-10,002633
2024-09-30,002635
2014-02-14,002636
2015-03-19,002636
2020-12-04,002636
2024-09-30,002636
2025-01-16,002636
2025-10-29,002636
2016-10-13,002637
2021-03-18,002637
2021-08-11,002637
2024-11-07,002637
2026-01-20,002637
2019-12-12,002638
2025-11-05,002639
2014-07-30,002640
2016-09-06,002640
2021-12-01,002640
2015-02-06,002641
2019-11-07,002641
2020-01-09,002641
2014-02-10,002642
2021-12-21,002642
2022-10-19,002642
2020-02-19,002643
2020-12-21,002643
2026-06-24,002643
2013-10-21,002644
2015-03-24,002644
2021-12-27,002644
2022-10-31,002644
2025-07-28,002644
2014-07-29,002645
2018-02-26,002645
2025-03-20,002645
2026-04-01,002645
2016-08-15,002647
2019-12-05,002647
2025-09-16,002647
2025-11-17,002647
2016-10-19,002648
2017-05-16,002648
2018-01-04,002648
2025-01-14,002648
2026-01-26,002648
2014-01-27,002649
2014-11-28,002649
2020-02-18,002649
2023-01-30,002649
2015-04-13,002651
2024-11-05,002651
2015-03-23,002652
2016-10-11,002652
2022-11-18,002652
2024-11-12,002652
2025-12-26,002652
2020-06-17,002653
2024-04-25,002653
2025-04-01,002653
2026-06-30,002653
2015-03-04,002654
2026-05-18,002654
2024-10-24,002655
2024-10-08,002655
2017-10-31,002656
2022-02-11,002656
2022-11-14,002657
2023-11-08,002657
2025-06-30,002658
2026-01-23,002658
2016-10-18,002659
2022-10-18,002659
2014-01-15,002660
2015-05-27,002660
2022-05-30,002660
2023-02-10,002660
2025-01-17,002660
2014-10-14,002661
2015-04-01,002661
2019-03-22,002661
2024-09-27,002661
2014-07-14,002662
2017-10-11,002662
2021-12-13,002662
2024-11-05,002662
2026-01-21,002662
2022-02-10,002663
2019-09-02,002664
2020-07-24,002664
2025-02-06,002664
2014-03-18,002665
2015-03-03,002665
2022-06-20,002666
2025-01-20,002666
2013-11-25,002668
2015-03-23,002668
2023-02-08,002668
2024-04-16,002668
2014-03-18,002669
2015-08-07,002669
2021-11-22,002669
2025-06-03,002669
2026-05-27,002669
2016-11-22,002670
2020-12-01,002670
2024-04-30,002670
2014-09-10,002671
2015-03-02,002671
2025-07-21,002671
2015-02-25,002672
2014-09-24,002673
2024-09-27,002673
2015-03-16,002674
2021-07-19,002674
2025-07-15,002674
2014-02-11,002675
2019-03-18,002675
2019-10-18,002675
2020-05-20,002675
2014-09-15,002676
2021-06-22,002676
2023-11-10,002676
2025-06-24,002676
2017-02-20,002677
2018-04-20,002677
2020-08-05,002677
2023-01-31,002679
2025-07-24,002679
2015-01-21,002681
2015-03-20,002682
2021-12-14,002682
2025-11-13,002682
2013-11-29,002683
2014-10-09,002683
2019-12-10,002683
2024-09-30,002683
2025-04-21,002683
2017-09-05,002685
2014-07-11,002686
2023-01-17,002686
2025-03-20,002686
2026-06-30,002687
2014-08-04,002688
2020-07-29,002688
2025-04-02,002688
2013-12-25,002690
2014-09-03,002690
2020-04-20,002690
2023-01-19,002690
2025-05-19,002690
2023-11-07,002692
2024-10-28,002692
2026-04-14,002692
2014-07-30,002693
2022-01-11,002693
2026-05-08,002693
2019-10-18,002695
2022-07-05,002696
2022-12-29,002696
2020-03-02,002697
2024-11-07,002697
2025-12-16,002697
2013-12-09,002698
2019-12-17,002698
2023-06-29,002698
2014-05-30,002700
2014-11-10,002700
2022-08-10,002700
2013-11-15,002701
2015-01-20,002701
2021-09-09,002701
2024-11-01,002701
2025-10-13,002701
2014-09-10,002703
2020-12-17,002703
2025-09-23,002703
2025-12-17,002703
2015-04-01,002705
2016-10-26,002705
2021-01-18,002705
2025-08-21,002705
2026-04-15,002705
2016-11-10,002706
2020-12-29,002706
2025-03-05,002706
2022-11-01,002707
2024-10-18,002707
2026-05-12,002708
2026-04-14,002709
2017-01-09,002711
2026-01-09,002712
2015-03-20,002714
2017-08-08,002714
2022-07-04,002714
2016-11-03,002715
2021-05-10,002716
2025-07-11,002716
2023-07-25,002718
2015-05-13,002722
2021-10-14,002722
2023-02-16,002722
2025-07-17,002722
2014-10-17,002723
2016-11-07,002723
2020-04-10,002723
2021-05-31,002723
2021-11-12,002723
2019-11-06,002724
2020-08-05,002724
2025-03-17,002724
2023-06-15,002725
2023-06-14,002725
2025-12-09,002725
2015-02-11,002727
2020-05-29,002727
2021-02-08,002727
2025-05-20,002727
2017-03-15,002728
2021-05-20,002728
2023-11-24,002728
2025-10-22,002728
2021-09-24,002729
2022-05-27,002729
2025-01-21,002729
2026-01-09,002729
2024-11-11,002730
2019-07-25,002732
2020-07-17,002732
2026-03-11,002733
2020-04-07,002734
2024-09-30,002734
2020-06-23,002735
2020-07-09,002736
2020-09-01,002737
2022-04-29,002737
2022-10-14,002737
2024-05-09,002737
2020-07-07,002738
2020-11-05,002738
2025-08-11,002738
2024-03-19,002739
2023-03-06,002740
2021-05-31,002741
2026-05-22,002741
2017-08-28,002742
2020-07-20,002742
2024-10-30,002742
2024-10-24,002743
2024-09-30,002745
2026-01-21,002745
2022-11-14,002746
2023-03-24,002747
2026-05-19,002747
2025-10-15,002748
2021-11-04,002751
2017-01-05,002753
2017-07-28,002753
2024-12-06,002753
2016-08-26,002755
2020-04-14,002755
2024-09-30,002755
2025-02-27,002755
2016-09-27,002756
2019-09-26,002756
2024-11-18,002757
2016-10-26,002758
2020-06-05,002758
2022-02-18,002758
2025-11-05,002758
2020-05-15,002760
2021-06-22,002760
2023-02-08,002760
2026-01-22,002760
2017-01-10,002761
2018-11-13,002761
2021-10-11,002763
2023-06-30,002763
2025-08-05,002763
2021-11-26,002766
2016-12-19,002767
2025-01-20,002767
2025-10-20,002767
2018-05-21,002768
2025-05-14,002768
2026-05-19,002768
2022-01-04,002769
2025-11-27,002769
2020-04-08,002770
2021-10-25,002770
2022-10-18,002771
2021-06-23,002772
2025-04-10,002772
2020-06-12,002773
2023-05-23,002773
2025-03-27,002773
2019-03-21,002774
2021-08-30,002774
2023-08-30,002774
2024-12-02,002774
2024-11-14,002774
2022-05-18,002775
2020-02-06,002777
2022-10-17,002777
2018-12-20,002778
2023-03-07,002778
2025-07-23,002778
2021-10-11,002779
2024-01-11,002779
2023-05-16,002780
2024-01-08,002780
2020-11-13,002782
2024-09-30,002782
2025-08-11,002782
2023-12-29,002783
2024-11-11,002783
2025-07-21,002783
2021-10-14,002785
2021-09-30,002785
2022-11-09,002785
2022-11-04,002785
2024-08-07,002785
2021-04-23,002786
2022-06-27,002786
2020-08-03,002787
2023-01-20,002787
2024-10-28,002787
2026-04-14,002787
2020-07-13,002788
2022-03-14,002788
2025-11-06,002788
2019-04-04,002790
2023-01-05,002790
2025-10-28,002790
2019-09-02,002791
2021-01-12,002791
2020-02-24,002792
2025-11-27,002792
2021-07-27,002795
2022-10-17,002795
2022-09-30,002795
2018-11-19,002796
2020-07-06,002797
2024-09-30,002797
2019-03-18,002798
2026-04-27,002798
2019-11-01,002799
2026-01-16,002800
2021-04-21,002801
2022-05-20,002801
2022-04-15,002801
2020-07-09,002802
2021-06-01,002802
2023-10-10,002802
2024-11-14,002802
2025-04-11,002802
2019-04-04,002803
2022-11-16,002803
2026-05-07,002803
2025-11-05,002805
2018-04-24,002806
2026-02-10,002806
2019-03-08,002808
2024-11-07,002809
2025-04-18,002809
2019-12-02,002810
2021-01-12,002810
2025-12-23,002810
2025-12-22,002810
2022-02-21,002811
2026-02-25,002811
2025-12-19,002813
2019-08-19,002815
2019-08-12,002815
2024-10-08,002815
2025-02-06,002815
2026-05-25,002815
2019-12-26,002817
2021-12-28,002817
2022-08-11,002818
2024-12-12,002818
2019-09-12,002819
2022-10-17,002819
2023-02-22,002819
2024-11-27,002820
2024-11-22,002820
2018-03-28,002821
2020-12-25,002821
2025-05-29,002821
2025-08-18,002823
2026-05-25,002823
2022-06-02,002824
2026-01-19,002824
2021-09-09,002825
2025-02-21,002825
2020-07-29,002826
2024-10-28,002826
2019-03-26,002827
2020-06-18,002827
2023-04-12,002827
2022-02-08,002828
2023-09-28,002828
2025-06-16,002828
2026-01-29,002828
2020-01-14,002829
2023-06-21,002829
2025-10-10,002829
2019-07-24,002830
2022-01-25,002830
2023-03-21,002830
2024-10-28,002830
2025-06-06,002830
2018-04-26,002832
2020-06-29,002832
2023-02-09,002832
2017-09-22,002833
2021-09-09,002833
2023-02-22,002833
2023-08-31,002833
2026-04-28,002833
2022-06-16,002836
2022-10-14,002836
2024-09-30,002836
2025-10-14,002836
2024-03-18,002837
2024-10-08,002837
2020-02-05,002838
2018-04-02,002841
2019-02-21,002841
2019-08-27,002841
2020-07-08,002841
2021-01-26,002841
2025-02-14,002841
2026-07-07,002841
2021-08-27,002842
2021-08-06,002842
2024-11-29,002842
2021-08-24,002843
2022-01-10,002843
2026-03-02,002843
2024-10-24,002845
2019-09-20,002847
2025-04-01,002847
2020-08-20,002848
2026-01-05,002848
2023-06-09,002849
2026-01-21,002849
2020-12-21,002850
2025-02-06,002850
2026-04-16,002850
2019-03-11,002851
2020-11-04,002851
2023-06-21,002851
2025-12-24,002851
2020-07-07,002852
2023-04-19,002852
2020-05-13,002853
2020-06-03,002857
2021-08-02,002857
2025-05-12,002857
2021-06-22,002858
2026-01-12,002858
2020-02-12,002859
2021-03-25,002859
2021-12-02,002859
2022-11-15,002859
2025-07-29,002859
2026-01-19,002859
2020-01-14,002860
2021-06-08,002860
2025-03-06,002860
2025-04-30,002860
2026-07-06,002860
2023-04-03,002861
2026-06-25,002861
2022-11-07,002862
2023-12-15,002862
2024-10-17,002862
2025-12-01,002862
2022-07-18,002863
2025-03-20,002863
2025-12-25,002865
2019-12-30,002866
2022-06-27,002866
2026-03-16,002866
2019-04-01,002867
2020-07-02,002867
2024-02-07,002867
2025-05-27,002867
2025-11-04,002868
2020-02-24,002869
2023-04-10,002869
2025-02-19,002870
2023-06-28,002871
2026-03-10,002875
2023-02-20,002878
2023-12-21,002878
2024-12-09,002879
2023-05-18,002880
2021-10-19,002881
2020-08-20,002882
2025-05-21,002882
2021-12-14,002884
2025-08-18,002885
2025-09-09,002886
2020-05-28,002887
2026-02-05,002887
2019-11-11,002888
2026-05-18,002888
2020-03-10,002889
2024-06-12,002889
2019-12-25,002890
2024-10-14,002891
2025-03-12,002891
2019-03-11,002892
2021-03-24,002893
2023-05-15,002893
2025-08-13,002893
2020-08-13,002895
2025-05-16,002895
2022-07-06,002896
2021-08-27,002897
2025-09-19,002897
2022-01-10,002898
2025-12-30,002899
2019-07-10,002901
2025-04-30,002901
2019-09-09,002902
2026-03-26,002902
2021-08-23,002903
2025-03-18,002903
2026-03-09,002903
2019-05-21,002905
2023-05-11,002905
2021-12-29,002907
2025-05-28,002907
2023-04-06,002908
2022-06-14,002909
2025-05-13,002909
2025-10-09,002910
2021-09-07,002911
2024-09-30,002911
2025-09-30,002911
2026-01-23,002911
2019-03-01,002913
2020-02-24,002913
2025-02-19,002913
2021-08-20,002915
2020-02-13,002916
2020-07-09,002916
2026-05-15,002918
2020-07-09,002919
2020-11-13,002920
2025-02-26,002921
2019-10-14,002922
2021-05-17,002922
2024-04-17,002922
2026-02-03,002923
2025-03-11,002925
2026-01-12,002925
2025-07-15,002926
2025-02-07,002929
2021-10-25,002930
2025-08-19,002930
2026-02-03,002930
2023-06-30,002931
2022-11-21,002935
2025-11-13,002935
2021-11-10,002937
2025-03-07,002937
2025-02-26,002937
2020-07-09,002938
2025-08-14,002939
2022-10-18,002940
2025-06-03,002940
2022-02-17,002941
2023-04-24,002941
2025-08-08,002941
2023-02-13,002942
2024-10-08,002942
2025-05-07,002942
2021-11-11,002943
2024-06-17,002943
2023-08-15,002945
2023-10-12,002947
2024-06-28,002947
2026-04-23,002948
2025-08-27,002950
2026-04-10,002950
2023-02-08,002951
2026-03-05,002952
2024-11-27,002953
2025-06-11,002955
2026-06-12,002955
2024-12-12,002956
2024-12-11,002956
2025-04-10,002956
2025-11-12,002956
2025-09-22,002957
2026-02-04,002957
2022-11-03,002959
2023-04-18,002959
2025-08-18,002959
2025-02-21,002960
2023-07-31,002961
2025-06-04,002961
2025-12-05,002961
2022-08-22,002962
2025-10-14,002963
2020-02-25,002965
2026-06-26,002965
2024-09-30,002966
2026-01-06,002967
2021-04-14,002968
2025-06-03,002968
2026-01-15,002968
2024-05-28,002970
2025-03-12,002970
2026-01-07,002970
2021-12-03,002971
2023-11-20,002971
2026-05-15,002971
2025-05-12,002972
2026-06-15,002972
2024-10-22,002973
2025-09-08,002973
2026-04-09,002975
2025-12-01,002976
2021-06-09,002978
2026-01-06,002978
2024-08-01,002979
2024-09-30,002979
2026-05-11,002979
2025-06-13,002980
2026-02-27,002980
2023-10-31,002981
2021-07-26,002983
2023-11-14,002983
2026-02-03,002983
2022-08-01,002984
2024-04-19,002984
2025-04-18,002985
2025-12-25,002985
2026-02-12,002986
2023-03-21,002987
2021-08-16,002988
2023-09-18,002988
2025-04-11,002988
2024-04-23,002989
2026-06-22,002989
2025-02-14,002990
2023-11-17,002992
2022-07-14,002993
2023-11-07,002993
2024-12-10,002993
2026-04-20,002993
2026-01-21,002995
2025-06-11,002996
2024-11-11,002997
2025-05-13,002998
2026-05-06,002998
2023-02-01,003000
2024-04-22,003000
2025-05-19,003000
2024-06-19,003001
2025-04-24,003002
2024-11-11,003003
2025-04-21,003003
2023-12-11,003004
2022-11-09,003006
2025-04-21,003006
2022-10-27,003007
2023-08-28,003007
2026-01-09,003007
2024-12-05,003008
2023-05-24,003010
2023-05-23,003011
2025-08-27,003012
2026-07-27,003013
2021-09-10,003015
2025-06-23,003015
2024-10-08,003016
2025-12-03,003016
2024-10-08,003017
2025-04-23,003017
2024-10-08,003018
2025-03-11,003018
2024-03-19,003019
2024-10-08,003019
2025-02-21,003019
2026-04-23,003022
2024-09-30,003023
2025-07-23,003023
2026-04-17,003023
2021-08-27,003025
2024-09-30,003025
2025-02-26,003025
2026-06-10,003025
2026-04-24,003026
2025-06-10,003027
2026-04-21,003027
2025-02-19,003028
2022-12-16,003030
2026-05-11,003030
2023-04-13,003031
2026-04-03,003031
2023-11-21,003032
2026-07-30,003032
2024-12-04,003033
2025-06-05,003035
2026-01-20,003035
2023-02-03,003036
2025-05-07,003036
2026-03-19,003036
2025-07-14,003037
2025-12-31,003039
2023-10-31,003041
2024-11-25,003041
2025-05-09,003041
2025-10-30,003041
2022-11-01,003042
2026-01-23,003042
2026-04-01,003043
2024-01-08,003816
2014-10-15,200018
2013-10-14,200053
2015-04-10,200054
2021-08-31,200054
2014-10-08,200168
2015-04-09,200413
2017-03-14,200418
2019-03-04,200418
2014-09-10,200613
2015-04-10,200771
2020-08-04,200771
2022-07-28,200771
2020-07-06,200986
2013-10-10,300001
2014-06-17,300001
2024-10-08,300001
2025-09-23,300001
2026-05-13,300001
2023-01-30,300002
2017-12-21,300003
2020-07-03,300003
2013-08-09,300004
2015-01-22,300004
2019-10-24,300004
2024-09-30,300004
2025-08-18,300004
2025-11-13,300005
2013-08-05,300006
2014-01-30,300006
2021-08-02,300006
2026-04-03,300006
2014-05-15,300007
2015-02-12,300007
2021-06-21,300007
2015-10-23,300008
2025-11-19,300008
2014-08-11,300009
2020-05-14,300009
2025-07-31,300009
2013-12-24,300011
2024-09-30,300011
2021-04-21,300012
2026-05-07,300013
2014-03-04,300014
2015-03-24,300014
2024-09-30,300014
2016-06-17,300015
2017-10-10,300015
2019-04-25,300015
2020-05-13,300015
2014-01-08,300016
2015-02-16,300016
2024-09-27,300016
2024-10-08,300017
2025-01-24,300017
2016-10-25,300018
2024-09-30,300018
2025-07-08,300018
2026-02-27,300018
2014-08-18,300019
2019-09-10,300019
2022-08-10,300019
2025-06-25,300019
2017-05-16,300021
2025-05-07,300021
2014-09-25,300022
2016-10-10,300022
2024-09-30,300022
2014-02-07,300023
2014-06-24,300024
2014-03-26,300025
2021-07-12,300025
2021-12-31,300025
2015-03-19,300026
2013-11-29,300029
2016-10-13,300029
2022-07-27,300029
2025-11-14,300029
2016-10-17,300030
2024-09-27,300031
2025-02-14,300031
2026-06-18,300031
2015-01-19,300032
2013-07-02,300033
2022-11-30,300033
2020-06-29,300034
2013-08-08,300035
2013-12-16,300035
2014-09-29,300035
2021-05-28,300035
2014-01-20,300036
2023-01-30,300036
2023-03-01,300036
2026-01-09,300036
2014-09-09,300038
2017-12-07,300038
2014-01-15,300039
2014-10-13,300039
2020-01-21,300039
2021-12-27,300039
2014-01-07,300040
2015-03-04,300040
2020-07-20,300040
2026-03-20,300040
2013-09-09,300041
2014-08-07,300041
2017-06-08,300041
2022-07-28,300041
2025-07-18,300041
2026-05-25,300041
2013-09-25,300042
2014-01-20,300042
2015-03-16,300042
2016-11-18,300042
2017-09-01,300042
2019-10-09,300042
2020-01-06,300043
2023-04-03,300043
2023-02-02,300045
2025-12-25,300045
2024-06-12,300046
2014-04-09,300047
2014-08-15,300047
2019-03-07,300047
2023-10-18,300047
2024-10-08,300048
2025-07-09,300048
2026-01-08,300048
2021-05-19,300049
2023-09-18,300049
2015-03-13,300050
2023-09-01,300050
2026-04-08,300050
2015-02-10,300051
2022-11-11,300051
2020-02-18,300052
2026-05-08,300052
2019-12-18,300053
2013-09-06,300054
2014-11-13,300054
2024-09-30,300054
2025-09-18,300054
2014-12-05,300055
2026-03-02,300055
2018-06-19,300056
2020-09-03,300056
2021-12-15,300056
2026-04-30,300056
2026-04-09,300057
2015-03-12,300058
2023-03-13,300058
2014-06-05,300059
2018-01-24,300059
2020-12-31,300059
2013-12-30,300061
2014-06-27,300061
2024-09-30,300062
2025-11-04,300062
2014-07-07,300063
2023-02-09,300063
2014-08-25,300067
2014-09-30,300069
2015-03-13,300069
2016-09-02,300069
2025-02-18,300069
2017-04-10,300070
2015-03-18,300071
2022-11-10,300071
2014-08-11,300072
2015-02-13,300072
2016-04-11,300072
2017-03-13,300072
2020-02-18,300074
2023-02-03,300074
2014-01-23,300075
2015-01-20,300075
2021-11-15,300075
2023-02-28,300075
2014-12-11,300077
2015-02-13,300077
2016-10-25,300077
2021-06-07,300077
2026-06-30,300077
2020-02-12,300078
2015-02-13,300079
2014-08-22,300080
2014-02-14,300082
2015-03-30,300082
2014-10-28,300083
2026-05-15,300083
2014-06-20,300084
2014-11-21,300084
2015-03-26,300084
2025-03-20,300084
2026-01-05,300084
2020-07-06,300085
2013-10-09,300086
2014-11-26,300086
2016-11-09,300086
2017-08-14,300088
2024-09-30,300088
2026-04-16,300088
2021-06-24,300089
2014-05-22,300092
2020-07-14,300092
2025-06-18,300092
2014-07-08,300093
2015-03-05,300093
2020-08-11,300093
2025-11-20,300093
2016-10-20,300094
2025-11-18,300094
2020-02-26,300095
2025-05-07,300095
2013-11-18,300098
2014-02-10,300098
2014-06-11,300098
2015-02-02,300098
2023-10-11,300098
2013-08-27,300099
2017-01-26,300099
2024-09-30,300099
2025-03-05,300099
2026-01-06,300099
2014-02-10,300100
2015-02-04,300101
2021-01-11,300101
2014-09-04,300102
2017-11-15,300102
2023-10-31,300102
2013-11-28,300103
2016-11-11,300103
2019-03-04,300103
2026-05-11,300103
2015-03-13,300105
2026-07-10,300105
2014-09-26,300106
2016-08-18,300106
2020-08-24,300106
2023-09-01,300106
2026-05-08,300106
2014-05-28,300107
2017-05-04,300107
2024-03-29,300107
2014-01-10,300109
2021-09-13,300109
2025-08-07,300109
2014-02-14,300110
2015-06-03,300110
2017-10-27,300110
2013-07-02,300111
2015-03-16,300111
2020-07-31,300111
2025-08-08,300111
2013-11-29,300112
2019-12-20,300112
2021-12-10,300112
2017-07-06,300115
2021-01-04,300115
2023-03-24,300115
2015-04-16,300116
2020-02-25,300116
2015-03-17,300117
2017-04-05,300117
2013-07-15,300118
2014-10-08,300118
2019-09-02,300118
2020-12-15,300118
2025-11-05,300118
2025-12-24,300118
2013-10-25,300119
2015-03-24,300119
2020-04-20,300119
2025-05-12,300119
2014-01-03,300120
2015-03-09,300120
2017-03-17,300120
2024-10-15,300120
2016-11-25,300121
2020-07-03,300121
2019-12-13,300124
2022-11-02,300124
2025-09-08,300124
2023-08-29,300126
2024-10-08,300126
2025-09-17,300126
2014-02-20,300127
2015-03-26,300127
2023-07-05,300127
2025-10-13,300127
2015-02-17,300128
2017-02-15,300128
2023-02-07,300128
2025-03-12,300128
2015-04-03,300129
2020-08-03,300129
2014-09-12,300130
2019-03-01,300130
2020-01-07,300130
2014-10-09,300131
2025-08-20,300131
2014-08-13,300132
2019-02-25,300132
2026-02-27,300132
2014-01-16,300134
2015-03-24,300134
2019-03-12,300134
2019-02-18,300134
2023-02-03,300134
2023-10-11,300134
2015-01-20,300135
2026-03-03,300135
2014-06-10,300136
2016-09-01,300136
2024-09-30,300136
2025-10-09,300136
2014-08-19,300137
2017-04-06,300137
2025-08-08,300137
2016-07-11,300138
2020-03-11,300138
2022-12-07,300138
2025-04-08,300138
2021-10-27,300139
2025-09-05,300139
2014-10-30,300140
2017-05-25,300140
2020-03-18,300140
2023-02-14,300140
2023-05-05,300140
2026-01-05,300140
2014-02-11,300141
2023-06-13,300141
2024-09-30,300141
2025-10-15,300141
2014-09-03,300142
2018-05-02,300142
2020-04-14,300142
2026-05-11,300142
2017-08-30,300143
2024-09-30,300143
2025-08-28,300143
2026-01-12,300143
2014-01-24,300144
2014-10-28,300144
2021-03-01,300144
2014-02-14,300145
2026-06-09,300145
2026-06-16,300145
2015-03-20,300146
2018-01-09,300146
2019-03-15,300146
2020-07-23,300146
2020-10-30,300146
2013-06-21,300148
2020-07-08,300148
2026-02-10,300148
2014-01-24,300150
2014-10-09,300150
2020-04-21,300151
2021-10-20,300151
2026-01-05,300151
2016-06-07,300153
2024-09-30,300153
2014-06-30,300154
2015-03-16,300154
2020-08-27,300154
2023-05-04,300154
2024-12-02,300154
2024-09-30,300154
2013-07-23,300155
2020-02-11,300155
2024-12-03,300155
2025-11-14,300155
2015-03-24,300156
2016-06-27,300156
2016-11-04,300158
2019-07-02,300158
2022-01-04,300158
2025-07-23,300158
2014-09-23,300159
2026-04-16,300159
2025-07-02,300160
2014-09-15,300161
2019-09-06,300161
2021-08-20,300161
2016-03-31,300162
2016-03-24,300162
2019-08-12,300162
2026-01-12,300162
2014-07-16,300163
2020-06-16,300163
2025-10-28,300163
2015-05-27,300164
2025-06-16,300164
2014-11-24,300166
2014-02-10,300168
2018-03-12,300168
2020-07-10,300168
2014-07-02,300169
2013-10-18,300170
2015-01-29,300170
2019-03-07,300170
2023-01-20,300170
2026-01-08,300170
2015-03-04,300171
2025-08-01,300171
2014-09-10,300172
2015-03-02,300172
2023-08-23,300172
2025-06-23,300172
2014-07-10,300174
2022-08-04,300174
2024-11-11,300174
2020-06-12,300175
2017-02-09,300176
2018-06-11,300176
2023-07-27,300176
2024-10-31,300176
2013-11-27,300177
2019-04-04,300177
2020-10-16,300177
2013-11-28,300178
2013-12-25,300178
2018-05-07,300178
2014-08-22,300179
2015-02-02,300179
2019-12-17,300179
2020-09-07,300179
2024-09-30,300179
2014-06-05,300180
2024-09-25,300180
2013-07-25,300181
2021-12-24,300181
2024-10-08,300181
2025-06-03,300181
2014-01-29,300182
2014-02-20,300182
2026-02-09,300182
2014-01-22,300183
2015-01-27,300183
2020-02-07,300183
2024-09-24,300183
2025-03-04,300183
2021-11-10,300184
2023-09-06,300184
2026-04-20,300184
2015-03-20,300185
2026-03-10,300185
2014-08-21,300187
2015-03-19,300187
2021-08-31,300187
2026-02-26,300187
2020-01-21,300188
2015-03-16,300189
2021-08-03,300189
2024-11-07,300189
2013-10-18,300190
2014-06-24,300190
2015-02-04,300190
2019-07-18,300191
2022-03-03,300191
2026-01-22,300191
2014-08-18,300192
2020-03-31,300192
2013-12-13,300193
2015-03-18,300193
2019-08-20,300193
2020-08-25,300193
2024-05-10,300193
2014-01-29,300194
2023-10-27,300194
2024-09-30,300194
2023-11-20,300195
2014-12-04,300196
2019-12-26,300196
2025-07-01,300196
2026-02-10,300196
2016-08-08,300197
2017-03-21,300197
2013-11-05,300199
2021-11-10,300199
2019-11-19,300200
2023-09-21,300200
2025-11-24,300200
2016-10-31,300201
2020-08-27,300201
2023-04-12,300201
2025-12-25,300201
2015-03-23,300202
2015-02-12,300203
2017-09-18,300203
2021-09-02,300203
2022-09-27,300203
2024-09-30,300203
2025-04-18,300204
2015-02-11,300207
2016-09-05,300207
2019-09-17,300207
2021-01-04,300207
2021-06-04,300207
2025-09-05,300207
2016-10-20,300208
2014-11-27,300209
2016-11-18,300209
2020-01-13,300209
2024-09-02,300209
2025-09-26,300209
2015-03-18,300210
2014-08-22,300213
2015-03-20,300214
2015-12-25,300214
2024-11-20,300214
2025-02-10,300214
2026-05-06,300214
2013-11-26,300215
2015-03-20,300215
2020-03-05,300215
2021-07-09,300215
2025-07-22,300215
2013-12-24,300216
2016-11-25,300216
2014-11-27,300217
2021-11-08,300217
2022-06-23,300217
2019-09-23,300218
2020-08-03,300218
2024-10-08,300218
2025-08-06,300218
2023-10-13,300219
2026-03-05,300219
2026-05-25,300219
2020-01-13,300220
2014-02-17,300221
2024-04-01,300221
2025-02-20,300221
2025-12-24,300221
2014-09-15,300222
2014-11-06,300223
2024-10-08,300223
2014-02-10,300224
2019-06-10,300224
2020-11-23,300224
2014-09-02,300225
2017-09-18,300225
2018-01-17,300226
2020-02-17,300226
2026-01-14,300226
2017-09-19,300227
2020-06-17,300227
2023-01-18,300227
2026-01-19,300227
2015-03-11,300228
2021-07-20,300228
2025-03-19,300228
2014-06-27,300229
2015-02-02,300229
2020-02-17,300229
2021-07-19,300229
2022-07-19,300229
2014-11-12,300230
2024-10-08,300230
2024-09-30,300230
2025-03-28,300230
2013-11-15,300231
2014-09-09,300231
2020-01-22,300231
2023-07-14,300231
2015-03-03,300232
2023-03-10,300232
2013-11-25,300233
2020-03-30,300233
2013-12-27,300234
2014-08-08,300234
2015-02-16,300234
2020-03-23,300234
2024-10-08,300234
2025-07-28,300234
2026-04-21,300234
2015-03-04,300235
2019-10-28,300235
2023-03-10,300235
2024-10-08,300236
2024-09-30,300236
2025-08-12,300236
2014-11-25,300238
2025-05-30,300238
2013-10-15,300239
2014-11-06,300239
2022-05-11,300239
2026-01-12,300239
2014-02-11,300240
2014-09-09,300240
2015-03-05,300240
2022-04-13,300240
2024-07-10,300240
2025-08-20,300241
2026-03-05,300241
2014-01-03,300242
2023-11-16,300242
2025-11-05,300242
2026-02-25,300243
2015-01-12,300244
2020-02-05,300244
2020-06-05,300244
2026-01-09,300244
2019-10-21,300246
2020-02-05,300246
2026-01-12,300246
2016-08-18,300247
2021-12-29,300247
2020-08-05,300248
2014-09-03,300249
2022-02-18,300249
2024-09-27,300249
2014-01-22,300250
2016-11-23,300250
2021-12-17,300250
2014-12-29,300251
2018-01-25,300251
2018-01-22,300251
2025-02-05,300251
2015-02-12,300252
2016-09-29,300252
2023-03-06,300252
2018-09-03,300253
2023-03-27,300253
2023-10-27,300254
2025-06-12,300254
2026-05-06,300254
2014-01-24,300255
2014-11-07,300255
2021-08-04,300255
2019-10-21,300256
2020-07-13,300256
2023-09-07,300256
2014-01-07,300257
2015-02-26,300257
2017-01-23,300257
2022-08-29,300257
2025-07-11,300257
2026-01-19,300257
2014-08-11,300258
2025-02-12,300258
2025-09-16,300258
2025-10-31,300259
2026-05-15,300259
2022-02-28,300260
2025-03-27,300260
2014-05-20,300261
2021-11-15,300261
2014-11-28,300262
2016-08-26,300262
2021-08-24,300262
2024-09-30,300263
2025-07-21,300263
2026-01-08,300263
2013-12-27,300264
2020-01-06,300264
2015-03-23,300265
2025-03-20,300265
2015-03-03,300267
2026-05-07,300267
2025-11-13,300268
2023-11-01,300269
2025-12-02,300269
2023-02-06,300270
2026-05-07,300270
2019-10-28,300271
2015-03-02,300272
2025-06-12,300272
2025-11-12,300272
2015-01-14,300273
2015-02-16,300274
2020-02-20,300274
2024-09-11,300274
2014-11-28,300276
2020-05-26,300276
2024-02-29,300276
2014-09-05,300277
2023-02-01,300277
2014-04-09,300278
2015-11-10,300279
2020-02-17,300280
2016-09-20,300281
2024-07-29,300281
2014-01-16,300282
2022-02-15,300282
2014-07-02,300283
2016-10-10,300283
2024-11-11,300283
2024-06-27,300283
2025-07-08,300283
2026-01-21,300283
2014-09-15,300284
2015-02-26,300284
2024-04-16,300284
2013-12-27,300285
2017-09-01,300285
2019-04-01,300285
2020-02-18,300285
2020-12-21,300285
2020-01-07,300286
2021-07-21,300286
2025-03-05,300286
2016-10-20,300287
2020-02-12,300287
2023-11-08,300287
2013-05-17,300288
2021-10-08,300288
2025-07-31,300289
2025-12-30,300291
2022-02-08,300292
2024-09-30,300292
2026-04-23,300292
2023-09-06,300293
2013-12-23,300294
2020-02-10,300294
2014-01-23,300296
2015-02-25,300296
2017-03-07,300296
2017-10-09,300296
2024-10-08,300296
2013-11-14,300297
2015-02-17,300297
2020-10-19,300297
2018-05-07,300298
2019-10-10,300298
2020-04-15,300298
2021-02-01,300298
2015-02-06,300299
2025-11-25,300299
2022-03-18,300300
2023-09-13,300300
2019-10-18,300302
2021-08-03,300302
2014-01-08,300303
2019-10-28,300303
2024-09-30,300303
2015-01-21,300304
2025-07-24,300304
2026-06-04,300304
2014-08-05,300305
2020-02-24,300305
2021-06-24,300305
2026-05-28,300305
2013-11-05,300306
2014-06-16,300306
2016-03-22,300306
2022-02-07,300306
2024-09-30,300306
2025-02-19,300306
2013-12-12,300307
2014-09-09,300308
2013-11-06,300309
2014-09-10,300309
2015-12-03,300309
2022-09-05,300309
2013-08-08,300310
2013-11-29,300310
2015-03-18,300310
2020-09-08,300310
2023-11-21,300310
2014-11-28,300312
2022-01-06,300312
2014-09-25,300313
2020-08-18,300313
2020-02-14,300314
2020-06-24,300314
2026-01-13,300315
2017-08-01,300316
2022-08-18,300316
2013-11-11,300317
2014-08-22,300317
2015-03-18,300317
2026-02-27,300317
2024-10-08,300318
2025-11-12,300318
2013-10-30,300319
2015-01-21,300319
2023-10-13,300319
2026-05-25,300319
2016-08-29,300320
2017-08-03,300320
2016-11-11,300321
2020-02-14,300321
2023-08-30,300321
2025-08-25,300321
2019-01-04,300322
2021-12-06,300322
2024-08-14,300322
2017-07-04,300323
2022-11-07,300323
2014-02-11,300324
2015-02-05,300324
2023-11-10,300324
2013-10-21,300325
2014-06-24,300325
2014-08-08,300325
2021-02-03,300327
2025-10-24,300327
2025-12-01,300327
2015-03-03,300328
2014-11-04,300329
2015-03-18,300330
2016-06-02,300331
2016-08-19,300331
2023-06-20,300331
2014-01-02,300332
2017-04-07,300332
2026-03-03,300332
2014-01-23,300333
2020-03-13,300333
2024-09-30,300333
2013-10-16,300334
2026-06-05,300334
2016-10-10,300335
2017-10-13,300335
2021-08-02,300335
2025-07-04,300335
2026-03-06,300335
2014-09-26,300336
2015-01-26,300336
2021-08-10,300337
2013-11-18,300339
2024-09-26,300339
2021-12-30,300341
2014-11-25,300342
2025-12-04,300342
2015-03-03,300343
2016-10-12,300343
2014-09-04,300344
2017-05-10,300344
2023-01-03,300345
2015-03-25,300346
2019-07-18,300346
2025-09-24,300346
2014-06-26,300347
2018-02-27,300347
2019-05-15,300347
2020-12-04,300347
2024-09-30,300347
2024-09-26,300348
2014-03-20,300349
2014-11-03,300349
2024-04-26,300349
2025-11-03,300349
2024-10-08,300350
2025-11-25,300350
2015-03-24,300351
2026-04-22,300351
2014-10-30,300353
2019-09-06,300353
2022-02-21,300353
2023-01-31,300353
2025-09-16,300353
2020-07-09,300354
2023-12-13,300354
2014-10-08,300355
2015-03-03,300355
2021-12-21,300355
2018-03-08,300357
2019-03-18,300357
2020-12-10,300357
2015-03-04,300358
2015-03-16,300360
2020-07-07,300360
2022-11-02,300360
2020-01-20,300363
2021-01-20,300363
2014-11-27,300365
2018-03-12,300365
2018-08-28,300365
2024-09-30,300365
2023-07-25,300368
2025-04-22,300368
2020-02-07,300369
2021-07-13,300369
2026-01-15,300369
2015-03-20,300370
2016-06-23,300370
2020-02-18,300370
2023-04-17,300370
2024-11-07,300370
2020-07-06,300371
2021-11-15,300371
2023-02-07,300371
2025-05-20,300371
2017-11-03,300373
2021-01-12,300373
2025-07-25,300373
2020-06-12,300374
2021-09-02,300374
2023-04-17,300374
2020-08-25,300375
2025-08-18,300375
2025-07-22,300376
2019-02-15,300379
2021-06-15,300379
2022-10-13,300379
2023-04-06,300379
2020-09-04,300380
2023-03-09,300380
2020-02-06,300381
2020-06-05,300381
2015-03-23,300382
2021-05-26,300382
2026-06-25,300382
2020-02-06,300383
2020-07-09,300383
2024-09-30,300383
2019-06-21,300384
2024-10-08,300384
2024-09-30,300384
2025-02-21,300384
2020-05-15,300386
2020-08-26,300387
2025-02-24,300387
2020-02-27,300388
2024-09-30,300388
2025-09-12,300388
2020-12-10,300389
2026-03-19,300389
2020-01-13,300390
2021-05-28,300390
2016-09-07,300393
2020-02-07,300394
2019-09-06,300395
2020-02-18,300395
2022-06-24,300395
2024-09-26,300395
2025-04-09,300395
2024-10-10,300397
2026-01-06,300397
2026-01-28,300398
2023-02-02,300399
2023-08-09,300399
2019-02-19,300400
2021-04-27,300400
2018-05-10,300401
2025-07-24,300401
2026-01-12,300401
2016-10-20,300402
2020-08-11,300402
2021-08-06,300402
2025-03-13,300402
2025-11-03,300402
2022-07-14,300403
2023-06-15,300403
2024-09-30,300403
2020-08-11,300404
2024-09-30,300404
2025-02-17,300404
2019-03-07,300405
2023-12-20,300405
2025-11-13,300405
2023-03-01,300406
2025-02-19,300406
2017-04-10,300407
2020-10-26,300407
2022-03-02,300407
2023-02-14,300407
2024-09-30,300407
2026-02-26,300407
2018-05-16,300408
2020-01-03,300408
2022-11-15,300408
2024-09-30,300408
2025-08-13,300408
2016-11-21,300412
2020-06-30,300412
2021-11-29,300412
2025-10-28,300412
2019-03-12,300413
2021-01-13,300413
2025-09-15,300413
2016-11-10,300414
2020-09-02,300414
2023-02-02,300414
2023-08-29,300414
2025-06-26,300414
2016-10-13,300415
2019-12-10,300415
2021-02-02,300415
2022-08-02,300416
2016-11-08,300417
2023-07-24,300417
2024-10-29,300417
2026-01-09,300418
2017-03-24,300420
2020-08-18,300420
2023-06-13,300420
2024-11-08,300420
2026-05-20,300420
2020-09-07,300421
2025-09-24,300421
2017-03-06,300422
2020-03-03,300422
2024-12-03,300422
2025-05-28,300422
2019-02-22,300423
2023-05-17,300424
2026-01-12,300424
2026-05-25,300424
2023-07-17,300425
2024-10-08,300425
2021-12-10,300426
2025-11-06,300427
2020-01-06,300428
2020-11-06,300428
2021-07-30,300428
2025-03-06,300428
2015-11-05,300429
2023-09-06,300429
2026-06-30,300429
2021-06-04,300432
2017-03-07,300433
2017-10-31,300433
2021-01-11,300433
2024-04-01,300433
2025-02-06,300433
2024-10-08,300434
2025-06-03,300434
2025-11-10,300434
2025-06-03,300435
2020-12-10,300436
2026-03-12,300438
2020-04-20,300439
2021-04-06,300439
2022-01-14,300439
2024-09-30,300439
2021-10-14,300440
2026-01-23,300440
2019-12-23,300441
2025-02-27,300441
2020-02-05,300442
2021-10-21,300444
2025-03-19,300444
2019-10-09,300445
2020-02-18,300445
2023-05-18,300445
2025-02-24,300445
2021-08-18,300446
2022-02-21,300446
2023-11-09,300446
2025-10-30,300446
2016-11-25,300447
2025-06-27,300447
2024-10-08,300448
2023-02-10,300449
2025-02-26,300449
2026-02-13,300449
2019-03-12,300450
2018-10-19,300451
2019-02-25,300451
2022-10-26,300451
2020-04-13,300452
2021-12-27,300452
2024-10-08,300452
2025-07-01,300452
2025-06-09,300453
2020-01-17,300454
2020-12-31,300454
2026-01-12,300454
2019-12-18,300455
2018-07-16,300456
2019-02-25,300456
2019-12-10,300456
2021-08-12,300456
2023-04-04,300456
2017-07-13,300457
2018-11-27,300457
2019-03-11,300458
2021-09-08,300459
2017-10-23,300461
2020-04-16,300463
2024-09-30,300463
2023-07-24,300464
2025-09-29,300464
2024-10-08,300465
2025-08-21,300465
2020-03-13,300466
2023-05-17,300466
2024-10-08,300467
2025-02-10,300467
2019-02-25,300468
2020-08-03,300468
2022-01-04,300468
2022-11-10,300468
2024-09-30,300468
2024-09-25,300468
2021-10-18,300469
2019-04-04,300470
2020-06-30,300470
2023-04-07,300470
2020-02-11,300471
2026-02-27,300471
2019-10-10,300473
2026-02-24,300473
2020-02-18,300474
2021-06-07,300474
2020-08-07,300475
2026-04-20,300476
2016-10-21,300478
2022-01-12,300478
2020-09-08,300479
2021-06-11,300480
2023-11-07,300480
2021-11-24,300481
2025-11-25,300481
2026-06-15,300481
2016-09-06,300482
2019-08-08,300482
2020-07-10,300484
2021-12-21,300486
2026-06-02,300486
2016-11-16,300487
2018-01-16,300487
2020-02-21,300487
2023-02-09,300487
2023-10-09,300488
2024-12-16,300488
2024-10-08,300488
2026-05-08,300488
2020-02-12,300489
2023-03-15,300489
2024-10-14,300489
2020-10-26,300490
2025-02-12,300491
2025-09-12,300492
2026-01-08,300492
2023-02-20,300493
2019-10-14,300494
2021-11-04,300494
2020-12-22,300496
2025-02-06,300496
2020-02-20,300497
2021-09-24,300497
2025-11-06,300497
2019-01-07,300498
2022-06-27,300498
2019-08-07,300499
2020-01-23,300499
2016-06-20,300500
2020-07-10,300501
2022-01-12,300501
2023-02-08,300501
2026-04-13,300501
2020-01-17,300502
2024-10-08,300503
2023-03-02,300504
2026-03-11,300504
2020-10-28,300505
2025-11-05,300505
2026-01-08,300505
2025-11-04,300506
2026-06-24,300506
2023-11-07,300507
2024-07-24,300507
2025-03-05,300507
2025-09-18,300507
2025-02-25,300508
2023-05-11,300509
2024-11-28,300509
2024-09-30,300509
2025-10-10,300509
2021-07-05,300510
2020-04-27,300511
2026-04-27,300511
2026-04-24,300511
2025-03-04,300512
2020-01-22,300513
2023-05-16,300513
2021-10-25,300514
2023-05-16,300514
2020-07-07,300515
2021-12-30,300515
2024-09-30,300515
2025-01-17,300515
2020-08-17,300516
2023-03-06,300516
2024-09-27,300516
2025-07-03,300516
2025-11-21,300516
2020-06-17,300517
2021-04-20,300517
2022-08-23,300517
2024-09-30,300519
2025-10-23,300520
2024-11-05,300521
2024-08-29,300521
2026-01-19,300521
2020-01-13,300522
2025-07-10,300522
2019-09-16,300523
2024-11-11,300523
2023-03-13,300525
2023-04-28,300528
2019-03-11,300529
2021-01-22,300529
2024-09-30,300529
2020-03-20,300530
2023-11-14,300531
2019-09-02,300533
2020-01-09,300533
2020-02-05,300533
2023-02-16,300533
2024-09-30,300534
2026-07-21,300534
2020-09-08,300535
2024-09-30,300535
2025-06-09,300535
2021-08-02,300536
2023-10-25,300536
2019-07-30,300537
2020-02-25,300537
2023-09-05,300537
2026-05-18,300537
2023-09-05,300538
2020-07-09,300541
2023-03-17,300541
2023-08-24,300541
2025-03-05,300541
2019-10-22,300542
2020-09-04,300542
2024-05-17,300542
2020-07-08,300543
2024-09-30,300543
2020-01-08,300545
2023-04-26,300545
2023-09-28,300545
2024-10-08,300545
2025-08-20,300545
2019-02-18,300546
2021-05-21,300546
2022-06-13,300547
2019-02-28,300548
2024-10-08,300549
2020-02-12,300550
2022-11-17,300550
2023-03-22,300550
2026-01-12,300550
2025-12-29,300550
2022-01-17,300551
2025-12-15,300551
2019-03-04,300552
2025-12-22,300552
2020-10-21,300553
2026-01-09,300553
2026-05-25,300554
2023-12-19,300556
2020-07-09,300557
2022-02-24,300557
2022-03-17,300557
2023-02-06,300557
2024-06-17,300557
2025-02-19,300557
2020-04-10,300558
2025-02-06,300558
2025-07-21,300558
2018-03-07,300559
2019-02-25,300559
2019-09-03,300559
2020-09-03,300560
2023-12-05,300560
2023-02-07,300561
2024-08-29,300562
2020-07-06,300563
2024-11-07,300564
2026-04-02,300565
2019-08-12,300566
2021-02-19,300566
2024-09-30,300566
2025-02-20,300566
2026-05-20,300566
2019-04-01,300567
2020-10-19,300568
2025-11-07,300568
2026-05-12,300568
2026-03-13,300569
2017-07-07,300571
2023-11-08,300571
2026-04-23,300571
2019-02-28,300572
2020-06-02,300572
2024-09-30,300572
2025-07-02,300572
2020-03-05,300573
2024-03-11,300573
2020-04-22,300575
2022-04-06,300575
2022-10-17,300575
2025-05-28,300575
2018-04-02,300577
2019-04-09,300577
2023-03-15,300578
2026-01-09,300578
2020-07-29,300579
2023-11-06,300580
2019-08-19,300581
2022-01-04,300583
2023-07-31,300583
2024-09-30,300585
2025-02-14,300585
2020-11-05,300586
2022-07-06,300587
2023-09-07,300588
2020-08-28,300589
2024-10-08,300589
2025-06-20,300589
2025-11-17,300589
2024-09-27,300590
2026-04-29,300590
2021-06-29,300591
2023-10-19,300591
2019-11-12,300592
2026-01-12,300592
2020-10-12,300593
2022-08-09,300593
2022-10-24,300593
2018-04-10,300595
2020-04-13,300595
2020-12-07,300595
2018-12-03,300596
2020-01-06,300596
2021-05-24,300596
2025-08-12,300596
2023-02-15,300597
2024-09-27,300597
2025-08-05,300597
2024-09-20,300598
2024-08-14,300599
2025-05-20,300599
2026-01-05,300599
2025-04-23,300600
2018-07-17,300602
2024-09-30,300602
2025-02-21,300602
2019-09-10,300603
2020-01-09,300603
2025-02-10,300603
2024-07-18,300604
2020-09-08,300605
2022-02-21,300605
2023-03-10,300605
2025-11-20,300605
2019-12-10,300606
2023-04-07,300606
2023-06-14,300606
2023-11-20,300607
2024-11-04,300607
2026-06-25,300607
2020-02-18,300608
2026-05-14,300608
2020-03-04,300609
2022-12-05,300609
2023-11-14,300609
2021-08-10,300610
2025-06-30,300610
2024-09-30,300611
2020-06-23,300612
2024-07-30,300613
2023-03-22,300615
2025-01-03,300615
2025-11-11,300616
2026-05-11,300616
2024-10-08,300617
2025-02-11,300617
2020-11-02,300619
2020-06-30,300620
2023-04-03,300620
2025-08-12,300620
2022-03-30,300621
2023-03-09,300621
2024-10-15,300621
2021-12-22,300622
2024-07-16,300623
2020-02-19,300624
2020-09-07,300625
2023-05-09,300625
2026-02-04,300625
2021-11-12,300626
2023-06-30,300626
2024-12-03,300626
2021-05-19,300627
2022-07-04,300627
2024-09-30,300627
2025-06-03,300627
2026-01-06,300627
2018-12-26,300628
2020-12-07,300628
2023-11-24,300629
2024-10-08,300629
2026-01-08,300629
2017-08-29,300630
2020-04-22,300630
2021-05-27,300630
2024-10-08,300631
2025-07-11,300631
2019-01-14,300632
2019-10-25,300632
2024-09-30,300632
2026-04-14,300632
2020-05-11,300633
2021-06-28,300633
2021-09-17,300633
2020-07-22,300634
2026-01-12,300634
2020-02-21,300635
2025-11-10,300635
2019-06-27,300636
2019-11-29,300636
2023-09-06,300637
2020-02-17,300638
2024-11-05,300638
2026-01-26,300639
2020-04-29,300640
2021-11-15,300640
2020-09-08,300641
2024-04-12,300641
2020-02-03,300642
2020-06-15,300642
2019-11-13,300643
2025-03-07,300643
2020-03-04,300644
2023-02-23,300644
2023-11-17,300644
2018-11-19,300645
2020-09-18,300645
2022-10-25,300645
2020-12-21,300648
2020-08-10,300650
2023-10-30,300650
2025-03-11,300650
2018-11-13,300651
2023-06-12,300651
2024-12-02,300651
2020-10-15,300652
2021-10-28,300652
2022-06-24,300652
2020-05-18,300653
2024-10-08,300653
2019-03-13,300654
2023-02-06,300654
2023-03-22,300654
2026-01-29,300654
2026-01-29,300656
2017-11-01,300657
2025-06-04,300658
2019-08-16,300659
2020-05-06,300659
2021-11-24,300659
2023-03-30,300659
2020-05-19,300660
2023-06-15,300660
2024-09-30,300660
2019-07-09,300661
2024-09-30,300661
2020-05-14,300662
2021-06-15,300663
2024-10-08,300663
2019-08-06,300664
2020-02-06,300664
2020-09-15,300665
2021-08-09,300665
2024-09-30,300666
2022-08-15,300668
2023-02-09,300668
2025-12-25,300668
2025-12-22,300668
2021-03-26,300669
2024-10-22,300669
2024-09-30,300669
2025-05-19,300669
2019-09-02,300672
2020-01-10,300672
2023-04-04,300672
2025-02-19,300672
2025-11-13,300672
2018-04-09,300673
2020-05-13,300673
2024-10-08,300673
2019-09-10,300674
2021-12-29,300674
2024-10-09,300674
2023-08-04,300675
2024-09-30,300675
2024-05-06,300677
2024-10-08,300677
2026-03-04,300677
2019-02-26,300678
2020-02-24,300678
2020-02-24,300679
2026-06-03,300679
2020-02-24,300680
2020-12-08,300680
2020-11-10,300681
2026-05-28,300681
2020-02-07,300682
2020-09-14,300682
2020-03-02,300683
2021-11-12,300683
2018-08-10,300684
2020-01-10,300684
2019-09-03,300685
2020-05-07,300685
2021-02-09,300685
2024-09-30,300685
2026-04-08,300686
2021-05-28,300687
2022-10-21,300687
2025-02-11,300687
2021-09-01,300688
2024-09-30,300688
2020-02-19,300689
2020-11-06,300689
2023-01-30,300689
2024-10-18,300689
2019-08-19,300690
2020-07-07,300690
2021-09-07,300691
2021-11-11,300691
2023-11-27,300691
2025-02-20,300691
2021-07-22,300693
2025-02-18,300693
2026-04-14,300693
2025-02-11,300695
2020-01-22,300696
2020-03-26,300697
2026-01-29,300697
2020-03-11,300698
2021-09-14,300698
2024-09-30,300698
2022-09-08,300699
2024-09-30,300699
2025-12-29,300699
2020-08-03,300700
2025-06-16,300700
2019-06-26,300701
2019-12-18,300701
2024-07-16,300701
2024-09-30,300701
2019-08-26,300702
2025-04-24,300702
2024-11-26,300703
2024-10-08,300703
2020-12-11,300705
2020-01-16,300706
2023-03-29,300706
2024-10-08,300706
2025-07-24,300706
2021-11-12,300707
2025-12-24,300707
2024-10-08,300708
2025-10-14,300710
2023-02-01,300711
2026-01-12,300711
2020-05-14,300712
2020-10-23,300712
2020-03-25,300713
2026-02-25,300715
2023-06-29,300717
2025-06-03,300717
2019-12-17,300718
2019-08-06,300719
2023-01-30,300719
2024-03-28,300719
2021-01-15,300721
2021-07-06,300721
2020-07-24,300722
2024-05-24,300722
2019-04-19,300723
2020-07-10,300723
2021-07-15,300723
2023-01-05,300723
2020-02-17,300725
2021-01-07,300725
2021-08-02,300725
2020-02-24,300726
2020-12-01,300726
2024-09-30,300726
2025-10-24,300726
2019-09-27,300729
2023-04-07,300729
2020-09-18,300732
2025-01-14,300733
2023-09-21,300735
2020-09-08,300736
2021-11-03,300736
2024-03-21,300736
2020-01-02,300737
2020-02-10,300738
2024-03-26,300738
2026-05-06,300738
2019-07-01,300739
2024-06-17,300739
2023-07-28,300740
2025-05-28,300740
2021-06-23,300742
2023-02-07,300743
2024-09-30,300743
2025-05-29,300743
2025-12-30,300743
2026-04-29,300745
2023-07-26,300746
2021-05-25,300747
2023-06-16,300747
2021-06-29,300748
2025-06-11,300748
2023-06-02,300749
2019-12-06,300750
2024-09-27,300750
2025-07-29,300750
2026-03-27,300750
2024-05-20,300751
2020-06-10,300753
2026-01-06,300753
2020-05-19,300755
2021-04-30,300755
2025-09-17,300755
2020-09-02,300756
2023-04-28,300756
2025-02-12,300756
2020-02-21,300757
2023-06-07,300757
2024-09-27,300757
2025-05-08,300758
2026-01-15,300758
2020-02-17,300759
2020-12-28,300759
2026-07-14,300759
2020-02-04,300760
2020-12-30,300760
2022-06-15,300761
2023-08-30,300762
2023-03-06,300765
2023-08-31,300765
2025-01-06,300766
2026-05-08,300767
2020-02-21,300768
2019-12-25,300769
2019-09-02,300770
2024-09-30,300770
2025-08-27,300770
2022-07-15,300771
2025-05-26,300771
2025-12-16,300771
2024-07-25,300772
2025-08-25,300772
2024-09-27,300773
2025-08-26,300774
2025-11-06,300775
2020-01-08,300776
2020-08-11,300776
2021-01-05,300777
2025-03-04,300777
2025-12-31,300777
2024-05-10,300779
2023-06-29,300780
2026-01-16,300780
2020-10-15,300781
2022-11-24,300781
2026-01-13,300781
2023-10-30,300782
2024-04-18,300783
2025-09-11,300785
2023-04-20,300786
2022-07-08,300787
2024-06-06,300787
2025-06-23,300787
2025-02-11,300788
2023-02-09,300789
2024-09-30,300789
2025-02-10,300789
2024-09-30,300790
2026-05-20,300790
2022-12-06,300791
2023-05-30,300793
2022-07-18,300796
2023-09-11,300797
2024-09-30,300797
2022-10-17,300799
2024-10-08,300800
2025-08-05,300800
2022-06-27,300801
2025-08-14,300802
2026-05-20,300802
2022-01-21,300803
2022-06-08,300803
2023-08-03,300803
2025-05-07,300804
2023-12-18,300805
2026-01-30,300805
2022-10-19,300808
2023-11-10,300808
2024-09-30,300808
2023-09-26,300809
2024-12-06,300809
2024-10-15,300810
2023-06-20,300811
2024-09-30,300811
2025-07-28,300811
2026-02-25,300811
2021-07-21,300812
2023-06-19,300812
2025-12-24,300812
2023-05-29,300814
2025-01-17,300814
2025-05-27,300815
2025-02-11,300816
2025-12-26,300816
2026-05-07,300816
2021-08-02,300817
2025-02-07,300817
2021-08-25,300818
2021-12-30,300818
2023-07-10,300818
2024-03-29,300818
2025-12-26,300819
2025-10-09,300820
2025-07-02,300821
2025-11-10,300821
2022-09-29,300822
2023-11-13,300822
2026-04-29,300823
2025-04-25,300824
2023-02-15,300826
2023-10-10,300826
2024-09-30,300826
2020-08-21,300827
2024-09-30,300828
2024-09-27,300830
2023-09-15,300832
2024-09-30,300832
2025-06-03,300834
2026-03-31,300834
2024-05-14,300836
2024-10-08,300836
2025-09-17,300836
2025-07-08,300837
2026-04-30,300838
2025-02-11,300839
2026-03-03,300839
2023-02-08,300840
2026-05-14,300840
2023-11-06,300843
2023-07-24,300844
2026-04-17,300845
2024-09-30,300847
2025-07-07,300847
2022-08-01,300848
2024-04-01,300849
2024-09-27,300849
2025-06-05,300849
2024-07-23,300851
2026-05-11,300851
2025-01-24,300852
2025-09-11,300852
2023-05-04,300853
2023-06-20,300853
2026-04-27,300853
2025-05-07,300854
2025-09-24,300854
2024-10-08,300855
2022-06-30,300856
2024-07-04,300857
2022-11-02,300860
2023-06-05,300860
2022-06-10,300861
2026-01-23,300861
2023-11-27,300862
2024-10-08,300862
2023-01-05,300863
2023-04-26,300864
2024-09-30,300864
2024-10-16,300865
2024-10-08,300865
2024-05-15,300866
2024-09-30,300867
2025-04-22,300867
2025-11-14,300867
2024-09-30,300872
2022-08-30,300873
2025-02-24,300873
2026-06-29,300873
2023-08-23,300875
2025-02-12,300876
2025-05-20,300877
2025-02-26,300879
2026-03-09,300880
2023-08-01,300881
2024-09-30,300881
2025-07-14,300881
2026-02-09,300881
2025-08-26,300882
2025-10-27,300882
2024-10-08,300883
2023-03-17,300884
2025-03-12,300884
2025-12-05,300884
2024-09-30,300885
2025-02-26,300885
2024-09-30,300886
2025-05-06,300886
2023-08-25,300887
2025-12-30,300887
2025-04-24,300888
2023-03-22,300889
2025-03-07,300889
2026-04-22,300890
2025-08-19,300891
2024-09-30,300893
2025-08-19,300893
2024-10-08,300895
2024-09-30,300897
2023-06-30,300899
2024-01-24,300899
2024-10-08,300899
2023-01-30,300900
2024-12-12,300902
2025-10-24,300903
2026-04-16,300905
2025-07-08,300906
2024-09-30,300907
2025-03-11,300907
2023-04-10,300908
2023-02-01,300909
2025-03-10,300909
2024-11-12,300911
2023-02-20,300913
2024-09-30,300915
2025-07-07,300915
2025-07-23,300916
2023-05-11,300918
2024-10-08,300920
2025-03-17,300920
2026-01-26,300921
2021-08-03,300922
2025-03-12,300922
2024-07-26,300923
2024-07-18,300923
2024-09-24,300925
2024-09-10,300925
2023-06-12,300926
2024-09-30,300926
2021-09-02,300927
2021-11-24,300928
2025-06-30,300929
2026-04-29,300929
2026-06-05,300930
2025-07-03,300931
2026-02-10,300931
2025-03-12,300932
2025-11-05,300932
2026-01-20,300932
2023-11-01,300933
2025-07-21,300935
2023-02-23,300936
2026-02-26,300936
2024-10-08,300937
2025-11-12,300937
2025-08-28,300939
2026-03-18,300939
2025-12-08,300940
2023-08-24,300941
2025-03-20,300943
2025-11-04,300943
2025-04-28,300945
2024-10-08,300946
2025-02-18,300946
2025-05-29,300950
2023-11-07,300951
2025-06-25,300951
2026-06-05,300951
2023-11-29,300952
2025-10-13,300952
2026-04-10,300953
2024-10-08,300955
2025-08-26,300955
2026-05-20,300955
2025-01-17,300956
2025-07-21,300958
2024-11-15,300959
2024-07-22,300960
2025-05-06,300960
2023-03-03,300962
2025-06-16,300962
2024-08-09,300963
2024-09-30,300963
2025-03-21,300963
2026-03-16,300964
2025-02-27,300965
2025-03-20,300967
2023-09-21,300968
2023-11-21,300969
2025-05-20,300970
2025-10-24,300970
2023-09-19,300971
2025-03-19,300971
2026-01-23,300972
2025-09-24,300975
2024-06-12,300976
2024-09-30,300976
2026-05-14,300976
2026-01-13,300977
2023-11-27,300978
2024-02-02,300979
2023-11-16,300980
2024-11-07,300980
2026-01-07,300982
2025-07-14,300983
2026-03-06,300983
2024-12-03,300984
2024-09-30,300984
2022-11-29,300986
2026-01-06,300986
2023-02-15,300987
2026-01-13,300987
2025-02-25,300988
2026-01-15,300988
2025-04-02,300989
2025-02-11,300990
2025-12-23,300990
2026-05-20,300990
2023-05-29,300991
2026-02-09,300991
2024-10-08,300992
2025-05-20,300993
2025-04-15,300994
2025-03-14,300995
2026-07-30,300996
2023-04-26,300997
2024-11-29,300997
2025-05-20,300998
2024-09-30,301000
2024-09-30,301001
2025-11-25,301001
2025-06-04,301002
2022-03-30,301003
2025-02-26,301003
2025-12-30,301003
2023-06-20,301005
2024-03-12,301005
2025-03-07,301005
2024-10-29,301008
2024-10-28,301008
2024-10-08,301009
2024-09-30,301010
2023-03-22,301011
2024-08-28,301011
2025-03-18,301012
2026-01-06,301012
2023-10-25,301015
2025-09-09,301016
2025-11-12,301017
2025-09-26,301019
2025-03-12,301020
2026-05-20,301020
2025-12-23,301021
2024-04-01,301022
2025-02-28,301022
2024-07-11,301023
2026-01-21,301023
2023-04-12,301025
2026-01-09,301026
2024-09-30,301028
2025-02-19,301028
2026-05-08,301028
2025-02-19,301029
2026-06-18,301029
2025-04-14,301033
2021-12-22,301035
2022-08-19,301035
2025-07-14,301035
2024-10-08,301037
2023-05-29,301038
2023-10-25,301038
2024-09-30,301038
2025-08-20,301041
2026-05-13,301041
2023-02-13,301042
2024-10-08,301042
2025-06-17,301042
2023-05-19,301043
2024-09-30,301043
2025-07-03,301043
2025-08-07,301045
2025-09-05,301046
2023-04-21,301048
2023-08-21,301049
2024-09-30,301050
2026-01-12,301050
2023-04-06,301052
2026-03-31,301053
2024-11-01,301055
2026-01-15,301055
2025-06-11,301056
2025-12-24,301056
2025-11-17,301059
2026-01-12,301060
2023-12-21,301061
2024-09-30,301062
2024-07-22,301063
2025-03-11,301063
2024-08-08,301065
2025-04-14,301065
2023-04-28,301066
2025-12-31,301066
2023-09-11,301067
2025-11-03,301067
2025-08-05,301069
2023-07-03,301070
2022-11-01,301073
2025-11-25,301073
2025-04-02,301077
2024-07-29,301079
2025-07-08,301081
2024-11-19,301082
2025-08-12,301086
2024-09-30,301087
2025-08-15,301087
2025-11-19,301088
2025-12-25,301088
2026-03-13,301090
2026-04-29,301090
2025-09-24,301091
2025-05-12,301092
2025-11-20,301092
2026-05-18,301092
2025-03-10,301093
2025-06-12,301098
2026-05-11,301098
2025-03-07,301099
2026-02-25,301100
2023-06-15,301102
2023-04-27,301103
2024-10-08,301105
2025-03-13,301105
2025-09-15,301105
2024-05-31,301106
2026-04-28,301106
2024-10-08,301107
2025-02-19,301107
2026-06-02,301107
2024-09-30,301109
2025-03-17,301109
2024-09-30,301110
2026-01-09,301110
2025-11-26,301111
2025-07-24,301113
2025-07-22,301115
2024-09-30,301116
2023-07-27,301119
2024-12-05,301119
2025-03-24,301120
2025-01-17,301123
2025-08-01,301126
2026-01-09,301127
2025-02-20,301128
2024-11-12,301130
2025-06-03,301130
2025-04-29,301131
2025-06-20,301132
2026-06-16,301132
2023-06-12,301133
2025-08-13,301133
2024-08-06,301136
2025-11-04,301136
2023-08-17,301137
2024-09-18,301137
2025-05-21,301138
2026-01-19,301138
2025-05-29,301148
2025-09-24,301148
2026-04-16,301148
2025-06-09,301149
2026-05-06,301149
2024-08-13,301151
2025-07-21,301151
2024-05-09,301156
2025-04-01,301156
2024-10-08,301157
2026-03-18,301157
2024-11-06,301158
2025-03-17,301158
2025-10-20,301158
2025-11-26,301159
2025-12-31,301160
2025-02-10,301162
2025-03-20,301163
2026-04-20,301165
2025-09-23,301168
2025-07-02,301170
2026-01-29,301172
2025-12-26,301175
2025-03-10,301177
2025-08-08,301179
2026-01-06,301180
2024-10-08,301181
2025-02-25,301181
2025-07-15,301183
2026-01-19,301186
2025-04-24,301188
2025-02-17,301189
2026-03-27,301189
2025-03-04,301190
2026-03-18,301191
2024-10-08,301192
2025-01-16,301192
2025-07-08,301193
2025-05-29,301195
2024-09-27,301196
2025-02-19,301196
2024-10-08,301197
2026-02-26,301197
2026-01-13,301198
2024-09-30,301199
2025-07-04,301200
2024-10-08,301201
2025-11-12,301201
2025-06-30,301203
2026-02-09,301203
2025-07-02,301206
2025-10-31,301207
2023-08-07,301208
2025-11-11,301212
2026-05-15,301212
2025-02-10,301213
2025-09-18,301215
2025-03-10,301216
2025-07-29,301216
2024-07-03,301217
2025-06-24,301217
2023-07-13,301218
2025-12-08,301218
2026-06-03,301218
2024-09-30,301219
2026-04-14,301219
2026-04-10,301222
2025-08-12,301223
2024-10-08,301225
2025-03-06,301225
2025-09-08,301225
2025-11-14,301228
2026-04-13,301228
2025-02-26,301229
2025-02-06,301230
2025-10-21,301231
2024-10-08,301233
2026-05-27,301233
2025-06-09,301234
2026-07-23,301234
2025-04-28,301235
2025-12-22,301235
2023-03-27,301236
2025-06-30,301237
2026-06-17,301238
2025-10-13,301246
2024-10-08,301248
2025-12-24,301248
2026-02-26,301251
2025-12-30,301252
2025-02-24,301255
2024-10-08,301256
2025-03-27,301256
2025-07-09,301257
2025-04-25,301258
2024-07-31,301259
2025-08-25,301259
2025-05-07,301260
2025-01-24,301261
2026-02-09,301262
2025-06-12,301265
2025-12-31,301265
2026-01-14,301270
2025-04-02,301272
2023-02-27,301273
2026-02-04,301273
2025-07-07,301276
2025-04-01,301277
2026-02-25,301278
2024-06-26,301279
2025-03-19,301279
2025-10-31,301279
2024-10-08,301280
2025-02-19,301280
2026-05-06,301280
2025-04-29,301283
2023-11-06,301285
2024-02-19,301285
2024-10-08,301285
2025-12-08,301285
2024-09-30,301286
2024-10-08,301287
2025-03-06,301287
2025-03-24,301289
2024-09-30,301290
2025-05-29,301290
2026-04-30,301290
2026-02-24,301291
2026-01-05,301293
2024-10-08,301295
2026-01-12,301295
2023-09-12,301297
2026-05-07,301297
2024-10-08,301298
2025-03-10,301298
2024-07-08,301300
2025-11-14,301300
2026-03-02,301302
2024-09-30,301303
2026-06-17,301303
2024-10-08,301305
2025-08-18,301305
2026-05-27,301305
2026-04-17,301307
2023-03-23,301308
2024-10-08,301308
2025-03-07,301308
2024-11-06,301309
2025-07-22,301309
2026-03-23,301309
2024-12-04,301310
2025-02-06,301310
2026-04-10,301310
2025-06-25,301312
2025-07-09,301314
2026-04-17,301314
2024-10-08,301317
2025-05-08,301317
2025-02-05,301318
2025-03-31,301319
2024-10-08,301320
2025-03-07,301320
2023-09-11,301321
2026-01-07,301321
2025-01-23,301323
2024-09-26,301327
2025-08-27,301327
2025-12-02,301329
2026-01-12,301329
2026-05-22,301329
2023-03-10,301330
2025-06-17,301330
2025-06-10,301331
2023-07-18,301338
2025-12-22,301338
2024-10-08,301339
2025-06-04,301345
2026-04-22,301345
2025-06-24,301349
2024-10-08,301353
2025-11-06,301353
2025-12-02,301355
2026-06-22,301356
2025-02-12,301361
2024-09-30,301362
2025-07-21,301362
2026-02-02,301362
2025-09-16,301363
2024-09-30,301365
2026-05-25,301366
2024-10-08,301368
2026-04-10,301372
2025-04-22,301373
2026-02-25,301373
2025-05-14,301376
2024-10-08,301377
2025-02-21,301377
2025-01-20,301379
2026-05-19,301379
2026-04-22,301382
2024-09-30,301383
2024-10-08,301386
2025-09-12,301386
2023-10-30,301387
2025-04-30,301387
2025-12-24,301387
2025-01-21,301389
2025-05-20,301393
2026-04-22,301393
2025-05-19,301395
2026-01-05,301395
2025-02-19,301398
2026-01-06,301398
2025-06-27,301408
2025-11-26,301408
2026-06-03,301418
2026-03-25,301419
2025-07-07,301429
2026-05-29,301439
2024-09-30,301446
2025-07-21,301446
2024-10-08,301448
2025-05-22,301448
2025-03-21,301456
2026-04-21,301458
2025-02-14,301459
2026-01-21,301459
2025-07-22,301468
2025-07-07,301469
2025-07-04,301469
2026-02-12,301469
2025-12-02,301499
2026-01-28,301500
2025-01-20,301503
2025-08-06,301505
2025-07-01,301507
2026-05-08,301512
2025-07-08,301515
2026-01-08,301515
2026-04-01,301516
2025-12-05,301517
2025-04-08,301518
2026-02-25,301519
2025-07-31,301520
2026-07-03,301520
2025-02-18,301525
2025-05-20,301528
2025-11-04,301528
2026-04-22,301528
2024-06-21,301529
2024-09-30,301529
2025-04-10,301533
2026-01-12,301548
2026-03-10,301555
2025-08-19,301559
2025-11-12,301565
2025-12-24,301566
2025-11-20,301567
2025-02-26,301568
2025-12-30,301571
2026-03-10,301577
2026-04-14,301587
2026-01-28,301588
2026-01-26,301591
2026-04-16,301603
2025-01-08,301606
2026-03-09,301606
2025-10-16,301607
2026-01-14,301608
2026-04-22,301631
2026-03-09,301658
2013-11-20,302132
2014-08-13,302132
2019-09-02,302132
2021-08-05,302132
2024-09-30,302132
2018-01-16,600004
2022-11-01,600004
2015-03-19,600006
2025-05-29,600006
2014-11-03,600007
2024-03-25,600007
2017-10-30,600009
2019-03-29,600009
2022-08-12,600009
2025-07-23,600010
2026-02-27,600010
2021-09-02,600011
2026-05-29,600011
2014-08-20,600012
2022-02-07,600012
2023-01-19,600012
2023-12-12,600012
2024-12-25,600012
2024-09-30,600016
2014-07-02,600017
2015-03-17,600017
2023-05-05,600017
2024-07-02,600018
2017-07-10,600019
2018-01-25,600019
2021-08-26,600019
2024-03-07,600019
2024-12-25,600019
2024-08-13,600020
2025-08-06,600021
2023-04-14,600023
2024-01-29,600023
2021-09-06,600025
2023-09-14,600025
2019-08-27,600026
2024-03-11,600026
2021-09-02,600027
2015-01-05,600028
2024-07-16,600028
2017-11-01,600029
2022-12-14,600029
2014-08-04,600030
2017-08-28,600030
2019-02-22,600030
2024-09-27,600030
2017-06-23,600031
2019-02-13,600031
2019-12-03,600031
2025-03-05,600031
2025-07-22,600031
2026-03-11,600032
2025-11-25,600033
2024-12-09,600035
2019-03-29,600036
2021-05-18,600036
2024-09-26,600036
2025-07-23,600037
2013-11-19,600038
2014-09-01,600038
2015-02-04,600038
2020-07-09,600038
2020-07-23,600038
2021-01-04,600038
2014-09-02,600039
2020-05-18,600039
2020-11-02,600039
2021-02-22,600039
2021-09-02,600039
2023-02-07,600039
2023-02-01,600039
2025-05-07,600039
2020-07-02,600048
2016-10-24,600051
2020-04-29,600051
2025-04-25,600051
2014-06-19,600052
2021-09-06,600052
2022-11-30,600054
2026-02-03,600054
2021-07-13,600055
2014-07-15,600056
2015-03-23,600056
2020-02-06,600056
2014-07-30,600057
2020-04-22,600057
2021-07-15,600057
2022-05-26,600057
2022-08-19,600057
2025-05-14,600057
2025-07-11,600058
2020-05-28,600059
2020-11-20,600059
2021-06-22,600060
2024-04-15,600060
2025-03-31,600060
2020-07-09,600061
2020-07-06,600061
2024-09-30,600061
2022-03-25,600062
2015-03-04,600063
2021-02-18,600063
2025-07-08,600063
2026-02-11,600063
2014-09-09,600064
2019-03-12,600064
2025-10-10,600064
2014-12-04,600066
2017-07-21,600066
2020-08-06,600066
2024-01-10,600066
2025-09-01,600066
2017-01-25,600068
2021-03-24,600068
2015-04-13,600069
2014-04-08,600070
2014-02-18,600071
2020-08-13,600071
2021-09-30,600071
2016-12-07,600072
2017-04-11,600072
2022-01-13,600072
2023-03-03,600072
2013-09-05,600073
2025-04-01,600073
2015-02-27,600074
2021-03-03,600075
2021-08-23,600075
2025-11-06,600075
2020-07-06,600077
2025-10-09,600078
2014-03-06,600081
2014-11-19,600081
2020-12-04,600081
2014-09-03,600083
2018-03-16,600083
2018-05-08,600085
2023-04-04,600085
2016-11-09,600086
2014-12-19,600089
2020-07-21,600089
2020-12-21,600089
2021-07-13,600089
2014-09-04,600090
2015-03-23,600091
2021-11-17,600091
2014-09-25,600093
2014-08-18,600095
2015-03-04,600095
2022-11-15,600095
2025-04-07,600095
2021-01-18,600096
2025-05-21,600096
2022-03-21,600097
2024-12-12,600097
2025-09-12,600097
2021-08-30,600098
2025-07-08,600098
2022-02-16,600099
2025-05-19,600099
2021-09-27,600101
2022-04-22,600101
2014-07-21,600104
2017-02-22,600104
2014-07-31,600105
2015-03-02,600105
2021-11-04,600105
2023-11-13,600106
2020-08-13,600108
2022-04-06,600108
2024-10-08,600109
2015-03-19,600110
2017-03-23,600110
2026-03-27,600110
2024-10-08,600111
2026-02-25,600111
2024-09-30,600113
2024-09-26,600113
2025-06-17,600113
2014-07-03,600114
2016-11-25,600114
2024-10-08,600114
2017-11-24,600115
2022-02-08,600115
2022-01-04,600116
2020-12-03,600117
2013-11-15,600118
2014-09-02,600118
2020-01-21,600118
2023-02-21,600118
2025-08-25,600118
2013-08-13,600120
2014-10-13,600120
2020-02-21,600120
2020-07-06,600120
2015-03-18,600121
2017-07-20,600121
2014-09-09,600122
2021-12-02,600122
2015-05-27,600123
2025-11-07,600125
2023-11-15,600126
2025-01-27,600126
2015-03-16,600127
2024-09-30,600127
2014-08-18,600128
2015-03-05,600128
2016-08-17,600128
2022-01-04,600128
2023-12-01,600128
2025-01-13,600128
2014-08-08,600129
2020-06-09,600129
2021-05-28,600129
2022-10-18,600129
2015-02-12,600130
2017-12-29,600130
2023-11-03,600130
2025-11-13,600130
2020-08-07,600131
2023-03-13,600131
2024-10-31,600131
2019-11-13,600132
2017-05-12,600133
2014-03-17,600135
2017-04-11,600135
2021-09-08,600135
2022-08-16,600135
2025-08-04,600135
2014-06-03,600137
2015-03-06,600137
2024-10-08,600137
2014-05-16,600138
2022-11-29,600138
2015-05-27,600141
2017-08-01,600141
2025-07-21,600141
2014-12-01,600143
2019-09-06,600143
2021-01-08,600143
2025-02-05,600143
2014-04-30,600148
2016-10-19,600148
2024-09-25,600148
2014-11-26,600149
2016-08-02,600149
2022-11-17,600149
2026-02-11,600149
2015-03-26,600150
2023-05-15,600150
2026-04-28,600150
2015-03-03,600151
2015-04-03,600152
2021-04-26,600152
2025-06-30,600152
2025-11-14,600152
2014-10-24,600153
2020-07-06,600153
2022-09-07,600153
2017-04-10,600155
2014-03-11,600156
2019-02-25,600156
2022-03-02,600156
2024-01-18,600156
2026-04-20,600156
2015-04-13,600157
2016-12-01,600158
2021-12-31,600158
2023-05-31,600158
2026-03-25,600158
2015-03-17,600159
2021-12-16,600159
2015-01-27,600160
2021-01-08,600160
2021-07-09,600160
2023-02-27,600160
2024-02-20,600160
2026-06-15,600160
2015-03-05,600161
2016-08-03,600161
2017-06-07,600161
2023-04-04,600161
2021-02-19,600163
2024-10-23,600163
2025-12-15,600163
2023-01-30,600166
2026-01-19,600166
2014-09-15,600167
2017-02-09,600167
2020-04-16,600167
2014-09-03,600168
2020-02-10,600168
2025-10-21,600168
2014-11-06,600170
2025-09-15,600170
2022-08-11,600172
2020-07-06,600173
2021-05-28,600173
2022-01-11,600173
2025-02-11,600173
2025-09-09,600173
2014-02-18,600175
2015-04-02,600175
2020-12-25,600176
2025-07-17,600176
2021-02-05,600177
2016-08-19,600178
2017-01-10,600178
2021-12-01,600178
2017-08-02,600179
2020-10-14,600179
2025-08-25,600179
2014-07-15,600182
2015-04-01,600182
2024-11-20,600182
2024-11-18,600182
2014-03-11,600183
2015-03-11,600183
2017-07-19,600183
2017-12-28,600183
2015-01-20,600184
2021-11-26,600184
2024-10-08,600184
2025-02-20,600184
2017-04-13,600185
2020-05-26,600185
2021-05-18,600185
2021-08-16,600185
2014-09-11,600186
2023-07-25,600186
2015-03-30,600188
2016-03-02,600188
2016-07-04,600188
2017-07-19,600188
2017-12-27,600188
2020-11-23,600188
2021-03-03,600188
2014-09-26,600189
2015-02-05,600189
2023-09-06,600189
2015-03-20,600190
2022-02-28,600190
2017-07-25,600191
2020-03-31,600191
2025-01-02,600191
2024-09-30,600191
2025-11-03,600191
2014-02-12,600192
2016-06-16,600192
2014-09-30,600193
2015-03-20,600193
2020-06-11,600193
2014-09-15,600195
2022-09-06,600195
2026-01-19,600195
2015-03-04,600196
2018-05-28,600196
2021-05-11,600196
2025-08-25,600196
2017-08-07,600197
2020-07-10,600197
2015-02-16,600198
2020-06-03,600198
2021-11-29,600198
2015-05-25,600199
2023-10-31,600200
2013-12-09,600201
2020-04-17,600201
2025-06-23,600201
2015-03-04,600202
2025-01-14,600202
2013-12-26,600203
2015-03-12,600203
2020-02-24,600203
2013-12-30,600206
2014-08-05,600206
2015-03-24,600206
2017-12-06,600206
2026-04-22,600206
2020-12-18,600207
2026-03-24,600207
2014-08-13,600208
2017-11-22,600208
2014-07-16,600210
2015-03-02,600210
2017-07-21,600210
2021-06-15,600210
2024-04-09,600210
2024-11-04,600210
2020-05-25,600211
2025-08-04,600211
2017-09-07,600212
2021-02-26,600212
2015-03-02,600215
2019-08-26,600216
2021-07-19,600216
2026-02-25,600216
2015-01-27,600217
2021-12-22,600217
2014-08-12,600218
2016-11-11,600219
2017-08-02,600219
2020-12-28,600219
2025-10-29,600219
2014-08-08,600222
2020-01-21,600222
2026-06-04,600222
2019-10-18,600223
2025-06-11,600223
2021-11-30,600225
2022-08-05,600225
2016-09-30,600226
2021-03-02,600226
2022-08-10,600226
2025-07-11,600226
2016-12-26,600227
2026-03-02,600227
2015-01-23,600228
2019-04-12,600228
2020-09-14,600228
2023-02-02,600229
2025-07-17,600230
2026-01-06,600230
2017-02-10,600231
2025-08-13,600231
2014-08-29,600232
2022-02-18,600232
2023-12-15,600232
2024-10-28,600232
2025-06-09,600232
2026-01-05,600232
2015-03-16,600233
2020-02-06,600233
2025-08-18,600233
2014-03-06,600234
2020-01-02,600234
2025-04-24,600234
2026-03-25,600234
2015-02-25,600235
2021-12-02,600235
2025-07-07,600235
2021-03-12,600236
2021-09-06,600236
2026-01-08,600236
2026-07-22,600236
2021-07-22,600237
2014-07-07,600240
2014-04-16,600241
2014-06-27,600241
2023-01-09,600241
2023-12-15,600241
2025-06-26,600241
2017-03-16,600242
2015-07-13,600246
2022-12-05,600246
2015-02-13,600249
2022-03-11,600249
2023-12-01,600249
2014-08-22,600250
2023-06-05,600250
2023-11-20,600250
2025-12-18,600250
2015-03-17,600251
2017-09-15,600251
2020-08-05,600251
2025-07-10,600251
2014-12-10,600252
2020-03-09,600252
2022-01-04,600252
2014-07-11,600255
2015-03-03,600255
2024-10-31,600255
2018-09-25,600256
2021-07-27,600256
2015-03-16,600257
2023-06-14,600257
2014-04-29,600258
2017-07-11,600258
2025-11-10,600258
2014-12-24,600259
2025-03-18,600259
2015-02-27,600260
2017-03-01,600260
2018-03-12,600260
2020-02-25,600260
2014-01-02,600261
2015-04-24,600261
2019-09-16,600261
2021-12-07,600261
2025-02-05,600261
2025-05-07,600262
2025-10-21,600262
2023-07-25,600266
2017-10-26,600267
2025-05-30,600267
2015-01-20,600268
2024-09-30,600268
2025-05-07,600268
2018-05-17,600270
2018-08-13,600271
2025-12-30,600271
2014-04-15,600272
2014-09-12,600272
2016-08-29,600272
2020-09-04,600272
2023-08-11,600272
2015-02-05,600273
2016-10-12,600273
2018-09-21,600273
2026-01-06,600273
2014-09-17,600276
2016-08-09,600276
2018-03-08,600276
2020-04-09,600276
2023-01-16,600276
2023-04-10,600276
2024-09-27,600276
2025-06-12,600276
2021-08-09,600277
2024-11-28,600278
2025-11-03,600278
2014-04-28,600279
2014-11-05,600279
2025-05-19,600279
2016-10-17,600281
2021-05-27,600281
2017-07-10,600282
2021-03-22,600282
2021-09-06,600282
2024-02-07,600282
2025-09-12,600282
2018-11-16,600283
2024-11-25,600283
2022-04-12,600284
2013-10-15,600285
2015-03-04,600285
2019-11-04,600285
2020-07-22,600285
2021-11-17,600285
2022-10-18,600285
2023-04-06,600285
2024-10-08,600285
2015-05-19,600287
2025-05-19,600287
2014-07-14,600288
2021-07-05,600288
2021-12-14,600288
2026-07-08,600288
2014-09-10,600290
2015-03-11,600290
2014-02-19,600291
2013-10-11,600292
2015-03-02,600292
2023-08-21,600292
2024-10-24,600292
2025-11-05,600292
2024-11-29,600293
2015-02-17,600295
2017-07-18,600295
2020-07-31,600295
2014-03-19,600297
2015-01-26,600298
2016-03-24,600298
2020-03-11,600298
2025-12-19,600298
2019-04-10,600299
2026-03-05,600299
2016-10-20,600300
2019-04-23,600301
2024-05-29,600301
2025-03-07,600301
2014-07-15,600303
2015-03-02,600303
2022-09-01,600303
2025-04-15,600303
2013-10-10,600305
2015-02-27,600306
2021-03-18,600306
2017-09-26,600307
2026-03-13,600307
2014-09-12,600308
2015-03-16,600308
2017-07-24,600308
2021-09-02,600308
2025-11-03,600308
2014-12-08,600309
2015-05-25,600309
2021-01-04,600309
2024-09-30,600309
2021-09-14,600310
2014-02-10,600312
2014-12-03,600312
2015-05-21,600312
2024-02-07,600312
2026-01-16,600312
2014-10-24,600313
2020-08-13,600313
2026-01-29,600313
2025-03-10,600315
2020-07-07,600316
2024-07-29,600316
2025-07-18,600316
2014-04-25,600317
2021-11-10,600318
2024-01-17,600318
2015-03-04,600319
2017-02-27,600319
2022-02-18,600319
2025-05-20,600319
2014-09-09,600320
2020-11-12,600321
2014-11-24,600322
2015-03-16,600322
2015-02-16,600323
2019-03-13,600323
2020-01-13,600323
2020-05-08,600323
2025-03-28,600323
2014-10-10,600325
2018-01-16,600325
2019-03-20,600325
2022-03-30,600325
2022-08-10,600325
2023-03-01,600325
2023-04-07,600325
2019-03-18,600326
2015-03-16,600327
2020-01-13,600327
2021-05-06,600327
2015-03-05,600328
2021-03-18,600328
2021-03-18,600329
2022-10-27,600329
2025-07-30,600329
2013-11-14,600330
2025-08-14,600330
2015-03-06,600331
2021-07-20,600331
2023-11-07,600331
2025-12-22,600331
2017-10-18,600332
2019-04-29,600332
2023-05-08,600332
2014-10-15,600336
2025-12-01,600336
2021-04-22,600338
2024-10-08,600338
2015-03-19,600339
2021-03-31,600339
2021-10-19,600339
2023-03-15,600339
2024-11-07,600339
2026-01-28,600339
2013-11-20,600343
2015-03-03,600343
2020-07-20,600343
2024-10-29,600343
2025-05-19,600343
2016-07-13,600345
2017-09-28,600345
2018-07-18,600345
2023-02-10,600345
2024-06-19,600345
2015-01-27,600346
2015-10-19,600346
2019-03-18,600346
2019-08-29,600346
2020-08-04,600346
2025-07-30,600346
2016-10-25,600348
2018-02-02,600348
2025-10-20,600348
2020-04-28,600350
2024-01-10,600350
2026-04-28,600350
2025-07-16,600351
2013-08-01,600352
2014-03-07,600352
2014-12-18,600352
2017-07-26,600352
2019-03-25,600352
2021-02-10,600352
2025-07-21,600352
2020-07-09,600353
2021-12-17,600353
2022-06-28,600353
2014-09-26,600354
2016-12-16,600354
2021-01-07,600354
2026-01-28,600354
2014-02-26,600355
2015-02-25,600355
2021-12-28,600355
2017-03-06,600356
2024-12-02,600356
2014-03-17,600358
2021-03-24,600358
2021-09-01,600358
2023-12-18,600358
2015-03-27,600359
2014-08-13,600360
2020-01-13,600360
2025-02-28,600360
2026-04-17,600360
2014-09-10,600361
2015-03-03,600361
2025-08-20,600361
2026-01-21,600361
2016-11-10,600362
2018-01-08,600362
2020-11-16,600362
2024-03-14,600362
2025-07-24,600362
2014-02-11,600363
2016-06-27,600363
2019-12-12,600363
2024-10-29,600363
2024-10-21,600363
2026-01-07,600363
2015-01-22,600366
2021-02-23,600366
2024-10-08,600366
2025-06-11,600366
2015-02-11,600367
2021-05-21,600367
2026-01-13,600367
2014-11-03,600368
2017-02-10,600368
2023-12-01,600368
2024-04-11,600368
2014-09-24,600369
2019-02-22,600369
2015-03-27,600371
2022-05-10,600371
2025-04-08,600371
2013-11-18,600372
2015-04-16,600372
2019-02-25,600372
2020-07-20,600372
2014-08-18,600373
2015-03-18,600373
2015-04-02,600375
2016-07-12,600377
2019-01-23,600377
2015-03-23,600378
2020-02-21,600378
2021-07-12,600378
2023-01-19,600378
2024-11-04,600378
2026-01-07,600378
2014-04-18,600379
2016-11-01,600379
2024-09-27,600379
2025-05-21,600379
2026-03-09,600379
2026-04-29,600379
2014-09-09,600380
2017-11-06,600380
2020-02-11,600380
2014-07-10,600382
2014-12-10,600382
2023-05-30,600382
2014-12-26,600383
2018-01-02,600383
2019-12-30,600383
2021-12-28,600383
2014-10-29,600386
2015-03-05,600386
2022-09-06,600386
2022-08-25,600387
2014-12-25,600388
2022-10-27,600388
2024-10-29,600388
2025-09-15,600388
2016-10-12,600389
2018-05-21,600389
2019-04-09,600389
2021-04-23,600389
2025-04-22,600389
2026-02-25,600389
2015-04-20,600390
2017-09-18,600390
2014-07-02,600391
2021-12-17,600391
2023-01-31,600391
2024-09-30,600391
2025-04-09,600391
2025-12-22,600391
2026-01-28,600392
2020-07-06,600393
2022-12-13,600393
2014-04-01,600396
2020-08-19,600396
2025-04-28,600396
2014-08-01,600397
2021-08-25,600397
2021-09-07,600398
2020-02-06,600400
2013-10-18,600401
2015-04-07,600403
2025-03-14,600403
2025-10-13,600403
2020-12-31,600405
2021-07-21,600405
2021-12-17,600405
2025-07-24,600405
2014-02-26,600406
2017-11-09,600406
2020-11-09,600406
2021-07-26,600406
2024-09-11,600406
2015-01-05,600408
2014-08-04,600409
2016-07-05,600409
2017-07-19,600409
2025-11-13,600409
2026-01-16,600409
2018-04-02,600410
2023-05-29,600410
2016-09-28,600415
2020-06-04,600415
2024-10-08,600415
2024-09-26,600415
2025-04-22,600415
2014-02-10,600416
2015-02-17,600418
2019-04-08,600418
2015-03-23,600419
2023-04-21,600419
2025-04-10,600419
2014-07-03,600420
2015-03-25,600420
2022-03-21,600420
2024-09-30,600420
2013-08-20,600421
2020-08-13,600421
2022-10-18,600421
2014-02-17,600422
2015-03-25,600422
2021-12-31,600422
2022-05-10,600422
2022-10-25,600422
2015-03-20,600425
2022-04-07,600425
2023-05-04,600425
2025-08-11,600425
2017-09-26,600426
2025-08-25,600426
2017-03-28,600428
2026-01-26,600428
2026-07-13,600428
2015-03-16,600429
2015-04-20,600432
2019-04-10,600433
2026-04-20,600433
2013-05-15,600435
2015-03-18,600435
2020-08-05,600435
2022-12-30,600435
2025-06-25,600435
2026-01-07,600435
2017-04-06,600436
2018-01-09,600436
2020-01-17,600436
2015-01-22,600438
2020-02-12,600438
2025-10-29,600438
2014-08-22,600444
2016-11-09,600444
2023-12-05,600444
2025-07-18,600444
2014-09-01,600448
2015-01-26,600448
2015-12-17,600448
2014-08-06,600449
2019-03-18,600449
2023-02-14,600449
2023-10-16,600449
2015-03-09,600452
2019-09-09,600452
2020-07-07,600452
2021-08-13,600452
2024-10-22,600452
2026-01-30,600452
2015-03-04,600455
2019-11-11,600455
2023-11-20,600455
2015-03-18,600456
2017-03-02,600456
2019-09-04,600456
2020-03-04,600456
2024-09-30,600456
2025-03-14,600456
2021-07-30,600458
2024-04-19,600458
2025-08-15,600458
2026-06-16,600458
2015-01-27,600459
2025-06-12,600459
2013-05-17,600460
2014-02-10,600460
2015-03-02,600460
2020-02-18,600460
2024-07-30,600460
2026-05-25,600460
2014-08-15,600461
2015-02-25,600461
2023-08-21,600461
2014-07-15,600462
2021-04-22,600462
2024-12-06,600462
2014-03-21,600463
2015-03-17,600463
2016-11-10,600463
2017-05-08,600463
2023-11-24,600463
2015-03-06,600468
2020-04-10,600468
2023-08-01,600468
2025-05-19,600468
2021-01-21,600469
2024-10-08,600469
2024-09-30,600469
2021-07-09,600470
2014-09-12,600475
2020-03-25,600475
2021-08-23,600475
2014-10-08,600477
2015-03-06,600477
2017-04-06,600477
2020-08-03,600477
2022-06-30,600477
2026-01-08,600477
2014-08-18,600478
2021-06-28,600478
2025-03-03,600478
2025-10-29,600478
2014-08-14,600479
2015-03-10,600479
2021-11-26,600479
2023-03-16,600479
2024-11-21,600479
2023-07-18,600480
2024-03-18,600480
2026-01-12,600481
2015-03-17,600482
2015-12-17,600482
2023-05-08,600482
2024-09-30,600482
2026-01-22,600482
2019-02-26,600483
2021-03-08,600483
2021-03-15,600483
2024-03-28,600483
2014-11-25,600486
2015-05-25,600486
2017-06-22,600486
2017-12-19,600486
2022-05-05,600486
2025-06-17,600486
2026-02-27,600486
2015-03-19,600487
2017-03-14,600487
2022-07-18,600487
2025-08-25,600487
2014-09-03,600488
2015-03-09,600488
2026-03-30,600488
2020-07-09,600489
2023-03-14,600489
2024-03-21,600489
2014-07-29,600490
2025-08-21,600490
2014-08-04,600495
2019-02-26,600495
2025-05-22,600495
2014-09-24,600496
2025-07-07,600496
2014-11-25,600497
2024-04-11,600497
2024-11-01,600497
2025-10-09,600497
2019-02-22,600498
2025-02-10,600498
2016-10-27,600499
2025-04-29,600499
2014-10-08,600500
2016-11-11,600500
2021-05-21,600500
2014-07-09,600501
2023-01-20,600501
2025-12-17,600501
2014-09-23,600502
2016-07-05,600502
2017-02-13,600502
2026-03-30,600502
2015-05-06,600503
2014-09-23,600505
2020-04-20,600505
2019-02-25,600506
2022-05-30,600506
2023-11-15,600506
2025-10-28,600506
2017-01-18,600507
2017-06-27,600507
2021-09-06,600507
2026-01-26,600507
2015-04-03,600508
2017-07-13,600508
2021-08-11,600508
2014-11-06,600509
2024-10-24,600509
2025-09-12,600509
2026-05-14,600509
2014-09-01,600510
2015-01-28,600510
2021-08-10,600510
2025-08-05,600510
2026-04-22,600510
2020-01-22,600511
2015-03-16,600512
2014-07-01,600513
2022-06-10,600513
2023-11-23,600513
2024-11-06,600513
2025-07-07,600513
2015-03-05,600516
2017-06-23,600516
2021-01-20,600516
2021-08-13,600516
2025-10-28,600516
2014-01-23,600517
2020-07-10,600517
2021-09-08,600517
2025-10-29,600517
2020-09-11,600518
2014-12-04,600519
2019-03-01,600519
2020-04-22,600519
2014-02-26,600520
2022-02-14,600520
2016-05-13,600521
2017-12-11,600521
2019-09-09,600521
2022-03-14,600521
2023-01-10,600521
2025-06-10,600521
2014-02-07,600522
2017-09-22,600522
2024-10-22,600522
2013-11-29,600523
2015-03-30,600523
2022-07-07,600523
2024-09-30,600523
2013-09-10,600526
2014-09-05,600526
2015-03-02,600526
2020-04-07,600526
2025-08-20,600526
2026-04-29,600527
2016-11-14,600528
2025-07-22,600528
2015-03-17,600529
2017-06-12,600529
2018-05-31,600529
2019-01-24,600529
2019-12-25,600529
2014-09-10,600530
2024-06-21,600530
2020-07-27,600531
2021-09-08,600531
2023-02-01,600531
2024-10-08,600531
2025-06-12,600531
2022-07-27,600532
2020-07-06,600533
2018-03-27,600535
2013-07-23,600536
2014-12-26,600536
2015-05-27,600536
2022-09-27,600536
2024-09-20,600536
2014-04-22,600538
2025-07-21,600538
2014-07-09,600539
2014-11-20,600539
2021-05-14,600539
2025-01-15,600539
2014-09-04,600540
2015-03-02,600540
2017-03-24,600540
2021-03-30,600540
2023-08-31,600540
2014-11-03,600545
2026-02-25,600545
2017-07-07,600546
2020-01-03,600546
2023-09-04,600546
2026-04-23,600546
2024-03-29,600547
2025-04-21,600547
2025-09-01,600547
2014-07-16,600548
2021-09-23,600548
2015-03-19,600549
2017-08-02,600549
2020-07-13,600549
2020-12-21,600549
2021-07-07,600549
2024-11-06,600549
2025-07-21,600549
2015-01-27,600550
2017-01-09,600550
2022-08-08,600550
2025-11-05,600550
2015-03-18,600551
2022-03-07,600551
2024-10-08,600551
2025-06-19,600551
2021-02-24,600552
2019-11-01,600556
2020-08-21,600556
2014-01-08,600557
2015-04-22,600557
2022-01-04,600557
2022-10-18,600557
2025-06-11,600557
2015-03-11,600558
2017-09-08,600558
2023-05-11,600558
2024-04-03,600558
2024-11-21,600558
2025-10-22,600558
2017-11-10,600559
2020-07-13,600559
2015-03-24,600560
2019-02-26,600560
2022-06-13,600560
2014-09-17,600561
2023-11-21,600561
2014-06-30,600562
2014-06-13,600562
2015-04-22,600562
2020-08-03,600562
2024-09-30,600562
2025-05-07,600562
2013-12-04,600563
2014-05-28,600563
2019-12-17,600563
2021-05-26,600563
2026-03-25,600563
2015-01-28,600565
2015-04-13,600566
2017-10-09,600566
2018-02-22,600566
2024-02-07,600566
2015-03-16,600567
2017-07-19,600567
2025-07-21,600569
2014-04-08,600570
2014-09-01,600570
2018-03-28,600570
2020-02-10,600570
2023-12-01,600571
2014-07-03,600572
2014-08-22,600573
2020-10-22,600573
2023-02-09,600573
2014-09-02,600575
2022-02-22,600575
2024-12-09,600575
2014-03-13,600576
2020-07-13,600577
2021-05-11,600577
2025-09-23,600577
2014-09-29,600578
2025-04-28,600578
2025-12-23,600578
2014-08-25,600579
2023-06-21,600579
2023-12-13,600579
2014-02-10,600580
2014-07-07,600580
2019-03-28,600580
2019-12-05,600580
2020-12-25,600580
2014-02-10,600582
2022-08-23,600582
2023-05-08,600582
2014-12-18,600583
2019-11-27,600583
2014-01-24,600584
2015-01-15,600584
2024-07-16,600584
2014-12-03,600585
2015-05-27,600585
2018-07-24,600585
2019-04-01,600585
2019-11-01,600585
2015-03-05,600586
2020-02-25,600586
2020-11-06,600586
2021-06-25,600586
2025-11-11,600586
2020-02-04,600587
2014-01-15,600588
2020-02-06,600588
2022-10-26,600588
2015-02-27,600589
2020-02-21,600589
2023-06-20,600589
2014-07-30,600590
2016-08-19,600590
2023-06-20,600592
2023-11-06,600592
2025-01-20,600592
2018-06-28,600593
2023-11-30,600593
2014-01-08,600594
2015-03-10,600594
2021-11-29,600594
2026-04-02,600594
2014-12-19,600595
2017-08-08,600595
2020-10-16,600595
2024-04-03,600595
2025-02-07,600595
2017-08-08,600596
2025-07-21,600596
2017-11-10,600597
2019-12-30,600597
2020-05-13,600597
2015-03-02,600598
2020-02-17,600598
2016-10-20,600599
2022-01-06,600599
2024-01-03,600599
2024-01-02,600599
2015-05-26,600600
2020-05-06,600600
2022-08-01,600600
2014-06-04,600601
2020-07-21,600601
2022-11-28,600601
2024-10-18,600601
2026-05-12,600601
2022-02-18,600602
2025-02-14,600602
2014-03-10,600603
2020-09-18,600603
2014-08-11,600604
2015-02-17,600604
2014-02-14,600605
2020-07-13,600605
2021-12-20,600605
2023-11-22,600605
2024-10-08,600605
2020-07-03,600606
2014-09-12,600608
2015-03-05,600608
2015-03-05,600609
2024-10-30,600609
2013-10-18,600610
2015-01-21,600612
2019-08-08,600612
2020-07-08,600612
2024-03-04,600612
2014-10-09,600613
2015-03-11,600613
2022-01-06,600613
2022-10-28,600613
2024-10-22,600613
2022-09-08,600615
2023-09-22,600615
2015-01-29,600616
2020-07-08,600616
2020-11-19,600616
2014-11-06,600617
2021-09-10,600617
2014-04-18,600618
2024-11-20,600618
2025-01-06,600618
2014-08-15,600619
2015-03-12,600619
2016-12-13,600619
2021-06-18,600619
2024-09-19,600619
2016-08-16,600620
2022-06-30,600620
2020-02-24,600621
2024-01-24,600621
2015-01-29,600622
2017-03-08,600622
2017-09-13,600622
2014-05-07,600623
2024-09-30,600623
2025-07-04,600623
2026-01-19,600623
2015-01-23,600626
2014-03-04,600628
2015-02-27,600628
2017-05-04,600629
2015-03-12,600633
2016-12-16,600633
2022-11-16,600633
2025-02-06,600633
2014-08-20,600634
2014-04-30,600636
2015-03-16,600636
2019-03-15,600636
2022-10-18,600636
2023-05-04,600636
2024-11-06,600637
2025-08-22,600637
2026-01-07,600637
2015-01-20,600638
2015-05-25,600638
2016-09-01,600638
2023-07-26,600638
2026-01-06,600638
2020-07-10,600639
2022-03-30,600639
2023-02-15,600640
2025-09-29,600640
2017-08-30,600641
2019-09-23,600641
2014-10-30,600642
2021-06-03,600642
2023-05-04,600642
2024-01-29,600642
2026-03-11,600642
2017-04-05,600644
2021-09-08,600644
2014-11-28,600645
2025-06-10,600645
2026-03-06,600645
2019-08-14,600647
2022-02-16,600647
2014-09-18,600650
2022-05-09,600650
2014-06-23,600651
2022-06-28,600651
2023-04-24,600651
2025-07-29,600651
2021-11-16,600652
2015-03-16,600653
2022-05-18,600653
2021-12-29,600654
2020-07-07,600655
2013-12-04,600658
2014-09-05,600658
2023-08-01,600658
2020-08-03,600660
2024-02-29,600660
2025-08-20,600660
2015-02-25,600661
2016-10-24,600661
2023-12-06,600661
2014-01-30,600662
2015-02-12,600662
2020-05-21,600662
2026-01-14,600662
2021-06-03,600663
2022-12-13,600664
2024-10-08,600664
2023-07-27,600665
2026-03-11,600666
2016-06-01,600667
2019-12-26,600667
2023-11-22,600667
2020-07-09,600668
2014-09-05,600671
2023-08-08,600671
2026-02-24,600671
2026-01-07,600673
2014-07-03,600674
2020-08-10,600674
2021-09-08,600674
2023-04-14,600674
2016-12-20,600675
2019-03-11,600675
2014-03-03,600676
2024-07-30,600676
2020-12-07,600679
2014-02-27,600680
2015-03-05,600680
2014-07-04,600682
2016-11-09,600682
2015-02-10,600683
2025-10-30,600683
2015-02-13,600684
2023-08-04,600684
2025-06-04,600684
2014-11-04,600685
2023-04-27,600685
2025-08-06,600685
2026-01-22,600685
2015-01-22,600686
2025-10-27,600686
2013-12-17,600688
2016-04-06,600688
2022-02-18,600689
2023-08-02,600689
2017-03-06,600690
2020-08-03,600690
2024-04-15,600690
2021-01-19,600691
2026-03-03,600691
2015-03-09,600692
2017-01-12,600692
2024-07-30,600692
2025-11-10,600693
2024-04-30,600694
2024-09-30,600694
2014-07-28,600695
2016-11-28,600697
2024-11-07,600697
2014-11-27,600698
2021-05-25,600698
2021-12-07,600698
2015-03-18,600699
2016-03-22,600699
2017-11-06,600699
2021-01-11,600699
2024-10-08,600699
2025-02-07,600699
2017-07-28,600702
2013-10-09,600703
2013-11-29,600703
2015-03-17,600703
2021-01-05,600703
2026-03-06,600703
2014-02-17,600704
2021-05-27,600704
2025-07-07,600704
2014-08-11,600705
2014-11-03,600706
2017-07-03,600706
2020-11-26,600707
2024-02-29,600707
2018-01-22,600708
2023-07-27,600708
2021-07-14,600710
2023-04-20,600710
2026-02-04,600710
2014-07-30,600711
2017-09-04,600711
2025-06-27,600711
2016-08-18,600712
2014-02-10,600713
2015-02-05,600713
2021-05-26,600713
2022-11-17,600713
2016-04-06,600714
2021-02-25,600714
2026-01-21,600714
2015-03-27,600715
2023-12-08,600715
2025-08-25,600715
2015-01-22,600716
2022-03-18,600716
2024-09-30,600717
2025-08-21,600717
2015-01-16,600718
2019-03-08,600718
2019-02-25,600718
2023-03-23,600718
2024-09-24,600718
2025-02-14,600718
2015-03-18,600719
2016-10-26,600719
2021-10-08,600719
2023-05-24,600719
2014-10-28,600720
2019-09-04,600720
2014-08-18,600721
2015-03-20,600721
2023-09-25,600721
2025-07-29,600721
2015-03-06,600722
2016-09-23,600722
2019-03-20,600722
2025-06-16,600722
2014-09-30,600723
2015-03-23,600724
2016-09-27,600724
2020-03-03,600724
2022-02-09,600724
2024-06-12,600725
2014-12-11,600726
2026-03-06,600726
2014-09-12,600727
2016-12-19,600727
2025-03-25,600727
2013-10-11,600728
2017-08-30,600728
2018-03-21,600729
2023-02-23,600729
2015-03-16,600731
2020-07-09,600731
2021-11-11,600731
2025-06-06,600731
2014-06-16,600732
2017-11-01,600732
2020-11-20,600733
2016-12-21,600737
2021-02-22,600737
2024-02-20,600737
2024-12-12,600737
2025-08-12,600737
2015-01-27,600738
2019-03-06,600738
2020-11-05,600738
2021-05-21,600738
2023-04-13,600738
2024-11-05,600738
2020-01-02,600739
2017-08-28,600740
2026-01-29,600740
2014-07-24,600741
2019-08-27,600741
2025-05-13,600741
2014-06-27,600742
2023-11-09,600742
2024-10-28,600742
2015-03-17,600743
2026-04-09,600743
2015-03-18,600744
2014-03-11,600746
2015-03-31,600746
2019-03-06,600746
2025-03-26,600746
2026-04-01,600746
2014-12-02,600747
2015-06-24,600747
2016-08-16,600748
2014-07-18,600749
2016-09-09,600749
2021-09-10,600749
2016-08-31,600750
2022-07-25,600750
2023-03-13,600750
2025-06-06,600751
2014-07-08,600754
2020-03-02,600754
2022-06-28,600754
2023-02-13,600754
2014-09-09,600755
2017-07-24,600755
2021-06-03,600755
2025-12-25,600755
2024-09-27,600756
2014-02-25,600757
2015-03-10,600757
2024-08-28,600757
2021-08-13,600758
2025-03-17,600758
2018-01-04,600760
2020-07-06,600760
2014-08-05,600761
2015-05-25,600761
2022-10-18,600761
2023-07-03,600761
2013-10-15,600763
2018-03-06,600763
2020-04-22,600763
2014-10-28,600764
2023-03-03,600764
2024-09-30,600764
2025-06-26,600764
2022-10-26,600765
2024-10-08,600765
2015-03-24,600766
2022-03-04,600766
2023-11-13,600766
2016-09-22,600767
2014-04-04,600768
2015-03-03,600768
2019-12-20,600768
2022-02-25,600768
2025-05-08,600768
2013-09-30,600769
2023-06-20,600769
2026-04-15,600769
2020-07-13,600770
2021-12-27,600770
2015-03-02,600771
2018-03-27,600771
2021-05-19,600771
2015-03-03,600773
2024-10-31,600773
2016-11-21,600774
2015-03-05,600775
2021-11-15,600775
2023-11-15,600775
2026-01-06,600775
2015-04-01,600776
2018-12-25,600776
2023-03-15,600776
2024-09-30,600776
2025-04-22,600777
2025-01-21,600777
2015-01-13,600778
2015-03-19,600778
2024-08-22,600778
2026-02-04,600778
2018-06-26,600779
2019-10-31,600779
2022-05-05,600780
2023-02-09,600780
2023-11-15,600780
2026-03-06,600780
2017-07-21,600781
2022-03-17,600783
2024-10-08,600783
2024-09-27,600783
2025-10-21,600783
2021-12-01,600784
2025-12-29,600784
2014-11-07,600785
2022-04-18,600785
2014-02-14,600787
2014-04-02,600789
2018-02-23,600789
2023-11-24,600789
2015-03-05,600790
2014-09-23,600791
2015-03-09,600791
2017-06-06,600791
2025-08-05,600791
2021-08-25,600792
2014-08-19,600793
2016-02-04,600793
2024-12-06,600793
2014-09-05,600794
2022-04-13,600794
2025-04-17,600794
2021-08-19,600795
2024-02-23,600795
2024-12-04,600796
2014-11-24,600797
2019-10-30,600797
2023-02-06,600797
2022-03-04,600798
2025-05-14,600798
2017-01-04,600800
2019-03-06,600800
2025-12-05,600800
2014-11-03,600801
2017-01-23,600801
2018-07-09,600801
2019-11-25,600801
2021-09-13,600801
2025-07-22,600801
2019-03-18,600802
2025-07-02,600802
2014-09-24,600803
2016-12-12,600803
2017-12-20,600803
2020-07-09,600803
2021-01-21,600803
2021-08-23,600803
2022-08-23,600803
2025-11-11,600803
2022-03-16,600804
2024-01-03,600805
2025-05-23,600805
2014-04-01,600807
2024-10-21,600807
2017-07-03,600808
2025-06-16,600808
2015-06-05,600809
2016-05-03,600809
2020-04-28,600809
2024-05-06,600809
2014-09-09,600810
2015-03-05,600810
2024-11-19,600810
2025-02-26,600810
2025-09-26,600810
2013-12-13,600811
2014-09-26,600811
2015-03-24,600812
2025-02-10,600812
2014-09-10,600814
2016-12-15,600814
2024-11-07,600814
2026-02-04,600814
2021-04-08,600815
2025-11-05,600815
2014-07-31,600816
2015-03-18,600816
2020-08-21,600817
2025-05-29,600817
2014-03-03,600819
2017-02-10,600819
2024-10-08,600819
2014-03-13,600820
2024-10-22,600820
2021-05-19,600821
2019-04-03,600822
2020-07-28,600822
2014-11-25,600824
2020-06-17,600824
2015-03-18,600825
2023-07-06,600826
2024-09-30,600826
2014-11-12,600827
2014-09-24,600828
2015-03-11,600828
2017-04-05,600828
2024-11-04,600829
2023-02-01,600830
2023-11-22,600830
2014-09-15,600831
2015-02-05,600831
2016-07-20,600831
2025-06-04,600831
2015-02-26,600833
2016-11-02,600833
2020-07-10,600833
2022-11-15,600833
2014-08-14,600834
2015-03-05,600834
2020-05-21,600834
2020-07-08,600837
2016-08-15,600838
2023-10-16,600838
2014-09-02,600839
2015-03-18,600839
2021-12-20,600839
2015-03-03,600841
2016-12-13,600841
2018-05-08,600841
2026-01-21,600841
2015-01-12,600843
2015-03-24,600843
2024-03-21,600843
2015-03-16,600844
2024-01-04,600844
2026-03-12,600844
2014-11-03,600845
2021-07-16,600845
2015-03-16,600846
2021-02-24,600846
2025-06-06,600846
2026-01-21,600847
2017-09-27,600848
2025-10-09,600848
2019-03-11,600850
2020-08-06,600850
2021-10-15,600850
2022-10-31,600850
2024-09-30,600850
2025-02-21,600850
2015-03-04,600851
2018-01-31,600851
2020-01-06,600851
2021-08-18,600851
2025-12-05,600851
2014-12-02,600854
2015-03-05,600854
2025-07-03,600854
2014-07-02,600855
2015-05-18,600855
2021-12-27,600855
2014-04-11,600856
2016-12-19,600856
2018-01-24,600856
2021-08-30,600856
2014-08-21,600857
2016-11-03,600857
2021-05-26,600857
2025-05-15,600857
2020-07-06,600858
2025-01-21,600858
2018-05-07,600859
2020-05-20,600859
2016-07-22,600860
2021-03-17,600860
2026-02-26,600860
2014-09-02,600861
2020-02-28,600861
2020-02-10,600862
2020-12-25,600862
2024-09-30,600862
2024-01-04,600863
2025-11-07,600863
2020-12-25,600864
2023-07-28,600864
2025-08-20,600864
2014-08-25,600865
2015-02-11,600865
2022-02-25,600865
2024-10-28,600865
2014-02-20,600866
2015-11-10,600866
2025-04-22,600866
2014-10-28,600867
2017-10-10,600867
2014-09-10,600868
2025-11-28,600868
2014-02-20,600871
2025-10-22,600871
2015-01-28,600872
2017-06-26,600872
2018-05-31,600872
2018-09-21,600872
2020-03-31,600872
2022-12-06,600872
2014-11-18,600873
2020-07-13,600873
2021-02-02,600873
2021-08-26,600873
2022-05-23,600873
2025-04-22,600873
2017-04-10,600874
2025-07-22,600874
2021-03-22,600875
2021-08-17,600875
2025-05-09,600875
2025-12-23,600875
2020-08-04,600876
2021-07-09,600876
2025-07-02,600876
2014-04-24,600877
2015-03-19,600877
2023-03-15,600877
2024-09-30,600877
2013-11-20,600879
2014-06-30,600879
2017-08-16,600879
2020-02-25,600879
2021-01-12,600879
2024-10-08,600879
2024-09-30,600879
2025-08-05,600879
2015-03-04,600880
2026-01-07,600880
2015-03-05,600882
2019-07-26,600882
2020-01-07,600882
2024-09-30,600882
2014-05-30,600883
2016-12-16,600883
2020-01-02,600883
2022-01-26,600883
2025-05-15,600883
2014-02-10,600884
2015-03-05,600884
2017-07-07,600884
2026-04-27,600884
2014-01-27,600885
2015-02-16,600885
2017-06-13,600885
2025-08-12,600885
2026-05-25,600885
2021-03-12,600886
2021-09-08,600886
2023-05-04,600886
2015-03-23,600887
2017-05-26,600887
2020-07-06,600887
2020-12-31,600887
2014-09-01,600888
2015-03-18,600888
2017-07-28,600888
2020-07-31,600888
2025-10-09,600888
2026-05-22,600888
2015-04-08,600890
2015-02-16,600891
2016-08-26,600892
2013-11-20,600893
2014-08-18,600893
2020-07-07,600893
2026-01-22,600893
2026-01-08,600893
2015-01-26,600894
2019-08-23,600894
2024-10-08,600894
2024-09-30,600895
2024-09-30,600897
2016-10-18,600898
2017-05-16,600900
2019-03-22,600900
2021-03-12,600900
2022-05-31,600900
2022-12-05,600901
2024-04-15,600901
2025-05-13,600901
2021-09-17,600903
2023-05-29,600903
2026-05-18,600903
2023-08-02,600906
2021-02-05,600908
2020-02-20,600909
2021-04-29,600919
2022-07-01,600919
2025-06-03,600928
2026-02-25,600929
2020-11-16,600933
2022-11-04,600933
2023-01-10,600936
2023-07-25,600936
2025-12-15,600936
2026-01-06,600936
2026-05-08,600936
2023-04-13,600938
2025-11-10,600939
2024-02-05,600941
2021-08-04,600958
2026-01-23,600959
2020-11-09,600960
2015-02-09,600961
2021-07-20,600961
2024-02-02,600961
2025-04-18,600961
2016-12-27,600962
2026-05-18,600962
2016-08-29,600963
2021-02-19,600963
2015-01-28,600966
2017-07-03,600966
2014-01-02,600967
2015-11-16,600967
2020-08-17,600967
2022-12-05,600968
2024-04-03,600968
2026-01-29,600968
2014-08-12,600969
2015-03-09,600969
2022-03-31,600969
2022-05-09,600969
2025-04-18,600969
2025-11-12,600969
2021-01-25,600970
2021-07-15,600970
2023-03-13,600970
2026-01-28,600970
2020-12-18,600971
2023-02-21,600971
2024-04-11,600971
2020-10-13,600973
2025-12-08,600973
2014-08-12,600975
2020-07-06,600975
2014-01-02,600976
2021-04-20,600976
2014-12-15,600978
2015-03-04,600979
2022-08-15,600979
2024-05-20,600979
2015-03-18,600980
2021-08-13,600980
2023-12-07,600980
2024-10-08,600980
2025-06-09,600980
2015-05-22,600982
2021-09-08,600982
2022-02-25,600982
2026-03-06,600982
2015-05-21,600983
2020-02-24,600984
2026-02-25,600984
2014-09-10,600985
2018-02-05,600985
2021-01-08,600985
2022-09-30,600985
2023-11-29,600985
2020-07-08,600986
2021-11-11,600986
2026-01-12,600986
2022-08-18,600987
2023-11-14,600987
2015-03-23,600988
2020-01-08,600988
2022-03-25,600988
2025-03-19,600988
2024-03-29,600989
2025-09-01,600989
2023-02-03,600990
2024-10-18,600990
2015-03-17,600992
2021-12-30,600992
2020-06-23,600993
2025-06-04,600993
2015-03-18,600995
2016-06-08,600995
2020-07-30,600995
2021-10-19,600995
2021-10-18,600995
2024-10-25,600996
2025-09-23,600996
2019-02-25,600997
2021-01-21,600997
2023-12-11,600997
2024-02-07,600998
2014-11-07,600999
2017-08-28,600999
2020-06-24,600999
2021-01-12,600999
2014-03-20,601000
2017-02-22,601000
2023-03-03,601000
2024-01-30,601000
2015-04-22,601001
2020-11-24,601001
2026-02-27,601001
2014-08-04,601002
2025-07-07,601002
2026-04-14,601002
2015-03-18,601003
2018-06-20,601003
2025-05-06,601003
2021-04-08,601005
2014-09-03,601006
2014-08-12,601007
2024-12-11,601007
2014-04-23,601008
2018-01-17,601009
2021-02-24,601009
2022-04-06,601009
2015-04-07,601011
2017-07-28,601011
2014-08-22,601012
2016-07-21,601012
2017-06-27,601012
2019-07-25,601012
2017-09-08,601015
2025-07-22,601015
2026-03-05,601016
2014-09-05,601018
2026-02-04,601018
2019-03-27,601021
2020-09-03,601021
2022-12-07,601021
2014-02-12,601028
2021-03-01,601028
2022-08-30,601028
2014-11-27,601038
2023-11-27,601038
2013-10-09,601058
2019-08-28,601058
2019-11-05,601058
2020-11-02,601058
2021-09-29,601058
2025-11-03,601058
2020-06-30,601066
2024-10-08,601066
2023-04-18,601068
2025-04-18,601068
2025-10-22,601068
2016-07-06,601069
2023-03-20,601069
2022-03-18,601086
2018-01-08,601088
2021-08-31,601088
2023-09-13,601088
2025-10-16,601088
2025-06-11,601089
2026-01-19,601096
2014-12-08,601098
2024-09-30,601098
2024-12-17,601098
2014-08-18,601099
2019-02-22,601099
2023-07-27,601099
2015-03-23,601100
2016-10-26,601100
2017-07-06,601100
2019-02-12,601100
2019-09-05,601100
2020-12-23,601101
2021-07-01,601106
2014-09-26,601107
2016-12-07,601107
2024-10-17,601107
2025-05-21,601107
2026-01-26,601108
2017-12-19,601111
2022-06-28,601111
2014-09-10,601113
2021-04-09,601113
2022-03-22,601113
2025-12-29,601113
2023-03-29,601116
2024-10-28,601116
2020-01-13,601117
2024-10-08,601117
2026-01-20,601117
2015-04-10,601118
2020-08-13,601118
2024-09-30,601118
2014-12-15,601126
2017-04-10,601126
2024-03-06,601126
2024-05-06,601126
2025-09-30,601126
2024-10-29,601127
2025-09-02,601127
2024-05-08,601128
2025-06-03,601128
2024-11-22,601133
2025-08-26,601133
2026-04-03,601133
2024-09-30,601136
2020-02-17,601137
2020-06-10,601137
2021-08-04,601139
2017-09-14,601155
2021-01-19,601155
2014-11-25,601158
2020-07-02,601162
2019-12-13,601163
2017-06-28,601166
2019-03-01,601166
2020-11-19,601166
2025-05-13,601166
2017-07-19,601168
2020-07-08,601168
2023-12-25,601168
2024-02-07,601168
2025-08-13,601168
2016-10-13,601177
2024-10-31,601177
2023-03-15,601179
2024-04-11,601179
2024-09-30,601179
2023-03-03,601186
2024-07-30,601188
2014-06-11,601199
2020-03-13,601199
2022-06-01,601199
2025-08-12,601199
2014-08-21,601208
2015-03-17,601208
2025-02-20,601208
2025-07-14,601212
2021-09-09,601216
2026-03-06,601216
2014-03-13,601218
2021-01-27,601218
2024-11-07,601218
2015-01-21,601222
2021-01-04,601222
2017-06-27,601225
2018-01-08,601225
2020-10-13,601225
2022-11-04,601226
2025-11-10,601226
2014-01-03,601231
2015-01-22,601231
2017-05-11,601231
2017-11-09,601231
2025-02-12,601231
2014-08-11,601233
2016-11-11,601233
2017-11-16,601233
2025-08-20,601233
2025-12-24,601233
2023-08-10,601236
2016-08-08,601238
2020-10-30,601238
2014-10-10,601258
2015-03-03,601258
2025-06-13,601279
2014-09-03,601311
2015-03-05,601311
2025-06-27,601311
2014-11-24,601318
2019-03-20,601318
2025-07-28,601318
2025-05-14,601319
2021-09-09,601330
2017-05-10,601336
2025-06-17,601336
2021-10-12,601339
2022-01-18,601339
2024-11-20,601339
2026-01-05,601339
2014-09-26,601360
2017-11-15,601360
2020-02-21,601360
2020-07-13,601369
2021-07-26,601369
2025-11-06,601369
2020-12-29,601375
2021-05-26,601377
2015-04-02,601388
2025-09-15,601388
2014-09-12,601390
2022-04-08,601390
2023-03-14,601390
2025-07-22,601399
2025-12-04,601399
2024-09-30,601456
2024-02-19,601500
2025-09-15,601512
2026-04-23,601512
2022-07-13,601518
2023-04-18,601518
2024-12-11,601518
2025-10-30,601518
2015-01-28,601519
2023-08-02,601519
2024-11-05,601519
2025-06-03,601528
2025-06-25,601555
2015-01-26,601566
2021-06-22,601566
2025-11-11,601566
2014-07-11,601567
2019-12-31,601567
2020-03-02,601567
2021-05-07,601567
2023-01-17,601567
2023-07-10,601567
2023-11-27,601567
2024-09-30,601577
2015-04-08,601579
2023-03-08,601595
2025-07-28,601595
2021-05-10,601598
2024-02-19,601598
2019-04-10,601599
2022-02-15,601599
2023-06-07,601599
2026-01-12,601599
2017-01-23,601600
2017-07-19,601600
2024-03-21,601600
2024-09-30,601600
2025-10-15,601600
2014-07-28,601601
2017-06-08,601601
2020-11-27,601601
2024-09-24,601601
2020-08-10,601606
2024-10-08,601606
2025-06-18,601606
2014-12-03,601607
2020-08-03,601607
2022-03-21,601607
2021-08-24,601608
2024-03-11,601608
2025-03-21,601608
2025-07-03,601609
2021-09-08,601611
2021-09-01,601611
2025-10-10,601611
2020-07-09,601615
2021-01-21,601615
2014-09-03,601616
2015-03-09,601616
2022-08-16,601616
2024-11-07,601616
2024-10-08,601616
2014-09-12,601618
2021-07-22,601618
2025-09-30,601618
2021-01-27,601619
2017-05-10,601628
2019-10-30,601628
2020-07-06,601628
2022-11-14,601628
2024-09-30,601633
2014-12-04,601636
2017-07-03,601636
2018-01-02,601636
2019-12-13,601636
2025-09-29,601636
2026-06-16,601636
2024-10-08,601658
2024-09-30,601665
2017-07-19,601666
2020-07-06,601666
2021-04-28,601666
2021-08-11,601666
2024-02-19,601666
2023-03-15,601668
2021-07-30,601669
2025-07-22,601669
2014-11-07,601677
2015-03-06,601677
2020-10-14,601677
2024-09-27,601677
2025-11-12,601677
2026-04-21,601677
2017-07-19,601678
2018-03-01,601678
2021-04-19,601678
2026-01-20,601678
2026-06-22,601678
2017-08-28,601688
2024-09-30,601688
2025-07-29,601688
2017-03-10,601689
2024-11-11,601689
2024-09-30,601689
2023-02-22,601698
2024-10-08,601698
2018-01-02,601699
2021-04-21,601699
2023-01-19,601699
2023-11-09,601699
2021-08-17,601702
2019-09-11,601717
2020-08-17,601717
2022-06-27,601717
2024-02-20,601717
2025-05-20,601717
2014-09-03,601727
2024-10-22,601727
2014-10-16,601766
2014-07-10,601777
2015-03-16,601777
2021-08-30,601777
2025-07-10,601778
2022-06-15,601788
2024-09-30,601788
2014-12-15,601789
2015-03-25,601798
2017-09-06,601799
2018-05-14,601799
2021-06-21,601799
2024-10-08,601799
2015-03-26,601808
2022-10-28,601808
2022-10-24,601808
2024-03-29,601808
2026-01-29,601808
2022-08-26,601811
2024-08-16,601818
2021-06-22,601828
2021-05-06,601838
2022-01-11,601838
2024-09-30,601838
2024-01-26,601857
2025-06-17,601860
2025-05-15,601866
2026-03-10,601868
2022-08-17,601869
2025-01-23,601869
2014-11-25,601877
2020-02-12,601877
2025-08-25,601877
2024-05-13,601878
2014-07-02,601880
2015-03-17,601880
2016-11-15,601880
2025-09-12,601880
2020-07-03,601881
2024-09-27,601881
2025-03-14,601881
2022-06-27,601886
2025-06-30,601886
2019-04-16,601888
2020-05-29,601888
2023-01-10,601888
2014-06-03,601890
2015-03-26,601890
2020-07-13,601890
2025-03-20,601890
2026-02-13,601890
2021-08-31,601898
2024-09-26,601898
2017-08-09,601899
2017-09-04,601899
2022-04-13,601899
2024-03-05,601899
2025-06-12,601899
2020-02-07,601900
2023-03-01,601900
2020-07-06,601901
2020-12-31,601901
2014-09-05,601908
2026-03-26,601908
2014-09-16,601919
2025-05-14,601919
2024-08-20,601921
2022-08-24,601928
2023-03-13,601928
2014-01-30,601929
2015-02-17,601929
2014-07-31,601933
2021-02-19,601949
2024-12-05,601956
2025-10-17,601956
2022-11-08,601958
2025-07-24,601958
2024-09-30,601963
2026-05-29,601963
2016-06-28,601965
2021-08-02,601965
2020-07-15,601966
2024-04-19,601966
2020-06-23,601968
2020-06-22,601968
2021-06-24,601968
2024-11-13,601968
2026-01-19,601968
2020-08-07,601969
2025-07-22,601969
2021-09-01,601985
2015-06-08,601988
2025-11-19,601988
2014-12-08,601991
2021-03-19,601991
2021-09-08,601991
2025-05-09,601991
2026-01-19,601991
2015-03-16,601996
2017-01-24,601996
2021-02-19,601996
2026-04-27,601996
2015-06-08,601998
2015-07-07,601998
2025-03-19,601998
2014-08-19,601999
2015-02-13,603000
2024-10-25,603001
2026-05-25,603001
2015-03-06,603002
2023-11-14,603002
2026-01-30,603002
2014-09-10,603003
2023-02-07,603003
2023-10-25,603003
2024-10-08,603005
2023-06-09,603006
2024-09-13,603007
2023-10-16,603009
2020-02-11,603010
2021-09-13,603010
2024-10-28,603010
2025-11-06,603010
2026-05-07,603010
2025-03-04,603012
2020-11-25,603013
2021-08-13,603013
2023-11-07,603013
2022-07-08,603015
2024-10-08,603015
2024-11-07,603015
2026-01-08,603015
2023-03-22,603016
2026-02-06,603016
2023-03-01,603017
2024-04-24,603017
2026-01-09,603017
2020-04-20,603018
2022-07-12,603018
2017-09-05,603019
2020-07-02,603019
2023-03-01,603019
2020-04-22,603020
2025-06-04,603020
2026-06-12,603020
2016-10-19,603022
2019-09-23,603023
2023-07-26,603023
2023-11-29,603023
2025-04-18,603023
2025-12-08,603023
2025-08-18,603025
2020-02-20,603026
2026-02-05,603027
2019-04-08,603028
2023-09-06,603028
2025-12-25,603028
2020-07-14,603029
2022-11-01,603029
2024-11-06,603030
2019-08-13,603031
2021-08-26,603031
2025-08-13,603031
2025-12-23,603031
2021-07-21,603032
2020-02-24,603033
2021-04-27,603035
2025-09-11,603035
2023-11-06,603036
2025-08-14,603036
2021-11-01,603037
2023-07-04,603037
2026-01-07,603037
2020-07-03,603038
2021-03-10,603038
2020-01-22,603039
2022-10-25,603039
2019-03-11,603040
2019-11-06,603040
2024-01-03,603040
2024-09-30,603040
2019-10-14,603041
2020-07-06,603041
2025-05-27,603041
2023-02-27,603042
2026-02-09,603042
2018-07-13,603043
2019-01-25,603043
2020-07-28,603043
2023-07-06,603045
2025-03-19,603045
2025-10-27,603045
2024-12-16,603048
2025-12-08,603048
2023-11-07,603050
2024-08-12,603050
2023-12-29,603052
2024-09-30,603052
2022-08-29,603053
2025-08-15,603053
2024-10-08,603055
2025-04-10,603057
2026-01-09,603057
2026-01-19,603058
2025-02-26,603059
2019-09-06,603060
2020-06-11,603060
2021-09-03,603060
2025-08-04,603061
2025-03-26,603062
2026-06-09,603065
2020-02-17,603066
2023-12-14,603066
2021-07-16,603067
2024-11-07,603067
2024-12-10,603070
2025-07-18,603075
2026-05-21,603075
2020-07-08,603076
2022-06-30,603076
2025-05-27,603076
2014-09-03,603077
2020-09-09,603077
2021-05-10,603077
2024-10-08,603078
2020-02-17,603079
2024-03-27,603079
2025-11-05,603079
2023-10-30,603080
2025-06-12,603080
2022-11-09,603081
2025-01-20,603082
2026-05-18,603082
2016-08-17,603085
2017-07-20,603085
2026-05-07,603085
2017-11-21,603086
2019-02-27,603086
2022-04-28,603086
2025-05-08,603087
2020-04-30,603088
2021-08-23,603088
2020-08-05,603089
2022-08-29,603089
2023-10-23,603089
2021-11-03,603090
2023-01-09,603090
2025-03-18,603090
2023-07-25,603093
2025-06-04,603093
2024-03-15,603095
2018-04-02,603096
2024-11-28,603096
2025-10-16,603097
2023-06-01,603099
2024-01-02,603099
2022-08-11,603100
2025-09-10,603100
2023-10-27,603101
2026-01-08,603103
2021-07-14,603105
2025-10-09,603105
2020-06-30,603106
2016-08-23,603108
2020-06-02,603108
2023-02-28,603108
2023-02-14,603108
2022-08-25,603109
2021-11-22,603110
2026-04-28,603110
2015-03-19,603111
2025-01-14,603111
2025-03-18,603112
2026-04-14,603112
2025-05-12,603113
2026-03-12,603113
2024-09-30,603115
2025-07-08,603115
2024-12-02,603116
2026-05-07,603116
2024-06-28,603117
2024-10-18,603117
2016-11-08,603118
2023-02-15,603118
2026-04-08,603118
2023-05-26,603121
2025-10-30,603122
2014-09-19,603123
2015-03-25,603123
2025-04-23,603125
2026-04-27,603125
2021-03-02,603126
2026-05-06,603126
2021-01-06,603127
2025-02-20,603127
2017-10-24,603128
2019-08-27,603129
2026-07-27,603129
2024-11-15,603130
2023-03-01,603131
2024-06-18,603132
2022-11-07,603133
2025-09-16,603135
2026-05-07,603135
2026-06-05,603135
2020-07-14,603136
2022-11-01,603136
2023-03-07,603136
2026-07-03,603137
2026-01-23,603138
2020-06-15,603139
2026-03-03,603139
2025-02-06,603150
2026-01-12,603150
2025-03-11,603151
2024-11-04,603153
2025-06-23,603155
2026-02-25,603155
2021-05-17,603156
2025-09-25,603156
2026-04-29,603156
2015-12-03,603158
2024-12-12,603158
2021-05-25,603159
2024-12-13,603159
2020-01-10,603160
2024-10-08,603160
2023-01-31,603161
2023-09-20,603161
2025-06-23,603161
2025-10-17,603162
2025-05-20,603163
2021-11-10,603165
2024-11-29,603165
2026-03-30,603165
2021-07-14,603166
2014-02-07,603167
2014-09-04,603167
2020-08-07,603167
2025-05-30,603167
2015-03-23,603168
2020-08-25,603168
2023-04-24,603168
2021-08-12,603169
2025-03-21,603169
2025-10-30,603169
2023-03-22,603171
2025-02-06,603171
2025-07-03,603172
2025-04-22,603173
2025-07-11,603176
2021-02-04,603177
2022-01-13,603177
2025-01-16,603177
2021-11-04,603178
2017-10-20,603179
2021-01-04,603179
2023-07-07,603179
2024-11-11,603179
2025-09-04,603179
2020-03-02,603180
2023-02-13,603180
2020-01-07,603181
2021-10-22,603181
2025-07-21,603181
2018-08-01,603183
2025-10-21,603183
2023-10-13,603186
2025-06-30,603187
2015-03-06,603188
2025-11-03,603188
2025-11-03,603190
2025-07-22,603191
2026-01-19,603191
2024-10-08,603192
2025-05-21,603192
2020-10-28,603195
2024-04-26,603195
2019-11-11,603196
2021-06-03,603196
2021-07-19,603197
2025-02-10,603197
2019-09-02,603198
2023-08-22,603198
2023-03-31,603199
2023-06-01,603199
2024-04-10,603199
2026-01-15,603199
2020-02-24,603200
2022-07-19,603200
2023-01-31,603200
2025-09-03,603201
2026-06-22,603201
2019-12-25,603203
2021-05-28,603203
2023-01-10,603203
2022-11-24,603203
2024-10-28,603203
2025-07-01,603203
2024-10-23,603206
2025-07-08,603207
2023-02-09,603209
2025-12-24,603211
2025-12-19,603212
2023-02-06,603213
2025-06-17,603213
2025-09-10,603216
2021-12-31,603217
2022-06-10,603217
2025-08-29,603217
2026-04-22,603217
2019-09-02,603218
2025-09-26,603218
2022-10-11,603219
2024-05-14,603219
2025-02-12,603219
2023-08-02,603221
2024-03-26,603221
2025-04-07,603221
2016-08-25,603223
2022-08-09,603223
2026-05-26,603223
2024-03-06,603225
2025-07-30,603225
2023-07-26,603226
2019-03-06,603227
2021-03-30,603227
2021-08-11,603227
2026-04-01,603227
2017-09-20,603228
2025-01-17,603228
2019-11-19,603229
2024-10-08,603229
2025-08-27,603230
2025-10-23,603232
2020-03-27,603233
2025-04-14,603233
2026-01-19,603233
2021-02-01,603236
2020-02-03,603238
2024-12-05,603238
2020-05-06,603239
2022-07-07,603239
2025-05-14,603239
2025-09-10,603255
2023-08-31,603256
2026-06-29,603257
2020-12-17,603259
2025-02-14,603259
2026-06-24,603259
2020-11-05,603260
2025-11-19,603260
2025-10-28,603261
2021-12-27,603266
2021-12-01,603266
2022-04-14,603266
2024-07-29,603267
2019-04-08,603268
2021-12-13,603268
2021-11-17,603269
2023-02-06,603269
2024-03-20,603269
2026-02-27,603269
2026-05-06,603270
2026-06-17,603271
2022-08-19,603277
2023-07-06,603277
2026-01-29,603279
2026-06-24,603281
2025-06-12,603282
2023-10-31,603283
2025-03-25,603285
2026-01-23,603285
2020-07-13,603286
2021-11-16,603286
2023-11-17,603286
2025-01-24,603286
2019-03-27,603288
2020-03-31,603288
2022-07-19,603289
2025-03-25,603289
2026-05-13,603290
2024-11-11,603296
2021-11-08,603297
2023-11-27,603297
2020-06-24,603298
2022-11-21,603298
2024-02-07,603298
2021-02-01,603299
2022-04-20,603299
2025-08-20,603299
2025-02-10,603300
2025-02-07,603300
2022-10-14,603301
2021-06-22,603303
2022-11-08,603303
2022-11-03,603303
2025-08-04,603303
2026-04-20,603303
2021-05-27,603306
2022-10-20,603306
2024-09-09,603306
2025-06-05,603307
2014-11-06,603308
2021-01-04,603308
2021-12-28,603309
2022-08-15,603309
2024-10-08,603309
2025-07-17,603309
2016-09-06,603311
2025-02-18,603312
2025-05-12,603313
2016-06-07,603315
2021-07-26,603315
2022-07-04,603315
2020-03-18,603316
2022-02-15,603316
2026-05-07,603316
2022-09-05,603318
2020-08-05,603319
2024-10-24,603319
2022-03-10,603320
2024-06-13,603320
2026-01-20,603320
2020-04-21,603321
2023-11-03,603321
2025-07-16,603321
2023-04-18,603322
2024-09-30,603323
2025-05-13,603323
2019-08-22,603326
2023-08-30,603326
2026-01-20,603326
2015-05-13,603328
2019-08-26,603328
2023-03-20,603328
2025-08-19,603328
2026-04-21,603328
2022-08-16,603329
2020-05-11,603330
2020-11-27,603330
2022-08-09,603330
2026-06-04,603330
2021-11-25,603331
2025-12-24,603331
2015-03-11,603333
2019-09-17,603333
2024-01-02,603333
2026-05-19,603333
2021-12-06,603335
2025-09-16,603335
2026-04-23,603336
2018-04-02,603337
2024-04-15,603337
2025-02-07,603337
2025-05-07,603337
2017-03-23,603338
2017-12-21,603338
2018-12-03,603338
2021-11-18,603338
2023-07-21,603338
2024-04-11,603338
2021-09-17,603339
2023-02-15,603339
2024-10-30,603339
2025-08-18,603339
2025-02-21,603341
2025-02-19,603344
2025-12-22,603344
2019-04-26,603345
2025-05-16,603350
2025-09-16,603350
2022-11-17,603351
2023-07-07,603351
2025-04-22,603351
2023-10-16,603353
2022-07-25,603356
2021-03-10,603358
2021-10-14,603358
2025-01-15,603358
2020-01-10,603360
2022-04-14,603360
2022-11-03,603360
2020-06-30,603363
2025-08-26,603363
2021-10-18,603365
2022-01-10,603365
2025-05-27,603365
2025-10-30,603365
2014-11-05,603366
2022-07-27,603366
2024-05-06,603367
2018-05-04,603369
2019-08-20,603369
2025-05-27,603373
2026-04-30,603375
2023-04-10,603379
2020-03-20,603380
2021-07-12,603380
2024-09-27,603380
2025-06-30,603380
2026-02-04,603381
2018-04-10,603383
2023-07-28,603383
2020-05-21,603385
2020-09-28,603386
2021-07-08,603386
2024-11-11,603386
2018-04-25,603387
2026-03-17,603387
2025-09-12,603391
2022-03-01,603392
2019-02-26,603396
2015-03-12,603399
2018-03-30,603399
2026-04-14,603399
2020-02-20,603416
2020-07-06,603416
2024-09-30,603416
2026-05-29,603439
2019-08-14,603444
2025-06-03,603444
2021-01-20,603456
2021-09-22,603456
2021-11-16,603458
2026-02-11,603466
2025-02-20,603486
2024-12-05,603488
2026-01-09,603488
2020-11-06,603489
2021-01-21,603489
2025-11-06,603489
2026-05-08,603489
2019-02-22,603496
2026-01-12,603496
2019-04-03,603499
2023-01-09,603499
2023-11-21,603499
2026-01-08,603499
2020-03-05,603500
2020-08-04,603500
2022-03-24,603500
2026-06-18,603500
2019-03-05,603501
2021-07-01,603501
2024-10-08,603501
2020-01-09,603505
2020-11-23,603505
2026-01-26,603505
2026-07-02,603505
2019-11-18,603506
2025-03-10,603506
2020-07-09,603507
2025-08-22,603507
2026-01-09,603507
2021-09-10,603508
2023-01-03,603508
2024-03-08,603508
2025-04-22,603508
2018-05-11,603515
2021-03-01,603515
2025-07-21,603515
2019-12-05,603516
2025-05-28,603518
2026-06-17,603519
2019-08-26,603520
2026-05-15,603520
2026-04-30,603527
2020-11-05,603528
2023-12-28,603530
2025-07-30,603530
2023-02-01,603533
2026-01-06,603533
2024-11-18,603535
2020-09-03,603536
2023-08-01,603536
2019-10-25,603538
2025-05-29,603538
2022-12-16,603551
2023-09-05,603551
2025-07-14,603551
2016-12-05,603555
2022-05-20,603555
2023-06-13,603556
2020-01-17,603558
2021-09-07,603558
2022-04-18,603558
2025-10-24,603558
2020-03-09,603559
2023-02-28,603559
2026-05-15,603559
2025-04-01,603565
2019-08-19,603566
2025-07-16,603566
2021-05-06,603567
2019-04-10,603568
2019-12-26,603568
2020-07-20,603568
2022-07-05,603568
2025-11-05,603568
2025-08-29,603569
2022-02-07,603577
2026-03-04,603577
2020-07-22,603578
2023-03-15,603578
2024-11-20,603578
2026-01-28,603578
2018-01-19,603579
2025-02-20,603579
2020-09-01,603580
2022-01-10,603580
2022-11-28,603580
2021-01-05,603583
2024-04-23,603583
2019-09-19,603586
2020-08-14,603586
2025-05-06,603586
2020-01-13,603587
2021-06-28,603587
2016-10-20,603588
2017-04-26,603588
2020-03-02,603588
2020-07-10,603588
2021-03-16,603588
2025-03-10,603588
2017-07-21,603589
2018-05-07,603589
2020-07-09,603590
2023-02-24,603590
2025-04-03,603590
2021-08-02,603596
2025-02-06,603596
2020-09-02,603599
2021-08-30,603599
2022-06-10,603599
2026-01-22,603599
2017-03-17,603600
2023-12-21,603600
2024-10-28,603600
2020-01-08,603601
2025-06-30,603601
2019-03-27,603602
2019-03-07,603602
2023-10-25,603602
2024-10-18,603602
2019-08-14,603605
2022-05-31,603605
2017-02-16,603606
2020-03-05,603606
2024-05-13,603606
2024-07-25,603606
2025-09-12,603606
2021-01-15,603607
2023-08-02,603607
2023-12-15,603608
2025-12-30,603608
2020-08-13,603609
2021-10-08,603610
2020-02-14,603611
2023-02-20,603611
2025-05-27,603611
2021-07-20,603612
2026-02-04,603612
2021-07-12,603613
2021-11-15,603613
2025-09-08,603613
2020-10-14,603615
2023-10-18,603615
2017-04-10,603616
2022-01-06,603616
2022-08-01,603617
2021-09-15,603618
2024-10-23,603618
2025-02-07,603618
2023-10-17,603619
2025-11-14,603619
2023-12-04,603626
2025-11-17,603628
2020-06-02,603633
2021-11-10,603633
2022-11-04,603633
2025-02-11,603633
2025-07-24,603633
2020-02-11,603636
2025-01-27,603636
2024-11-07,603637
2026-01-26,603637
2026-04-08,603637
2019-03-19,603638
2021-03-16,603639
2021-09-14,603639
2024-01-25,603648
2024-11-26,603648
2025-06-11,603648
2025-09-24,603650
2026-06-11,603650
2019-12-25,603655
2022-11-08,603655
2025-06-03,603655
2023-12-06,603656
2024-04-17,603657
2018-04-02,603658
2019-11-05,603659
2021-01-04,603659
2026-04-13,603659
2023-12-08,603660
2019-10-28,603661
2023-02-22,603661
2023-12-21,603661
2019-12-20,603662
2021-08-02,603662
2023-11-22,603663
2021-09-30,603665
2025-11-12,603665
2021-11-15,603666
2025-09-12,603667
2025-08-07,603668
2024-11-01,603669
2024-10-08,603676
2024-10-29,603676
2025-04-24,603676
2023-06-29,603677
2019-08-22,603678
2020-02-17,603678
2025-03-07,603678
2026-01-12,603678
2019-03-05,603679
2020-03-05,603679
2023-06-05,603679
2023-11-01,603679
2026-06-18,603679
2020-12-16,603680
2025-05-08,603680
2025-12-11,603680
2025-05-23,603681
2025-11-03,603681
2018-07-12,603683
2023-05-24,603683
2025-02-27,603683
2020-05-15,603685
2025-06-19,603685
2026-02-03,603685
2025-09-05,603687
2016-11-08,603688
2019-04-02,603688
2022-11-30,603689
2024-07-18,603689
2022-11-04,603690
2025-03-28,603690
2025-03-21,603693
2023-01-19,603698
2024-11-13,603698
2024-09-30,603698
2019-04-25,603699
2020-06-01,603699
2024-02-29,603699
2025-04-01,603699
2026-04-30,603699
2025-03-03,603700
2021-12-07,603701
2025-03-04,603701
2026-01-21,603701
2020-03-12,603703
2024-11-11,603703
2025-12-17,603703
2022-04-29,603706
2024-10-08,603706
2025-06-18,603706
2018-03-05,603707
2021-09-30,603707
2018-05-11,603708
2020-03-27,603708
2026-01-12,603708
2025-04-10,603709
2019-08-09,603711
2019-08-20,603712
2020-02-21,603712
2025-08-04,603712
2026-06-24,603713
2021-04-08,603717
2023-02-08,603717
2019-12-24,603721
2023-05-11,603721
2026-04-27,603721
2023-05-04,603722
2025-08-21,603722
2021-03-04,603725
2023-06-16,603725
2025-05-20,603725
2026-05-21,603725
2023-11-07,603726
2024-10-21,603726
2025-07-09,603726
2026-05-18,603726
2021-08-16,603727
2024-04-02,603727
2025-02-24,603727
2026-01-21,603727
2021-11-17,603728
2023-06-12,603730
2021-06-03,603733
2024-10-08,603733
2025-08-06,603733
2026-06-09,603733
2019-03-19,603737
2021-02-09,603737
2021-11-02,603738
2024-11-05,603738
2026-02-25,603738
2026-01-13,603739
2022-12-13,603755
2025-02-26,603757
2025-07-31,603757
2026-04-09,603757
2020-07-08,603758
2020-07-06,603758
2023-11-06,603758
2025-11-28,603758
2025-10-23,603759
2014-07-14,603766
2023-11-17,603766
2025-12-01,603766
2025-08-08,603773
2020-01-14,603776
2020-07-22,603776
2023-02-15,603776
2024-07-31,603776
2022-11-04,603777
2016-08-24,603778
2020-07-20,603779
2021-06-03,603779
2021-02-05,603786
2025-02-06,603786
2020-07-09,603787
2025-06-10,603787
2026-03-25,603787
2023-07-04,603788
2024-10-08,603788
2023-05-12,603790
2025-05-29,603797
2019-12-30,603798
2021-11-25,603798
2023-02-06,603798
2023-07-03,603798
2024-01-10,603798
2026-04-28,603798
2018-02-22,603799
2025-03-10,603799
2018-02-13,603801
2019-08-15,603803
2020-03-09,603803
2020-02-12,603806
2026-01-23,603806
2026-01-13,603808
2021-11-12,603809
2024-10-28,603809
2025-02-25,603810
2020-06-10,603811
2022-12-12,603811
2025-04-30,603811
2023-11-10,603813
2018-01-08,603816
2026-01-20,603816
2024-10-08,603817
2025-09-04,603817
2020-07-21,603818
2021-12-02,603818
2020-03-04,603823
2023-01-30,603823
2025-11-03,603823
2026-05-14,603823
2022-02-15,603826
2023-03-28,603829
2024-09-30,603829
2025-06-06,603829
2025-09-12,603829
2018-01-09,603833
2018-02-14,603833
2020-07-13,603833
2025-05-15,603836
2020-01-15,603839
2023-11-28,603839
2020-08-20,603848
2024-11-21,603848
2021-03-22,603855
2023-02-07,603855
2025-03-04,603855
2020-02-10,603859
2020-08-21,603860
2021-09-10,603861
2023-12-04,603861
2024-11-11,603861
2022-08-18,603863
2022-10-21,603863
2023-09-18,603863
2018-03-16,603866
2019-08-08,603866
2025-08-07,603867
2020-06-05,603868
2024-01-15,603871
2024-09-26,603871
2018-05-08,603877
2025-11-19,603877
2020-07-07,603878
2025-09-11,603878
2019-12-31,603880
2024-12-11,603880
2026-03-11,603880
2026-05-07,603880
2022-02-21,603881
2020-04-09,603882
2018-03-12,603883
2020-04-03,603883
2021-02-23,603885
2023-02-27,603885
2026-01-06,603885
2019-11-01,603887
2020-07-06,603887
2026-01-09,603888
2025-10-10,603889
2020-02-25,603890
2021-11-22,603890
2023-11-06,603890
2025-08-19,603890
2025-10-29,603890
2023-03-20,603893
2025-08-04,603895
2021-06-11,603897
2024-09-30,603897
2025-05-08,603897
2026-02-27,603897
2024-11-28,603898
2025-05-09,603898
2025-11-19,603898
2019-03-19,603899
2020-01-20,603899
2020-04-14,603899
2017-12-11,603900
2020-11-16,603900
2022-03-08,603900
2019-11-19,603901
2021-03-18,603901
2025-11-28,603901
2025-07-21,603903
2025-10-31,603906
2021-08-17,603908
2025-03-24,603908
2021-06-23,603909
2025-07-08,603909
2022-02-21,603912
2019-11-06,603916
2020-08-06,603916
2025-05-12,603916
2019-09-19,603918
2019-09-24,603919
2020-05-29,603919
2026-02-02,603919
2019-08-09,603920
2024-03-06,603920
2021-11-19,603926
2023-11-03,603926
2025-02-12,603926
2023-03-17,603927
2021-11-24,603928
2022-02-08,603929
2023-10-27,603929
2024-10-15,603929
2021-07-08,603931
2023-03-27,603931
2025-11-06,603931
2023-05-22,603933
2025-10-17,603933
2020-06-15,603937
2025-03-28,603938
2025-10-15,603938
2017-09-05,603939
2018-03-06,603939
2020-03-31,603939
2022-10-26,603939
2025-06-23,603948
2022-05-18,603949
2025-08-20,603950
2020-08-18,603955
2023-05-23,603958
2024-01-17,603958
2026-02-06,603958
2019-12-06,603960
2021-11-10,603960
2026-02-10,603960
2022-06-27,603966
2025-05-07,603966
2026-01-08,603966
2022-05-23,603967
2026-04-24,603967
2020-07-30,603968
2021-09-15,603968
2025-03-11,603968
2026-02-10,603968
2022-03-09,603969
2023-11-07,603969
2025-05-16,603969
2020-07-30,603970
2022-05-30,603970
2019-10-18,603976
2024-10-08,603976
2026-05-22,603976
2021-08-02,603977
2025-12-19,603977
2020-05-28,603979
2021-01-15,603979
2023-04-14,603979
2024-01-15,603979
2025-09-17,603980
2022-10-17,603983
2025-03-17,603983
2025-04-10,603983
2023-10-18,603985
2026-03-19,603985
2021-06-22,603986
2023-04-03,603986
2020-01-02,603987
2025-07-14,603987
2018-01-10,603989
2021-11-03,603989
2025-08-13,603989
2026-04-14,603989
2019-03-04,603990
2026-05-25,603990
2025-12-02,603991
2024-10-14,603992
2014-11-25,603993
2017-02-16,603993
2017-07-06,603993
2020-12-17,603993
2024-03-14,603993
2025-07-01,603993
2021-06-03,603995
2024-09-30,603995
2026-06-15,603995
2019-02-13,603996
2025-05-19,603997
2026-01-21,603997
2019-12-16,603999
2025-11-27,603999
2024-10-08,605003
2025-06-12,605003
2025-12-26,605003
2023-07-06,605005
2025-05-29,605005
2021-08-02,605006
2025-12-25,605007
2025-10-16,605008
2025-03-14,605009
2023-05-16,605011
2025-03-13,605011
2023-10-16,605016
2025-05-07,605016
2026-01-21,605016
2026-05-20,605018
2025-01-20,605020
2026-05-20,605020
2023-05-25,605028
2025-05-06,605050
2025-05-09,605055
2025-03-05,605056
2025-06-16,605056
2023-02-15,605058
2025-01-20,605058
2025-03-18,605058
2026-04-10,605058
2024-12-27,605066
2024-12-12,605066
2025-02-28,605066
2025-12-24,605069
2025-05-19,605077
2023-01-17,605086
2023-11-03,605086
2024-09-23,605086
2023-08-29,605088
2024-04-02,605088
2025-08-08,605090
2023-07-14,605098
2025-12-17,605098
2025-05-30,605099
2026-04-30,605099
2023-06-15,605100
2026-04-22,605100
2024-07-19,605111
2025-10-15,605111
2021-11-26,605116
2025-12-30,605116
2024-06-18,605117
2025-09-05,605117
2026-02-10,605117
2021-12-22,605118
2026-01-14,605118
2021-08-02,605123
2022-10-17,605123
2025-06-10,605123
2025-12-12,605123
2025-02-18,605128
2025-07-17,605128
2023-12-01,605151
2025-05-27,605151
2026-02-02,605151
2024-01-02,605158
2026-03-31,605162
2021-08-19,605166
2024-01-03,605167
2025-05-26,605167
2025-12-23,605167
2024-09-30,605169
2025-05-15,605169
2023-07-04,605177
2023-11-22,605179
2023-11-13,605180
2022-08-11,605183
2025-07-22,605183
2022-10-10,605186
2026-05-13,605186
2022-12-08,605188
2025-06-03,605189
2024-03-01,605196
2025-03-07,605196
2023-12-29,605198
2024-12-02,605208
2026-04-20,605208
2026-07-01,605208
2023-11-07,605218
2023-07-10,605228
2023-11-07,605255
2025-02-18,605255
2023-11-08,605258
2025-09-08,605258
2024-09-30,605286
2026-03-11,605286
2025-02-20,605288
2025-05-06,605288
2025-07-01,605289
2026-02-12,605289
2023-05-30,605298
2024-11-11,605298
2025-12-04,605299
2022-12-05,605300
2023-09-04,605318
2025-09-15,605318
2023-08-30,605319
2026-04-08,605319
2024-02-27,605333
2025-09-23,605333
2025-06-04,605338
2025-11-17,605339
2024-10-08,605358
2025-09-23,605358
2025-09-15,605365
2021-12-06,605369
2026-05-08,605369
2024-10-08,605378
2023-08-22,605398
2025-07-11,605399
2025-09-18,605488
2024-04-29,605499
2024-11-25,605500
2025-07-03,605500
2025-07-30,605507
2023-10-25,605555
2024-12-10,605555
2025-01-21,605555
2025-06-09,605566
2026-05-08,605566
2025-07-21,605567
2023-02-13,605580
2025-06-19,605580
2026-05-25,605588
2023-07-11,605589
2024-10-08,605589
2025-01-17,605589
2024-04-03,605599
2026-01-20,605599
2024-09-30,688001
2026-04-07,688001
2020-12-02,688002
2024-11-08,688002
2021-07-05,688003
2022-08-11,688003
2023-06-15,688003
2024-10-08,688003
2021-11-01,688008
2023-04-04,688008
2025-02-26,688008
2024-09-30,688009
2024-10-28,688010
2024-09-30,688012
2023-03-01,688013
2024-10-08,688013
2025-05-06,688013
2025-09-01,688015
2025-04-11,688019
2025-07-28,688020
2026-01-21,688021
2021-07-14,688023
2023-11-29,688025
2026-02-03,688025
2021-08-09,688026
2024-03-28,688027
2021-08-26,688028
2020-05-19,688029
2025-02-21,688030
2026-03-20,688032
2023-03-23,688036
2024-02-06,688036
2023-03-07,688038
2024-09-30,688038
2025-09-29,688038
2024-09-30,688041
2025-08-22,688041
2025-02-19,688046
2026-04-24,688046
2024-09-30,688047
2026-01-21,688047
2022-11-03,688050
2024-09-30,688050
2024-10-08,688051
2025-01-17,688052
2026-05-11,688052
2026-05-07,688055
2026-06-05,688056
2025-07-21,688057
2026-07-01,688057
2022-01-10,688058
2025-02-24,688061
2026-05-11,688061
2023-10-30,688062
2026-03-12,688063
2026-01-13,688065
2025-05-19,688067
2025-05-26,688069
2026-02-10,688069
2024-03-21,688070
2026-01-12,688070
2024-10-08,688072
2026-03-30,688072
2025-06-05,688077
2025-02-20,688079
2024-11-11,688080
2025-02-06,688080
2026-01-14,688080
2025-08-04,688081
2024-10-09,688082
2024-09-30,688082
2025-08-22,688082
2024-09-30,688083
2025-12-18,688087
2026-02-27,688087
2025-01-17,688088
2022-04-15,688091
2026-05-11,688091
2024-03-21,688092
2025-08-04,688092
2026-01-08,688092
2022-09-14,688093
2024-10-08,688093
2025-02-21,688093
2023-12-21,688097
2025-02-21,688097
2023-03-23,688099
2025-01-21,688099
2021-11-15,688100
2024-09-30,688100
2023-08-25,688101
2024-09-30,688101
2025-08-29,688101
2026-04-28,688101
2023-12-08,688102
2024-11-12,688102
2025-04-08,688102
2023-03-31,688107
2025-03-04,688107
2026-02-26,688107
2025-07-18,688108
2024-05-09,688109
2025-04-24,688112
2026-02-26,688112
2025-06-23,688115
2022-06-28,688116
2022-01-18,688118
2025-11-10,688119
2024-07-16,688120
2024-09-30,688120
2022-07-04,688122
2025-07-25,688122
2025-01-21,688123
2025-02-25,688125
2024-10-08,688127
2024-09-30,688128
2025-04-29,688128
2023-10-30,688129
2024-10-08,688129
2025-04-17,688129
2026-04-30,688130
2026-06-23,688131
2024-10-08,688135
2025-02-12,688135
2024-12-19,688136
2025-03-18,688136
2025-07-01,688137
2026-01-13,688137
2023-03-22,688138
2026-05-25,688138
2021-08-03,688139
2024-10-08,688146
2026-04-03,688146
2025-07-25,688147
2025-07-01,688150
2025-12-25,688150
2025-02-10,688151
2023-03-21,688153
2025-12-02,688153
2021-06-21,688155
2024-10-08,688155
2025-03-03,688155
2025-04-10,688156
2024-09-30,688157
2025-07-29,688157
2025-02-05,688158
2023-10-30,688159
2025-09-09,688162
2024-09-03,688163
2026-03-31,688163
2023-06-20,688165
2023-09-25,688166
2022-11-17,688168
2021-04-26,688169
2023-07-28,688169
2024-02-07,688169
2025-11-28,688173
2025-12-09,688175
2025-05-22,688176
2021-09-03,688177
2023-09-18,688177
2025-09-18,688178
2024-09-30,688179
2025-04-21,688179
2022-05-09,688180
2024-10-08,688181
2023-02-10,688182
2025-12-31,688182
2021-02-09,688185
2025-07-28,688185
2024-10-08,688187
2026-06-30,688187
2021-04-14,688188
2023-08-29,688188
2026-05-13,688188
2025-03-18,688190
2026-05-28,688190
2023-08-30,688191
2024-10-08,688191
2025-02-20,688191
2024-10-08,688192
2025-03-20,688192
2026-04-27,688193
2024-10-08,688195
2025-11-07,688196
2022-11-08,688197
2022-10-19,688198
2024-06-13,688199
2024-10-08,688199
2025-03-07,688199
2020-12-04,688200
2025-08-22,688200
2025-06-12,688203
2023-03-29,688205
2026-06-09,688207
2024-09-30,688208
2023-04-06,688209
2025-08-27,688209
2025-02-26,688210
2025-07-03,688210
2025-05-28,688211
2023-03-24,688213
2024-09-30,688213
2025-02-10,688213
2025-02-07,688215
2025-06-09,688221
2025-07-25,688230
2025-05-12,688231
2023-04-07,688232
2023-03-23,688233
2024-09-30,688234
2024-08-12,688235
2025-02-05,688235
2025-08-29,688235
2026-07-24,688237
2024-10-08,688247
2025-07-29,688247
2024-09-30,688248
2024-09-30,688249
2025-09-26,688249
2025-02-11,688251
2025-01-17,688252
2025-08-27,688252
2026-03-12,688253
2024-10-08,688255
2026-04-30,688256
2025-02-19,688257
2025-07-21,688257
2026-01-05,688258
2023-09-11,688259
2023-10-13,688260
2022-10-17,688266
2024-09-30,688266
2025-02-21,688266
2022-11-03,688267
2025-02-21,688267
2026-05-13,688267
2022-08-08,688268
2025-09-24,688268
2026-01-29,688269
2025-09-01,688271
2025-02-10,688272
2025-12-31,688272
2024-09-30,688273
2025-03-14,688273
2022-11-01,688276
2023-12-06,688278
2024-09-30,688278
2025-07-31,688278
2022-11-15,688279
2023-06-15,688279
2024-09-30,688279
2025-01-10,688279
2024-10-08,688281
2026-01-08,688281
2024-10-28,688282
2025-12-29,688283
2024-11-08,688285
2025-05-27,688285
2024-09-30,688289
2025-02-20,688291
2025-12-17,688292
2025-08-18,688295
2025-12-26,688295
2024-09-30,688299
2025-08-29,688299
2021-06-30,688300
2023-03-21,688300
2025-12-24,688300
2025-08-12,688301
2026-05-14,688301
2022-10-17,688305
2026-07-02,688305
2024-11-05,688306
2024-09-30,688306
2024-10-08,688307
2025-02-20,688307
2025-11-28,688307
2022-11-15,688309
2025-05-06,688309
2026-01-30,688309
2022-01-12,688310
2025-12-26,688311
2026-01-15,688312
2025-07-11,688314
2026-01-06,688314
2025-02-14,688315
2024-09-30,688317
2025-07-08,688317
2024-09-24,688318
2024-09-30,688319
2025-02-26,688319
2026-05-06,688319
2026-01-07,688328
2026-01-21,688329
2025-08-27,688330
2022-10-18,688331
2026-06-15,688332
2023-07-14,688333
2025-02-24,688333
2025-07-21,688334
2023-02-23,688335
2025-05-06,688335
2023-09-18,688336
2025-02-21,688336
2025-10-31,688336
2025-10-30,688337
2026-03-06,688337
2024-10-08,688338
2026-01-21,688338
2021-08-13,688339
2025-09-29,688339
2023-02-28,688350
2025-05-19,688350
2026-05-22,688351
2025-09-29,688352
2026-04-14,688353
2025-08-18,688355
2026-02-09,688355
2026-01-14,688356
2025-02-10,688358
2026-01-12,688358
2024-09-30,688360
2026-05-22,688360
2024-10-08,688362
2020-11-03,688363
2023-09-11,688366
2024-09-30,688367
2025-07-18,688367
2026-06-22,688367
2021-04-02,688368
2024-09-30,688368
2025-07-25,688370
2023-04-14,688372
2025-06-03,688373
2024-10-08,688375
2025-07-22,688375
2022-11-09,688378
2024-09-30,688379
2025-09-01,688380
2024-10-08,688381
2022-08-11,688385
2024-10-08,688386
2025-02-21,688386
2025-08-25,688387
2025-07-03,688388
2023-06-27,688393
2025-02-10,688393
2025-02-26,688395
2026-04-30,688395
2023-03-14,688396
2025-10-09,688396
2023-03-21,688400
2025-06-26,688403
2024-09-27,688408
2022-11-01,688418
2025-07-18,688420
2025-07-22,688425
2024-08-02,688426
2024-09-30,688429
2024-09-30,688432
2026-01-28,688432
2026-01-12,688439
2023-11-09,688448
2026-03-30,688450
2025-05-22,688455
2023-07-11,688456
2025-03-03,688456
2025-08-22,688458
2021-09-13,688466
2023-08-25,688466
2025-08-01,688468
2025-09-01,688469
2024-10-08,688472
2026-01-16,688478
2024-10-08,688479
2025-08-05,688479
2025-08-07,688484
2025-06-30,688485
2025-12-15,688485
2024-10-08,688486
2023-04-14,688488
2025-02-28,688501
2025-07-24,688502
2024-10-08,688506
2025-04-01,688506
2026-01-08,688507
2025-02-21,688508
2025-06-05,688510
2026-01-07,688510
2024-10-28,688511
2025-12-26,688511
2023-02-09,688517
2024-10-08,688517
2026-03-10,688517
2026-04-08,688517
2024-10-08,688518
2023-11-06,688519
2025-08-12,688521
2025-02-26,688525
2023-02-02,688526
2025-04-01,688526
2026-01-23,688530
2024-10-08,688531
2026-01-14,688531
2026-04-14,688531
2026-01-21,688536
2025-09-01,688538
2025-08-07,688539
2025-12-05,688539
2024-10-08,688543
2025-05-08,688543
2025-12-30,688543
2025-09-17,688548
2026-04-28,688549
2024-10-21,688550
2026-05-26,688550
2026-03-04,688551
2025-08-22,688552
2025-07-03,688553
2021-08-09,688556
2022-08-10,688557
2025-02-20,688557
2025-02-21,688558
2026-04-24,688558
2026-01-13,688560
2025-12-25,688562
2026-01-08,688563
2024-09-30,688565
2026-01-06,688565
2025-05-30,688566
2025-08-25,688568
2026-04-30,688571
2026-01-21,688576
2025-02-18,688577
2025-01-17,688578
2025-01-16,688578
2026-07-01,688578
2025-02-21,688580
2026-01-05,688580
2024-09-30,688581
2025-02-27,688581
2025-07-08,688583
2026-05-20,688584
2025-07-09,688585
2025-07-24,688586
2023-03-23,688589
2024-10-08,688589
2025-09-17,688589
2023-04-04,688595
2026-06-30,688595
2025-09-29,688596
2021-06-23,688599
2026-06-18,688600
2026-01-12,688601
2025-11-11,688602
2025-03-06,688607
2023-03-20,688608
2026-05-18,688609
2025-02-17,688611
2025-02-24,688612
2025-09-08,688613
2025-10-31,688615
2023-02-09,688616
2025-06-24,688616
2024-02-05,688617
2024-09-30,688617
2025-04-15,688617
2026-01-07,688618
2025-06-12,688619
2026-06-30,688620
2025-05-16,688623
2024-10-08,688625
2025-03-26,688625
2023-03-30,688626
2023-06-30,688628
2026-02-12,688628
2024-06-14,688633
2024-09-30,688633
2026-04-24,688633
2023-11-14,688636
2025-12-25,688636
2025-06-23,688638
2023-01-18,688639
2025-12-25,688651
2025-08-21,688652
2026-05-06,688653
2025-02-17,688655
2024-09-30,688656
2023-05-17,688658
2024-09-30,688658
2026-05-11,688659
2025-12-17,688661
2021-11-24,688662
2024-09-30,688662
2025-02-21,688663
2025-02-11,688665
2025-05-07,688667
2025-02-12,688667
2025-12-30,688667
2024-10-08,688668
2023-02-16,688669
2025-05-12,688669
2026-01-23,688669
2025-12-02,688671
2026-04-01,688677
2023-03-23,688679
2026-01-13,688680
2025-02-21,688681
2022-08-18,688683
2025-04-18,688683
2026-02-10,688683
2023-11-28,688687
2024-06-13,688689
2025-07-10,688690
2026-04-10,688690
2026-03-10,688693
2022-10-26,688697
2025-02-27,688697
2025-07-29,688697
2026-04-30,688697
2025-11-26,688699
2025-12-02,688701
2022-02-23,688707
2026-01-07,688710
2026-04-30,688718
2025-02-21,688719
2025-10-13,688719
2025-02-19,688722
2023-11-27,688728
2026-06-30,688728
2026-01-30,688737
2026-07-01,688758
2024-11-19,688767
2026-01-23,688768
2025-08-25,688772
2022-10-17,688777
2026-01-13,688777
2026-01-19,688779
2025-06-13,688786
2025-09-24,688789
2024-09-30,688793
2023-04-04,688798
2025-08-20,688798
2025-12-08,688800
2025-08-28,688981
2026-05-25,688981
